  0
SECTION
  2
HEADER
  9
$ACADVER
  1
AC1032
  9
$ACADMAINTVER
 90
4
  9
$DWGCODEPAGE
  3
ANSI_1252
  9
$LASTSAVEDBY
  1
ezdxf
  9
$REQUIREDVERSIONS
160
0
  9
$INSBASE
 10
0.0
 20
0.0
 30
0.0
  9
$EXTMIN
 10
1e+20
 20
1e+20
 30
1e+20
  9
$EXTMAX
 10
-1e+20
 20
-1e+20
 30
-1e+20
  9
$LIMMIN
 10
0.0
 20
0.0
  9
$LIMMAX
 10
420.0
 20
297.0
  9
$ORTHOMODE
 70
0
  9
$REGENMODE
 70
1
  9
$FILLMODE
 70
1
  9
$QTEXTMODE
 70
0
  9
$MIRRTEXT
 70
1
  9
$LTSCALE
 40
1.0
  9
$ATTMODE
 70
1
  9
$TEXTSIZE
 40
2.5
  9
$TRACEWID
 40
1.0
  9
$TEXTSTYLE
  7
Standard
  9
$CLAYER
  8
0
  9
$CELTYPE
  6
ByLayer
  9
$CECOLOR
 62
256
  9
$CELTSCALE
 40
1.0
  9
$DISPSILH
 70
0
  9
$DIMSCALE
 40
1.0
  9
$DIMASZ
 40
2.5
  9
$DIMEXO
 40
0.625
  9
$DIMDLI
 40
3.75
  9
$DIMRND
 40
0.0
  9
$DIMDLE
 40
0.0
  9
$DIMEXE
 40
1.25
  9
$DIMTP
 40
0.0
  9
$DIMTM
 40
0.0
  9
$DIMTXT
 40
2.5
  9
$DIMCEN
 40
2.5
  9
$DIMTSZ
 40
0.0
  9
$DIMTOL
 70
0
  9
$DIMLIM
 70
0
  9
$DIMTIH
 70
0
  9
$DIMTOH
 70
0
  9
$DIMSE1
 70
0
  9
$DIMSE2
 70
0
  9
$DIMTAD
 70
1
  9
$DIMZIN
 70
8
  9
$DIMBLK
  1

  9
$DIMASO
 70
1
  9
$DIMSHO
 70
1
  9
$DIMPOST
  1

  9
$DIMAPOST
  1

  9
$DIMALT
 70
0
  9
$DIMALTD
 70
3
  9
$DIMALTF
 40
0.03937007874
  9
$DIMLFAC
 40
1.0
  9
$DIMTOFL
 70
1
  9
$DIMTVP
 40
0.0
  9
$DIMTIX
 70
0
  9
$DIMSOXD
 70
0
  9
$DIMSAH
 70
0
  9
$DIMBLK1
  1

  9
$DIMBLK2
  1

  9
$DIMSTYLE
  2
ISO-25
  9
$DIMCLRD
 70
0
  9
$DIMCLRE
 70
0
  9
$DIMCLRT
 70
0
  9
$DIMTFAC
 40
1.0
  9
$DIMGAP
 40
0.625
  9
$DIMJUST
 70
0
  9
$DIMSD1
 70
0
  9
$DIMSD2
 70
0
  9
$DIMTOLJ
 70
0
  9
$DIMTZIN
 70
8
  9
$DIMALTZ
 70
0
  9
$DIMALTTZ
 70
0
  9
$DIMUPT
 70
0
  9
$DIMDEC
 70
2
  9
$DIMTDEC
 70
2
  9
$DIMALTU
 70
2
  9
$DIMALTTD
 70
3
  9
$DIMTXSTY
  7
Standard
  9
$DIMAUNIT
 70
0
  9
$DIMADEC
 70
0
  9
$DIMALTRND
 40
0.0
  9
$DIMAZIN
 70
0
  9
$DIMDSEP
 70
44
  9
$DIMATFIT
 70
3
  9
$DIMFRAC
 70
0
  9
$DIMLDRBLK
  1

  9
$DIMLUNIT
 70
2
  9
$DIMLWD
 70
-2
  9
$DIMLWE
 70
-2
  9
$DIMTMOVE
 70
0
  9
$DIMFXL
 40
1.0
  9
$DIMFXLON
 70
0
  9
$DIMJOGANG
 40
0.785398163397
  9
$DIMTFILL
 70
0
  9
$DIMTFILLCLR
 70
0
  9
$DIMARCSYM
 70
0
  9
$DIMLTYPE
  6

  9
$DIMLTEX1
  6

  9
$DIMLTEX2
  6

  9
$DIMTXTDIRECTION
 70
0
  9
$LUNITS
 70
2
  9
$LUPREC
 70
4
  9
$SKETCHINC
 40
1.0
  9
$FILLETRAD
 40
10.0
  9
$AUNITS
 70
0
  9
$AUPREC
 70
2
  9
$MENU
  1
.
  9
$ELEVATION
 40
0.0
  9
$PELEVATION
 40
0.0
  9
$THICKNESS
 40
0.0
  9
$LIMCHECK
 70
0
  9
$CHAMFERA
 40
0.0
  9
$CHAMFERB
 40
0.0
  9
$CHAMFERC
 40
0.0
  9
$CHAMFERD
 40
0.0
  9
$SKPOLY
 70
0
  9
$TDCREATE
 40
2461314.2102662036
  9
$TDUCREATE
 40
2458532.153996898
  9
$TDUPDATE
 40
2461314.2102662036
  9
$TDUUPDATE
 40
2458532.1544311
  9
$TDINDWG
 40
0.0
  9
$TDUSRTIMER
 40
0.0
  9
$USRTIMER
 70
1
  9
$ANGBASE
 50
0.0
  9
$ANGDIR
 70
0
  9
$PDMODE
 70
0
  9
$PDSIZE
 40
0.0
  9
$PLINEWID
 40
0.0
  9
$SPLFRAME
 70
0
  9
$SPLINETYPE
 70
6
  9
$SPLINESEGS
 70
8
  9
$HANDSEED
  5
41B
  9
$SURFTAB1
 70
6
  9
$SURFTAB2
 70
6
  9
$SURFTYPE
 70
6
  9
$SURFU
 70
6
  9
$SURFV
 70
6
  9
$UCSBASE
  2

  9
$UCSNAME
  2

  9
$UCSORG
 10
0.0
 20
0.0
 30
0.0
  9
$UCSXDIR
 10
1.0
 20
0.0
 30
0.0
  9
$UCSYDIR
 10
0.0
 20
1.0
 30
0.0
  9
$UCSORTHOREF
  2

  9
$UCSORTHOVIEW
 70
0
  9
$UCSORGTOP
 10
0.0
 20
0.0
 30
0.0
  9
$UCSORGBOTTOM
 10
0.0
 20
0.0
 30
0.0
  9
$UCSORGLEFT
 10
0.0
 20
0.0
 30
0.0
  9
$UCSORGRIGHT
 10
0.0
 20
0.0
 30
0.0
  9
$UCSORGFRONT
 10
0.0
 20
0.0
 30
0.0
  9
$UCSORGBACK
 10
0.0
 20
0.0
 30
0.0
  9
$PUCSBASE
  2

  9
$PUCSNAME
  2

  9
$PUCSORG
 10
0.0
 20
0.0
 30
0.0
  9
$PUCSXDIR
 10
1.0
 20
0.0
 30
0.0
  9
$PUCSYDIR
 10
0.0
 20
1.0
 30
0.0
  9
$PUCSORTHOREF
  2

  9
$PUCSORTHOVIEW
 70
0
  9
$PUCSORGTOP
 10
0.0
 20
0.0
 30
0.0
  9
$PUCSORGBOTTOM
 10
0.0
 20
0.0
 30
0.0
  9
$PUCSORGLEFT
 10
0.0
 20
0.0
 30
0.0
  9
$PUCSORGRIGHT
 10
0.0
 20
0.0
 30
0.0
  9
$PUCSORGFRONT
 10
0.0
 20
0.0
 30
0.0
  9
$PUCSORGBACK
 10
0.0
 20
0.0
 30
0.0
  9
$USERI1
 70
0
  9
$USERI2
 70
0
  9
$USERI3
 70
0
  9
$USERI4
 70
0
  9
$USERI5
 70
0
  9
$USERR1
 40
0.0
  9
$USERR2
 40
0.0
  9
$USERR3
 40
0.0
  9
$USERR4
 40
0.0
  9
$USERR5
 40
0.0
  9
$WORLDVIEW
 70
1
  9
$SHADEDGE
 70
3
  9
$SHADEDIF
 70
70
  9
$TILEMODE
 70
1
  9
$MAXACTVP
 70
64
  9
$PINSBASE
 10
0.0
 20
0.0
 30
0.0
  9
$PLIMCHECK
 70
0
  9
$PEXTMIN
 10
1e+20
 20
1e+20
 30
1e+20
  9
$PEXTMAX
 10
-1e+20
 20
-1e+20
 30
-1e+20
  9
$PLIMMIN
 10
-0.0
 20
-0.0
  9
$PLIMMAX
 10
841.0
 20
594.0
  9
$UNITMODE
 70
0
  9
$VISRETAIN
 70
1
  9
$PLINEGEN
 70
0
  9
$PSLTSCALE
 70
0
  9
$TREEDEPTH
 70
3020
  9
$CMLSTYLE
  2
Standard
  9
$CMLJUST
 70
0
  9
$CMLSCALE
 40
20.0
  9
$PROXYGRAPHICS
 70
1
  9
$MEASUREMENT
 70
1
  9
$CELWEIGHT
370
-1
  9
$ENDCAPS
280
0
  9
$JOINSTYLE
280
0
  9
$LWDISPLAY
290
1
  9
$INSUNITS
 70
4
  9
$HYPERLINKBASE
  1

  9
$STYLESHEET
  1

  9
$XEDIT
290
1
  9
$CEPSNTYPE
380
0
  9
$PSTYLEMODE
290
1
  9
$FINGERPRINTGUID
  2
{0933D839-05EA-411C-B9F2-822808DDC6D0}
  9
$VERSIONGUID
  2
{68E3E179-F2D4-40BD-B1A0-4CC78B263448}
  9
$EXTNAMES
290
1
  9
$PSVPSCALE
 40
0.0
  9
$OLESTARTUP
290
0
  9
$SORTENTS
280
127
  9
$INDEXCTL
280
0
  9
$HIDETEXT
280
1
  9
$XCLIPFRAME
280
1
  9
$HALOGAP
280
0
  9
$OBSCOLOR
 70
257
  9
$OBSLTYPE
280
0
  9
$INTERSECTIONDISPLAY
280
0
  9
$INTERSECTIONCOLOR
 70
257
  9
$DIMASSOC
280
2
  9
$PROJECTNAME
  1

  9
$CAMERADISPLAY
290
0
  9
$LENSLENGTH
 40
50.0
  9
$CAMERAHEIGHT
 40
0.0
  9
$STEPSPERSEC
 40
24.0
  9
$STEPSIZE
 40
100.0
  9
$3DDWFPREC
 40
2.0
  9
$PSOLWIDTH
 40
0.005
  9
$PSOLHEIGHT
 40
0.08
  9
$LOFTANG1
 40
1.570796326795
  9
$LOFTANG2
 40
1.570796326795
  9
$LOFTMAG1
 40
0.0
  9
$LOFTMAG2
 40
0.0
  9
$LOFTPARAM
 70
7
  9
$LOFTNORMALS
280
1
  9
$LATITUDE
 40
37.795
  9
$LONGITUDE
 40
-122.394
  9
$NORTHDIRECTION
 40
0.0
  9
$TIMEZONE
 70
-8000
  9
$LIGHTGLYPHDISPLAY
280
1
  9
$TILEMODELIGHTSYNCH
280
1
  9
$CMATERIAL
347
20
  9
$SOLIDHIST
280
0
  9
$SHOWHIST
280
1
  9
$DWFFRAME
280
2
  9
$DGNFRAME
280
2
  9
$REALWORLDSCALE
290
1
  9
$INTERFERECOLOR
 62
256
  9
$CSHADOW
280
0
  9
$SHADOWPLANELOCATION
 40
0.0
  0
ENDSEC
  0
SECTION
  2
CLASSES
  0
CLASS
  1
ACDBDICTIONARYWDFLT
  2
AcDbDictionaryWithDefault
  3
ObjectDBX Classes
 90
0
 91
0
280
0
281
0
  0
CLASS
  1
SUN
  2
AcDbSun
  3
SCENEOE
 90
1153
 91
0
280
0
281
0
  0
CLASS
  1
VISUALSTYLE
  2
AcDbVisualStyle
  3
ObjectDBX Classes
 90
4095
 91
0
280
0
281
0
  0
CLASS
  1
MATERIAL
  2
AcDbMaterial
  3
ObjectDBX Classes
 90
1153
 91
0
280
0
281
0
  0
CLASS
  1
SCALE
  2
AcDbScale
  3
ObjectDBX Classes
 90
1153
 91
0
280
0
281
0
  0
CLASS
  1
TABLESTYLE
  2
AcDbTableStyle
  3
ObjectDBX Classes
 90
4095
 91
0
280
0
281
0
  0
CLASS
  1
MLEADERSTYLE
  2
AcDbMLeaderStyle
  3
ACDB_MLEADERSTYLE_CLASS
 90
4095
 91
0
280
0
281
0
  0
CLASS
  1
DICTIONARYVAR
  2
AcDbDictionaryVar
  3
ObjectDBX Classes
 90
0
 91
0
280
0
281
0
  0
CLASS
  1
CELLSTYLEMAP
  2
AcDbCellStyleMap
  3
ObjectDBX Classes
 90
1152
 91
0
280
0
281
0
  0
CLASS
  1
MENTALRAYRENDERSETTINGS
  2
AcDbMentalRayRenderSettings
  3
SCENEOE
 90
1024
 91
0
280
0
281
0
  0
CLASS
  1
ACDBDETAILVIEWSTYLE
  2
AcDbDetailViewStyle
  3
ObjectDBX Classes
 90
1025
 91
0
280
0
281
0
  0
CLASS
  1
ACDBSECTIONVIEWSTYLE
  2
AcDbSectionViewStyle
  3
ObjectDBX Classes
 90
1025
 91
0
280
0
281
0
  0
CLASS
  1
RASTERVARIABLES
  2
AcDbRasterVariables
  3
ISM
 90
0
 91
0
280
0
281
0
  0
CLASS
  1
LAYOUT
  2
AcDbLayout
  3
ObjectDBX Classes
 90
0
 91
0
280
0
281
0
  0
CLASS
  1
ACDBPLACEHOLDER
  2
AcDbPlaceHolder
  3
ObjectDBX Classes
 90
0
 91
0
280
0
281
0
  0
ENDSEC
  0
SECTION
  2
TABLES
  0
TABLE
  2
VPORT
  5
8
330
0
100
AcDbSymbolTable
 70
1
  0
VPORT
  5
23
330
8
100
AcDbSymbolTableRecord
100
AcDbViewportTableRecord
  2
*Active
 70
0
 10
0.0
 20
0.0
 11
1.0
 21
1.0
 12
0.0
 22
0.0
 13
0.0
 23
0.0
 14
0.5
 24
0.5
 15
0.5
 25
0.5
 16
0.0
 26
0.0
 36
1.0
 17
0.0
 27
0.0
 37
0.0
 40
1000.0
 41
1.34
 42
50.0
 43
0.0
 44
0.0
 50
0.0
 51
0.0
 71
0
 72
1000
 73
1
 74
3
 75
0
 76
0
 77
0
 78
0
281
0
 65
0
146
0.0
  0
ENDTAB
  0
TABLE
  2
LTYPE
  5
2
330
0
100
AcDbSymbolTable
 70
6
  0
LTYPE
  5
24
330
2
100
AcDbSymbolTableRecord
100
AcDbLinetypeTableRecord
  2
ByBlock
 70
0
  3

 72
65
 73
0
 40
0.0
  0
LTYPE
  5
25
330
2
100
AcDbSymbolTableRecord
100
AcDbLinetypeTableRecord
  2
ByLayer
 70
0
  3

 72
65
 73
0
 40
0.0
  0
LTYPE
  5
26
330
2
100
AcDbSymbolTableRecord
100
AcDbLinetypeTableRecord
  2
Continuous
 70
0
  3

 72
65
 73
0
 40
0.0
  0
LTYPE
  5
2F
330
2
100
AcDbSymbolTableRecord
100
AcDbLinetypeTableRecord
  2
IRAM-E-TRAZOS
 70
0
  3
IRAM 4502 E - trazos __ __ __
 72
65
 73
2
 40
5.0
 49
4.0
 74
0
 49
-1.0
 74
0
  0
LTYPE
  5
30
330
2
100
AcDbSymbolTableRecord
100
AcDbLinetypeTableRecord
  2
IRAM-F-TRAZO-PUNTO
 70
0
  3
IRAM 4502 F - trazo largo y trazo corto ____ _ ____
 72
65
 73
4
 40
20.0
 49
15.0
 74
0
 49
-2.0
 74
0
 49
1.0
 74
0
 49
-2.0
 74
0
  0
LTYPE
  5
44
330
2
100
AcDbSymbolTableRecord
100
AcDbLinetypeTableRecord
  2
FLUJO-TRAZOS
 70
0
  3
Trazos de flujo __ __ __
 72
65
 73
2
 40
4.0
 49
2.5
 74
0
 49
-1.5
 74
0
  0
ENDTAB
  0
TABLE
  2
LAYER
  5
1
330
0
100
AcDbSymbolTable
 70
45
  0
LAYER
  5
27
330
1
100
AcDbSymbolTableRecord
100
AcDbLayerTableRecord
  2
0
 70
0
 62
7
  6
Continuous
370
-3
390
13
347
21
  0
LAYER
  5
28
330
1
100
AcDbSymbolTableRecord
100
AcDbLayerTableRecord
  2
Defpoints
 70
0
 62
7
  6
Continuous
290
0
370
-3
390
13
347
21
  0
LAYER
  5
31
330
1
100
AcDbSymbolTableRecord
100
AcDbLayerTableRecord
  2
01-VISIBLE
 70
0
 62
7
  6
CONTINUOUS
370
70
390
13
347
21
1001
AcAecLayerStandard
1000

1000
A continua gruesa: contornos y aristas visibles
  0
LAYER
  5
33
330
1
100
AcDbSymbolTableRecord
100
AcDbLayerTableRecord
  2
02-OCULTA
 70
0
 62
4
  6
IRAM-E-TRAZOS
370
35
390
13
347
21
1001
AcAecLayerStandard
1000

1000
E de trazos media: contornos y aristas ocultos
  0
LAYER
  5
34
330
1
100
AcDbSymbolTableRecord
100
AcDbLayerTableRecord
  2
03-EJE
 70
0
 62
1
  6
IRAM-F-TRAZO-PUNTO
370
18
390
13
347
21
1001
AcAecLayerStandard
1000

1000
F trazo largo y corto fina: ejes, simetrías, trayectorias
  0
LAYER
  5
35
330
1
100
AcDbSymbolTableRecord
100
AcDbLayerTableRecord
  2
04-COTA
 70
0
 62
3
  6
CONTINUOUS
370
18
390
13
347
21
1001
AcAecLayerStandard
1000

1000
B continua fina: líneas de cota y auxiliares
  0
LAYER
  5
36
330
1
100
AcDbSymbolTableRecord
100
AcDbLayerTableRecord
  2
05-RAYADO
 70
0
 62
8
  6
CONTINUOUS
370
18
390
13
347
21
1001
AcAecLayerStandard
1000

1000
B continua fina: rayados IRAM 4509
  0
LAYER
  5
37
330
1
100
AcDbSymbolTableRecord
100
AcDbLayerTableRecord
  2
06-TEXTO
 70
0
 62
7
  6
CONTINUOUS
370
25
390
13
347
21
1001
AcAecLayerStandard
1000

1000
Escritura IRAM 4503 tipo B (trazo h/10)
  0
LAYER
  5
38
330
1
100
AcDbSymbolTableRecord
100
AcDbLayerTableRecord
  2
07-RECUADRO
 70
0
 62
7
  6
CONTINUOUS
370
70
390
13
347
21
1001
AcAecLayerStandard
1000

1000
Recuadro IRAM 4504
  0
LAYER
  5
39
330
1
100
AcDbSymbolTableRecord
100
AcDbLayerTableRecord
  2
08-FINA
 70
0
 62
5
  6
CONTINUOUS
370
18
390
13
347
21
1001
AcAecLayerStandard
1000

1000
B continua fina: referencias, fondos de rosca, contornos de detalle
  0
LAYER
  5
3A
330
1
100
AcDbSymbolTableRecord
100
AcDbLayerTableRecord
  2
09-PLANO-CORTE
 70
0
 62
1
  6
IRAM-F-TRAZO-PUNTO
370
18
390
13
347
21
1001
AcAecLayerStandard
1000

1000
G trazo largo y corto fina con extremos gruesos: planos de corte
  0
LAYER
  5
3B
330
1
100
AcDbSymbolTableRecord
100
AcDbLayerTableRecord
  2
10-ROTULO
 70
0
 62
7
  6
CONTINUOUS
370
35
390
13
347
21
1001
AcAecLayerStandard
1000

1000
Rótulo y lista de materiales IRAM 4508
  0
LAYER
  5
3C
330
1
100
AcDbSymbolTableRecord
100
AcDbLayerTableRecord
  2
11-TEXTO-ROTULO
 70
0
 62
7
  6
CONTINUOUS
370
25
390
13
347
21
1001
AcAecLayerStandard
1000

1000
Escritura del rótulo
  0
LAYER
  5
3D
330
1
100
AcDbSymbolTableRecord
100
AcDbLayerTableRecord
  2
12-SOLDADURA
 70
0
 62
6
  6
CONTINUOUS
370
18
390
13
347
21
1001
AcAecLayerStandard
1000

1000
Símbolos de soldadura
  0
LAYER
  5
45
330
1
100
AcDbSymbolTableRecord
100
AcDbLayerTableRecord
  2
A-MURO
 70
0
 62
7
  6
CONTINUOUS
370
50
390
13
347
21
1001
AcAecLayerStandard
1000

1000
Muros y cerramientos (línea gruesa, relleno)
  0
LAYER
  5
46
330
1
100
AcDbSymbolTableRecord
100
AcDbLayerTableRecord
  2
A-COLUMNA
 70
0
 62
7
  6
CONTINUOUS
370
50
390
13
347
21
1001
AcAecLayerStandard
1000

1000
Columnas
  0
LAYER
  5
47
330
1
100
AcDbSymbolTableRecord
100
AcDbLayerTableRecord
  2
A-EJE
 70
0
 62
1
  6
IRAM-F-TRAZO-PUNTO
370
18
390
13
347
21
1001
AcAecLayerStandard
1000

1000
Ejes estructurales
  0
LAYER
  5
48
330
1
100
AcDbSymbolTableRecord
100
AcDbLayerTableRecord
  2
A-ABERTURA
 70
0
 62
7
  6
CONTINUOUS
370
25
390
13
347
21
1001
AcAecLayerStandard
1000

1000
Puertas, portones y muelles
  0
LAYER
  5
49
330
1
100
AcDbSymbolTableRecord
100
AcDbLayerTableRecord
  2
A-EQUIPO
 70
0
 62
7
  6
CONTINUOUS
370
35
390
13
347
21
1001
AcAecLayerStandard
1000

1000
Equipos (contorno)
  0
LAYER
  5
4A
330
1
100
AcDbSymbolTableRecord
100
AcDbLayerTableRecord
  2
A-EQUIPO-FINO
 70
0
 62
8
  6
CONTINUOUS
370
13
390
13
347
21
1001
AcAecLayerStandard
1000

1000
Detalle de equipos, racks y carros
  0
LAYER
  5
4B
330
1
100
AcDbSymbolTableRecord
100
AcDbLayerTableRecord
  2
A-SECTOR
 70
0
 62
8
  6
IRAM-E-TRAZOS
370
18
390
13
347
21
1001
AcAecLayerStandard
1000

1000
Límite de sector
  0
LAYER
  5
4C
330
1
100
AcDbSymbolTableRecord
100
AcDbLayerTableRecord
  2
A-PASILLO
 70
0
 62
2
420
14132480
  6
CONTINUOUS
370
35
390
13
347
21
1001
AcAecLayerStandard
1000

1000
Demarcación de pasillos (amarillo IRAM 10005)
  0
LAYER
  5
4D
330
1
100
AcDbSymbolTableRecord
100
AcDbLayerTableRecord
  2
A-SENDA
 70
0
 62
2
420
14132480
  6
CONTINUOUS
370
25
390
13
347
21
1001
AcAecLayerStandard
1000

1000
Sendas peatonales (cebra)
  0
LAYER
  5
4E
330
1
100
AcDbSymbolTableRecord
100
AcDbLayerTableRecord
  2
A-TEXTO
 70
0
 62
7
  6
CONTINUOUS
370
18
390
13
347
21
1001
AcAecLayerStandard
1000

1000
Textos
  0
LAYER
  5
4F
330
1
100
AcDbSymbolTableRecord
100
AcDbLayerTableRecord
  2
A-RELLENO
 70
0
 62
9
  6
CONTINUOUS
370
13
390
13
347
21
1001
AcAecLayerStandard
1000

1000
Rellenos de sectores
  0
LAYER
  5
50
330
1
100
AcDbSymbolTableRecord
100
AcDbLayerTableRecord
  2
A-COTA
 70
0
 62
7
  6
CONTINUOUS
370
18
390
13
347
21
1001
AcAecLayerStandard
1000

1000
Cotas IRAM 4513
  0
LAYER
  5
51
330
1
100
AcDbSymbolTableRecord
100
AcDbLayerTableRecord
  2
A-EXTERIOR
 70
0
 62
8
  6
CONTINUOUS
370
25
390
13
347
21
1001
AcAecLayerStandard
1000

1000
Terreno, calles, playas y veredas
  0
LAYER
  5
52
330
1
100
AcDbSymbolTableRecord
100
AcDbLayerTableRecord
  2
A-LOCAL
 70
0
 62
7
  6
CONTINUOUS
370
25
390
13
347
21
1001
AcAecLayerStandard
1000

1000
Tabiques de locales de servicio
  0
LAYER
  5
53
330
1
100
AcDbSymbolTableRecord
100
AcDbLayerTableRecord
  2
A-SANITARIO
 70
0
 62
8
  6
CONTINUOUS
370
13
390
13
347
21
1001
AcAecLayerStandard
1000

1000
Artefactos sanitarios y mobiliario
  0
LAYER
  5
54
330
1
100
AcDbSymbolTableRecord
100
AcDbLayerTableRecord
  2
F-MP
 70
0
 62
5
  6
CONTINUOUS
370
70
390
13
347
21
1001
AcAecLayerStandard
1000

1000
Flujo de materia prima (azul)
  0
LAYER
  5
55
330
1
100
AcDbSymbolTableRecord
100
AcDbLayerTableRecord
  2
F-SE
 70
0
 62
30
  6
CONTINUOUS
370
70
390
13
347
21
1001
AcAecLayerStandard
1000

1000
Flujo de semielaborado (naranja)
  0
LAYER
  5
56
330
1
100
AcDbSymbolTableRecord
100
AcDbLayerTableRecord
  2
F-TL
 70
0
 62
30
  6
CONTINUOUS
370
100
390
13
347
21
1001
AcAecLayerStandard
1000

1000
Tren logístico de un sentido (SE)
  0
LAYER
  5
57
330
1
100
AcDbSymbolTableRecord
100
AcDbLayerTableRecord
  2
F-PT
 70
0
 62
3
  6
CONTINUOUS
370
70
390
13
347
21
1001
AcAecLayerStandard
1000

1000
Flujo de producto terminado (verde)
  0
LAYER
  5
58
330
1
100
AcDbSymbolTableRecord
100
AcDbLayerTableRecord
  2
F-SCRAP
 70
0
 62
8
  6
IRAM-F-TRAZO-PUNTO
370
50
390
13
347
21
1001
AcAecLayerStandard
1000

1000
Scrap y retal (gris)
  0
LAYER
  5
59
330
1
100
AcDbSymbolTableRecord
100
AcDbLayerTableRecord
  2
F-PERSONAL
 70
0
 62
6
  6
FLUJO-TRAZOS
370
35
390
13
347
21
1001
AcAecLayerStandard
1000

1000
Hilos de personal (magenta)
  0
LAYER
  5
5A
330
1
100
AcDbSymbolTableRecord
100
AcDbLayerTableRecord
  2
F-EFL-LIQ
 70
0
 62
34
  6
FLUJO-TRAZOS
370
35
390
13
347
21
1001
AcAecLayerStandard
1000

1000
Efluentes líquidos (marrón)
  0
LAYER
  5
5B
330
1
100
AcDbSymbolTableRecord
100
AcDbLayerTableRecord
  2
F-EFL-GAS
 70
0
 62
4
  6
FLUJO-TRAZOS
370
35
390
13
347
21
1001
AcAecLayerStandard
1000

1000
Efluentes gaseosos (cian)
  0
LAYER
  5
5C
330
1
100
AcDbSymbolTableRecord
100
AcDbLayerTableRecord
  2
F-RET
 70
0
 62
8
  6
FLUJO-TRAZOS
370
18
390
13
347
21
1001
AcAecLayerStandard
1000

1000
Retorno vacío del tren logístico
  0
LAYER
  5
5D
330
1
100
AcDbSymbolTableRecord
100
AcDbLayerTableRecord
  2
I-ELEC
 70
0
 62
1
  6
CONTINUOUS
370
35
390
13
347
21
1001
AcAecLayerStandard
1000

1000
Alimentadores eléctricos
  0
LAYER
  5
5E
330
1
100
AcDbSymbolTableRecord
100
AcDbLayerTableRecord
  2
I-AIRE
 70
0
 62
4
  6
CONTINUOUS
370
35
390
13
347
21
1001
AcAecLayerStandard
1000

1000
Aire comprimido
  0
LAYER
  5
5F
330
1
100
AcDbSymbolTableRecord
100
AcDbLayerTableRecord
  2
I-N2
 70
0
 62
6
  6
CONTINUOUS
370
35
390
13
347
21
1001
AcAecLayerStandard
1000

1000
Nitrógeno
  0
LAYER
  5
60
330
1
100
AcDbSymbolTableRecord
100
AcDbLayerTableRecord
  2
I-GAS
 70
0
 62
40
  6
CONTINUOUS
370
35
390
13
347
21
1001
AcAecLayerStandard
1000

1000
Gas natural
  0
LAYER
  5
61
330
1
100
AcDbSymbolTableRecord
100
AcDbLayerTableRecord
  2
I-SOLD
 70
0
 62
211
  6
CONTINUOUS
370
35
390
13
347
21
1001
AcAecLayerStandard
1000

1000
Gas de soldadura Ar/CO₂
  0
LAYER
  5
62
330
1
100
AcDbSymbolTableRecord
100
AcDbLayerTableRecord
  2
S-INCENDIO
 70
0
 62
1
  6
CONTINUOUS
370
25
390
13
347
21
1001
AcAecLayerStandard
1000

1000
Extintores y protección contra incendio
  0
LAYER
  5
63
330
1
100
AcDbSymbolTableRecord
100
AcDbLayerTableRecord
  2
S-ESCAPE
 70
0
 62
3
  6
CONTINUOUS
370
35
390
13
347
21
1001
AcAecLayerStandard
1000

1000
Medios de escape y salidas
  0
ENDTAB
  0
TABLE
  2
STYLE
  5
5
330
0
100
AcDbSymbolTable
 70
2
  0
STYLE
  5
29
330
5
100
AcDbSymbolTableRecord
100
AcDbTextStyleTableRecord
  2
Standard
 70
0
 40
0.0
 41
1.0
 50
0.0
 71
0
 42
2.5
  3
txt
  4

  0
STYLE
  5
3E
330
5
100
AcDbSymbolTableRecord
100
AcDbTextStyleTableRecord
  2
ISO3098
 70
0
 40
0.0
 41
1.0
 50
0.0
 71
0
 42
2.5
  3
isocpeur.ttf
  4

  0
ENDTAB
  0
TABLE
  2
VIEW
  5
7
330
0
100
AcDbSymbolTable
 70
0
  0
ENDTAB
  0
TABLE
  2
UCS
  5
6
330
0
100
AcDbSymbolTable
 70
0
  0
ENDTAB
  0
TABLE
  2
APPID
  5
3
330
0
100
AcDbSymbolTable
 70
4
  0
APPID
  5
2A
330
3
100
AcDbSymbolTableRecord
100
AcDbRegAppTableRecord
  2
ACAD
 70
0
  0
APPID
  5
32
330
3
100
AcDbSymbolTableRecord
100
AcDbRegAppTableRecord
  2
AcAecLayerStandard
 70
0
  0
APPID
  5
418
330
3
100
AcDbSymbolTableRecord
100
AcDbRegAppTableRecord
  2
HATCHBACKGROUNDCOLOR
 70
0
  0
APPID
  5
419
330
3
100
AcDbSymbolTableRecord
100
AcDbRegAppTableRecord
  2
EZDXF
 70
0
  0
ENDTAB
  0
TABLE
  2
DIMSTYLE
  5
4
330
0
100
AcDbSymbolTable
 70
2
100
AcDbDimStyleTable
  0
DIMSTYLE
105
2B
330
4
100
AcDbSymbolTableRecord
100
AcDbDimStyleTableRecord
  2
Standard
 70
0
 40
1.0
 41
2.5
 42
0.625
 43
3.75
 44
1.25
 45
0.0
 46
0.0
 47
0.0
 48
0.0
 49
2.5
140
2.5
141
2.5
142
0.0
143
0.03937007874
144
1.0
145
0.0
146
1.0
147
0.625
148
0.0
 69
0
 70
0
 71
0
 72
0
 73
0
 74
0
 75
0
 76
0
 77
1
 78
8
 79
3
170
0
171
3
172
1
173
0
174
0
175
0
176
0
177
0
178
0
179
2
271
2
272
2
273
2
274
3
275
0
276
0
277
2
278
44
279
0
280
0
281
0
282
0
283
0
284
8
285
0
286
0
288
0
289
3
290
0
371
-2
372
-2
  0
DIMSTYLE
105
43
330
4
100
AcDbSymbolTableRecord
100
AcDbDimStyleTableRecord
  2
FLAMA-IRAM
 70
0
 40
1.0
 41
3.5
 42
1.5
 43
3.75
 44
2.0
 45
0.0
 46
0.0
 47
0.0
 48
0.0
 49
2.5
140
3.5
141
2.5
142
0.0
143
0.03937007874
144
1.0
145
0.0
146
1.0
147
1.0
148
0.0
 69
0
 70
0
 71
0
 72
0
 73
0
 74
0
 75
0
 76
0
 77
1
 78
8
 79
3
170
0
171
3
172
1
173
0
174
0
175
0
176
3
177
3
178
3
179
2
271
1
272
2
273
2
274
3
275
0
276
0
277
2
278
44
279
0
280
0
281
0
282
0
283
0
284
8
285
0
286
0
288
0
289
3
290
0
340
3E
342
3F
343
3F
344
3F
371
18
372
18
  0
ENDTAB
  0
TABLE
  2
BLOCK_RECORD
  5
9
330
0
100
AcDbSymbolTable
 70
27
  0
BLOCK_RECORD
  5
17
330
9
100
AcDbSymbolTableRecord
100
AcDbBlockTableRecord
  2
*Model_Space
340
1A
 70
0
280
1
281
0
  0
BLOCK_RECORD
  5
3F
330
9
100
AcDbSymbolTableRecord
100
AcDbBlockTableRecord
  2
IRAM_FLECHA
340
0
 70
0
280
1
281
0
  0
BLOCK_RECORD
  5
157
330
9
100
AcDbSymbolTableRecord
100
AcDbBlockTableRecord
  2
*D1
340
0
 70
0
280
1
281
0
  0
BLOCK_RECORD
  5
166
330
9
100
AcDbSymbolTableRecord
100
AcDbBlockTableRecord
  2
*D2
340
0
 70
0
280
1
281
0
  0
BLOCK_RECORD
  5
175
330
9
100
AcDbSymbolTableRecord
100
AcDbBlockTableRecord
  2
*D3
340
0
 70
0
280
1
281
0
  0
BLOCK_RECORD
  5
1A2
330
9
100
AcDbSymbolTableRecord
100
AcDbBlockTableRecord
  2
*D4
340
0
 70
0
280
1
281
0
  0
BLOCK_RECORD
  5
1B1
330
9
100
AcDbSymbolTableRecord
100
AcDbBlockTableRecord
  2
*D5
340
0
 70
0
280
1
281
0
  0
BLOCK_RECORD
  5
1C0
330
9
100
AcDbSymbolTableRecord
100
AcDbBlockTableRecord
  2
*D6
340
0
 70
0
280
1
281
0
  0
BLOCK_RECORD
  5
1F3
330
9
100
AcDbSymbolTableRecord
100
AcDbBlockTableRecord
  2
*D7
340
0
 70
0
280
1
281
0
  0
BLOCK_RECORD
  5
202
330
9
100
AcDbSymbolTableRecord
100
AcDbBlockTableRecord
  2
*D8
340
0
 70
0
280
1
281
0
  0
BLOCK_RECORD
  5
211
330
9
100
AcDbSymbolTableRecord
100
AcDbBlockTableRecord
  2
*D9
340
0
 70
0
280
1
281
0
  0
BLOCK_RECORD
  5
238
330
9
100
AcDbSymbolTableRecord
100
AcDbBlockTableRecord
  2
*D10
340
0
 70
0
280
1
281
0
  0
BLOCK_RECORD
  5
247
330
9
100
AcDbSymbolTableRecord
100
AcDbBlockTableRecord
  2
*D11
340
0
 70
0
280
1
281
0
  0
BLOCK_RECORD
  5
256
330
9
100
AcDbSymbolTableRecord
100
AcDbBlockTableRecord
  2
*D12
340
0
 70
0
280
1
281
0
  0
BLOCK_RECORD
  5
277
330
9
100
AcDbSymbolTableRecord
100
AcDbBlockTableRecord
  2
*D13
340
0
 70
0
280
1
281
0
  0
BLOCK_RECORD
  5
286
330
9
100
AcDbSymbolTableRecord
100
AcDbBlockTableRecord
  2
*D14
340
0
 70
0
280
1
281
0
  0
BLOCK_RECORD
  5
295
330
9
100
AcDbSymbolTableRecord
100
AcDbBlockTableRecord
  2
*D15
340
0
 70
0
280
1
281
0
  0
BLOCK_RECORD
  5
2B2
330
9
100
AcDbSymbolTableRecord
100
AcDbBlockTableRecord
  2
*D16
340
0
 70
0
280
1
281
0
  0
BLOCK_RECORD
  5
2C1
330
9
100
AcDbSymbolTableRecord
100
AcDbBlockTableRecord
  2
*D17
340
0
 70
0
280
1
281
0
  0
BLOCK_RECORD
  5
2D0
330
9
100
AcDbSymbolTableRecord
100
AcDbBlockTableRecord
  2
*D18
340
0
 70
0
280
1
281
0
  0
BLOCK_RECORD
  5
2EB
330
9
100
AcDbSymbolTableRecord
100
AcDbBlockTableRecord
  2
*D19
340
0
 70
0
280
1
281
0
  0
BLOCK_RECORD
  5
2FA
330
9
100
AcDbSymbolTableRecord
100
AcDbBlockTableRecord
  2
*D20
340
0
 70
0
280
1
281
0
  0
BLOCK_RECORD
  5
309
330
9
100
AcDbSymbolTableRecord
100
AcDbBlockTableRecord
  2
*D21
340
0
 70
0
280
1
281
0
  0
BLOCK_RECORD
  5
326
330
9
100
AcDbSymbolTableRecord
100
AcDbBlockTableRecord
  2
*D22
340
0
 70
0
280
1
281
0
  0
BLOCK_RECORD
  5
335
330
9
100
AcDbSymbolTableRecord
100
AcDbBlockTableRecord
  2
*D23
340
0
 70
0
280
1
281
0
  0
BLOCK_RECORD
  5
344
330
9
100
AcDbSymbolTableRecord
100
AcDbBlockTableRecord
  2
*D24
340
0
 70
0
280
1
281
0
  0
BLOCK_RECORD
  5
412
330
9
100
AcDbSymbolTableRecord
100
AcDbBlockTableRecord
  2
*Paper_Space
340
415
 70
0
280
1
281
0
  0
ENDTAB
  0
ENDSEC
  0
SECTION
  2
BLOCKS
  0
BLOCK
  5
18
330
17
100
AcDbEntity
  8
0
100
AcDbBlockBegin
  2
*Model_Space
 70
0
 10
0.0
 20
0.0
 30
0.0
  3
*Model_Space
  1

  0
ENDBLK
  5
19
330
17
100
AcDbEntity
  8
0
100
AcDbBlockEnd
  0
BLOCK
  5
40
330
3F
100
AcDbEntity
  8
0
100
AcDbBlockBegin
  2
IRAM_FLECHA
 70
0
 10
0.0
 20
0.0
 30
0.0
  3
IRAM_FLECHA
  1

  0
SOLID
  5
42
330
3F
100
AcDbEntity
  8
0
100
AcDbTrace
 10
0.0
 20
0.0
 30
0.0
 11
-1.0
 21
0.125
 31
0.0
 12
-1.0
 22
-0.125
 32
0.0
 13
-1.0
 23
-0.125
 33
0.0
  0
ENDBLK
  5
41
330
3F
100
AcDbEntity
  8
0
100
AcDbBlockEnd
  0
BLOCK
  5
158
330
157
100
AcDbEntity
  8
0
100
AcDbBlockBegin
  2
*D1
 70
1
 10
0.0
 20
0.0
 30
0.0
  3
*D1
  1

  0
LINE
  5
15A
330
157
100
AcDbEntity
  8
0
 62
3
370
18
100
AcDbLine
 10
37.5
 20
538.0
 30
0.0
 11
32.0
 21
538.0
 31
0.0
  0
LINE
  5
15B
330
157
100
AcDbEntity
  8
0
 62
3
370
18
100
AcDbLine
 10
37.5
 20
518.725
 30
0.0
 11
32.0
 21
518.725
 31
0.0
  0
INSERT
  5
15C
330
157
100
AcDbEntity
  8
A-COTA
 62
3
100
AcDbBlockReference
  2
IRAM_FLECHA
 10
34.0
 20
538.0
 30
0.0
 41
2.0
 42
2.0
 50
270.0
  0
INSERT
  5
15E
330
157
100
AcDbEntity
  8
A-COTA
 62
3
100
AcDbBlockReference
  2
IRAM_FLECHA
 10
34.0
 20
518.725
 30
0.0
 41
2.0
 42
2.0
 50
90.0
  0
LINE
  5
160
330
157
100
AcDbEntity
  8
0
 62
3
370
18
100
AcDbLine
 10
34.0
 20
540.0
 30
0.0
 11
34.0
 21
516.725
 31
0.0
  0
MTEXT
  5
161
330
157
100
AcDbEntity
  8
A-COTA
 62
3
100
AcDbMText
 10
36.0
 20
528.3625
 30
0.0
 40
2.0
 71
5
  1
385,5
  7
ISO3098
 50
90.0
  0
POINT
  5
162
330
157
100
AcDbEntity
  8
Defpoints
100
AcDbPoint
 10
34.0
 20
538.0
 30
0.0
  0
POINT
  5
163
330
157
100
AcDbEntity
  8
Defpoints
100
AcDbPoint
 10
39.0
 20
538.0
 30
0.0
  0
POINT
  5
164
330
157
100
AcDbEntity
  8
Defpoints
100
AcDbPoint
 10
39.0
 20
518.725
 30
0.0
  0
ENDBLK
  5
159
330
157
100
AcDbEntity
  8
0
100
AcDbBlockEnd
  0
BLOCK
  5
167
330
166
100
AcDbEntity
  8
0
100
AcDbBlockBegin
  2
*D2
 70
1
 10
0.0
 20
0.0
 30
0.0
  3
*D2
  1

  0
LINE
  5
169
330
166
100
AcDbEntity
  8
0
 62
3
370
18
100
AcDbLine
 10
39.0
 20
539.5
 30
0.0
 11
39.0
 21
544.0
 31
0.0
  0
LINE
  5
16A
330
166
100
AcDbEntity
  8
0
 62
3
370
18
100
AcDbLine
 10
52.475
 20
539.5
 30
0.0
 11
52.475
 21
544.0
 31
0.0
  0
INSERT
  5
16B
330
166
100
AcDbEntity
  8
A-COTA
 62
3
100
AcDbBlockReference
  2
IRAM_FLECHA
 10
39.0
 20
542.0
 30
0.0
 41
2.0
 42
2.0
 50
180.0
  0
INSERT
  5
16D
330
166
100
AcDbEntity
  8
A-COTA
 62
3
100
AcDbBlockReference
  2
IRAM_FLECHA
 10
52.475
 20
542.0
 30
0.0
 41
2.0
 42
2.0
  0
LINE
  5
16F
330
166
100
AcDbEntity
  8
0
 62
3
370
18
100
AcDbLine
 10
41.0
 20
542.0
 30
0.0
 11
50.475
 21
542.0
 31
0.0
  0
MTEXT
  5
170
330
166
100
AcDbEntity
  8
A-COTA
 62
3
100
AcDbMText
 10
45.7375
 20
544.0
 30
0.0
 40
2.0
 71
5
  1
269,5
  7
ISO3098
  0
POINT
  5
171
330
166
100
AcDbEntity
  8
Defpoints
100
AcDbPoint
 10
39.0
 20
542.0
 30
0.0
  0
POINT
  5
172
330
166
100
AcDbEntity
  8
Defpoints
100
AcDbPoint
 10
39.0
 20
538.0
 30
0.0
  0
POINT
  5
173
330
166
100
AcDbEntity
  8
Defpoints
100
AcDbPoint
 10
52.475
 20
538.0
 30
0.0
  0
ENDBLK
  5
168
330
166
100
AcDbEntity
  8
0
100
AcDbBlockEnd
  0
BLOCK
  5
176
330
175
100
AcDbEntity
  8
0
100
AcDbBlockBegin
  2
*D3
 70
1
 10
0.0
 20
0.0
 30
0.0
  3
*D3
  1

  0
LINE
  5
178
330
175
100
AcDbEntity
  8
0
 62
3
370
18
100
AcDbLine
 10
39.0
 20
475.5
 30
0.0
 11
39.0
 21
470.0
 31
0.0
  0
LINE
  5
179
330
175
100
AcDbEntity
  8
0
 62
3
370
18
100
AcDbLine
 10
161.0
 20
475.5
 30
0.0
 11
161.0
 21
470.0
 31
0.0
  0
INSERT
  5
17A
330
175
100
AcDbEntity
  8
A-COTA
 62
3
100
AcDbBlockReference
  2
IRAM_FLECHA
 10
39.0
 20
472.0
 30
0.0
 41
2.0
 42
2.0
 50
180.0
  0
INSERT
  5
17C
330
175
100
AcDbEntity
  8
A-COTA
 62
3
100
AcDbBlockReference
  2
IRAM_FLECHA
 10
161.0
 20
472.0
 30
0.0
 41
2.0
 42
2.0
  0
LINE
  5
17E
330
175
100
AcDbEntity
  8
0
 62
3
370
18
100
AcDbLine
 10
41.0
 20
472.0
 30
0.0
 11
159.0
 21
472.0
 31
0.0
  0
MTEXT
  5
17F
330
175
100
AcDbEntity
  8
A-COTA
 62
3
100
AcDbMText
 10
100.0
 20
474.0
 30
0.0
 40
2.0
 71
5
  1
2440
  7
ISO3098
  0
POINT
  5
180
330
175
100
AcDbEntity
  8
Defpoints
100
AcDbPoint
 10
39.0
 20
472.0
 30
0.0
  0
POINT
  5
181
330
175
100
AcDbEntity
  8
Defpoints
100
AcDbPoint
 10
39.0
 20
477.0
 30
0.0
  0
POINT
  5
182
330
175
100
AcDbEntity
  8
Defpoints
100
AcDbPoint
 10
161.0
 20
477.0
 30
0.0
  0
ENDBLK
  5
177
330
175
100
AcDbEntity
  8
0
100
AcDbBlockEnd
  0
BLOCK
  5
1A3
330
1A2
100
AcDbEntity
  8
0
100
AcDbBlockBegin
  2
*D4
 70
1
 10
0.0
 20
0.0
 30
0.0
  3
*D4
  1

  0
LINE
  5
1A5
330
1A2
100
AcDbEntity
  8
0
 62
3
370
18
100
AcDbLine
 10
231.5
 20
538.0
 30
0.0
 11
226.0
 21
538.0
 31
0.0
  0
LINE
  5
1A6
330
1A2
100
AcDbEntity
  8
0
 62
3
370
18
100
AcDbLine
 10
231.5
 20
521.5
 30
0.0
 11
226.0
 21
521.5
 31
0.0
  0
INSERT
  5
1A7
330
1A2
100
AcDbEntity
  8
A-COTA
 62
3
100
AcDbBlockReference
  2
IRAM_FLECHA
 10
228.0
 20
538.0
 30
0.0
 41
2.0
 42
2.0
 50
270.0
  0
INSERT
  5
1A9
330
1A2
100
AcDbEntity
  8
A-COTA
 62
3
100
AcDbBlockReference
  2
IRAM_FLECHA
 10
228.0
 20
521.5
 30
0.0
 41
2.0
 42
2.0
 50
90.0
  0
LINE
  5
1AB
330
1A2
100
AcDbEntity
  8
0
 62
3
370
18
100
AcDbLine
 10
228.0
 20
540.0
 30
0.0
 11
228.0
 21
519.5
 31
0.0
  0
MTEXT
  5
1AC
330
1A2
100
AcDbEntity
  8
A-COTA
 62
3
100
AcDbMText
 10
230.0
 20
529.75
 30
0.0
 40
2.0
 71
5
  1
330
  7
ISO3098
 50
90.0
  0
POINT
  5
1AD
330
1A2
100
AcDbEntity
  8
Defpoints
100
AcDbPoint
 10
228.0
 20
538.0
 30
0.0
  0
POINT
  5
1AE
330
1A2
100
AcDbEntity
  8
Defpoints
100
AcDbPoint
 10
233.0
 20
538.0
 30
0.0
  0
POINT
  5
1AF
330
1A2
100
AcDbEntity
  8
Defpoints
100
AcDbPoint
 10
233.0
 20
521.5
 30
0.0
  0
ENDBLK
  5
1A4
330
1A2
100
AcDbEntity
  8
0
100
AcDbBlockEnd
  0
BLOCK
  5
1B2
330
1B1
100
AcDbEntity
  8
0
100
AcDbBlockBegin
  2
*D5
 70
1
 10
0.0
 20
0.0
 30
0.0
  3
*D5
  1

  0
LINE
  5
1B4
330
1B1
100
AcDbEntity
  8
0
 62
3
370
18
100
AcDbLine
 10
233.0
 20
539.5
 30
0.0
 11
233.0
 21
544.0
 31
0.0
  0
LINE
  5
1B5
330
1B1
100
AcDbEntity
  8
0
 62
3
370
18
100
AcDbLine
 10
256.725
 20
539.5
 30
0.0
 11
256.725
 21
544.0
 31
0.0
  0
INSERT
  5
1B6
330
1B1
100
AcDbEntity
  8
A-COTA
 62
3
100
AcDbBlockReference
  2
IRAM_FLECHA
 10
233.0
 20
542.0
 30
0.0
 41
2.0
 42
2.0
 50
180.0
  0
INSERT
  5
1B8
330
1B1
100
AcDbEntity
  8
A-COTA
 62
3
100
AcDbBlockReference
  2
IRAM_FLECHA
 10
256.725
 20
542.0
 30
0.0
 41
2.0
 42
2.0
  0
LINE
  5
1BA
330
1B1
100
AcDbEntity
  8
0
 62
3
370
18
100
AcDbLine
 10
235.0
 20
542.0
 30
0.0
 11
254.72500000000002
 21
542.0
 31
0.0
  0
MTEXT
  5
1BB
330
1B1
100
AcDbEntity
  8
A-COTA
 62
3
100
AcDbMText
 10
244.8625
 20
544.0
 30
0.0
 40
2.0
 71
5
  1
474,5
  7
ISO3098
  0
POINT
  5
1BC
330
1B1
100
AcDbEntity
  8
Defpoints
100
AcDbPoint
 10
233.0
 20
542.0
 30
0.0
  0
POINT
  5
1BD
330
1B1
100
AcDbEntity
  8
Defpoints
100
AcDbPoint
 10
233.0
 20
538.0
 30
0.0
  0
POINT
  5
1BE
330
1B1
100
AcDbEntity
  8
Defpoints
100
AcDbPoint
 10
256.725
 20
538.0
 30
0.0
  0
ENDBLK
  5
1B3
330
1B1
100
AcDbEntity
  8
0
100
AcDbBlockEnd
  0
BLOCK
  5
1C1
330
1C0
100
AcDbEntity
  8
0
100
AcDbBlockBegin
  2
*D6
 70
1
 10
0.0
 20
0.0
 30
0.0
  3
*D6
  1

  0
LINE
  5
1C3
330
1C0
100
AcDbEntity
  8
0
 62
3
370
18
100
AcDbLine
 10
233.0
 20
486.5
 30
0.0
 11
233.0
 21
481.0
 31
0.0
  0
LINE
  5
1C4
330
1C0
100
AcDbEntity
  8
0
 62
3
370
18
100
AcDbLine
 10
333.0
 20
486.5
 30
0.0
 11
333.0
 21
481.0
 31
0.0
  0
INSERT
  5
1C5
330
1C0
100
AcDbEntity
  8
A-COTA
 62
3
100
AcDbBlockReference
  2
IRAM_FLECHA
 10
233.0
 20
483.0
 30
0.0
 41
2.0
 42
2.0
 50
180.0
  0
INSERT
  5
1C7
330
1C0
100
AcDbEntity
  8
A-COTA
 62
3
100
AcDbBlockReference
  2
IRAM_FLECHA
 10
333.0
 20
483.0
 30
0.0
 41
2.0
 42
2.0
  0
LINE
  5
1C9
330
1C0
100
AcDbEntity
  8
0
 62
3
370
18
100
AcDbLine
 10
235.0
 20
483.0
 30
0.0
 11
331.0
 21
483.0
 31
0.0
  0
MTEXT
  5
1CA
330
1C0
100
AcDbEntity
  8
A-COTA
 62
3
100
AcDbMText
 10
283.0
 20
485.0
 30
0.0
 40
2.0
 71
5
  1
2000
  7
ISO3098
  0
POINT
  5
1CB
330
1C0
100
AcDbEntity
  8
Defpoints
100
AcDbPoint
 10
233.0
 20
483.0
 30
0.0
  0
POINT
  5
1CC
330
1C0
100
AcDbEntity
  8
Defpoints
100
AcDbPoint
 10
233.0
 20
488.0
 30
0.0
  0
POINT
  5
1CD
330
1C0
100
AcDbEntity
  8
Defpoints
100
AcDbPoint
 10
333.0
 20
488.0
 30
0.0
  0
ENDBLK
  5
1C2
330
1C0
100
AcDbEntity
  8
0
100
AcDbBlockEnd
  0
BLOCK
  5
1F4
330
1F3
100
AcDbEntity
  8
0
100
AcDbBlockBegin
  2
*D7
 70
1
 10
0.0
 20
0.0
 30
0.0
  3
*D7
  1

  0
LINE
  5
1F6
330
1F3
100
AcDbEntity
  8
0
 62
3
370
18
100
AcDbLine
 10
425.5
 20
538.0
 30
0.0
 11
420.0
 21
538.0
 31
0.0
  0
LINE
  5
1F7
330
1F3
100
AcDbEntity
  8
0
 62
3
370
18
100
AcDbLine
 10
425.5
 20
513.25
 30
0.0
 11
420.0
 21
513.25
 31
0.0
  0
INSERT
  5
1F8
330
1F3
100
AcDbEntity
  8
A-COTA
 62
3
100
AcDbBlockReference
  2
IRAM_FLECHA
 10
422.0
 20
538.0
 30
0.0
 41
2.0
 42
2.0
 50
270.0
  0
INSERT
  5
1FA
330
1F3
100
AcDbEntity
  8
A-COTA
 62
3
100
AcDbBlockReference
  2
IRAM_FLECHA
 10
422.0
 20
513.25
 30
0.0
 41
2.0
 42
2.0
 50
90.0
  0
LINE
  5
1FC
330
1F3
100
AcDbEntity
  8
0
 62
3
370
18
100
AcDbLine
 10
422.0
 20
540.0
 30
0.0
 11
422.0
 21
511.25
 31
0.0
  0
MTEXT
  5
1FD
330
1F3
100
AcDbEntity
  8
A-COTA
 62
3
100
AcDbMText
 10
424.0
 20
525.625
 30
0.0
 40
2.0
 71
5
  1
495
  7
ISO3098
 50
90.0
  0
POINT
  5
1FE
330
1F3
100
AcDbEntity
  8
Defpoints
100
AcDbPoint
 10
422.0
 20
538.0
 30
0.0
  0
POINT
  5
1FF
330
1F3
100
AcDbEntity
  8
Defpoints
100
AcDbPoint
 10
427.0
 20
538.0
 30
0.0
  0
POINT
  5
200
330
1F3
100
AcDbEntity
  8
Defpoints
100
AcDbPoint
 10
427.0
 20
513.25
 30
0.0
  0
ENDBLK
  5
1F5
330
1F3
100
AcDbEntity
  8
0
100
AcDbBlockEnd
  0
BLOCK
  5
203
330
202
100
AcDbEntity
  8
0
100
AcDbBlockBegin
  2
*D8
 70
1
 10
0.0
 20
0.0
 30
0.0
  3
*D8
  1

  0
LINE
  5
205
330
202
100
AcDbEntity
  8
0
 62
3
370
18
100
AcDbLine
 10
427.0
 20
539.5
 30
0.0
 11
427.0
 21
544.0
 31
0.0
  0
LINE
  5
206
330
202
100
AcDbEntity
  8
0
 62
3
370
18
100
AcDbLine
 10
455.15
 20
539.5
 30
0.0
 11
455.15
 21
544.0
 31
0.0
  0
INSERT
  5
207
330
202
100
AcDbEntity
  8
A-COTA
 62
3
100
AcDbBlockReference
  2
IRAM_FLECHA
 10
427.0
 20
542.0
 30
0.0
 41
2.0
 42
2.0
 50
180.0
  0
INSERT
  5
209
330
202
100
AcDbEntity
  8
A-COTA
 62
3
100
AcDbBlockReference
  2
IRAM_FLECHA
 10
455.15
 20
542.0
 30
0.0
 41
2.0
 42
2.0
  0
LINE
  5
20B
330
202
100
AcDbEntity
  8
0
 62
3
370
18
100
AcDbLine
 10
429.0
 20
542.0
 30
0.0
 11
453.15
 21
542.0
 31
0.0
  0
MTEXT
  5
20C
330
202
100
AcDbEntity
  8
A-COTA
 62
3
100
AcDbMText
 10
441.075
 20
544.0
 30
0.0
 40
2.0
 71
5
  1
563
  7
ISO3098
  0
POINT
  5
20D
330
202
100
AcDbEntity
  8
Defpoints
100
AcDbPoint
 10
427.0
 20
542.0
 30
0.0
  0
POINT
  5
20E
330
202
100
AcDbEntity
  8
Defpoints
100
AcDbPoint
 10
427.0
 20
538.0
 30
0.0
  0
POINT
  5
20F
330
202
100
AcDbEntity
  8
Defpoints
100
AcDbPoint
 10
455.15
 20
538.0
 30
0.0
  0
ENDBLK
  5
204
330
202
100
AcDbEntity
  8
0
100
AcDbBlockEnd
  0
BLOCK
  5
212
330
211
100
AcDbEntity
  8
0
100
AcDbBlockBegin
  2
*D9
 70
1
 10
0.0
 20
0.0
 30
0.0
  3
*D9
  1

  0
LINE
  5
214
330
211
100
AcDbEntity
  8
0
 62
3
370
18
100
AcDbLine
 10
427.0
 20
461.5
 30
0.0
 11
427.0
 21
456.0
 31
0.0
  0
LINE
  5
215
330
211
100
AcDbEntity
  8
0
 62
3
370
18
100
AcDbLine
 10
577.0
 20
461.5
 30
0.0
 11
577.0
 21
456.0
 31
0.0
  0
INSERT
  5
216
330
211
100
AcDbEntity
  8
A-COTA
 62
3
100
AcDbBlockReference
  2
IRAM_FLECHA
 10
427.0
 20
458.0
 30
0.0
 41
2.0
 42
2.0
 50
180.0
  0
INSERT
  5
218
330
211
100
AcDbEntity
  8
A-COTA
 62
3
100
AcDbBlockReference
  2
IRAM_FLECHA
 10
577.0
 20
458.0
 30
0.0
 41
2.0
 42
2.0
  0
LINE
  5
21A
330
211
100
AcDbEntity
  8
0
 62
3
370
18
100
AcDbLine
 10
429.0
 20
458.0
 30
0.0
 11
575.0
 21
458.0
 31
0.0
  0
MTEXT
  5
21B
330
211
100
AcDbEntity
  8
A-COTA
 62
3
100
AcDbMText
 10
502.0
 20
460.0
 30
0.0
 40
2.0
 71
5
  1
3000
  7
ISO3098
  0
POINT
  5
21C
330
211
100
AcDbEntity
  8
Defpoints
100
AcDbPoint
 10
427.0
 20
458.0
 30
0.0
  0
POINT
  5
21D
330
211
100
AcDbEntity
  8
Defpoints
100
AcDbPoint
 10
427.0
 20
463.0
 30
0.0
  0
POINT
  5
21E
330
211
100
AcDbEntity
  8
Defpoints
100
AcDbPoint
 10
577.0
 20
463.0
 30
0.0
  0
ENDBLK
  5
213
330
211
100
AcDbEntity
  8
0
100
AcDbBlockEnd
  0
BLOCK
  5
239
330
238
100
AcDbEntity
  8
0
100
AcDbBlockBegin
  2
*D10
 70
1
 10
0.0
 20
0.0
 30
0.0
  3
*D10
  1

  0
LINE
  5
23B
330
238
100
AcDbEntity
  8
0
 62
3
370
18
100
AcDbLine
 10
619.5
 20
538.0
 30
0.0
 11
614.0
 21
538.0
 31
0.0
  0
LINE
  5
23C
330
238
100
AcDbEntity
  8
0
 62
3
370
18
100
AcDbLine
 10
619.5
 20
513.5
 30
0.0
 11
614.0
 21
513.5
 31
0.0
  0
INSERT
  5
23D
330
238
100
AcDbEntity
  8
A-COTA
 62
3
100
AcDbBlockReference
  2
IRAM_FLECHA
 10
616.0
 20
538.0
 30
0.0
 41
2.0
 42
2.0
 50
270.0
  0
INSERT
  5
23F
330
238
100
AcDbEntity
  8
A-COTA
 62
3
100
AcDbBlockReference
  2
IRAM_FLECHA
 10
616.0
 20
513.5
 30
0.0
 41
2.0
 42
2.0
 50
90.0
  0
LINE
  5
241
330
238
100
AcDbEntity
  8
0
 62
3
370
18
100
AcDbLine
 10
616.0
 20
540.0
 30
0.0
 11
616.0
 21
511.5
 31
0.0
  0
MTEXT
  5
242
330
238
100
AcDbEntity
  8
A-COTA
 62
3
100
AcDbMText
 10
618.0
 20
525.75
 30
0.0
 40
2.0
 71
5
  1
490
  7
ISO3098
 50
90.0
  0
POINT
  5
243
330
238
100
AcDbEntity
  8
Defpoints
100
AcDbPoint
 10
616.0
 20
538.0
 30
0.0
  0
POINT
  5
244
330
238
100
AcDbEntity
  8
Defpoints
100
AcDbPoint
 10
621.0
 20
538.0
 30
0.0
  0
POINT
  5
245
330
238
100
AcDbEntity
  8
Defpoints
100
AcDbPoint
 10
621.0
 20
513.5
 30
0.0
  0
ENDBLK
  5
23A
330
238
100
AcDbEntity
  8
0
100
AcDbBlockEnd
  0
BLOCK
  5
248
330
247
100
AcDbEntity
  8
0
100
AcDbBlockBegin
  2
*D11
 70
1
 10
0.0
 20
0.0
 30
0.0
  3
*D11
  1

  0
LINE
  5
24A
330
247
100
AcDbEntity
  8
0
 62
3
370
18
100
AcDbLine
 10
621.0
 20
539.5
 30
0.0
 11
621.0
 21
544.0
 31
0.0
  0
LINE
  5
24B
330
247
100
AcDbEntity
  8
0
 62
3
370
18
100
AcDbLine
 10
663.9
 20
539.5
 30
0.0
 11
663.9
 21
544.0
 31
0.0
  0
INSERT
  5
24C
330
247
100
AcDbEntity
  8
A-COTA
 62
3
100
AcDbBlockReference
  2
IRAM_FLECHA
 10
621.0
 20
542.0
 30
0.0
 41
2.0
 42
2.0
 50
180.0
  0
INSERT
  5
24E
330
247
100
AcDbEntity
  8
A-COTA
 62
3
100
AcDbBlockReference
  2
IRAM_FLECHA
 10
663.9
 20
542.0
 30
0.0
 41
2.0
 42
2.0
  0
LINE
  5
250
330
247
100
AcDbEntity
  8
0
 62
3
370
18
100
AcDbLine
 10
623.0
 20
542.0
 30
0.0
 11
661.9
 21
542.0
 31
0.0
  0
MTEXT
  5
251
330
247
100
AcDbEntity
  8
A-COTA
 62
3
100
AcDbMText
 10
642.45
 20
544.0
 30
0.0
 40
2.0
 71
5
  1
858
  7
ISO3098
  0
POINT
  5
252
330
247
100
AcDbEntity
  8
Defpoints
100
AcDbPoint
 10
621.0
 20
542.0
 30
0.0
  0
POINT
  5
253
330
247
100
AcDbEntity
  8
Defpoints
100
AcDbPoint
 10
621.0
 20
538.0
 30
0.0
  0
POINT
  5
254
330
247
100
AcDbEntity
  8
Defpoints
100
AcDbPoint
 10
663.9
 20
538.0
 30
0.0
  0
ENDBLK
  5
249
330
247
100
AcDbEntity
  8
0
100
AcDbBlockEnd
  0
BLOCK
  5
257
330
256
100
AcDbEntity
  8
0
100
AcDbBlockBegin
  2
*D12
 70
1
 10
0.0
 20
0.0
 30
0.0
  3
*D12
  1

  0
LINE
  5
259
330
256
100
AcDbEntity
  8
0
 62
3
370
18
100
AcDbLine
 10
621.0
 20
461.5
 30
0.0
 11
621.0
 21
456.0
 31
0.0
  0
LINE
  5
25A
330
256
100
AcDbEntity
  8
0
 62
3
370
18
100
AcDbLine
 10
771.0
 20
461.5
 30
0.0
 11
771.0
 21
456.0
 31
0.0
  0
INSERT
  5
25B
330
256
100
AcDbEntity
  8
A-COTA
 62
3
100
AcDbBlockReference
  2
IRAM_FLECHA
 10
621.0
 20
458.0
 30
0.0
 41
2.0
 42
2.0
 50
180.0
  0
INSERT
  5
25D
330
256
100
AcDbEntity
  8
A-COTA
 62
3
100
AcDbBlockReference
  2
IRAM_FLECHA
 10
771.0
 20
458.0
 30
0.0
 41
2.0
 42
2.0
  0
LINE
  5
25F
330
256
100
AcDbEntity
  8
0
 62
3
370
18
100
AcDbLine
 10
623.0
 20
458.0
 30
0.0
 11
769.0
 21
458.0
 31
0.0
  0
MTEXT
  5
260
330
256
100
AcDbEntity
  8
A-COTA
 62
3
100
AcDbMText
 10
696.0
 20
460.0
 30
0.0
 40
2.0
 71
5
  1
3000
  7
ISO3098
  0
POINT
  5
261
330
256
100
AcDbEntity
  8
Defpoints
100
AcDbPoint
 10
621.0
 20
458.0
 30
0.0
  0
POINT
  5
262
330
256
100
AcDbEntity
  8
Defpoints
100
AcDbPoint
 10
621.0
 20
463.0
 30
0.0
  0
POINT
  5
263
330
256
100
AcDbEntity
  8
Defpoints
100
AcDbPoint
 10
771.0
 20
463.0
 30
0.0
  0
ENDBLK
  5
258
330
256
100
AcDbEntity
  8
0
100
AcDbBlockEnd
  0
BLOCK
  5
278
330
277
100
AcDbEntity
  8
0
100
AcDbBlockBegin
  2
*D13
 70
1
 10
0.0
 20
0.0
 30
0.0
  3
*D13
  1

  0
LINE
  5
27A
330
277
100
AcDbEntity
  8
0
 62
3
370
18
100
AcDbLine
 10
37.5
 20
420.0
 30
0.0
 11
32.0
 21
420.0
 31
0.0
  0
LINE
  5
27B
330
277
100
AcDbEntity
  8
0
 62
3
370
18
100
AcDbLine
 10
37.5
 20
388.0
 30
0.0
 11
32.0
 21
388.0
 31
0.0
  0
INSERT
  5
27C
330
277
100
AcDbEntity
  8
A-COTA
 62
3
100
AcDbBlockReference
  2
IRAM_FLECHA
 10
34.0
 20
420.0
 30
0.0
 41
2.0
 42
2.0
 50
270.0
  0
INSERT
  5
27E
330
277
100
AcDbEntity
  8
A-COTA
 62
3
100
AcDbBlockReference
  2
IRAM_FLECHA
 10
34.0
 20
388.0
 30
0.0
 41
2.0
 42
2.0
 50
90.0
  0
LINE
  5
280
330
277
100
AcDbEntity
  8
0
 62
3
370
18
100
AcDbLine
 10
34.0
 20
422.0
 30
0.0
 11
34.0
 21
386.0
 31
0.0
  0
MTEXT
  5
281
330
277
100
AcDbEntity
  8
A-COTA
 62
3
100
AcDbMText
 10
36.0
 20
404.0
 30
0.0
 40
2.0
 71
5
  1
640
  7
ISO3098
 50
90.0
  0
POINT
  5
282
330
277
100
AcDbEntity
  8
Defpoints
100
AcDbPoint
 10
34.0
 20
420.0
 30
0.0
  0
POINT
  5
283
330
277
100
AcDbEntity
  8
Defpoints
100
AcDbPoint
 10
39.0
 20
420.0
 30
0.0
  0
POINT
  5
284
330
277
100
AcDbEntity
  8
Defpoints
100
AcDbPoint
 10
39.0
 20
388.0
 30
0.0
  0
ENDBLK
  5
279
330
277
100
AcDbEntity
  8
0
100
AcDbBlockEnd
  0
BLOCK
  5
287
330
286
100
AcDbEntity
  8
0
100
AcDbBlockBegin
  2
*D14
 70
1
 10
0.0
 20
0.0
 30
0.0
  3
*D14
  1

  0
LINE
  5
289
330
286
100
AcDbEntity
  8
0
 62
3
370
18
100
AcDbLine
 10
39.0
 20
421.5
 30
0.0
 11
39.0
 21
426.0
 31
0.0
  0
LINE
  5
28A
330
286
100
AcDbEntity
  8
0
 62
3
370
18
100
AcDbLine
 10
88.7
 20
421.5
 30
0.0
 11
88.7
 21
426.0
 31
0.0
  0
INSERT
  5
28B
330
286
100
AcDbEntity
  8
A-COTA
 62
3
100
AcDbBlockReference
  2
IRAM_FLECHA
 10
39.0
 20
424.0
 30
0.0
 41
2.0
 42
2.0
 50
180.0
  0
INSERT
  5
28D
330
286
100
AcDbEntity
  8
A-COTA
 62
3
100
AcDbBlockReference
  2
IRAM_FLECHA
 10
88.7
 20
424.0
 30
0.0
 41
2.0
 42
2.0
  0
LINE
  5
28F
330
286
100
AcDbEntity
  8
0
 62
3
370
18
100
AcDbLine
 10
41.0
 20
424.0
 30
0.0
 11
86.7
 21
424.0
 31
0.0
  0
MTEXT
  5
290
330
286
100
AcDbEntity
  8
A-COTA
 62
3
100
AcDbMText
 10
63.85
 20
426.0
 30
0.0
 40
2.0
 71
5
  1
994
  7
ISO3098
  0
POINT
  5
291
330
286
100
AcDbEntity
  8
Defpoints
100
AcDbPoint
 10
39.0
 20
424.0
 30
0.0
  0
POINT
  5
292
330
286
100
AcDbEntity
  8
Defpoints
100
AcDbPoint
 10
39.0
 20
420.0
 30
0.0
  0
POINT
  5
293
330
286
100
AcDbEntity
  8
Defpoints
100
AcDbPoint
 10
88.7
 20
420.0
 30
0.0
  0
ENDBLK
  5
288
330
286
100
AcDbEntity
  8
0
100
AcDbBlockEnd
  0
BLOCK
  5
296
330
295
100
AcDbEntity
  8
0
100
AcDbBlockBegin
  2
*D15
 70
1
 10
0.0
 20
0.0
 30
0.0
  3
*D15
  1

  0
LINE
  5
298
330
295
100
AcDbEntity
  8
0
 62
3
370
18
100
AcDbLine
 10
39.0
 20
343.5
 30
0.0
 11
39.0
 21
338.0
 31
0.0
  0
LINE
  5
299
330
295
100
AcDbEntity
  8
0
 62
3
370
18
100
AcDbLine
 10
189.0
 20
343.5
 30
0.0
 11
189.0
 21
338.0
 31
0.0
  0
INSERT
  5
29A
330
295
100
AcDbEntity
  8
A-COTA
 62
3
100
AcDbBlockReference
  2
IRAM_FLECHA
 10
39.0
 20
340.0
 30
0.0
 41
2.0
 42
2.0
 50
180.0
  0
INSERT
  5
29C
330
295
100
AcDbEntity
  8
A-COTA
 62
3
100
AcDbBlockReference
  2
IRAM_FLECHA
 10
189.0
 20
340.0
 30
0.0
 41
2.0
 42
2.0
  0
LINE
  5
29E
330
295
100
AcDbEntity
  8
0
 62
3
370
18
100
AcDbLine
 10
41.0
 20
340.0
 30
0.0
 11
187.0
 21
340.0
 31
0.0
  0
MTEXT
  5
29F
330
295
100
AcDbEntity
  8
A-COTA
 62
3
100
AcDbMText
 10
114.0
 20
342.0
 30
0.0
 40
2.0
 71
5
  1
3000
  7
ISO3098
  0
POINT
  5
2A0
330
295
100
AcDbEntity
  8
Defpoints
100
AcDbPoint
 10
39.0
 20
340.0
 30
0.0
  0
POINT
  5
2A1
330
295
100
AcDbEntity
  8
Defpoints
100
AcDbPoint
 10
39.0
 20
345.0
 30
0.0
  0
POINT
  5
2A2
330
295
100
AcDbEntity
  8
Defpoints
100
AcDbPoint
 10
189.0
 20
345.0
 30
0.0
  0
ENDBLK
  5
297
330
295
100
AcDbEntity
  8
0
100
AcDbBlockEnd
  0
BLOCK
  5
2B3
330
2B2
100
AcDbEntity
  8
0
100
AcDbBlockBegin
  2
*D16
 70
1
 10
0.0
 20
0.0
 30
0.0
  3
*D16
  1

  0
LINE
  5
2B5
330
2B2
100
AcDbEntity
  8
0
 62
3
370
18
100
AcDbLine
 10
231.5
 20
420.0
 30
0.0
 11
226.0
 21
420.0
 31
0.0
  0
LINE
  5
2B6
330
2B2
100
AcDbEntity
  8
0
 62
3
370
18
100
AcDbLine
 10
231.5
 20
386.0
 30
0.0
 11
226.0
 21
386.0
 31
0.0
  0
INSERT
  5
2B7
330
2B2
100
AcDbEntity
  8
A-COTA
 62
3
100
AcDbBlockReference
  2
IRAM_FLECHA
 10
228.0
 20
420.0
 30
0.0
 41
2.0
 42
2.0
 50
270.0
  0
INSERT
  5
2B9
330
2B2
100
AcDbEntity
  8
A-COTA
 62
3
100
AcDbBlockReference
  2
IRAM_FLECHA
 10
228.0
 20
386.0
 30
0.0
 41
2.0
 42
2.0
 50
90.0
  0
LINE
  5
2BB
330
2B2
100
AcDbEntity
  8
0
 62
3
370
18
100
AcDbLine
 10
228.0
 20
422.0
 30
0.0
 11
228.0
 21
384.0
 31
0.0
  0
MTEXT
  5
2BC
330
2B2
100
AcDbEntity
  8
A-COTA
 62
3
100
AcDbMText
 10
230.0
 20
403.0
 30
0.0
 40
2.0
 71
5
  1
680
  7
ISO3098
 50
90.0
  0
POINT
  5
2BD
330
2B2
100
AcDbEntity
  8
Defpoints
100
AcDbPoint
 10
228.0
 20
420.0
 30
0.0
  0
POINT
  5
2BE
330
2B2
100
AcDbEntity
  8
Defpoints
100
AcDbPoint
 10
233.0
 20
420.0
 30
0.0
  0
POINT
  5
2BF
330
2B2
100
AcDbEntity
  8
Defpoints
100
AcDbPoint
 10
233.0
 20
386.0
 30
0.0
  0
ENDBLK
  5
2B4
330
2B2
100
AcDbEntity
  8
0
100
AcDbBlockEnd
  0
BLOCK
  5
2C2
330
2C1
100
AcDbEntity
  8
0
100
AcDbBlockBegin
  2
*D17
 70
1
 10
0.0
 20
0.0
 30
0.0
  3
*D17
  1

  0
LINE
  5
2C4
330
2C1
100
AcDbEntity
  8
0
 62
3
370
18
100
AcDbLine
 10
233.0
 20
421.5
 30
0.0
 11
233.0
 21
426.0
 31
0.0
  0
LINE
  5
2C5
330
2C1
100
AcDbEntity
  8
0
 62
3
370
18
100
AcDbLine
 10
293.6
 20
421.5
 30
0.0
 11
293.6
 21
426.0
 31
0.0
  0
INSERT
  5
2C6
330
2C1
100
AcDbEntity
  8
A-COTA
 62
3
100
AcDbBlockReference
  2
IRAM_FLECHA
 10
233.0
 20
424.0
 30
0.0
 41
2.0
 42
2.0
 50
180.0
  0
INSERT
  5
2C8
330
2C1
100
AcDbEntity
  8
A-COTA
 62
3
100
AcDbBlockReference
  2
IRAM_FLECHA
 10
293.6
 20
424.0
 30
0.0
 41
2.0
 42
2.0
  0
LINE
  5
2CA
330
2C1
100
AcDbEntity
  8
0
 62
3
370
18
100
AcDbLine
 10
235.0
 20
424.0
 30
0.0
 11
291.6
 21
424.0
 31
0.0
  0
MTEXT
  5
2CB
330
2C1
100
AcDbEntity
  8
A-COTA
 62
3
100
AcDbMText
 10
263.3
 20
426.0
 30
0.0
 40
2.0
 71
5
  1
1212
  7
ISO3098
  0
POINT
  5
2CC
330
2C1
100
AcDbEntity
  8
Defpoints
100
AcDbPoint
 10
233.0
 20
424.0
 30
0.0
  0
POINT
  5
2CD
330
2C1
100
AcDbEntity
  8
Defpoints
100
AcDbPoint
 10
233.0
 20
420.0
 30
0.0
  0
POINT
  5
2CE
330
2C1
100
AcDbEntity
  8
Defpoints
100
AcDbPoint
 10
293.6
 20
420.0
 30
0.0
  0
ENDBLK
  5
2C3
330
2C1
100
AcDbEntity
  8
0
100
AcDbBlockEnd
  0
BLOCK
  5
2D1
330
2D0
100
AcDbEntity
  8
0
100
AcDbBlockBegin
  2
*D18
 70
1
 10
0.0
 20
0.0
 30
0.0
  3
*D18
  1

  0
LINE
  5
2D3
330
2D0
100
AcDbEntity
  8
0
 62
3
370
18
100
AcDbLine
 10
233.0
 20
343.5
 30
0.0
 11
233.0
 21
338.0
 31
0.0
  0
LINE
  5
2D4
330
2D0
100
AcDbEntity
  8
0
 62
3
370
18
100
AcDbLine
 10
383.0
 20
343.5
 30
0.0
 11
383.0
 21
338.0
 31
0.0
  0
INSERT
  5
2D5
330
2D0
100
AcDbEntity
  8
A-COTA
 62
3
100
AcDbBlockReference
  2
IRAM_FLECHA
 10
233.0
 20
340.0
 30
0.0
 41
2.0
 42
2.0
 50
180.0
  0
INSERT
  5
2D7
330
2D0
100
AcDbEntity
  8
A-COTA
 62
3
100
AcDbBlockReference
  2
IRAM_FLECHA
 10
383.0
 20
340.0
 30
0.0
 41
2.0
 42
2.0
  0
LINE
  5
2D9
330
2D0
100
AcDbEntity
  8
0
 62
3
370
18
100
AcDbLine
 10
235.0
 20
340.0
 30
0.0
 11
381.0
 21
340.0
 31
0.0
  0
MTEXT
  5
2DA
330
2D0
100
AcDbEntity
  8
A-COTA
 62
3
100
AcDbMText
 10
308.0
 20
342.0
 30
0.0
 40
2.0
 71
5
  1
3000
  7
ISO3098
  0
POINT
  5
2DB
330
2D0
100
AcDbEntity
  8
Defpoints
100
AcDbPoint
 10
233.0
 20
340.0
 30
0.0
  0
POINT
  5
2DC
330
2D0
100
AcDbEntity
  8
Defpoints
100
AcDbPoint
 10
233.0
 20
345.0
 30
0.0
  0
POINT
  5
2DD
330
2D0
100
AcDbEntity
  8
Defpoints
100
AcDbPoint
 10
383.0
 20
345.0
 30
0.0
  0
ENDBLK
  5
2D2
330
2D0
100
AcDbEntity
  8
0
100
AcDbBlockEnd
  0
BLOCK
  5
2EC
330
2EB
100
AcDbEntity
  8
0
100
AcDbBlockBegin
  2
*D19
 70
1
 10
0.0
 20
0.0
 30
0.0
  3
*D19
  1

  0
LINE
  5
2EE
330
2EB
100
AcDbEntity
  8
0
 62
3
370
18
100
AcDbLine
 10
425.5
 20
420.0
 30
0.0
 11
420.0
 21
420.0
 31
0.0
  0
LINE
  5
2EF
330
2EB
100
AcDbEntity
  8
0
 62
3
370
18
100
AcDbLine
 10
425.5
 20
359.4
 30
0.0
 11
420.0
 21
359.4
 31
0.0
  0
INSERT
  5
2F0
330
2EB
100
AcDbEntity
  8
A-COTA
 62
3
100
AcDbBlockReference
  2
IRAM_FLECHA
 10
422.0
 20
420.0
 30
0.0
 41
2.0
 42
2.0
 50
270.0
  0
INSERT
  5
2F2
330
2EB
100
AcDbEntity
  8
A-COTA
 62
3
100
AcDbBlockReference
  2
IRAM_FLECHA
 10
422.0
 20
359.4
 30
0.0
 41
2.0
 42
2.0
 50
90.0
  0
LINE
  5
2F4
330
2EB
100
AcDbEntity
  8
0
 62
3
370
18
100
AcDbLine
 10
422.0
 20
422.0
 30
0.0
 11
422.0
 21
357.4
 31
0.0
  0
MTEXT
  5
2F5
330
2EB
100
AcDbEntity
  8
A-COTA
 62
3
100
AcDbMText
 10
424.0
 20
389.7
 30
0.0
 40
2.0
 71
5
  1
1212
  7
ISO3098
 50
90.0
  0
POINT
  5
2F6
330
2EB
100
AcDbEntity
  8
Defpoints
100
AcDbPoint
 10
422.0
 20
420.0
 30
0.0
  0
POINT
  5
2F7
330
2EB
100
AcDbEntity
  8
Defpoints
100
AcDbPoint
 10
427.0
 20
420.0
 30
0.0
  0
POINT
  5
2F8
330
2EB
100
AcDbEntity
  8
Defpoints
100
AcDbPoint
 10
427.0
 20
359.4
 30
0.0
  0
ENDBLK
  5
2ED
330
2EB
100
AcDbEntity
  8
0
100
AcDbBlockEnd
  0
BLOCK
  5
2FB
330
2FA
100
AcDbEntity
  8
0
100
AcDbBlockBegin
  2
*D20
 70
1
 10
0.0
 20
0.0
 30
0.0
  3
*D20
  1

  0
LINE
  5
2FD
330
2FA
100
AcDbEntity
  8
0
 62
3
370
18
100
AcDbLine
 10
427.0
 20
421.5
 30
0.0
 11
427.0
 21
426.0
 31
0.0
  0
LINE
  5
2FE
330
2FA
100
AcDbEntity
  8
0
 62
3
370
18
100
AcDbLine
 10
472.0
 20
421.5
 30
0.0
 11
472.0
 21
426.0
 31
0.0
  0
INSERT
  5
2FF
330
2FA
100
AcDbEntity
  8
A-COTA
 62
3
100
AcDbBlockReference
  2
IRAM_FLECHA
 10
427.0
 20
424.0
 30
0.0
 41
2.0
 42
2.0
 50
180.0
  0
INSERT
  5
301
330
2FA
100
AcDbEntity
  8
A-COTA
 62
3
100
AcDbBlockReference
  2
IRAM_FLECHA
 10
472.0
 20
424.0
 30
0.0
 41
2.0
 42
2.0
  0
LINE
  5
303
330
2FA
100
AcDbEntity
  8
0
 62
3
370
18
100
AcDbLine
 10
429.0
 20
424.0
 30
0.0
 11
470.0
 21
424.0
 31
0.0
  0
MTEXT
  5
304
330
2FA
100
AcDbEntity
  8
A-COTA
 62
3
100
AcDbMText
 10
449.5
 20
426.0
 30
0.0
 40
2.0
 71
5
  1
900
  7
ISO3098
  0
POINT
  5
305
330
2FA
100
AcDbEntity
  8
Defpoints
100
AcDbPoint
 10
427.0
 20
424.0
 30
0.0
  0
POINT
  5
306
330
2FA
100
AcDbEntity
  8
Defpoints
100
AcDbPoint
 10
427.0
 20
420.0
 30
0.0
  0
POINT
  5
307
330
2FA
100
AcDbEntity
  8
Defpoints
100
AcDbPoint
 10
472.0
 20
420.0
 30
0.0
  0
ENDBLK
  5
2FC
330
2FA
100
AcDbEntity
  8
0
100
AcDbBlockEnd
  0
BLOCK
  5
30A
330
309
100
AcDbEntity
  8
0
100
AcDbBlockBegin
  2
*D21
 70
1
 10
0.0
 20
0.0
 30
0.0
  3
*D21
  1

  0
LINE
  5
30C
330
309
100
AcDbEntity
  8
0
 62
3
370
18
100
AcDbLine
 10
427.0
 20
343.5
 30
0.0
 11
427.0
 21
338.0
 31
0.0
  0
LINE
  5
30D
330
309
100
AcDbEntity
  8
0
 62
3
370
18
100
AcDbLine
 10
577.0
 20
343.5
 30
0.0
 11
577.0
 21
338.0
 31
0.0
  0
INSERT
  5
30E
330
309
100
AcDbEntity
  8
A-COTA
 62
3
100
AcDbBlockReference
  2
IRAM_FLECHA
 10
427.0
 20
340.0
 30
0.0
 41
2.0
 42
2.0
 50
180.0
  0
INSERT
  5
310
330
309
100
AcDbEntity
  8
A-COTA
 62
3
100
AcDbBlockReference
  2
IRAM_FLECHA
 10
577.0
 20
340.0
 30
0.0
 41
2.0
 42
2.0
  0
LINE
  5
312
330
309
100
AcDbEntity
  8
0
 62
3
370
18
100
AcDbLine
 10
429.0
 20
340.0
 30
0.0
 11
575.0
 21
340.0
 31
0.0
  0
MTEXT
  5
313
330
309
100
AcDbEntity
  8
A-COTA
 62
3
100
AcDbMText
 10
502.0
 20
342.0
 30
0.0
 40
2.0
 71
5
  1
3000
  7
ISO3098
  0
POINT
  5
314
330
309
100
AcDbEntity
  8
Defpoints
100
AcDbPoint
 10
427.0
 20
340.0
 30
0.0
  0
POINT
  5
315
330
309
100
AcDbEntity
  8
Defpoints
100
AcDbPoint
 10
427.0
 20
345.0
 30
0.0
  0
POINT
  5
316
330
309
100
AcDbEntity
  8
Defpoints
100
AcDbPoint
 10
577.0
 20
345.0
 30
0.0
  0
ENDBLK
  5
30B
330
309
100
AcDbEntity
  8
0
100
AcDbBlockEnd
  0
BLOCK
  5
327
330
326
100
AcDbEntity
  8
0
100
AcDbBlockBegin
  2
*D22
 70
1
 10
0.0
 20
0.0
 30
0.0
  3
*D22
  1

  0
LINE
  5
329
330
326
100
AcDbEntity
  8
0
 62
3
370
18
100
AcDbLine
 10
619.5
 20
420.0
 30
0.0
 11
614.0
 21
420.0
 31
0.0
  0
LINE
  5
32A
330
326
100
AcDbEntity
  8
0
 62
3
370
18
100
AcDbLine
 10
619.5
 20
359.4
 30
0.0
 11
614.0
 21
359.4
 31
0.0
  0
INSERT
  5
32B
330
326
100
AcDbEntity
  8
A-COTA
 62
3
100
AcDbBlockReference
  2
IRAM_FLECHA
 10
616.0
 20
420.0
 30
0.0
 41
2.0
 42
2.0
 50
270.0
  0
INSERT
  5
32D
330
326
100
AcDbEntity
  8
A-COTA
 62
3
100
AcDbBlockReference
  2
IRAM_FLECHA
 10
616.0
 20
359.4
 30
0.0
 41
2.0
 42
2.0
 50
90.0
  0
LINE
  5
32F
330
326
100
AcDbEntity
  8
0
 62
3
370
18
100
AcDbLine
 10
616.0
 20
422.0
 30
0.0
 11
616.0
 21
357.4
 31
0.0
  0
MTEXT
  5
330
330
326
100
AcDbEntity
  8
A-COTA
 62
3
100
AcDbMText
 10
618.0
 20
389.7
 30
0.0
 40
2.0
 71
5
  1
1212
  7
ISO3098
 50
90.0
  0
POINT
  5
331
330
326
100
AcDbEntity
  8
Defpoints
100
AcDbPoint
 10
616.0
 20
420.0
 30
0.0
  0
POINT
  5
332
330
326
100
AcDbEntity
  8
Defpoints
100
AcDbPoint
 10
621.0
 20
420.0
 30
0.0
  0
POINT
  5
333
330
326
100
AcDbEntity
  8
Defpoints
100
AcDbPoint
 10
621.0
 20
359.4
 30
0.0
  0
ENDBLK
  5
328
330
326
100
AcDbEntity
  8
0
100
AcDbBlockEnd
  0
BLOCK
  5
336
330
335
100
AcDbEntity
  8
0
100
AcDbBlockBegin
  2
*D23
 70
1
 10
0.0
 20
0.0
 30
0.0
  3
*D23
  1

  0
LINE
  5
338
330
335
100
AcDbEntity
  8
0
 62
3
370
18
100
AcDbLine
 10
621.0
 20
421.5
 30
0.0
 11
621.0
 21
426.0
 31
0.0
  0
LINE
  5
339
330
335
100
AcDbEntity
  8
0
 62
3
370
18
100
AcDbLine
 10
666.0
 20
421.5
 30
0.0
 11
666.0
 21
426.0
 31
0.0
  0
INSERT
  5
33A
330
335
100
AcDbEntity
  8
A-COTA
 62
3
100
AcDbBlockReference
  2
IRAM_FLECHA
 10
621.0
 20
424.0
 30
0.0
 41
2.0
 42
2.0
 50
180.0
  0
INSERT
  5
33C
330
335
100
AcDbEntity
  8
A-COTA
 62
3
100
AcDbBlockReference
  2
IRAM_FLECHA
 10
666.0
 20
424.0
 30
0.0
 41
2.0
 42
2.0
  0
LINE
  5
33E
330
335
100
AcDbEntity
  8
0
 62
3
370
18
100
AcDbLine
 10
623.0
 20
424.0
 30
0.0
 11
664.0
 21
424.0
 31
0.0
  0
MTEXT
  5
33F
330
335
100
AcDbEntity
  8
A-COTA
 62
3
100
AcDbMText
 10
643.5
 20
426.0
 30
0.0
 40
2.0
 71
5
  1
900
  7
ISO3098
  0
POINT
  5
340
330
335
100
AcDbEntity
  8
Defpoints
100
AcDbPoint
 10
621.0
 20
424.0
 30
0.0
  0
POINT
  5
341
330
335
100
AcDbEntity
  8
Defpoints
100
AcDbPoint
 10
621.0
 20
420.0
 30
0.0
  0
POINT
  5
342
330
335
100
AcDbEntity
  8
Defpoints
100
AcDbPoint
 10
666.0
 20
420.0
 30
0.0
  0
ENDBLK
  5
337
330
335
100
AcDbEntity
  8
0
100
AcDbBlockEnd
  0
BLOCK
  5
345
330
344
100
AcDbEntity
  8
0
100
AcDbBlockBegin
  2
*D24
 70
1
 10
0.0
 20
0.0
 30
0.0
  3
*D24
  1

  0
LINE
  5
347
330
344
100
AcDbEntity
  8
0
 62
3
370
18
100
AcDbLine
 10
621.0
 20
343.5
 30
0.0
 11
621.0
 21
338.0
 31
0.0
  0
LINE
  5
348
330
344
100
AcDbEntity
  8
0
 62
3
370
18
100
AcDbLine
 10
771.0
 20
343.5
 30
0.0
 11
771.0
 21
338.0
 31
0.0
  0
INSERT
  5
349
330
344
100
AcDbEntity
  8
A-COTA
 62
3
100
AcDbBlockReference
  2
IRAM_FLECHA
 10
621.0
 20
340.0
 30
0.0
 41
2.0
 42
2.0
 50
180.0
  0
INSERT
  5
34B
330
344
100
AcDbEntity
  8
A-COTA
 62
3
100
AcDbBlockReference
  2
IRAM_FLECHA
 10
771.0
 20
340.0
 30
0.0
 41
2.0
 42
2.0
  0
LINE
  5
34D
330
344
100
AcDbEntity
  8
0
 62
3
370
18
100
AcDbLine
 10
623.0
 20
340.0
 30
0.0
 11
769.0
 21
340.0
 31
0.0
  0
MTEXT
  5
34E
330
344
100
AcDbEntity
  8
A-COTA
 62
3
100
AcDbMText
 10
696.0
 20
342.0
 30
0.0
 40
2.0
 71
5
  1
3000
  7
ISO3098
  0
POINT
  5
34F
330
344
100
AcDbEntity
  8
Defpoints
100
AcDbPoint
 10
621.0
 20
340.0
 30
0.0
  0
POINT
  5
350
330
344
100
AcDbEntity
  8
Defpoints
100
AcDbPoint
 10
621.0
 20
345.0
 30
0.0
  0
POINT
  5
351
330
344
100
AcDbEntity
  8
Defpoints
100
AcDbPoint
 10
771.0
 20
345.0
 30
0.0
  0
ENDBLK
  5
346
330
344
100
AcDbEntity
  8
0
100
AcDbBlockEnd
  0
BLOCK
  5
413
330
412
100
AcDbEntity
  8
0
100
AcDbBlockBegin
  2
*Paper_Space
 70
0
 10
0.0
 20
0.0
 30
0.0
  3
*Paper_Space
  1

  0
ENDBLK
  5
414
330
412
100
AcDbEntity
  8
0
100
AcDbBlockEnd
  0
ENDSEC
  0
SECTION
  2
ENTITIES
  0
LWPOLYLINE
  5
64
330
17
100
AcDbEntity
  8
08-FINA
100
AcDbPolyline
 90
4
 70
1
 10
0.0
 20
0.0
 10
841.0
 20
0.0
 10
841.0
 20
594.0
 10
0.0
 20
594.0
  0
LWPOLYLINE
  5
65
330
17
100
AcDbEntity
  8
07-RECUADRO
100
AcDbPolyline
 90
4
 70
1
 10
25.0
 20
10.0
 10
831.0
 20
10.0
 10
831.0
 20
584.0
 10
25.0
 20
584.0
  0
LINE
  5
66
330
17
100
AcDbEntity
  8
07-RECUADRO
100
AcDbLine
 10
420.5
 20
0.0
 30
0.0
 11
420.5
 21
15.0
 31
0.0
  0
LINE
  5
67
330
17
100
AcDbEntity
  8
07-RECUADRO
100
AcDbLine
 10
420.5
 20
594.0
 30
0.0
 11
420.5
 21
579.0
 31
0.0
  0
LINE
  5
68
330
17
100
AcDbEntity
  8
07-RECUADRO
100
AcDbLine
 10
0.0
 20
297.0
 30
0.0
 11
30.0
 21
297.0
 31
0.0
  0
LINE
  5
69
330
17
100
AcDbEntity
  8
07-RECUADRO
100
AcDbLine
 10
841.0
 20
297.0
 30
0.0
 11
826.0
 21
297.0
 31
0.0
  0
LINE
  5
6A
330
17
100
AcDbEntity
  8
08-FINA
100
AcDbLine
 10
70.5
 20
10.0
 30
0.0
 11
70.5
 21
5.0
 31
0.0
  0
LINE
  5
6B
330
17
100
AcDbEntity
  8
08-FINA
100
AcDbLine
 10
70.5
 20
584.0
 30
0.0
 11
70.5
 21
589.0
 31
0.0
  0
LINE
  5
6C
330
17
100
AcDbEntity
  8
08-FINA
100
AcDbLine
 10
120.5
 20
10.0
 30
0.0
 11
120.5
 21
5.0
 31
0.0
  0
LINE
  5
6D
330
17
100
AcDbEntity
  8
08-FINA
100
AcDbLine
 10
120.5
 20
584.0
 30
0.0
 11
120.5
 21
589.0
 31
0.0
  0
LINE
  5
6E
330
17
100
AcDbEntity
  8
08-FINA
100
AcDbLine
 10
170.5
 20
10.0
 30
0.0
 11
170.5
 21
5.0
 31
0.0
  0
LINE
  5
6F
330
17
100
AcDbEntity
  8
08-FINA
100
AcDbLine
 10
170.5
 20
584.0
 30
0.0
 11
170.5
 21
589.0
 31
0.0
  0
LINE
  5
70
330
17
100
AcDbEntity
  8
08-FINA
100
AcDbLine
 10
220.5
 20
10.0
 30
0.0
 11
220.5
 21
5.0
 31
0.0
  0
LINE
  5
71
330
17
100
AcDbEntity
  8
08-FINA
100
AcDbLine
 10
220.5
 20
584.0
 30
0.0
 11
220.5
 21
589.0
 31
0.0
  0
LINE
  5
72
330
17
100
AcDbEntity
  8
08-FINA
100
AcDbLine
 10
270.5
 20
10.0
 30
0.0
 11
270.5
 21
5.0
 31
0.0
  0
LINE
  5
73
330
17
100
AcDbEntity
  8
08-FINA
100
AcDbLine
 10
270.5
 20
584.0
 30
0.0
 11
270.5
 21
589.0
 31
0.0
  0
LINE
  5
74
330
17
100
AcDbEntity
  8
08-FINA
100
AcDbLine
 10
320.5
 20
10.0
 30
0.0
 11
320.5
 21
5.0
 31
0.0
  0
LINE
  5
75
330
17
100
AcDbEntity
  8
08-FINA
100
AcDbLine
 10
320.5
 20
584.0
 30
0.0
 11
320.5
 21
589.0
 31
0.0
  0
LINE
  5
76
330
17
100
AcDbEntity
  8
08-FINA
100
AcDbLine
 10
370.5
 20
10.0
 30
0.0
 11
370.5
 21
5.0
 31
0.0
  0
LINE
  5
77
330
17
100
AcDbEntity
  8
08-FINA
100
AcDbLine
 10
370.5
 20
584.0
 30
0.0
 11
370.5
 21
589.0
 31
0.0
  0
LINE
  5
78
330
17
100
AcDbEntity
  8
08-FINA
100
AcDbLine
 10
470.5
 20
10.0
 30
0.0
 11
470.5
 21
5.0
 31
0.0
  0
LINE
  5
79
330
17
100
AcDbEntity
  8
08-FINA
100
AcDbLine
 10
470.5
 20
584.0
 30
0.0
 11
470.5
 21
589.0
 31
0.0
  0
LINE
  5
7A
330
17
100
AcDbEntity
  8
08-FINA
100
AcDbLine
 10
520.5
 20
10.0
 30
0.0
 11
520.5
 21
5.0
 31
0.0
  0
LINE
  5
7B
330
17
100
AcDbEntity
  8
08-FINA
100
AcDbLine
 10
520.5
 20
584.0
 30
0.0
 11
520.5
 21
589.0
 31
0.0
  0
LINE
  5
7C
330
17
100
AcDbEntity
  8
08-FINA
100
AcDbLine
 10
570.5
 20
10.0
 30
0.0
 11
570.5
 21
5.0
 31
0.0
  0
LINE
  5
7D
330
17
100
AcDbEntity
  8
08-FINA
100
AcDbLine
 10
570.5
 20
584.0
 30
0.0
 11
570.5
 21
589.0
 31
0.0
  0
LINE
  5
7E
330
17
100
AcDbEntity
  8
08-FINA
100
AcDbLine
 10
620.5
 20
10.0
 30
0.0
 11
620.5
 21
5.0
 31
0.0
  0
LINE
  5
7F
330
17
100
AcDbEntity
  8
08-FINA
100
AcDbLine
 10
620.5
 20
584.0
 30
0.0
 11
620.5
 21
589.0
 31
0.0
  0
LINE
  5
80
330
17
100
AcDbEntity
  8
08-FINA
100
AcDbLine
 10
670.5
 20
10.0
 30
0.0
 11
670.5
 21
5.0
 31
0.0
  0
LINE
  5
81
330
17
100
AcDbEntity
  8
08-FINA
100
AcDbLine
 10
670.5
 20
584.0
 30
0.0
 11
670.5
 21
589.0
 31
0.0
  0
LINE
  5
82
330
17
100
AcDbEntity
  8
08-FINA
100
AcDbLine
 10
720.5
 20
10.0
 30
0.0
 11
720.5
 21
5.0
 31
0.0
  0
LINE
  5
83
330
17
100
AcDbEntity
  8
08-FINA
100
AcDbLine
 10
720.5
 20
584.0
 30
0.0
 11
720.5
 21
589.0
 31
0.0
  0
LINE
  5
84
330
17
100
AcDbEntity
  8
08-FINA
100
AcDbLine
 10
770.5
 20
10.0
 30
0.0
 11
770.5
 21
5.0
 31
0.0
  0
LINE
  5
85
330
17
100
AcDbEntity
  8
08-FINA
100
AcDbLine
 10
770.5
 20
584.0
 30
0.0
 11
770.5
 21
589.0
 31
0.0
  0
LINE
  5
86
330
17
100
AcDbEntity
  8
08-FINA
100
AcDbLine
 10
820.5
 20
10.0
 30
0.0
 11
820.5
 21
5.0
 31
0.0
  0
LINE
  5
87
330
17
100
AcDbEntity
  8
08-FINA
100
AcDbLine
 10
820.5
 20
584.0
 30
0.0
 11
820.5
 21
589.0
 31
0.0
  0
LINE
  5
88
330
17
100
AcDbEntity
  8
08-FINA
100
AcDbLine
 10
25.0
 20
47.0
 30
0.0
 11
20.0
 21
47.0
 31
0.0
  0
LINE
  5
89
330
17
100
AcDbEntity
  8
08-FINA
100
AcDbLine
 10
831.0
 20
47.0
 30
0.0
 11
836.0
 21
47.0
 31
0.0
  0
LINE
  5
8A
330
17
100
AcDbEntity
  8
08-FINA
100
AcDbLine
 10
25.0
 20
97.0
 30
0.0
 11
20.0
 21
97.0
 31
0.0
  0
LINE
  5
8B
330
17
100
AcDbEntity
  8
08-FINA
100
AcDbLine
 10
831.0
 20
97.0
 30
0.0
 11
836.0
 21
97.0
 31
0.0
  0
LINE
  5
8C
330
17
100
AcDbEntity
  8
08-FINA
100
AcDbLine
 10
25.0
 20
147.0
 30
0.0
 11
20.0
 21
147.0
 31
0.0
  0
LINE
  5
8D
330
17
100
AcDbEntity
  8
08-FINA
100
AcDbLine
 10
831.0
 20
147.0
 30
0.0
 11
836.0
 21
147.0
 31
0.0
  0
LINE
  5
8E
330
17
100
AcDbEntity
  8
08-FINA
100
AcDbLine
 10
25.0
 20
197.0
 30
0.0
 11
20.0
 21
197.0
 31
0.0
  0
LINE
  5
8F
330
17
100
AcDbEntity
  8
08-FINA
100
AcDbLine
 10
831.0
 20
197.0
 30
0.0
 11
836.0
 21
197.0
 31
0.0
  0
LINE
  5
90
330
17
100
AcDbEntity
  8
08-FINA
100
AcDbLine
 10
25.0
 20
247.0
 30
0.0
 11
20.0
 21
247.0
 31
0.0
  0
LINE
  5
91
330
17
100
AcDbEntity
  8
08-FINA
100
AcDbLine
 10
831.0
 20
247.0
 30
0.0
 11
836.0
 21
247.0
 31
0.0
  0
LINE
  5
92
330
17
100
AcDbEntity
  8
08-FINA
100
AcDbLine
 10
25.0
 20
347.0
 30
0.0
 11
20.0
 21
347.0
 31
0.0
  0
LINE
  5
93
330
17
100
AcDbEntity
  8
08-FINA
100
AcDbLine
 10
831.0
 20
347.0
 30
0.0
 11
836.0
 21
347.0
 31
0.0
  0
LINE
  5
94
330
17
100
AcDbEntity
  8
08-FINA
100
AcDbLine
 10
25.0
 20
397.0
 30
0.0
 11
20.0
 21
397.0
 31
0.0
  0
LINE
  5
95
330
17
100
AcDbEntity
  8
08-FINA
100
AcDbLine
 10
831.0
 20
397.0
 30
0.0
 11
836.0
 21
397.0
 31
0.0
  0
LINE
  5
96
330
17
100
AcDbEntity
  8
08-FINA
100
AcDbLine
 10
25.0
 20
447.0
 30
0.0
 11
20.0
 21
447.0
 31
0.0
  0
LINE
  5
97
330
17
100
AcDbEntity
  8
08-FINA
100
AcDbLine
 10
831.0
 20
447.0
 30
0.0
 11
836.0
 21
447.0
 31
0.0
  0
LINE
  5
98
330
17
100
AcDbEntity
  8
08-FINA
100
AcDbLine
 10
25.0
 20
497.0
 30
0.0
 11
20.0
 21
497.0
 31
0.0
  0
LINE
  5
99
330
17
100
AcDbEntity
  8
08-FINA
100
AcDbLine
 10
831.0
 20
497.0
 30
0.0
 11
836.0
 21
497.0
 31
0.0
  0
LINE
  5
9A
330
17
100
AcDbEntity
  8
08-FINA
100
AcDbLine
 10
25.0
 20
547.0
 30
0.0
 11
20.0
 21
547.0
 31
0.0
  0
LINE
  5
9B
330
17
100
AcDbEntity
  8
08-FINA
100
AcDbLine
 10
831.0
 20
547.0
 30
0.0
 11
836.0
 21
547.0
 31
0.0
  0
TEXT
  5
9C
330
17
100
AcDbEntity
  8
06-TEXTO
100
AcDbText
 10
47.75
 20
5.0
 30
0.0
 40
3.5
  1
1
  7
ISO3098
 72
1
 11
47.75
 21
5.0
 31
0.0
100
AcDbText
 73
2
  0
TEXT
  5
9D
330
17
100
AcDbEntity
  8
06-TEXTO
100
AcDbText
 10
47.75
 20
589.0
 30
0.0
 40
3.5
  1
1
  7
ISO3098
 72
1
 11
47.75
 21
589.0
 31
0.0
100
AcDbText
 73
2
  0
TEXT
  5
9E
330
17
100
AcDbEntity
  8
06-TEXTO
100
AcDbText
 10
95.5
 20
5.0
 30
0.0
 40
3.5
  1
2
  7
ISO3098
 72
1
 11
95.5
 21
5.0
 31
0.0
100
AcDbText
 73
2
  0
TEXT
  5
9F
330
17
100
AcDbEntity
  8
06-TEXTO
100
AcDbText
 10
95.5
 20
589.0
 30
0.0
 40
3.5
  1
2
  7
ISO3098
 72
1
 11
95.5
 21
589.0
 31
0.0
100
AcDbText
 73
2
  0
TEXT
  5
A0
330
17
100
AcDbEntity
  8
06-TEXTO
100
AcDbText
 10
145.5
 20
5.0
 30
0.0
 40
3.5
  1
3
  7
ISO3098
 72
1
 11
145.5
 21
5.0
 31
0.0
100
AcDbText
 73
2
  0
TEXT
  5
A1
330
17
100
AcDbEntity
  8
06-TEXTO
100
AcDbText
 10
145.5
 20
589.0
 30
0.0
 40
3.5
  1
3
  7
ISO3098
 72
1
 11
145.5
 21
589.0
 31
0.0
100
AcDbText
 73
2
  0
TEXT
  5
A2
330
17
100
AcDbEntity
  8
06-TEXTO
100
AcDbText
 10
195.5
 20
5.0
 30
0.0
 40
3.5
  1
4
  7
ISO3098
 72
1
 11
195.5
 21
5.0
 31
0.0
100
AcDbText
 73
2
  0
TEXT
  5
A3
330
17
100
AcDbEntity
  8
06-TEXTO
100
AcDbText
 10
195.5
 20
589.0
 30
0.0
 40
3.5
  1
4
  7
ISO3098
 72
1
 11
195.5
 21
589.0
 31
0.0
100
AcDbText
 73
2
  0
TEXT
  5
A4
330
17
100
AcDbEntity
  8
06-TEXTO
100
AcDbText
 10
245.5
 20
5.0
 30
0.0
 40
3.5
  1
5
  7
ISO3098
 72
1
 11
245.5
 21
5.0
 31
0.0
100
AcDbText
 73
2
  0
TEXT
  5
A5
330
17
100
AcDbEntity
  8
06-TEXTO
100
AcDbText
 10
245.5
 20
589.0
 30
0.0
 40
3.5
  1
5
  7
ISO3098
 72
1
 11
245.5
 21
589.0
 31
0.0
100
AcDbText
 73
2
  0
TEXT
  5
A6
330
17
100
AcDbEntity
  8
06-TEXTO
100
AcDbText
 10
295.5
 20
5.0
 30
0.0
 40
3.5
  1
6
  7
ISO3098
 72
1
 11
295.5
 21
5.0
 31
0.0
100
AcDbText
 73
2
  0
TEXT
  5
A7
330
17
100
AcDbEntity
  8
06-TEXTO
100
AcDbText
 10
295.5
 20
589.0
 30
0.0
 40
3.5
  1
6
  7
ISO3098
 72
1
 11
295.5
 21
589.0
 31
0.0
100
AcDbText
 73
2
  0
TEXT
  5
A8
330
17
100
AcDbEntity
  8
06-TEXTO
100
AcDbText
 10
345.5
 20
5.0
 30
0.0
 40
3.5
  1
7
  7
ISO3098
 72
1
 11
345.5
 21
5.0
 31
0.0
100
AcDbText
 73
2
  0
TEXT
  5
A9
330
17
100
AcDbEntity
  8
06-TEXTO
100
AcDbText
 10
345.5
 20
589.0
 30
0.0
 40
3.5
  1
7
  7
ISO3098
 72
1
 11
345.5
 21
589.0
 31
0.0
100
AcDbText
 73
2
  0
TEXT
  5
AA
330
17
100
AcDbEntity
  8
06-TEXTO
100
AcDbText
 10
395.5
 20
5.0
 30
0.0
 40
3.5
  1
8
  7
ISO3098
 72
1
 11
395.5
 21
5.0
 31
0.0
100
AcDbText
 73
2
  0
TEXT
  5
AB
330
17
100
AcDbEntity
  8
06-TEXTO
100
AcDbText
 10
395.5
 20
589.0
 30
0.0
 40
3.5
  1
8
  7
ISO3098
 72
1
 11
395.5
 21
589.0
 31
0.0
100
AcDbText
 73
2
  0
TEXT
  5
AC
330
17
100
AcDbEntity
  8
06-TEXTO
100
AcDbText
 10
445.5
 20
5.0
 30
0.0
 40
3.5
  1
9
  7
ISO3098
 72
1
 11
445.5
 21
5.0
 31
0.0
100
AcDbText
 73
2
  0
TEXT
  5
AD
330
17
100
AcDbEntity
  8
06-TEXTO
100
AcDbText
 10
445.5
 20
589.0
 30
0.0
 40
3.5
  1
9
  7
ISO3098
 72
1
 11
445.5
 21
589.0
 31
0.0
100
AcDbText
 73
2
  0
TEXT
  5
AE
330
17
100
AcDbEntity
  8
06-TEXTO
100
AcDbText
 10
495.5
 20
5.0
 30
0.0
 40
3.5
  1
10
  7
ISO3098
 72
1
 11
495.5
 21
5.0
 31
0.0
100
AcDbText
 73
2
  0
TEXT
  5
AF
330
17
100
AcDbEntity
  8
06-TEXTO
100
AcDbText
 10
495.5
 20
589.0
 30
0.0
 40
3.5
  1
10
  7
ISO3098
 72
1
 11
495.5
 21
589.0
 31
0.0
100
AcDbText
 73
2
  0
TEXT
  5
B0
330
17
100
AcDbEntity
  8
06-TEXTO
100
AcDbText
 10
545.5
 20
5.0
 30
0.0
 40
3.5
  1
11
  7
ISO3098
 72
1
 11
545.5
 21
5.0
 31
0.0
100
AcDbText
 73
2
  0
TEXT
  5
B1
330
17
100
AcDbEntity
  8
06-TEXTO
100
AcDbText
 10
545.5
 20
589.0
 30
0.0
 40
3.5
  1
11
  7
ISO3098
 72
1
 11
545.5
 21
589.0
 31
0.0
100
AcDbText
 73
2
  0
TEXT
  5
B2
330
17
100
AcDbEntity
  8
06-TEXTO
100
AcDbText
 10
595.5
 20
5.0
 30
0.0
 40
3.5
  1
12
  7
ISO3098
 72
1
 11
595.5
 21
5.0
 31
0.0
100
AcDbText
 73
2
  0
TEXT
  5
B3
330
17
100
AcDbEntity
  8
06-TEXTO
100
AcDbText
 10
595.5
 20
589.0
 30
0.0
 40
3.5
  1
12
  7
ISO3098
 72
1
 11
595.5
 21
589.0
 31
0.0
100
AcDbText
 73
2
  0
TEXT
  5
B4
330
17
100
AcDbEntity
  8
06-TEXTO
100
AcDbText
 10
645.5
 20
5.0
 30
0.0
 40
3.5
  1
13
  7
ISO3098
 72
1
 11
645.5
 21
5.0
 31
0.0
100
AcDbText
 73
2
  0
TEXT
  5
B5
330
17
100
AcDbEntity
  8
06-TEXTO
100
AcDbText
 10
645.5
 20
589.0
 30
0.0
 40
3.5
  1
13
  7
ISO3098
 72
1
 11
645.5
 21
589.0
 31
0.0
100
AcDbText
 73
2
  0
TEXT
  5
B6
330
17
100
AcDbEntity
  8
06-TEXTO
100
AcDbText
 10
695.5
 20
5.0
 30
0.0
 40
3.5
  1
14
  7
ISO3098
 72
1
 11
695.5
 21
5.0
 31
0.0
100
AcDbText
 73
2
  0
TEXT
  5
B7
330
17
100
AcDbEntity
  8
06-TEXTO
100
AcDbText
 10
695.5
 20
589.0
 30
0.0
 40
3.5
  1
14
  7
ISO3098
 72
1
 11
695.5
 21
589.0
 31
0.0
100
AcDbText
 73
2
  0
TEXT
  5
B8
330
17
100
AcDbEntity
  8
06-TEXTO
100
AcDbText
 10
745.5
 20
5.0
 30
0.0
 40
3.5
  1
15
  7
ISO3098
 72
1
 11
745.5
 21
5.0
 31
0.0
100
AcDbText
 73
2
  0
TEXT
  5
B9
330
17
100
AcDbEntity
  8
06-TEXTO
100
AcDbText
 10
745.5
 20
589.0
 30
0.0
 40
3.5
  1
15
  7
ISO3098
 72
1
 11
745.5
 21
589.0
 31
0.0
100
AcDbText
 73
2
  0
TEXT
  5
BA
330
17
100
AcDbEntity
  8
06-TEXTO
100
AcDbText
 10
795.5
 20
5.0
 30
0.0
 40
3.5
  1
16
  7
ISO3098
 72
1
 11
795.5
 21
5.0
 31
0.0
100
AcDbText
 73
2
  0
TEXT
  5
BB
330
17
100
AcDbEntity
  8
06-TEXTO
100
AcDbText
 10
795.5
 20
589.0
 30
0.0
 40
3.5
  1
16
  7
ISO3098
 72
1
 11
795.5
 21
589.0
 31
0.0
100
AcDbText
 73
2
  0
TEXT
  5
BC
330
17
100
AcDbEntity
  8
06-TEXTO
100
AcDbText
 10
825.75
 20
5.0
 30
0.0
 40
3.5
  1
17
  7
ISO3098
 72
1
 11
825.75
 21
5.0
 31
0.0
100
AcDbText
 73
2
  0
TEXT
  5
BD
330
17
100
AcDbEntity
  8
06-TEXTO
100
AcDbText
 10
825.75
 20
589.0
 30
0.0
 40
3.5
  1
17
  7
ISO3098
 72
1
 11
825.75
 21
589.0
 31
0.0
100
AcDbText
 73
2
  0
TEXT
  5
BE
330
17
100
AcDbEntity
  8
06-TEXTO
100
AcDbText
 10
15.0
 20
28.5
 30
0.0
 40
3.5
  1
M
  7
ISO3098
 72
1
 11
15.0
 21
28.5
 31
0.0
100
AcDbText
 73
2
  0
TEXT
  5
BF
330
17
100
AcDbEntity
  8
06-TEXTO
100
AcDbText
 10
836.0
 20
28.5
 30
0.0
 40
3.5
  1
M
  7
ISO3098
 72
1
 11
836.0
 21
28.5
 31
0.0
100
AcDbText
 73
2
  0
TEXT
  5
C0
330
17
100
AcDbEntity
  8
06-TEXTO
100
AcDbText
 10
15.0
 20
72.0
 30
0.0
 40
3.5
  1
L
  7
ISO3098
 72
1
 11
15.0
 21
72.0
 31
0.0
100
AcDbText
 73
2
  0
TEXT
  5
C1
330
17
100
AcDbEntity
  8
06-TEXTO
100
AcDbText
 10
836.0
 20
72.0
 30
0.0
 40
3.5
  1
L
  7
ISO3098
 72
1
 11
836.0
 21
72.0
 31
0.0
100
AcDbText
 73
2
  0
TEXT
  5
C2
330
17
100
AcDbEntity
  8
06-TEXTO
100
AcDbText
 10
15.0
 20
122.0
 30
0.0
 40
3.5
  1
K
  7
ISO3098
 72
1
 11
15.0
 21
122.0
 31
0.0
100
AcDbText
 73
2
  0
TEXT
  5
C3
330
17
100
AcDbEntity
  8
06-TEXTO
100
AcDbText
 10
836.0
 20
122.0
 30
0.0
 40
3.5
  1
K
  7
ISO3098
 72
1
 11
836.0
 21
122.0
 31
0.0
100
AcDbText
 73
2
  0
TEXT
  5
C4
330
17
100
AcDbEntity
  8
06-TEXTO
100
AcDbText
 10
15.0
 20
172.0
 30
0.0
 40
3.5
  1
J
  7
ISO3098
 72
1
 11
15.0
 21
172.0
 31
0.0
100
AcDbText
 73
2
  0
TEXT
  5
C5
330
17
100
AcDbEntity
  8
06-TEXTO
100
AcDbText
 10
836.0
 20
172.0
 30
0.0
 40
3.5
  1
J
  7
ISO3098
 72
1
 11
836.0
 21
172.0
 31
0.0
100
AcDbText
 73
2
  0
TEXT
  5
C6
330
17
100
AcDbEntity
  8
06-TEXTO
100
AcDbText
 10
15.0
 20
222.0
 30
0.0
 40
3.5
  1
H
  7
ISO3098
 72
1
 11
15.0
 21
222.0
 31
0.0
100
AcDbText
 73
2
  0
TEXT
  5
C7
330
17
100
AcDbEntity
  8
06-TEXTO
100
AcDbText
 10
836.0
 20
222.0
 30
0.0
 40
3.5
  1
H
  7
ISO3098
 72
1
 11
836.0
 21
222.0
 31
0.0
100
AcDbText
 73
2
  0
TEXT
  5
C8
330
17
100
AcDbEntity
  8
06-TEXTO
100
AcDbText
 10
15.0
 20
272.0
 30
0.0
 40
3.5
  1
G
  7
ISO3098
 72
1
 11
15.0
 21
272.0
 31
0.0
100
AcDbText
 73
2
  0
TEXT
  5
C9
330
17
100
AcDbEntity
  8
06-TEXTO
100
AcDbText
 10
836.0
 20
272.0
 30
0.0
 40
3.5
  1
G
  7
ISO3098
 72
1
 11
836.0
 21
272.0
 31
0.0
100
AcDbText
 73
2
  0
TEXT
  5
CA
330
17
100
AcDbEntity
  8
06-TEXTO
100
AcDbText
 10
15.0
 20
322.0
 30
0.0
 40
3.5
  1
F
  7
ISO3098
 72
1
 11
15.0
 21
322.0
 31
0.0
100
AcDbText
 73
2
  0
TEXT
  5
CB
330
17
100
AcDbEntity
  8
06-TEXTO
100
AcDbText
 10
836.0
 20
322.0
 30
0.0
 40
3.5
  1
F
  7
ISO3098
 72
1
 11
836.0
 21
322.0
 31
0.0
100
AcDbText
 73
2
  0
TEXT
  5
CC
330
17
100
AcDbEntity
  8
06-TEXTO
100
AcDbText
 10
15.0
 20
372.0
 30
0.0
 40
3.5
  1
E
  7
ISO3098
 72
1
 11
15.0
 21
372.0
 31
0.0
100
AcDbText
 73
2
  0
TEXT
  5
CD
330
17
100
AcDbEntity
  8
06-TEXTO
100
AcDbText
 10
836.0
 20
372.0
 30
0.0
 40
3.5
  1
E
  7
ISO3098
 72
1
 11
836.0
 21
372.0
 31
0.0
100
AcDbText
 73
2
  0
TEXT
  5
CE
330
17
100
AcDbEntity
  8
06-TEXTO
100
AcDbText
 10
15.0
 20
422.0
 30
0.0
 40
3.5
  1
D
  7
ISO3098
 72
1
 11
15.0
 21
422.0
 31
0.0
100
AcDbText
 73
2
  0
TEXT
  5
CF
330
17
100
AcDbEntity
  8
06-TEXTO
100
AcDbText
 10
836.0
 20
422.0
 30
0.0
 40
3.5
  1
D
  7
ISO3098
 72
1
 11
836.0
 21
422.0
 31
0.0
100
AcDbText
 73
2
  0
TEXT
  5
D0
330
17
100
AcDbEntity
  8
06-TEXTO
100
AcDbText
 10
15.0
 20
472.0
 30
0.0
 40
3.5
  1
C
  7
ISO3098
 72
1
 11
15.0
 21
472.0
 31
0.0
100
AcDbText
 73
2
  0
TEXT
  5
D1
330
17
100
AcDbEntity
  8
06-TEXTO
100
AcDbText
 10
836.0
 20
472.0
 30
0.0
 40
3.5
  1
C
  7
ISO3098
 72
1
 11
836.0
 21
472.0
 31
0.0
100
AcDbText
 73
2
  0
TEXT
  5
D2
330
17
100
AcDbEntity
  8
06-TEXTO
100
AcDbText
 10
15.0
 20
522.0
 30
0.0
 40
3.5
  1
B
  7
ISO3098
 72
1
 11
15.0
 21
522.0
 31
0.0
100
AcDbText
 73
2
  0
TEXT
  5
D3
330
17
100
AcDbEntity
  8
06-TEXTO
100
AcDbText
 10
836.0
 20
522.0
 30
0.0
 40
3.5
  1
B
  7
ISO3098
 72
1
 11
836.0
 21
522.0
 31
0.0
100
AcDbText
 73
2
  0
TEXT
  5
D4
330
17
100
AcDbEntity
  8
06-TEXTO
100
AcDbText
 10
15.0
 20
565.5
 30
0.0
 40
3.5
  1
A
  7
ISO3098
 72
1
 11
15.0
 21
565.5
 31
0.0
100
AcDbText
 73
2
  0
TEXT
  5
D5
330
17
100
AcDbEntity
  8
06-TEXTO
100
AcDbText
 10
836.0
 20
565.5
 30
0.0
 40
3.5
  1
A
  7
ISO3098
 72
1
 11
836.0
 21
565.5
 31
0.0
100
AcDbText
 73
2
  0
LWPOLYLINE
  5
D6
330
17
100
AcDbEntity
  8
10-ROTULO
100
AcDbPolyline
 90
4
 70
1
 10
656.0
 20
56.0
 10
670.0
 20
56.0
 10
670.0
 20
61.0
 10
656.0
 20
61.0
  0
LWPOLYLINE
  5
D7
330
17
100
AcDbEntity
  8
10-ROTULO
100
AcDbPolyline
 90
4
 70
1
 10
670.0
 20
56.0
 10
686.0
 20
56.0
 10
686.0
 20
61.0
 10
670.0
 20
61.0
  0
TEXT
  5
D8
330
17
100
AcDbEntity
  8
11-TEXTO-ROTULO
100
AcDbText
 10
678.0
 20
58.5
 30
0.0
 40
2.5
  1
Fecha
  7
ISO3098
 72
1
 11
678.0
 21
58.5
 31
0.0
100
AcDbText
 73
2
  0
LWPOLYLINE
  5
D9
330
17
100
AcDbEntity
  8
10-ROTULO
100
AcDbPolyline
 90
4
 70
1
 10
686.0
 20
56.0
 10
711.0
 20
56.0
 10
711.0
 20
61.0
 10
686.0
 20
61.0
  0
TEXT
  5
DA
330
17
100
AcDbEntity
  8
11-TEXTO-ROTULO
100
AcDbText
 10
698.5
 20
58.5
 30
0.0
 40
2.5
  1
Nombre
  7
ISO3098
 72
1
 11
698.5
 21
58.5
 31
0.0
100
AcDbText
 73
2
  0
LWPOLYLINE
  5
DB
330
17
100
AcDbEntity
  8
10-ROTULO
100
AcDbPolyline
 90
4
 70
1
 10
656.0
 20
50.0
 10
670.0
 20
50.0
 10
670.0
 20
56.0
 10
656.0
 20
56.0
  0
TEXT
  5
DC
330
17
100
AcDbEntity
  8
11-TEXTO-ROTULO
100
AcDbText
 10
657.5
 20
53.0
 30
0.0
 40
2.5
  1
Dibujó
  7
ISO3098
 11
657.5
 21
53.0
 31
0.0
100
AcDbText
 73
2
  0
LWPOLYLINE
  5
DD
330
17
100
AcDbEntity
  8
10-ROTULO
100
AcDbPolyline
 90
4
 70
1
 10
670.0
 20
50.0
 10
686.0
 20
50.0
 10
686.0
 20
56.0
 10
670.0
 20
56.0
  0
TEXT
  5
DE
330
17
100
AcDbEntity
  8
11-TEXTO-ROTULO
100
AcDbText
 10
678.0
 20
53.0
 30
0.0
 40
2.5
  1
30/09/26
  7
ISO3098
 72
1
 11
678.0
 21
53.0
 31
0.0
100
AcDbText
 73
2
  0
LWPOLYLINE
  5
DF
330
17
100
AcDbEntity
  8
10-ROTULO
100
AcDbPolyline
 90
4
 70
1
 10
686.0
 20
50.0
 10
711.0
 20
50.0
 10
711.0
 20
56.0
 10
686.0
 20
56.0
  0
TEXT
  5
E0
330
17
100
AcDbEntity
  8
11-TEXTO-ROTULO
100
AcDbText
 10
698.5
 20
53.0
 30
0.0
 40
2.5
  1
Claude Code
  7
ISO3098
 72
1
 11
698.5
 21
53.0
 31
0.0
100
AcDbText
 73
2
  0
LWPOLYLINE
  5
E1
330
17
100
AcDbEntity
  8
10-ROTULO
100
AcDbPolyline
 90
4
 70
1
 10
656.0
 20
44.0
 10
670.0
 20
44.0
 10
670.0
 20
50.0
 10
656.0
 20
50.0
  0
TEXT
  5
E2
330
17
100
AcDbEntity
  8
11-TEXTO-ROTULO
100
AcDbText
 10
657.5
 20
47.0
 30
0.0
 40
2.5
  1
Revisó
  7
ISO3098
 11
657.5
 21
47.0
 31
0.0
100
AcDbText
 73
2
  0
LWPOLYLINE
  5
E3
330
17
100
AcDbEntity
  8
10-ROTULO
100
AcDbPolyline
 90
4
 70
1
 10
670.0
 20
44.0
 10
686.0
 20
44.0
 10
686.0
 20
50.0
 10
670.0
 20
50.0
  0
LWPOLYLINE
  5
E4
330
17
100
AcDbEntity
  8
10-ROTULO
100
AcDbPolyline
 90
4
 70
1
 10
686.0
 20
44.0
 10
711.0
 20
44.0
 10
711.0
 20
50.0
 10
686.0
 20
50.0
  0
LWPOLYLINE
  5
E5
330
17
100
AcDbEntity
  8
10-ROTULO
100
AcDbPolyline
 90
4
 70
1
 10
656.0
 20
38.0
 10
670.0
 20
38.0
 10
670.0
 20
44.0
 10
656.0
 20
44.0
  0
TEXT
  5
E6
330
17
100
AcDbEntity
  8
11-TEXTO-ROTULO
100
AcDbText
 10
657.5
 20
41.0
 30
0.0
 40
2.5
  1
Aprobó
  7
ISO3098
 11
657.5
 21
41.0
 31
0.0
100
AcDbText
 73
2
  0
LWPOLYLINE
  5
E7
330
17
100
AcDbEntity
  8
10-ROTULO
100
AcDbPolyline
 90
4
 70
1
 10
670.0
 20
38.0
 10
686.0
 20
38.0
 10
686.0
 20
44.0
 10
670.0
 20
44.0
  0
LWPOLYLINE
  5
E8
330
17
100
AcDbEntity
  8
10-ROTULO
100
AcDbPolyline
 90
4
 70
1
 10
686.0
 20
38.0
 10
711.0
 20
38.0
 10
711.0
 20
44.0
 10
686.0
 20
44.0
  0
LWPOLYLINE
  5
E9
330
17
100
AcDbEntity
  8
10-ROTULO
100
AcDbPolyline
 90
4
 70
1
 10
656.0
 20
24.0
 10
676.0
 20
24.0
 10
676.0
 20
38.0
 10
656.0
 20
38.0
  0
TEXT
  5
EA
330
17
100
AcDbEntity
  8
11-TEXTO-ROTULO
100
AcDbText
 10
657.0
 20
37.0
 30
0.0
 40
1.8
  1
Escala
  7
ISO3098
 11
657.0
 21
37.0
 31
0.0
100
AcDbText
 73
3
  0
TEXT
  5
EB
330
17
100
AcDbEntity
  8
11-TEXTO-ROTULO
100
AcDbText
 10
666.0
 20
29.6
 30
0.0
 40
5.0
  1
1:20
  7
ISO3098
 72
1
 11
666.0
 21
29.6
 31
0.0
100
AcDbText
 73
2
  0
LWPOLYLINE
  5
EC
330
17
100
AcDbEntity
  8
10-ROTULO
100
AcDbPolyline
 90
4
 70
1
 10
676.0
 20
24.0
 10
711.0
 20
24.0
 10
711.0
 20
38.0
 10
676.0
 20
38.0
  0
TEXT
  5
ED
330
17
100
AcDbEntity
  8
11-TEXTO-ROTULO
100
AcDbText
 10
677.0
 20
37.0
 30
0.0
 40
1.8
  1
Método de proyección
  7
ISO3098
 11
677.0
 21
37.0
 31
0.0
100
AcDbText
 73
3
  0
CIRCLE
  5
EE
330
17
100
AcDbEntity
  8
01-VISIBLE
100
AcDbCircle
 10
686.0
 20
29.5
 30
0.0
 40
2.5
  0
CIRCLE
  5
EF
330
17
100
AcDbEntity
  8
01-VISIBLE
100
AcDbCircle
 10
686.0
 20
29.5
 30
0.0
 40
1.25
  0
LWPOLYLINE
  5
F0
330
17
100
AcDbEntity
  8
01-VISIBLE
100
AcDbPolyline
 90
4
 70
1
 10
691.0
 20
27.0
 10
696.0
 20
28.25
 10
696.0
 20
30.75
 10
691.0
 20
32.0
  0
LINE
  5
F1
330
17
100
AcDbEntity
  8
03-EJE
100
AcDbLine
 10
682.0
 20
29.5
 30
0.0
 11
697.5
 21
29.5
 31
0.0
  0
LINE
  5
F2
330
17
100
AcDbEntity
  8
03-EJE
100
AcDbLine
 10
686.0
 20
25.5
 30
0.0
 11
686.0
 21
33.5
 31
0.0
  0
TEXT
  5
F3
330
17
100
AcDbEntity
  8
11-TEXTO-ROTULO
100
AcDbText
 10
707.5
 20
29.5
 30
0.0
 40
2.5
  1
ISO E
  7
ISO3098
 72
2
 11
707.5
 21
29.5
 31
0.0
100
AcDbText
 73
2
  0
LWPOLYLINE
  5
F4
330
17
100
AcDbEntity
  8
10-ROTULO
100
AcDbPolyline
 90
4
 70
1
 10
656.0
 20
10.0
 10
689.0
 20
10.0
 10
689.0
 20
24.0
 10
656.0
 20
24.0
  0
TEXT
  5
F5
330
17
100
AcDbEntity
  8
11-TEXTO-ROTULO
100
AcDbText
 10
657.0
 20
23.0
 30
0.0
 40
1.8
  1
Unidades
  7
ISO3098
 11
657.0
 21
23.0
 31
0.0
100
AcDbText
 73
3
  0
TEXT
  5
F6
330
17
100
AcDbEntity
  8
11-TEXTO-ROTULO
100
AcDbText
 10
672.5
 20
15.6
 30
0.0
 40
3.5
  1
Cotas en mm
  7
ISO3098
 72
1
 11
672.5
 21
15.6
 31
0.0
100
AcDbText
 73
2
  0
LWPOLYLINE
  5
F7
330
17
100
AcDbEntity
  8
10-ROTULO
100
AcDbPolyline
 90
4
 70
1
 10
689.0
 20
10.0
 10
711.0
 20
10.0
 10
711.0
 20
24.0
 10
689.0
 20
24.0
  0
TEXT
  5
F8
330
17
100
AcDbEntity
  8
11-TEXTO-ROTULO
100
AcDbText
 10
690.0
 20
23.0
 30
0.0
 40
1.8
  1
Formato
  7
ISO3098
 11
690.0
 21
23.0
 31
0.0
100
AcDbText
 73
3
  0
TEXT
  5
F9
330
17
100
AcDbEntity
  8
11-TEXTO-ROTULO
100
AcDbText
 10
700.0
 20
15.6
 30
0.0
 40
3.5
  1
A1
  7
ISO3098
 72
1
 11
700.0
 21
15.6
 31
0.0
100
AcDbText
 73
2
  0
LWPOLYLINE
  5
FA
330
17
100
AcDbEntity
  8
10-ROTULO
100
AcDbPolyline
 90
4
 70
1
 10
711.0
 20
49.0
 10
781.0
 20
49.0
 10
781.0
 20
61.0
 10
711.0
 20
61.0
  0
TEXT
  5
FB
330
17
100
AcDbEntity
  8
11-TEXTO-ROTULO
100
AcDbText
 10
712.0
 20
60.0
 30
0.0
 40
1.8
  1
Propietario
  7
ISO3098
 11
712.0
 21
60.0
 31
0.0
100
AcDbText
 73
3
  0
TEXT
  5
FC
330
17
100
AcDbEntity
  8
11-TEXTO-ROTULO
100
AcDbText
 10
746.0
 20
53.6
 30
0.0
 40
5.0
  1
FLAMA S.A.
  7
ISO3098
 72
1
 11
746.0
 21
53.6
 31
0.0
100
AcDbText
 73
2
  0
LWPOLYLINE
  5
FD
330
17
100
AcDbEntity
  8
10-ROTULO
100
AcDbPolyline
 90
4
 70
1
 10
711.0
 20
22.0
 10
781.0
 20
22.0
 10
781.0
 20
49.0
 10
711.0
 20
49.0
  0
TEXT
  5
FE
330
17
100
AcDbEntity
  8
11-TEXTO-ROTULO
100
AcDbText
 10
712.0
 20
48.0
 30
0.0
 40
1.8
  1
Denominación
  7
ISO3098
 11
712.0
 21
48.0
 31
0.0
100
AcDbText
 73
3
  0
TEXT
  5
FF
330
17
100
AcDbEntity
  8
11-TEXTO-ROTULO
100
AcDbText
 10
746.0
 20
35.0
 30
0.0
 40
3.5
  1
Aprovechamiento de chapa
  7
ISO3098
 72
1
 11
746.0
 21
35.0
 31
0.0
100
AcDbText
 73
2
  0
TEXT
  5
100
330
17
100
AcDbEntity
  8
11-TEXTO-ROTULO
100
AcDbText
 10
746.0
 20
25.5
 30
0.0
 40
1.8
  1
Cuerpos, discos y caño por formato - opción D
  7
ISO3098
 72
1
 11
746.0
 21
25.5
 31
0.0
100
AcDbText
 73
2
  0
LWPOLYLINE
  5
101
330
17
100
AcDbEntity
  8
10-ROTULO
100
AcDbPolyline
 90
4
 70
1
 10
711.0
 20
10.0
 10
781.0
 20
10.0
 10
781.0
 20
22.0
 10
711.0
 20
22.0
  0
TEXT
  5
102
330
17
100
AcDbEntity
  8
11-TEXTO-ROTULO
100
AcDbText
 10
712.0
 20
21.0
 30
0.0
 40
1.8
  1
Tipo de documento
  7
ISO3098
 11
712.0
 21
21.0
 31
0.0
100
AcDbText
 73
3
  0
TEXT
  5
103
330
17
100
AcDbEntity
  8
11-TEXTO-ROTULO
100
AcDbText
 10
746.0
 20
14.6
 30
0.0
 40
3.5
  1
Plano de corte
  7
ISO3098
 72
1
 11
746.0
 21
14.6
 31
0.0
100
AcDbText
 73
2
  0
LWPOLYLINE
  5
104
330
17
100
AcDbEntity
  8
10-ROTULO
100
AcDbPolyline
 90
4
 70
1
 10
781.0
 20
53.0
 10
831.0
 20
53.0
 10
831.0
 20
61.0
 10
781.0
 20
61.0
  0
TEXT
  5
105
330
17
100
AcDbEntity
  8
11-TEXTO-ROTULO
100
AcDbText
 10
782.0
 20
60.0
 30
0.0
 40
1.8
  1
Reemplaza a / Reemplazado por
  7
ISO3098
 11
782.0
 21
60.0
 31
0.0
100
AcDbText
 73
3
  0
TEXT
  5
106
330
17
100
AcDbEntity
  8
11-TEXTO-ROTULO
100
AcDbText
 10
806.0
 20
55.6
 30
0.0
 40
1.8
  1
-
  7
ISO3098
 72
1
 11
806.0
 21
55.6
 31
0.0
100
AcDbText
 73
2
  0
LWPOLYLINE
  5
107
330
17
100
AcDbEntity
  8
10-ROTULO
100
AcDbPolyline
 90
4
 70
1
 10
781.0
 20
43.0
 10
831.0
 20
43.0
 10
831.0
 20
53.0
 10
781.0
 20
53.0
  0
TEXT
  5
108
330
17
100
AcDbEntity
  8
11-TEXTO-ROTULO
100
AcDbText
 10
782.0
 20
52.0
 30
0.0
 40
1.8
  1
Material
  7
ISO3098
 11
782.0
 21
52.0
 31
0.0
100
AcDbText
 73
3
  0
TEXT
  5
109
330
17
100
AcDbEntity
  8
11-TEXTO-ROTULO
100
AcDbText
 10
806.0
 20
46.6
 30
0.0
 40
2.5
  1
SAE 1010 LAF y LAC
  7
ISO3098
 72
1
 11
806.0
 21
46.6
 31
0.0
100
AcDbText
 73
2
  0
LWPOLYLINE
  5
10A
330
17
100
AcDbEntity
  8
10-ROTULO
100
AcDbPolyline
 90
4
 70
1
 10
781.0
 20
33.0
 10
803.0
 20
33.0
 10
803.0
 20
43.0
 10
781.0
 20
43.0
  0
TEXT
  5
10B
330
17
100
AcDbEntity
  8
11-TEXTO-ROTULO
100
AcDbText
 10
782.0
 20
42.0
 30
0.0
 40
1.8
  1
Edición
  7
ISO3098
 11
782.0
 21
42.0
 31
0.0
100
AcDbText
 73
3
  0
TEXT
  5
10C
330
17
100
AcDbEntity
  8
11-TEXTO-ROTULO
100
AcDbText
 10
792.0
 20
36.6
 30
0.0
 40
3.5
  1
0
  7
ISO3098
 72
1
 11
792.0
 21
36.6
 31
0.0
100
AcDbText
 73
2
  0
LWPOLYLINE
  5
10D
330
17
100
AcDbEntity
  8
10-ROTULO
100
AcDbPolyline
 90
4
 70
1
 10
803.0
 20
33.0
 10
831.0
 20
33.0
 10
831.0
 20
43.0
 10
803.0
 20
43.0
  0
TEXT
  5
10E
330
17
100
AcDbEntity
  8
11-TEXTO-ROTULO
100
AcDbText
 10
804.0
 20
42.0
 30
0.0
 40
1.8
  1
Fecha de emisión
  7
ISO3098
 11
804.0
 21
42.0
 31
0.0
100
AcDbText
 73
3
  0
TEXT
  5
10F
330
17
100
AcDbEntity
  8
11-TEXTO-ROTULO
100
AcDbText
 10
817.0
 20
36.6
 30
0.0
 40
2.5
  1
30/09/2026
  7
ISO3098
 72
1
 11
817.0
 21
36.6
 31
0.0
100
AcDbText
 73
2
  0
LWPOLYLINE
  5
110
330
17
100
AcDbEntity
  8
10-ROTULO
100
AcDbPolyline
 90
4
 70
1
 10
781.0
 20
23.0
 10
803.0
 20
23.0
 10
803.0
 20
33.0
 10
781.0
 20
33.0
  0
TEXT
  5
111
330
17
100
AcDbEntity
  8
11-TEXTO-ROTULO
100
AcDbText
 10
782.0
 20
32.0
 30
0.0
 40
1.8
  1
Hoja
  7
ISO3098
 11
782.0
 21
32.0
 31
0.0
100
AcDbText
 73
3
  0
TEXT
  5
112
330
17
100
AcDbEntity
  8
11-TEXTO-ROTULO
100
AcDbText
 10
792.0
 20
26.6
 30
0.0
 40
3.5
  1
1 / 1
  7
ISO3098
 72
1
 11
792.0
 21
26.6
 31
0.0
100
AcDbText
 73
2
  0
LWPOLYLINE
  5
113
330
17
100
AcDbEntity
  8
10-ROTULO
100
AcDbPolyline
 90
4
 70
1
 10
803.0
 20
23.0
 10
831.0
 20
23.0
 10
831.0
 20
33.0
 10
803.0
 20
33.0
  0
TEXT
  5
114
330
17
100
AcDbEntity
  8
11-TEXTO-ROTULO
100
AcDbText
 10
804.0
 20
32.0
 30
0.0
 40
1.8
  1
Idioma
  7
ISO3098
 11
804.0
 21
32.0
 31
0.0
100
AcDbText
 73
3
  0
TEXT
  5
115
330
17
100
AcDbEntity
  8
11-TEXTO-ROTULO
100
AcDbText
 10
817.0
 20
26.6
 30
0.0
 40
3.5
  1
es
  7
ISO3098
 72
1
 11
817.0
 21
26.6
 31
0.0
100
AcDbText
 73
2
  0
LWPOLYLINE
  5
116
330
17
100
AcDbEntity
  8
10-ROTULO
100
AcDbPolyline
 90
4
 70
1
 10
781.0
 20
10.0
 10
831.0
 20
10.0
 10
831.0
 20
23.0
 10
781.0
 20
23.0
  0
TEXT
  5
117
330
17
100
AcDbEntity
  8
11-TEXTO-ROTULO
100
AcDbText
 10
782.0
 20
22.0
 30
0.0
 40
1.8
  1
N° de plano
  7
ISO3098
 11
782.0
 21
22.0
 31
0.0
100
AcDbText
 73
3
  0
TEXT
  5
118
330
17
100
AcDbEntity
  8
11-TEXTO-ROTULO
100
AcDbText
 10
806.0
 20
15.1
 30
0.0
 40
5.0
  1
FL_PI_05
  7
ISO3098
 72
1
 11
806.0
 21
15.1
 31
0.0
100
AcDbText
 73
2
  0
LWPOLYLINE
  5
119
330
17
100
AcDbEntity
  8
07-RECUADRO
100
AcDbPolyline
 90
4
 70
1
 10
656.0
 20
10.0
 10
831.0
 20
10.0
 10
831.0
 20
61.0
 10
656.0
 20
61.0
  0
TEXT
  5
11A
330
17
100
AcDbEntity
  8
A-TEXTO
100
AcDbText
 10
33.0
 20
576.0
 30
0.0
 40
7.0
  1
FL_PI_05 - APROVECHAMIENTO DE LA CHAPA POR FORMATO
  7
ISO3098
 11
33.0
 21
576.0
 31
0.0
100
AcDbText
 73
3
  0
TEXT
  5
11B
330
17
100
AcDbEntity
  8
A-TEXTO
100
AcDbText
 10
33.0
 20
566.0
 30
0.0
 40
3.5
  1
Cuerpos 2,5-100 kg en hojas estándar cortadas en guillotina 8 × 3200 (esc. 1:20); cúpulas y fondos en fleje a medida con troquel de una fila (esc. 1:10); cuerpo de 1 kg en caño Ø76,2 × 6 m (esc. 1:20).
  7
ISO3098
 11
33.0
 21
566.0
 31
0.0
100
AcDbText
 73
3
  0
LWPOLYLINE
  5
11C
330
17
100
AcDbEntity
  8
A-EQUIPO
100
AcDbPolyline
 90
4
 70
1
 10
39.0
 20
477.0
 10
161.0
 20
477.0
 10
161.0
 20
538.0
 10
39.0
 20
538.0
  0
HATCH
  5
11D
330
17
100
AcDbEntity
  8
A-RELLENO
 62
7
420
16635562
100
AcDbHatch
 10
0.0
 20
0.0
 30
0.0
210
0.0
220
0.0
230
1.0
  2
SOLID
 70
1
 71
0
 91
1
 92
3
 72
0
 73
1
 93
4
 10
39.0
 20
518.725
 10
52.475
 20
518.725
 10
52.475
 20
538.0
 10
39.0
 20
538.0
 97
0
 75
1
 76
1
 98
0
  0
LWPOLYLINE
  5
11E
330
17
100
AcDbEntity
  8
A-EQUIPO-FINO
100
AcDbPolyline
 90
4
 70
1
 10
39.0
 20
518.725
 10
52.475
 20
518.725
 10
52.475
 20
538.0
 10
39.0
 20
538.0
  0
HATCH
  5
11F
330
17
100
AcDbEntity
  8
A-RELLENO
 62
7
420
16635562
100
AcDbHatch
 10
0.0
 20
0.0
 30
0.0
210
0.0
220
0.0
230
1.0
  2
SOLID
 70
1
 71
0
 91
1
 92
3
 72
0
 73
1
 93
4
 10
52.475
 20
518.725
 10
65.95
 20
518.725
 10
65.95
 20
538.0
 10
52.475
 20
538.0
 97
0
 75
1
 76
1
 98
0
  0
LWPOLYLINE
  5
120
330
17
100
AcDbEntity
  8
A-EQUIPO-FINO
100
AcDbPolyline
 90
4
 70
1
 10
52.475
 20
518.725
 10
65.95
 20
518.725
 10
65.95
 20
538.0
 10
52.475
 20
538.0
  0
HATCH
  5
121
330
17
100
AcDbEntity
  8
A-RELLENO
 62
7
420
16635562
100
AcDbHatch
 10
0.0
 20
0.0
 30
0.0
210
0.0
220
0.0
230
1.0
  2
SOLID
 70
1
 71
0
 91
1
 92
3
 72
0
 73
1
 93
4
 10
65.95
 20
518.725
 10
79.42500000000001
 20
518.725
 10
79.42500000000001
 20
538.0
 10
65.95
 20
538.0
 97
0
 75
1
 76
1
 98
0
  0
LWPOLYLINE
  5
122
330
17
100
AcDbEntity
  8
A-EQUIPO-FINO
100
AcDbPolyline
 90
4
 70
1
 10
65.95
 20
518.725
 10
79.42500000000001
 20
518.725
 10
79.42500000000001
 20
538.0
 10
65.95
 20
538.0
  0
HATCH
  5
123
330
17
100
AcDbEntity
  8
A-RELLENO
 62
7
420
16635562
100
AcDbHatch
 10
0.0
 20
0.0
 30
0.0
210
0.0
220
0.0
230
1.0
  2
SOLID
 70
1
 71
0
 91
1
 92
3
 72
0
 73
1
 93
4
 10
79.42500000000001
 20
518.725
 10
92.9
 20
518.725
 10
92.9
 20
538.0
 10
79.42500000000001
 20
538.0
 97
0
 75
1
 76
1
 98
0
  0
LWPOLYLINE
  5
124
330
17
100
AcDbEntity
  8
A-EQUIPO-FINO
100
AcDbPolyline
 90
4
 70
1
 10
79.42500000000001
 20
518.725
 10
92.9
 20
518.725
 10
92.9
 20
538.0
 10
79.42500000000001
 20
538.0
  0
HATCH
  5
125
330
17
100
AcDbEntity
  8
A-RELLENO
 62
7
420
16635562
100
AcDbHatch
 10
0.0
 20
0.0
 30
0.0
210
0.0
220
0.0
230
1.0
  2
SOLID
 70
1
 71
0
 91
1
 92
3
 72
0
 73
1
 93
4
 10
92.9
 20
518.725
 10
106.375
 20
518.725
 10
106.375
 20
538.0
 10
92.9
 20
538.0
 97
0
 75
1
 76
1
 98
0
  0
LWPOLYLINE
  5
126
330
17
100
AcDbEntity
  8
A-EQUIPO-FINO
100
AcDbPolyline
 90
4
 70
1
 10
92.9
 20
518.725
 10
106.375
 20
518.725
 10
106.375
 20
538.0
 10
92.9
 20
538.0
  0
HATCH
  5
127
330
17
100
AcDbEntity
  8
A-RELLENO
 62
7
420
16635562
100
AcDbHatch
 10
0.0
 20
0.0
 30
0.0
210
0.0
220
0.0
230
1.0
  2
SOLID
 70
1
 71
0
 91
1
 92
3
 72
0
 73
1
 93
4
 10
106.375
 20
518.725
 10
119.85
 20
518.725
 10
119.85
 20
538.0
 10
106.375
 20
538.0
 97
0
 75
1
 76
1
 98
0
  0
LWPOLYLINE
  5
128
330
17
100
AcDbEntity
  8
A-EQUIPO-FINO
100
AcDbPolyline
 90
4
 70
1
 10
106.375
 20
518.725
 10
119.85
 20
518.725
 10
119.85
 20
538.0
 10
106.375
 20
538.0
  0
HATCH
  5
129
330
17
100
AcDbEntity
  8
A-RELLENO
 62
7
420
16635562
100
AcDbHatch
 10
0.0
 20
0.0
 30
0.0
210
0.0
220
0.0
230
1.0
  2
SOLID
 70
1
 71
0
 91
1
 92
3
 72
0
 73
1
 93
4
 10
119.85
 20
518.725
 10
133.325
 20
518.725
 10
133.325
 20
538.0
 10
119.85
 20
538.0
 97
0
 75
1
 76
1
 98
0
  0
LWPOLYLINE
  5
12A
330
17
100
AcDbEntity
  8
A-EQUIPO-FINO
100
AcDbPolyline
 90
4
 70
1
 10
119.85
 20
518.725
 10
133.325
 20
518.725
 10
133.325
 20
538.0
 10
119.85
 20
538.0
  0
HATCH
  5
12B
330
17
100
AcDbEntity
  8
A-RELLENO
 62
7
420
16635562
100
AcDbHatch
 10
0.0
 20
0.0
 30
0.0
210
0.0
220
0.0
230
1.0
  2
SOLID
 70
1
 71
0
 91
1
 92
3
 72
0
 73
1
 93
4
 10
133.325
 20
518.725
 10
146.79999999999998
 20
518.725
 10
146.79999999999998
 20
538.0
 10
133.325
 20
538.0
 97
0
 75
1
 76
1
 98
0
  0
LWPOLYLINE
  5
12C
330
17
100
AcDbEntity
  8
A-EQUIPO-FINO
100
AcDbPolyline
 90
4
 70
1
 10
133.325
 20
518.725
 10
146.79999999999998
 20
518.725
 10
146.79999999999998
 20
538.0
 10
133.325
 20
538.0
  0
HATCH
  5
12D
330
17
100
AcDbEntity
  8
A-RELLENO
 62
7
420
16635562
100
AcDbHatch
 10
0.0
 20
0.0
 30
0.0
210
0.0
220
0.0
230
1.0
  2
SOLID
 70
1
 71
0
 91
1
 92
3
 72
0
 73
1
 93
4
 10
146.79999999999998
 20
518.725
 10
160.27499999999998
 20
518.725
 10
160.27499999999998
 20
538.0
 10
146.79999999999998
 20
538.0
 97
0
 75
1
 76
1
 98
0
  0
LWPOLYLINE
  5
12E
330
17
100
AcDbEntity
  8
A-EQUIPO-FINO
100
AcDbPolyline
 90
4
 70
1
 10
146.79999999999998
 20
518.725
 10
160.27499999999998
 20
518.725
 10
160.27499999999998
 20
538.0
 10
146.79999999999998
 20
538.0
  0
HATCH
  5
12F
330
17
100
AcDbEntity
  8
A-RELLENO
 62
7
420
16635562
100
AcDbHatch
 10
0.0
 20
0.0
 30
0.0
210
0.0
220
0.0
230
1.0
  2
SOLID
 70
1
 71
0
 91
1
 92
3
 72
0
 73
1
 93
4
 10
39.0
 20
499.45000000000005
 10
52.475
 20
499.45000000000005
 10
52.475
 20
518.725
 10
39.0
 20
518.725
 97
0
 75
1
 76
1
 98
0
  0
LWPOLYLINE
  5
130
330
17
100
AcDbEntity
  8
A-EQUIPO-FINO
100
AcDbPolyline
 90
4
 70
1
 10
39.0
 20
499.45000000000005
 10
52.475
 20
499.45000000000005
 10
52.475
 20
518.725
 10
39.0
 20
518.725
  0
HATCH
  5
131
330
17
100
AcDbEntity
  8
A-RELLENO
 62
7
420
16635562
100
AcDbHatch
 10
0.0
 20
0.0
 30
0.0
210
0.0
220
0.0
230
1.0
  2
SOLID
 70
1
 71
0
 91
1
 92
3
 72
0
 73
1
 93
4
 10
52.475
 20
499.45000000000005
 10
65.95
 20
499.45000000000005
 10
65.95
 20
518.725
 10
52.475
 20
518.725
 97
0
 75
1
 76
1
 98
0
  0
LWPOLYLINE
  5
132
330
17
100
AcDbEntity
  8
A-EQUIPO-FINO
100
AcDbPolyline
 90
4
 70
1
 10
52.475
 20
499.45000000000005
 10
65.95
 20
499.45000000000005
 10
65.95
 20
518.725
 10
52.475
 20
518.725
  0
HATCH
  5
133
330
17
100
AcDbEntity
  8
A-RELLENO
 62
7
420
16635562
100
AcDbHatch
 10
0.0
 20
0.0
 30
0.0
210
0.0
220
0.0
230
1.0
  2
SOLID
 70
1
 71
0
 91
1
 92
3
 72
0
 73
1
 93
4
 10
65.95
 20
499.45000000000005
 10
79.42500000000001
 20
499.45000000000005
 10
79.42500000000001
 20
518.725
 10
65.95
 20
518.725
 97
0
 75
1
 76
1
 98
0
  0
LWPOLYLINE
  5
134
330
17
100
AcDbEntity
  8
A-EQUIPO-FINO
100
AcDbPolyline
 90
4
 70
1
 10
65.95
 20
499.45000000000005
 10
79.42500000000001
 20
499.45000000000005
 10
79.42500000000001
 20
518.725
 10
65.95
 20
518.725
  0
HATCH
  5
135
330
17
100
AcDbEntity
  8
A-RELLENO
 62
7
420
16635562
100
AcDbHatch
 10
0.0
 20
0.0
 30
0.0
210
0.0
220
0.0
230
1.0
  2
SOLID
 70
1
 71
0
 91
1
 92
3
 72
0
 73
1
 93
4
 10
79.42500000000001
 20
499.45000000000005
 10
92.9
 20
499.45000000000005
 10
92.9
 20
518.725
 10
79.42500000000001
 20
518.725
 97
0
 75
1
 76
1
 98
0
  0
LWPOLYLINE
  5
136
330
17
100
AcDbEntity
  8
A-EQUIPO-FINO
100
AcDbPolyline
 90
4
 70
1
 10
79.42500000000001
 20
499.45000000000005
 10
92.9
 20
499.45000000000005
 10
92.9
 20
518.725
 10
79.42500000000001
 20
518.725
  0
HATCH
  5
137
330
17
100
AcDbEntity
  8
A-RELLENO
 62
7
420
16635562
100
AcDbHatch
 10
0.0
 20
0.0
 30
0.0
210
0.0
220
0.0
230
1.0
  2
SOLID
 70
1
 71
0
 91
1
 92
3
 72
0
 73
1
 93
4
 10
92.9
 20
499.45000000000005
 10
106.375
 20
499.45000000000005
 10
106.375
 20
518.725
 10
92.9
 20
518.725
 97
0
 75
1
 76
1
 98
0
  0
LWPOLYLINE
  5
138
330
17
100
AcDbEntity
  8
A-EQUIPO-FINO
100
AcDbPolyline
 90
4
 70
1
 10
92.9
 20
499.45000000000005
 10
106.375
 20
499.45000000000005
 10
106.375
 20
518.725
 10
92.9
 20
518.725
  0
HATCH
  5
139
330
17
100
AcDbEntity
  8
A-RELLENO
 62
7
420
16635562
100
AcDbHatch
 10
0.0
 20
0.0
 30
0.0
210
0.0
220
0.0
230
1.0
  2
SOLID
 70
1
 71
0
 91
1
 92
3
 72
0
 73
1
 93
4
 10
106.375
 20
499.45000000000005
 10
119.85
 20
499.45000000000005
 10
119.85
 20
518.725
 10
106.375
 20
518.725
 97
0
 75
1
 76
1
 98
0
  0
LWPOLYLINE
  5
13A
330
17
100
AcDbEntity
  8
A-EQUIPO-FINO
100
AcDbPolyline
 90
4
 70
1
 10
106.375
 20
499.45000000000005
 10
119.85
 20
499.45000000000005
 10
119.85
 20
518.725
 10
106.375
 20
518.725
  0
HATCH
  5
13B
330
17
100
AcDbEntity
  8
A-RELLENO
 62
7
420
16635562
100
AcDbHatch
 10
0.0
 20
0.0
 30
0.0
210
0.0
220
0.0
230
1.0
  2
SOLID
 70
1
 71
0
 91
1
 92
3
 72
0
 73
1
 93
4
 10
119.85
 20
499.45000000000005
 10
133.325
 20
499.45000000000005
 10
133.325
 20
518.725
 10
119.85
 20
518.725
 97
0
 75
1
 76
1
 98
0
  0
LWPOLYLINE
  5
13C
330
17
100
AcDbEntity
  8
A-EQUIPO-FINO
100
AcDbPolyline
 90
4
 70
1
 10
119.85
 20
499.45000000000005
 10
133.325
 20
499.45000000000005
 10
133.325
 20
518.725
 10
119.85
 20
518.725
  0
HATCH
  5
13D
330
17
100
AcDbEntity
  8
A-RELLENO
 62
7
420
16635562
100
AcDbHatch
 10
0.0
 20
0.0
 30
0.0
210
0.0
220
0.0
230
1.0
  2
SOLID
 70
1
 71
0
 91
1
 92
3
 72
0
 73
1
 93
4
 10
133.325
 20
499.45000000000005
 10
146.79999999999998
 20
499.45000000000005
 10
146.79999999999998
 20
518.725
 10
133.325
 20
518.725
 97
0
 75
1
 76
1
 98
0
  0
LWPOLYLINE
  5
13E
330
17
100
AcDbEntity
  8
A-EQUIPO-FINO
100
AcDbPolyline
 90
4
 70
1
 10
133.325
 20
499.45000000000005
 10
146.79999999999998
 20
499.45000000000005
 10
146.79999999999998
 20
518.725
 10
133.325
 20
518.725
  0
HATCH
  5
13F
330
17
100
AcDbEntity
  8
A-RELLENO
 62
7
420
16635562
100
AcDbHatch
 10
0.0
 20
0.0
 30
0.0
210
0.0
220
0.0
230
1.0
  2
SOLID
 70
1
 71
0
 91
1
 92
3
 72
0
 73
1
 93
4
 10
146.79999999999998
 20
499.45000000000005
 10
160.27499999999998
 20
499.45000000000005
 10
160.27499999999998
 20
518.725
 10
146.79999999999998
 20
518.725
 97
0
 75
1
 76
1
 98
0
  0
LWPOLYLINE
  5
140
330
17
100
AcDbEntity
  8
A-EQUIPO-FINO
100
AcDbPolyline
 90
4
 70
1
 10
146.79999999999998
 20
499.45000000000005
 10
160.27499999999998
 20
499.45000000000005
 10
160.27499999999998
 20
518.725
 10
146.79999999999998
 20
518.725
  0
HATCH
  5
141
330
17
100
AcDbEntity
  8
A-RELLENO
 62
7
420
16635562
100
AcDbHatch
 10
0.0
 20
0.0
 30
0.0
210
0.0
220
0.0
230
1.0
  2
SOLID
 70
1
 71
0
 91
1
 92
3
 72
0
 73
1
 93
4
 10
39.0
 20
480.17500000000007
 10
52.475
 20
480.17500000000007
 10
52.475
 20
499.45000000000005
 10
39.0
 20
499.45000000000005
 97
0
 75
1
 76
1
 98
0
  0
LWPOLYLINE
  5
142
330
17
100
AcDbEntity
  8
A-EQUIPO-FINO
100
AcDbPolyline
 90
4
 70
1
 10
39.0
 20
480.17500000000007
 10
52.475
 20
480.17500000000007
 10
52.475
 20
499.45000000000005
 10
39.0
 20
499.45000000000005
  0
HATCH
  5
143
330
17
100
AcDbEntity
  8
A-RELLENO
 62
7
420
16635562
100
AcDbHatch
 10
0.0
 20
0.0
 30
0.0
210
0.0
220
0.0
230
1.0
  2
SOLID
 70
1
 71
0
 91
1
 92
3
 72
0
 73
1
 93
4
 10
52.475
 20
480.17500000000007
 10
65.95
 20
480.17500000000007
 10
65.95
 20
499.45000000000005
 10
52.475
 20
499.45000000000005
 97
0
 75
1
 76
1
 98
0
  0
LWPOLYLINE
  5
144
330
17
100
AcDbEntity
  8
A-EQUIPO-FINO
100
AcDbPolyline
 90
4
 70
1
 10
52.475
 20
480.17500000000007
 10
65.95
 20
480.17500000000007
 10
65.95
 20
499.45000000000005
 10
52.475
 20
499.45000000000005
  0
HATCH
  5
145
330
17
100
AcDbEntity
  8
A-RELLENO
 62
7
420
16635562
100
AcDbHatch
 10
0.0
 20
0.0
 30
0.0
210
0.0
220
0.0
230
1.0
  2
SOLID
 70
1
 71
0
 91
1
 92
3
 72
0
 73
1
 93
4
 10
65.95
 20
480.17500000000007
 10
79.42500000000001
 20
480.17500000000007
 10
79.42500000000001
 20
499.45000000000005
 10
65.95
 20
499.45000000000005
 97
0
 75
1
 76
1
 98
0
  0
LWPOLYLINE
  5
146
330
17
100
AcDbEntity
  8
A-EQUIPO-FINO
100
AcDbPolyline
 90
4
 70
1
 10
65.95
 20
480.17500000000007
 10
79.42500000000001
 20
480.17500000000007
 10
79.42500000000001
 20
499.45000000000005
 10
65.95
 20
499.45000000000005
  0
HATCH
  5
147
330
17
100
AcDbEntity
  8
A-RELLENO
 62
7
420
16635562
100
AcDbHatch
 10
0.0
 20
0.0
 30
0.0
210
0.0
220
0.0
230
1.0
  2
SOLID
 70
1
 71
0
 91
1
 92
3
 72
0
 73
1
 93
4
 10
79.42500000000001
 20
480.17500000000007
 10
92.9
 20
480.17500000000007
 10
92.9
 20
499.45000000000005
 10
79.42500000000001
 20
499.45000000000005
 97
0
 75
1
 76
1
 98
0
  0
LWPOLYLINE
  5
148
330
17
100
AcDbEntity
  8
A-EQUIPO-FINO
100
AcDbPolyline
 90
4
 70
1
 10
79.42500000000001
 20
480.17500000000007
 10
92.9
 20
480.17500000000007
 10
92.9
 20
499.45000000000005
 10
79.42500000000001
 20
499.45000000000005
  0
HATCH
  5
149
330
17
100
AcDbEntity
  8
A-RELLENO
 62
7
420
16635562
100
AcDbHatch
 10
0.0
 20
0.0
 30
0.0
210
0.0
220
0.0
230
1.0
  2
SOLID
 70
1
 71
0
 91
1
 92
3
 72
0
 73
1
 93
4
 10
92.9
 20
480.17500000000007
 10
106.375
 20
480.17500000000007
 10
106.375
 20
499.45000000000005
 10
92.9
 20
499.45000000000005
 97
0
 75
1
 76
1
 98
0
  0
LWPOLYLINE
  5
14A
330
17
100
AcDbEntity
  8
A-EQUIPO-FINO
100
AcDbPolyline
 90
4
 70
1
 10
92.9
 20
480.17500000000007
 10
106.375
 20
480.17500000000007
 10
106.375
 20
499.45000000000005
 10
92.9
 20
499.45000000000005
  0
HATCH
  5
14B
330
17
100
AcDbEntity
  8
A-RELLENO
 62
7
420
16635562
100
AcDbHatch
 10
0.0
 20
0.0
 30
0.0
210
0.0
220
0.0
230
1.0
  2
SOLID
 70
1
 71
0
 91
1
 92
3
 72
0
 73
1
 93
4
 10
106.375
 20
480.17500000000007
 10
119.85
 20
480.17500000000007
 10
119.85
 20
499.45000000000005
 10
106.375
 20
499.45000000000005
 97
0
 75
1
 76
1
 98
0
  0
LWPOLYLINE
  5
14C
330
17
100
AcDbEntity
  8
A-EQUIPO-FINO
100
AcDbPolyline
 90
4
 70
1
 10
106.375
 20
480.17500000000007
 10
119.85
 20
480.17500000000007
 10
119.85
 20
499.45000000000005
 10
106.375
 20
499.45000000000005
  0
HATCH
  5
14D
330
17
100
AcDbEntity
  8
A-RELLENO
 62
7
420
16635562
100
AcDbHatch
 10
0.0
 20
0.0
 30
0.0
210
0.0
220
0.0
230
1.0
  2
SOLID
 70
1
 71
0
 91
1
 92
3
 72
0
 73
1
 93
4
 10
119.85
 20
480.17500000000007
 10
133.325
 20
480.17500000000007
 10
133.325
 20
499.45000000000005
 10
119.85
 20
499.45000000000005
 97
0
 75
1
 76
1
 98
0
  0
LWPOLYLINE
  5
14E
330
17
100
AcDbEntity
  8
A-EQUIPO-FINO
100
AcDbPolyline
 90
4
 70
1
 10
119.85
 20
480.17500000000007
 10
133.325
 20
480.17500000000007
 10
133.325
 20
499.45000000000005
 10
119.85
 20
499.45000000000005
  0
HATCH
  5
14F
330
17
100
AcDbEntity
  8
A-RELLENO
 62
7
420
16635562
100
AcDbHatch
 10
0.0
 20
0.0
 30
0.0
210
0.0
220
0.0
230
1.0
  2
SOLID
 70
1
 71
0
 91
1
 92
3
 72
0
 73
1
 93
4
 10
133.325
 20
480.17500000000007
 10
146.79999999999998
 20
480.17500000000007
 10
146.79999999999998
 20
499.45000000000005
 10
133.325
 20
499.45000000000005
 97
0
 75
1
 76
1
 98
0
  0
LWPOLYLINE
  5
150
330
17
100
AcDbEntity
  8
A-EQUIPO-FINO
100
AcDbPolyline
 90
4
 70
1
 10
133.325
 20
480.17500000000007
 10
146.79999999999998
 20
480.17500000000007
 10
146.79999999999998
 20
499.45000000000005
 10
133.325
 20
499.45000000000005
  0
HATCH
  5
151
330
17
100
AcDbEntity
  8
A-RELLENO
 62
7
420
16635562
100
AcDbHatch
 10
0.0
 20
0.0
 30
0.0
210
0.0
220
0.0
230
1.0
  2
SOLID
 70
1
 71
0
 91
1
 92
3
 72
0
 73
1
 93
4
 10
146.79999999999998
 20
480.17500000000007
 10
160.27499999999998
 20
480.17500000000007
 10
160.27499999999998
 20
499.45000000000005
 10
146.79999999999998
 20
499.45000000000005
 97
0
 75
1
 76
1
 98
0
  0
LWPOLYLINE
  5
152
330
17
100
AcDbEntity
  8
A-EQUIPO-FINO
100
AcDbPolyline
 90
4
 70
1
 10
146.79999999999998
 20
480.17500000000007
 10
160.27499999999998
 20
480.17500000000007
 10
160.27499999999998
 20
499.45000000000005
 10
146.79999999999998
 20
499.45000000000005
  0
HATCH
  5
153
330
17
100
AcDbEntity
  8
A-RELLENO
 62
7
100
AcDbHatch
 10
0.0
 20
0.0
 30
0.0
210
0.0
220
0.0
230
1.0
  2
ANSI31
 70
0
 71
0
 91
1
 92
3
 72
0
 73
1
 93
4
 10
39.0
 20
477.0
 10
161.0
 20
477.0
 10
161.0
 20
480.17500000000007
 10
39.0
 20
480.17500000000007
 97
0
 75
1
 76
1
 52
45.0
 41
0.4
 77
0
 78
1
 53
90.0
 43
0.0
 44
0.0
 45
-1.27
 46
0.0
 79
0
 98
0
  0
HATCH
  5
154
330
17
100
AcDbEntity
  8
A-RELLENO
 62
7
100
AcDbHatch
 10
0.0
 20
0.0
 30
0.0
210
0.0
220
0.0
230
1.0
  2
ANSI31
 70
0
 71
0
 91
1
 92
3
 72
0
 73
1
 93
4
 10
160.275
 20
480.17500000000007
 10
161.0
 20
480.17500000000007
 10
161.0
 20
538.0
 10
160.275
 20
538.0
 97
0
 75
1
 76
1
 52
45.0
 41
0.4
 77
0
 78
1
 53
90.0
 43
0.0
 44
0.0
 45
-1.27
 46
0.0
 79
0
 98
0
  0
TEXT
  5
155
330
17
100
AcDbEntity
  8
A-TEXTO
100
AcDbText
 10
39.0
 20
551.0
 30
0.0
 40
2.5
  1
Cuerpo 2,5 kg - hoja LAF 1,25 × 1220 × 2440
  7
ISO3098
 11
39.0
 21
551.0
 31
0.0
100
AcDbText
 73
3
  0
DIMENSION
  5
156
330
17
100
AcDbEntity
  8
A-COTA
100
AcDbDimension
280
0
  2
*D1
  3
FLAMA-IRAM
 10
34.0
 20
538.0
 30
0.0
 11
36.0
 21
528.3625
 31
0.0
 70
32
 71
5
  1
<>
100
AcDbAlignedDimension
 13
39.0
 23
538.0
 33
0.0
 14
39.0
 24
518.725
 34
0.0
 50
90.0
100
AcDbRotatedDimension
1001
ACAD
1000
DSTYLE
1002
{
1070
144
1040
20.0
1070
140
1040
2.0
1070
41
1040
2.0
1070
271
1070
1
1002
}
  0
DIMENSION
  5
165
330
17
100
AcDbEntity
  8
A-COTA
100
AcDbDimension
280
0
  2
*D2
  3
FLAMA-IRAM
 10
39.0
 20
542.0
 30
0.0
 11
45.7375
 21
544.0
 31
0.0
 70
32
 71
5
  1
<>
100
AcDbAlignedDimension
 13
39.0
 23
538.0
 33
0.0
 14
52.475
 24
538.0
 34
0.0
 50
0.0
100
AcDbRotatedDimension
1001
ACAD
1000
DSTYLE
1002
{
1070
144
1040
20.0
1070
140
1040
2.0
1070
41
1040
2.0
1070
271
1070
1
1002
}
  0
DIMENSION
  5
174
330
17
100
AcDbEntity
  8
A-COTA
100
AcDbDimension
280
0
  2
*D3
  3
FLAMA-IRAM
 10
39.0
 20
472.0
 30
0.0
 11
100.0
 21
474.0
 31
0.0
 70
32
 71
5
  1
<>
100
AcDbAlignedDimension
 13
39.0
 23
477.0
 33
0.0
 14
161.0
 24
477.0
 34
0.0
 50
0.0
100
AcDbRotatedDimension
1001
ACAD
1000
DSTYLE
1002
{
1070
144
1040
20.0
1070
140
1040
2.0
1070
41
1040
2.0
1070
271
1070
0
1002
}
  0
TEXT
  5
183
330
17
100
AcDbEntity
  8
A-TEXTO
100
AcDbText
 10
39.0
 20
465.0
 30
0.0
 40
2.1
  1
3 franja(s): 27 cuerpos por hoja; 30 cortes (1,11 por cuerpo)
  7
ISO3098
 11
39.0
 21
465.0
 31
0.0
100
AcDbText
 73
3
  0
TEXT
  5
184
330
17
100
AcDbEntity
  8
A-TEXTO
100
AcDbText
 10
39.0
 20
461.745
 30
0.0
 40
2.1
  1
Aprovechamiento 94,2 %; hojas por año (2035): 522
  7
ISO3098
 11
39.0
 21
461.745
 31
0.0
100
AcDbText
 73
3
  0
LWPOLYLINE
  5
185
330
17
100
AcDbEntity
  8
A-EQUIPO
100
AcDbPolyline
 90
4
 70
1
 10
233.0
 20
488.0
 10
333.0
 20
488.0
 10
333.0
 20
538.0
 10
233.0
 20
538.0
  0
HATCH
  5
186
330
17
100
AcDbEntity
  8
A-RELLENO
 62
7
420
16635562
100
AcDbHatch
 10
0.0
 20
0.0
 30
0.0
210
0.0
220
0.0
230
1.0
  2
SOLID
 70
1
 71
0
 91
1
 92
3
 72
0
 73
1
 93
4
 10
233.0
 20
521.5
 10
256.725
 20
521.5
 10
256.725
 20
538.0
 10
233.0
 20
538.0
 97
0
 75
1
 76
1
 98
0
  0
LWPOLYLINE
  5
187
330
17
100
AcDbEntity
  8
A-EQUIPO-FINO
100
AcDbPolyline
 90
4
 70
1
 10
233.0
 20
521.5
 10
256.725
 20
521.5
 10
256.725
 20
538.0
 10
233.0
 20
538.0
  0
HATCH
  5
188
330
17
100
AcDbEntity
  8
A-RELLENO
 62
7
420
16635562
100
AcDbHatch
 10
0.0
 20
0.0
 30
0.0
210
0.0
220
0.0
230
1.0
  2
SOLID
 70
1
 71
0
 91
1
 92
3
 72
0
 73
1
 93
4
 10
256.725
 20
521.5
 10
280.45000000000005
 20
521.5
 10
280.45000000000005
 20
538.0
 10
256.725
 20
538.0
 97
0
 75
1
 76
1
 98
0
  0
LWPOLYLINE
  5
189
330
17
100
AcDbEntity
  8
A-EQUIPO-FINO
100
AcDbPolyline
 90
4
 70
1
 10
256.725
 20
521.5
 10
280.45000000000005
 20
521.5
 10
280.45000000000005
 20
538.0
 10
256.725
 20
538.0
  0
HATCH
  5
18A
330
17
100
AcDbEntity
  8
A-RELLENO
 62
7
420
16635562
100
AcDbHatch
 10
0.0
 20
0.0
 30
0.0
210
0.0
220
0.0
230
1.0
  2
SOLID
 70
1
 71
0
 91
1
 92
3
 72
0
 73
1
 93
4
 10
280.45000000000005
 20
521.5
 10
304.17500000000007
 20
521.5
 10
304.17500000000007
 20
538.0
 10
280.45000000000005
 20
538.0
 97
0
 75
1
 76
1
 98
0
  0
LWPOLYLINE
  5
18B
330
17
100
AcDbEntity
  8
A-EQUIPO-FINO
100
AcDbPolyline
 90
4
 70
1
 10
280.45000000000005
 20
521.5
 10
304.17500000000007
 20
521.5
 10
304.17500000000007
 20
538.0
 10
280.45000000000005
 20
538.0
  0
HATCH
  5
18C
330
17
100
AcDbEntity
  8
A-RELLENO
 62
7
420
16635562
100
AcDbHatch
 10
0.0
 20
0.0
 30
0.0
210
0.0
220
0.0
230
1.0
  2
SOLID
 70
1
 71
0
 91
1
 92
3
 72
0
 73
1
 93
4
 10
304.17500000000007
 20
521.5
 10
327.9000000000001
 20
521.5
 10
327.9000000000001
 20
538.0
 10
304.17500000000007
 20
538.0
 97
0
 75
1
 76
1
 98
0
  0
LWPOLYLINE
  5
18D
330
17
100
AcDbEntity
  8
A-EQUIPO-FINO
100
AcDbPolyline
 90
4
 70
1
 10
304.17500000000007
 20
521.5
 10
327.9000000000001
 20
521.5
 10
327.9000000000001
 20
538.0
 10
304.17500000000007
 20
538.0
  0
HATCH
  5
18E
330
17
100
AcDbEntity
  8
A-RELLENO
 62
7
420
16635562
100
AcDbHatch
 10
0.0
 20
0.0
 30
0.0
210
0.0
220
0.0
230
1.0
  2
SOLID
 70
1
 71
0
 91
1
 92
3
 72
0
 73
1
 93
4
 10
233.0
 20
505.0
 10
256.725
 20
505.0
 10
256.725
 20
521.5
 10
233.0
 20
521.5
 97
0
 75
1
 76
1
 98
0
  0
LWPOLYLINE
  5
18F
330
17
100
AcDbEntity
  8
A-EQUIPO-FINO
100
AcDbPolyline
 90
4
 70
1
 10
233.0
 20
505.0
 10
256.725
 20
505.0
 10
256.725
 20
521.5
 10
233.0
 20
521.5
  0
HATCH
  5
190
330
17
100
AcDbEntity
  8
A-RELLENO
 62
7
420
16635562
100
AcDbHatch
 10
0.0
 20
0.0
 30
0.0
210
0.0
220
0.0
230
1.0
  2
SOLID
 70
1
 71
0
 91
1
 92
3
 72
0
 73
1
 93
4
 10
256.725
 20
505.0
 10
280.45000000000005
 20
505.0
 10
280.45000000000005
 20
521.5
 10
256.725
 20
521.5
 97
0
 75
1
 76
1
 98
0
  0
LWPOLYLINE
  5
191
330
17
100
AcDbEntity
  8
A-EQUIPO-FINO
100
AcDbPolyline
 90
4
 70
1
 10
256.725
 20
505.0
 10
280.45000000000005
 20
505.0
 10
280.45000000000005
 20
521.5
 10
256.725
 20
521.5
  0
HATCH
  5
192
330
17
100
AcDbEntity
  8
A-RELLENO
 62
7
420
16635562
100
AcDbHatch
 10
0.0
 20
0.0
 30
0.0
210
0.0
220
0.0
230
1.0
  2
SOLID
 70
1
 71
0
 91
1
 92
3
 72
0
 73
1
 93
4
 10
280.45000000000005
 20
505.0
 10
304.17500000000007
 20
505.0
 10
304.17500000000007
 20
521.5
 10
280.45000000000005
 20
521.5
 97
0
 75
1
 76
1
 98
0
  0
LWPOLYLINE
  5
193
330
17
100
AcDbEntity
  8
A-EQUIPO-FINO
100
AcDbPolyline
 90
4
 70
1
 10
280.45000000000005
 20
505.0
 10
304.17500000000007
 20
505.0
 10
304.17500000000007
 20
521.5
 10
280.45000000000005
 20
521.5
  0
HATCH
  5
194
330
17
100
AcDbEntity
  8
A-RELLENO
 62
7
420
16635562
100
AcDbHatch
 10
0.0
 20
0.0
 30
0.0
210
0.0
220
0.0
230
1.0
  2
SOLID
 70
1
 71
0
 91
1
 92
3
 72
0
 73
1
 93
4
 10
304.17500000000007
 20
505.0
 10
327.9000000000001
 20
505.0
 10
327.9000000000001
 20
521.5
 10
304.17500000000007
 20
521.5
 97
0
 75
1
 76
1
 98
0
  0
LWPOLYLINE
  5
195
330
17
100
AcDbEntity
  8
A-EQUIPO-FINO
100
AcDbPolyline
 90
4
 70
1
 10
304.17500000000007
 20
505.0
 10
327.9000000000001
 20
505.0
 10
327.9000000000001
 20
521.5
 10
304.17500000000007
 20
521.5
  0
HATCH
  5
196
330
17
100
AcDbEntity
  8
A-RELLENO
 62
7
420
16635562
100
AcDbHatch
 10
0.0
 20
0.0
 30
0.0
210
0.0
220
0.0
230
1.0
  2
SOLID
 70
1
 71
0
 91
1
 92
3
 72
0
 73
1
 93
4
 10
233.0
 20
488.5
 10
256.725
 20
488.5
 10
256.725
 20
505.0
 10
233.0
 20
505.0
 97
0
 75
1
 76
1
 98
0
  0
LWPOLYLINE
  5
197
330
17
100
AcDbEntity
  8
A-EQUIPO-FINO
100
AcDbPolyline
 90
4
 70
1
 10
233.0
 20
488.5
 10
256.725
 20
488.5
 10
256.725
 20
505.0
 10
233.0
 20
505.0
  0
HATCH
  5
198
330
17
100
AcDbEntity
  8
A-RELLENO
 62
7
420
16635562
100
AcDbHatch
 10
0.0
 20
0.0
 30
0.0
210
0.0
220
0.0
230
1.0
  2
SOLID
 70
1
 71
0
 91
1
 92
3
 72
0
 73
1
 93
4
 10
256.725
 20
488.5
 10
280.45000000000005
 20
488.5
 10
280.45000000000005
 20
505.0
 10
256.725
 20
505.0
 97
0
 75
1
 76
1
 98
0
  0
LWPOLYLINE
  5
199
330
17
100
AcDbEntity
  8
A-EQUIPO-FINO
100
AcDbPolyline
 90
4
 70
1
 10
256.725
 20
488.5
 10
280.45000000000005
 20
488.5
 10
280.45000000000005
 20
505.0
 10
256.725
 20
505.0
  0
HATCH
  5
19A
330
17
100
AcDbEntity
  8
A-RELLENO
 62
7
420
16635562
100
AcDbHatch
 10
0.0
 20
0.0
 30
0.0
210
0.0
220
0.0
230
1.0
  2
SOLID
 70
1
 71
0
 91
1
 92
3
 72
0
 73
1
 93
4
 10
280.45000000000005
 20
488.5
 10
304.17500000000007
 20
488.5
 10
304.17500000000007
 20
505.0
 10
280.45000000000005
 20
505.0
 97
0
 75
1
 76
1
 98
0
  0
LWPOLYLINE
  5
19B
330
17
100
AcDbEntity
  8
A-EQUIPO-FINO
100
AcDbPolyline
 90
4
 70
1
 10
280.45000000000005
 20
488.5
 10
304.17500000000007
 20
488.5
 10
304.17500000000007
 20
505.0
 10
280.45000000000005
 20
505.0
  0
HATCH
  5
19C
330
17
100
AcDbEntity
  8
A-RELLENO
 62
7
420
16635562
100
AcDbHatch
 10
0.0
 20
0.0
 30
0.0
210
0.0
220
0.0
230
1.0
  2
SOLID
 70
1
 71
0
 91
1
 92
3
 72
0
 73
1
 93
4
 10
304.17500000000007
 20
488.5
 10
327.9000000000001
 20
488.5
 10
327.9000000000001
 20
505.0
 10
304.17500000000007
 20
505.0
 97
0
 75
1
 76
1
 98
0
  0
LWPOLYLINE
  5
19D
330
17
100
AcDbEntity
  8
A-EQUIPO-FINO
100
AcDbPolyline
 90
4
 70
1
 10
304.17500000000007
 20
488.5
 10
327.9000000000001
 20
488.5
 10
327.9000000000001
 20
505.0
 10
304.17500000000007
 20
505.0
  0
HATCH
  5
19E
330
17
100
AcDbEntity
  8
A-RELLENO
 62
7
100
AcDbHatch
 10
0.0
 20
0.0
 30
0.0
210
0.0
220
0.0
230
1.0
  2
ANSI31
 70
0
 71
0
 91
1
 92
3
 72
0
 73
1
 93
4
 10
233.0
 20
488.0
 10
333.0
 20
488.0
 10
333.0
 20
488.5
 10
233.0
 20
488.5
 97
0
 75
1
 76
1
 52
45.0
 41
0.4
 77
0
 78
1
 53
90.0
 43
0.0
 44
0.0
 45
-1.27
 46
0.0
 79
0
 98
0
  0
HATCH
  5
19F
330
17
100
AcDbEntity
  8
A-RELLENO
 62
7
100
AcDbHatch
 10
0.0
 20
0.0
 30
0.0
210
0.0
220
0.0
230
1.0
  2
ANSI31
 70
0
 71
0
 91
1
 92
3
 72
0
 73
1
 93
4
 10
327.9
 20
488.5
 10
333.0
 20
488.5
 10
333.0
 20
538.0
 10
327.9
 20
538.0
 97
0
 75
1
 76
1
 52
45.0
 41
0.4
 77
0
 78
1
 53
90.0
 43
0.0
 44
0.0
 45
-1.27
 46
0.0
 79
0
 98
0
  0
TEXT
  5
1A0
330
17
100
AcDbEntity
  8
A-TEXTO
100
AcDbText
 10
233.0
 20
551.0
 30
0.0
 40
2.5
  1
Cuerpo 5 kg - hoja LAF 1,60 × 1000 × 2000
  7
ISO3098
 11
233.0
 21
551.0
 31
0.0
100
AcDbText
 73
3
  0
DIMENSION
  5
1A1
330
17
100
AcDbEntity
  8
A-COTA
100
AcDbDimension
280
0
  2
*D4
  3
FLAMA-IRAM
 10
228.0
 20
538.0
 30
0.0
 11
230.0
 21
529.75
 31
0.0
 70
32
 71
5
  1
<>
100
AcDbAlignedDimension
 13
233.0
 23
538.0
 33
0.0
 14
233.0
 24
521.5
 34
0.0
 50
90.0
100
AcDbRotatedDimension
1001
ACAD
1000
DSTYLE
1002
{
1070
144
1040
20.0
1070
140
1040
2.0
1070
41
1040
2.0
1070
271
1070
1
1002
}
  0
DIMENSION
  5
1B0
330
17
100
AcDbEntity
  8
A-COTA
100
AcDbDimension
280
0
  2
*D5
  3
FLAMA-IRAM
 10
233.0
 20
542.0
 30
0.0
 11
244.8625
 21
544.0
 31
0.0
 70
32
 71
5
  1
<>
100
AcDbAlignedDimension
 13
233.0
 23
538.0
 33
0.0
 14
256.725
 24
538.0
 34
0.0
 50
0.0
100
AcDbRotatedDimension
1001
ACAD
1000
DSTYLE
1002
{
1070
144
1040
20.0
1070
140
1040
2.0
1070
41
1040
2.0
1070
271
1070
1
1002
}
  0
DIMENSION
  5
1BF
330
17
100
AcDbEntity
  8
A-COTA
100
AcDbDimension
280
0
  2
*D6
  3
FLAMA-IRAM
 10
233.0
 20
483.0
 30
0.0
 11
283.0
 21
485.0
 31
0.0
 70
32
 71
5
  1
<>
100
AcDbAlignedDimension
 13
233.0
 23
488.0
 33
0.0
 14
333.0
 24
488.0
 34
0.0
 50
0.0
100
AcDbRotatedDimension
1001
ACAD
1000
DSTYLE
1002
{
1070
144
1040
20.0
1070
140
1040
2.0
1070
41
1040
2.0
1070
271
1070
0
1002
}
  0
TEXT
  5
1CE
330
17
100
AcDbEntity
  8
A-TEXTO
100
AcDbText
 10
233.0
 20
476.0
 30
0.0
 40
2.1
  1
3 franja(s): 12 cuerpos por hoja; 15 cortes (1,25 por cuerpo)
  7
ISO3098
 11
233.0
 21
476.0
 31
0.0
100
AcDbText
 73
3
  0
TEXT
  5
1CF
330
17
100
AcDbEntity
  8
A-TEXTO
100
AcDbText
 10
233.0
 20
472.745
 30
0.0
 40
2.1
  1
Aprovechamiento 94,0 %; hojas por año (2035): 5.306
  7
ISO3098
 11
233.0
 21
472.745
 31
0.0
100
AcDbText
 73
3
  0
LWPOLYLINE
  5
1D0
330
17
100
AcDbEntity
  8
A-EQUIPO
100
AcDbPolyline
 90
4
 70
1
 10
427.0
 20
463.0
 10
577.0
 20
463.0
 10
577.0
 20
538.0
 10
427.0
 20
538.0
  0
HATCH
  5
1D1
330
17
100
AcDbEntity
  8
A-RELLENO
 62
7
420
16635562
100
AcDbHatch
 10
0.0
 20
0.0
 30
0.0
210
0.0
220
0.0
230
1.0
  2
SOLID
 70
1
 71
0
 91
1
 92
3
 72
0
 73
1
 93
4
 10
427.0
 20
513.25
 10
455.15
 20
513.25
 10
455.15
 20
538.0
 10
427.0
 20
538.0
 97
0
 75
1
 76
1
 98
0
  0
LWPOLYLINE
  5
1D2
330
17
100
AcDbEntity
  8
A-EQUIPO-FINO
100
AcDbPolyline
 90
4
 70
1
 10
427.0
 20
513.25
 10
455.15
 20
513.25
 10
455.15
 20
538.0
 10
427.0
 20
538.0
  0
HATCH
  5
1D3
330
17
100
AcDbEntity
  8
A-RELLENO
 62
7
420
16635562
100
AcDbHatch
 10
0.0
 20
0.0
 30
0.0
210
0.0
220
0.0
230
1.0
  2
SOLID
 70
1
 71
0
 91
1
 92
3
 72
0
 73
1
 93
4
 10
455.15
 20
513.25
 10
483.29999999999995
 20
513.25
 10
483.29999999999995
 20
538.0
 10
455.15
 20
538.0
 97
0
 75
1
 76
1
 98
0
  0
LWPOLYLINE
  5
1D4
330
17
100
AcDbEntity
  8
A-EQUIPO-FINO
100
AcDbPolyline
 90
4
 70
1
 10
455.15
 20
513.25
 10
483.29999999999995
 20
513.25
 10
483.29999999999995
 20
538.0
 10
455.15
 20
538.0
  0
HATCH
  5
1D5
330
17
100
AcDbEntity
  8
A-RELLENO
 62
7
420
16635562
100
AcDbHatch
 10
0.0
 20
0.0
 30
0.0
210
0.0
220
0.0
230
1.0
  2
SOLID
 70
1
 71
0
 91
1
 92
3
 72
0
 73
1
 93
4
 10
483.29999999999995
 20
513.25
 10
511.44999999999993
 20
513.25
 10
511.44999999999993
 20
538.0
 10
483.29999999999995
 20
538.0
 97
0
 75
1
 76
1
 98
0
  0
LWPOLYLINE
  5
1D6
330
17
100
AcDbEntity
  8
A-EQUIPO-FINO
100
AcDbPolyline
 90
4
 70
1
 10
483.29999999999995
 20
513.25
 10
511.44999999999993
 20
513.25
 10
511.44999999999993
 20
538.0
 10
483.29999999999995
 20
538.0
  0
HATCH
  5
1D7
330
17
100
AcDbEntity
  8
A-RELLENO
 62
7
420
16635562
100
AcDbHatch
 10
0.0
 20
0.0
 30
0.0
210
0.0
220
0.0
230
1.0
  2
SOLID
 70
1
 71
0
 91
1
 92
3
 72
0
 73
1
 93
4
 10
511.44999999999993
 20
513.25
 10
539.5999999999999
 20
513.25
 10
539.5999999999999
 20
538.0
 10
511.44999999999993
 20
538.0
 97
0
 75
1
 76
1
 98
0
  0
LWPOLYLINE
  5
1D8
330
17
100
AcDbEntity
  8
A-EQUIPO-FINO
100
AcDbPolyline
 90
4
 70
1
 10
511.44999999999993
 20
513.25
 10
539.5999999999999
 20
513.25
 10
539.5999999999999
 20
538.0
 10
511.44999999999993
 20
538.0
  0
HATCH
  5
1D9
330
17
100
AcDbEntity
  8
A-RELLENO
 62
7
420
16635562
100
AcDbHatch
 10
0.0
 20
0.0
 30
0.0
210
0.0
220
0.0
230
1.0
  2
SOLID
 70
1
 71
0
 91
1
 92
3
 72
0
 73
1
 93
4
 10
539.5999999999999
 20
513.25
 10
567.7499999999999
 20
513.25
 10
567.7499999999999
 20
538.0
 10
539.5999999999999
 20
538.0
 97
0
 75
1
 76
1
 98
0
  0
LWPOLYLINE
  5
1DA
330
17
100
AcDbEntity
  8
A-EQUIPO-FINO
100
AcDbPolyline
 90
4
 70
1
 10
539.5999999999999
 20
513.25
 10
567.7499999999999
 20
513.25
 10
567.7499999999999
 20
538.0
 10
539.5999999999999
 20
538.0
  0
HATCH
  5
1DB
330
17
100
AcDbEntity
  8
A-RELLENO
 62
7
420
16635562
100
AcDbHatch
 10
0.0
 20
0.0
 30
0.0
210
0.0
220
0.0
230
1.0
  2
SOLID
 70
1
 71
0
 91
1
 92
3
 72
0
 73
1
 93
4
 10
427.0
 20
488.5
 10
455.15
 20
488.5
 10
455.15
 20
513.25
 10
427.0
 20
513.25
 97
0
 75
1
 76
1
 98
0
  0
LWPOLYLINE
  5
1DC
330
17
100
AcDbEntity
  8
A-EQUIPO-FINO
100
AcDbPolyline
 90
4
 70
1
 10
427.0
 20
488.5
 10
455.15
 20
488.5
 10
455.15
 20
513.25
 10
427.0
 20
513.25
  0
HATCH
  5
1DD
330
17
100
AcDbEntity
  8
A-RELLENO
 62
7
420
16635562
100
AcDbHatch
 10
0.0
 20
0.0
 30
0.0
210
0.0
220
0.0
230
1.0
  2
SOLID
 70
1
 71
0
 91
1
 92
3
 72
0
 73
1
 93
4
 10
455.15
 20
488.5
 10
483.29999999999995
 20
488.5
 10
483.29999999999995
 20
513.25
 10
455.15
 20
513.25
 97
0
 75
1
 76
1
 98
0
  0
LWPOLYLINE
  5
1DE
330
17
100
AcDbEntity
  8
A-EQUIPO-FINO
100
AcDbPolyline
 90
4
 70
1
 10
455.15
 20
488.5
 10
483.29999999999995
 20
488.5
 10
483.29999999999995
 20
513.25
 10
455.15
 20
513.25
  0
HATCH
  5
1DF
330
17
100
AcDbEntity
  8
A-RELLENO
 62
7
420
16635562
100
AcDbHatch
 10
0.0
 20
0.0
 30
0.0
210
0.0
220
0.0
230
1.0
  2
SOLID
 70
1
 71
0
 91
1
 92
3
 72
0
 73
1
 93
4
 10
483.29999999999995
 20
488.5
 10
511.44999999999993
 20
488.5
 10
511.44999999999993
 20
513.25
 10
483.29999999999995
 20
513.25
 97
0
 75
1
 76
1
 98
0
  0
LWPOLYLINE
  5
1E0
330
17
100
AcDbEntity
  8
A-EQUIPO-FINO
100
AcDbPolyline
 90
4
 70
1
 10
483.29999999999995
 20
488.5
 10
511.44999999999993
 20
488.5
 10
511.44999999999993
 20
513.25
 10
483.29999999999995
 20
513.25
  0
HATCH
  5
1E1
330
17
100
AcDbEntity
  8
A-RELLENO
 62
7
420
16635562
100
AcDbHatch
 10
0.0
 20
0.0
 30
0.0
210
0.0
220
0.0
230
1.0
  2
SOLID
 70
1
 71
0
 91
1
 92
3
 72
0
 73
1
 93
4
 10
511.44999999999993
 20
488.5
 10
539.5999999999999
 20
488.5
 10
539.5999999999999
 20
513.25
 10
511.44999999999993
 20
513.25
 97
0
 75
1
 76
1
 98
0
  0
LWPOLYLINE
  5
1E2
330
17
100
AcDbEntity
  8
A-EQUIPO-FINO
100
AcDbPolyline
 90
4
 70
1
 10
511.44999999999993
 20
488.5
 10
539.5999999999999
 20
488.5
 10
539.5999999999999
 20
513.25
 10
511.44999999999993
 20
513.25
  0
HATCH
  5
1E3
330
17
100
AcDbEntity
  8
A-RELLENO
 62
7
420
16635562
100
AcDbHatch
 10
0.0
 20
0.0
 30
0.0
210
0.0
220
0.0
230
1.0
  2
SOLID
 70
1
 71
0
 91
1
 92
3
 72
0
 73
1
 93
4
 10
539.5999999999999
 20
488.5
 10
567.7499999999999
 20
488.5
 10
567.7499999999999
 20
513.25
 10
539.5999999999999
 20
513.25
 97
0
 75
1
 76
1
 98
0
  0
LWPOLYLINE
  5
1E4
330
17
100
AcDbEntity
  8
A-EQUIPO-FINO
100
AcDbPolyline
 90
4
 70
1
 10
539.5999999999999
 20
488.5
 10
567.7499999999999
 20
488.5
 10
567.7499999999999
 20
513.25
 10
539.5999999999999
 20
513.25
  0
HATCH
  5
1E5
330
17
100
AcDbEntity
  8
A-RELLENO
 62
7
420
16635562
100
AcDbHatch
 10
0.0
 20
0.0
 30
0.0
210
0.0
220
0.0
230
1.0
  2
SOLID
 70
1
 71
0
 91
1
 92
3
 72
0
 73
1
 93
4
 10
427.0
 20
463.75
 10
455.15
 20
463.75
 10
455.15
 20
488.5
 10
427.0
 20
488.5
 97
0
 75
1
 76
1
 98
0
  0
LWPOLYLINE
  5
1E6
330
17
100
AcDbEntity
  8
A-EQUIPO-FINO
100
AcDbPolyline
 90
4
 70
1
 10
427.0
 20
463.75
 10
455.15
 20
463.75
 10
455.15
 20
488.5
 10
427.0
 20
488.5
  0
HATCH
  5
1E7
330
17
100
AcDbEntity
  8
A-RELLENO
 62
7
420
16635562
100
AcDbHatch
 10
0.0
 20
0.0
 30
0.0
210
0.0
220
0.0
230
1.0
  2
SOLID
 70
1
 71
0
 91
1
 92
3
 72
0
 73
1
 93
4
 10
455.15
 20
463.75
 10
483.29999999999995
 20
463.75
 10
483.29999999999995
 20
488.5
 10
455.15
 20
488.5
 97
0
 75
1
 76
1
 98
0
  0
LWPOLYLINE
  5
1E8
330
17
100
AcDbEntity
  8
A-EQUIPO-FINO
100
AcDbPolyline
 90
4
 70
1
 10
455.15
 20
463.75
 10
483.29999999999995
 20
463.75
 10
483.29999999999995
 20
488.5
 10
455.15
 20
488.5
  0
HATCH
  5
1E9
330
17
100
AcDbEntity
  8
A-RELLENO
 62
7
420
16635562
100
AcDbHatch
 10
0.0
 20
0.0
 30
0.0
210
0.0
220
0.0
230
1.0
  2
SOLID
 70
1
 71
0
 91
1
 92
3
 72
0
 73
1
 93
4
 10
483.29999999999995
 20
463.75
 10
511.44999999999993
 20
463.75
 10
511.44999999999993
 20
488.5
 10
483.29999999999995
 20
488.5
 97
0
 75
1
 76
1
 98
0
  0
LWPOLYLINE
  5
1EA
330
17
100
AcDbEntity
  8
A-EQUIPO-FINO
100
AcDbPolyline
 90
4
 70
1
 10
483.29999999999995
 20
463.75
 10
511.44999999999993
 20
463.75
 10
511.44999999999993
 20
488.5
 10
483.29999999999995
 20
488.5
  0
HATCH
  5
1EB
330
17
100
AcDbEntity
  8
A-RELLENO
 62
7
420
16635562
100
AcDbHatch
 10
0.0
 20
0.0
 30
0.0
210
0.0
220
0.0
230
1.0
  2
SOLID
 70
1
 71
0
 91
1
 92
3
 72
0
 73
1
 93
4
 10
511.44999999999993
 20
463.75
 10
539.5999999999999
 20
463.75
 10
539.5999999999999
 20
488.5
 10
511.44999999999993
 20
488.5
 97
0
 75
1
 76
1
 98
0
  0
LWPOLYLINE
  5
1EC
330
17
100
AcDbEntity
  8
A-EQUIPO-FINO
100
AcDbPolyline
 90
4
 70
1
 10
511.44999999999993
 20
463.75
 10
539.5999999999999
 20
463.75
 10
539.5999999999999
 20
488.5
 10
511.44999999999993
 20
488.5
  0
HATCH
  5
1ED
330
17
100
AcDbEntity
  8
A-RELLENO
 62
7
420
16635562
100
AcDbHatch
 10
0.0
 20
0.0
 30
0.0
210
0.0
220
0.0
230
1.0
  2
SOLID
 70
1
 71
0
 91
1
 92
3
 72
0
 73
1
 93
4
 10
539.5999999999999
 20
463.75
 10
567.7499999999999
 20
463.75
 10
567.7499999999999
 20
488.5
 10
539.5999999999999
 20
488.5
 97
0
 75
1
 76
1
 98
0
  0
LWPOLYLINE
  5
1EE
330
17
100
AcDbEntity
  8
A-EQUIPO-FINO
100
AcDbPolyline
 90
4
 70
1
 10
539.5999999999999
 20
463.75
 10
567.7499999999999
 20
463.75
 10
567.7499999999999
 20
488.5
 10
539.5999999999999
 20
488.5
  0
HATCH
  5
1EF
330
17
100
AcDbEntity
  8
A-RELLENO
 62
7
100
AcDbHatch
 10
0.0
 20
0.0
 30
0.0
210
0.0
220
0.0
230
1.0
  2
ANSI31
 70
0
 71
0
 91
1
 92
3
 72
0
 73
1
 93
4
 10
427.0
 20
463.0
 10
577.0
 20
463.0
 10
577.0
 20
463.75
 10
427.0
 20
463.75
 97
0
 75
1
 76
1
 52
45.0
 41
0.4
 77
0
 78
1
 53
90.0
 43
0.0
 44
0.0
 45
-1.27
 46
0.0
 79
0
 98
0
  0
HATCH
  5
1F0
330
17
100
AcDbEntity
  8
A-RELLENO
 62
7
100
AcDbHatch
 10
0.0
 20
0.0
 30
0.0
210
0.0
220
0.0
230
1.0
  2
ANSI31
 70
0
 71
0
 91
1
 92
3
 72
0
 73
1
 93
4
 10
567.75
 20
463.75
 10
577.0
 20
463.75
 10
577.0
 20
538.0
 10
567.75
 20
538.0
 97
0
 75
1
 76
1
 52
45.0
 41
0.4
 77
0
 78
1
 53
90.0
 43
0.0
 44
0.0
 45
-1.27
 46
0.0
 79
0
 98
0
  0
TEXT
  5
1F1
330
17
100
AcDbEntity
  8
A-TEXTO
100
AcDbText
 10
427.0
 20
551.0
 30
0.0
 40
2.5
  1
Cuerpo 10 kg - hoja LAF 2,00 × 1500 × 3000
  7
ISO3098
 11
427.0
 21
551.0
 31
0.0
100
AcDbText
 73
3
  0
DIMENSION
  5
1F2
330
17
100
AcDbEntity
  8
A-COTA
100
AcDbDimension
280
0
  2
*D7
  3
FLAMA-IRAM
 10
422.0
 20
538.0
 30
0.0
 11
424.0
 21
525.625
 31
0.0
 70
32
 71
5
  1
<>
100
AcDbAlignedDimension
 13
427.0
 23
538.0
 33
0.0
 14
427.0
 24
513.25
 34
0.0
 50
90.0
100
AcDbRotatedDimension
1001
ACAD
1000
DSTYLE
1002
{
1070
144
1040
20.0
1070
140
1040
2.0
1070
41
1040
2.0
1070
271
1070
1
1002
}
  0
DIMENSION
  5
201
330
17
100
AcDbEntity
  8
A-COTA
100
AcDbDimension
280
0
  2
*D8
  3
FLAMA-IRAM
 10
427.0
 20
542.0
 30
0.0
 11
441.075
 21
544.0
 31
0.0
 70
32
 71
5
  1
<>
100
AcDbAlignedDimension
 13
427.0
 23
538.0
 33
0.0
 14
455.15
 24
538.0
 34
0.0
 50
0.0
100
AcDbRotatedDimension
1001
ACAD
1000
DSTYLE
1002
{
1070
144
1040
20.0
1070
140
1040
2.0
1070
41
1040
2.0
1070
271
1070
1
1002
}
  0
DIMENSION
  5
210
330
17
100
AcDbEntity
  8
A-COTA
100
AcDbDimension
280
0
  2
*D9
  3
FLAMA-IRAM
 10
427.0
 20
458.0
 30
0.0
 11
502.0
 21
460.0
 31
0.0
 70
32
 71
5
  1
<>
100
AcDbAlignedDimension
 13
427.0
 23
463.0
 33
0.0
 14
577.0
 24
463.0
 34
0.0
 50
0.0
100
AcDbRotatedDimension
1001
ACAD
1000
DSTYLE
1002
{
1070
144
1040
20.0
1070
140
1040
2.0
1070
41
1040
2.0
1070
271
1070
0
1002
}
  0
TEXT
  5
21F
330
17
100
AcDbEntity
  8
A-TEXTO
100
AcDbText
 10
427.0
 20
451.0
 30
0.0
 40
2.1
  1
3 franja(s): 15 cuerpos por hoja; 18 cortes (1,20 por cuerpo)
  7
ISO3098
 11
427.0
 21
451.0
 31
0.0
100
AcDbText
 73
3
  0
TEXT
  5
220
330
17
100
AcDbEntity
  8
A-TEXTO
100
AcDbText
 10
427.0
 20
447.745
 30
0.0
 40
2.1
  1
Aprovechamiento 92,9 %; hojas por año (2035): 257
  7
ISO3098
 11
427.0
 21
447.745
 31
0.0
100
AcDbText
 73
3
  0
LWPOLYLINE
  5
221
330
17
100
AcDbEntity
  8
A-EQUIPO
100
AcDbPolyline
 90
4
 70
1
 10
621.0
 20
463.0
 10
771.0
 20
463.0
 10
771.0
 20
538.0
 10
621.0
 20
538.0
  0
HATCH
  5
222
330
17
100
AcDbEntity
  8
A-RELLENO
 62
7
420
16635562
100
AcDbHatch
 10
0.0
 20
0.0
 30
0.0
210
0.0
220
0.0
230
1.0
  2
SOLID
 70
1
 71
0
 91
1
 92
3
 72
0
 73
1
 93
4
 10
621.0
 20
513.5
 10
663.9
 20
513.5
 10
663.9
 20
538.0
 10
621.0
 20
538.0
 97
0
 75
1
 76
1
 98
0
  0
LWPOLYLINE
  5
223
330
17
100
AcDbEntity
  8
A-EQUIPO-FINO
100
AcDbPolyline
 90
4
 70
1
 10
621.0
 20
513.5
 10
663.9
 20
513.5
 10
663.9
 20
538.0
 10
621.0
 20
538.0
  0
HATCH
  5
224
330
17
100
AcDbEntity
  8
A-RELLENO
 62
7
420
16635562
100
AcDbHatch
 10
0.0
 20
0.0
 30
0.0
210
0.0
220
0.0
230
1.0
  2
SOLID
 70
1
 71
0
 91
1
 92
3
 72
0
 73
1
 93
4
 10
663.9
 20
513.5
 10
706.8
 20
513.5
 10
706.8
 20
538.0
 10
663.9
 20
538.0
 97
0
 75
1
 76
1
 98
0
  0
LWPOLYLINE
  5
225
330
17
100
AcDbEntity
  8
A-EQUIPO-FINO
100
AcDbPolyline
 90
4
 70
1
 10
663.9
 20
513.5
 10
706.8
 20
513.5
 10
706.8
 20
538.0
 10
663.9
 20
538.0
  0
HATCH
  5
226
330
17
100
AcDbEntity
  8
A-RELLENO
 62
7
420
16635562
100
AcDbHatch
 10
0.0
 20
0.0
 30
0.0
210
0.0
220
0.0
230
1.0
  2
SOLID
 70
1
 71
0
 91
1
 92
3
 72
0
 73
1
 93
4
 10
706.8
 20
513.5
 10
749.6999999999999
 20
513.5
 10
749.6999999999999
 20
538.0
 10
706.8
 20
538.0
 97
0
 75
1
 76
1
 98
0
  0
LWPOLYLINE
  5
227
330
17
100
AcDbEntity
  8
A-EQUIPO-FINO
100
AcDbPolyline
 90
4
 70
1
 10
706.8
 20
513.5
 10
749.6999999999999
 20
513.5
 10
749.6999999999999
 20
538.0
 10
706.8
 20
538.0
  0
HATCH
  5
228
330
17
100
AcDbEntity
  8
A-RELLENO
 62
7
420
16635562
100
AcDbHatch
 10
0.0
 20
0.0
 30
0.0
210
0.0
220
0.0
230
1.0
  2
SOLID
 70
1
 71
0
 91
1
 92
3
 72
0
 73
1
 93
4
 10
621.0
 20
489.0
 10
663.9
 20
489.0
 10
663.9
 20
513.5
 10
621.0
 20
513.5
 97
0
 75
1
 76
1
 98
0
  0
LWPOLYLINE
  5
229
330
17
100
AcDbEntity
  8
A-EQUIPO-FINO
100
AcDbPolyline
 90
4
 70
1
 10
621.0
 20
489.0
 10
663.9
 20
489.0
 10
663.9
 20
513.5
 10
621.0
 20
513.5
  0
HATCH
  5
22A
330
17
100
AcDbEntity
  8
A-RELLENO
 62
7
420
16635562
100
AcDbHatch
 10
0.0
 20
0.0
 30
0.0
210
0.0
220
0.0
230
1.0
  2
SOLID
 70
1
 71
0
 91
1
 92
3
 72
0
 73
1
 93
4
 10
663.9
 20
489.0
 10
706.8
 20
489.0
 10
706.8
 20
513.5
 10
663.9
 20
513.5
 97
0
 75
1
 76
1
 98
0
  0
LWPOLYLINE
  5
22B
330
17
100
AcDbEntity
  8
A-EQUIPO-FINO
100
AcDbPolyline
 90
4
 70
1
 10
663.9
 20
489.0
 10
706.8
 20
489.0
 10
706.8
 20
513.5
 10
663.9
 20
513.5
  0
HATCH
  5
22C
330
17
100
AcDbEntity
  8
A-RELLENO
 62
7
420
16635562
100
AcDbHatch
 10
0.0
 20
0.0
 30
0.0
210
0.0
220
0.0
230
1.0
  2
SOLID
 70
1
 71
0
 91
1
 92
3
 72
0
 73
1
 93
4
 10
706.8
 20
489.0
 10
749.6999999999999
 20
489.0
 10
749.6999999999999
 20
513.5
 10
706.8
 20
513.5
 97
0
 75
1
 76
1
 98
0
  0
LWPOLYLINE
  5
22D
330
17
100
AcDbEntity
  8
A-EQUIPO-FINO
100
AcDbPolyline
 90
4
 70
1
 10
706.8
 20
489.0
 10
749.6999999999999
 20
489.0
 10
749.6999999999999
 20
513.5
 10
706.8
 20
513.5
  0
HATCH
  5
22E
330
17
100
AcDbEntity
  8
A-RELLENO
 62
7
420
16635562
100
AcDbHatch
 10
0.0
 20
0.0
 30
0.0
210
0.0
220
0.0
230
1.0
  2
SOLID
 70
1
 71
0
 91
1
 92
3
 72
0
 73
1
 93
4
 10
621.0
 20
464.5
 10
663.9
 20
464.5
 10
663.9
 20
489.0
 10
621.0
 20
489.0
 97
0
 75
1
 76
1
 98
0
  0
LWPOLYLINE
  5
22F
330
17
100
AcDbEntity
  8
A-EQUIPO-FINO
100
AcDbPolyline
 90
4
 70
1
 10
621.0
 20
464.5
 10
663.9
 20
464.5
 10
663.9
 20
489.0
 10
621.0
 20
489.0
  0
HATCH
  5
230
330
17
100
AcDbEntity
  8
A-RELLENO
 62
7
420
16635562
100
AcDbHatch
 10
0.0
 20
0.0
 30
0.0
210
0.0
220
0.0
230
1.0
  2
SOLID
 70
1
 71
0
 91
1
 92
3
 72
0
 73
1
 93
4
 10
663.9
 20
464.5
 10
706.8
 20
464.5
 10
706.8
 20
489.0
 10
663.9
 20
489.0
 97
0
 75
1
 76
1
 98
0
  0
LWPOLYLINE
  5
231
330
17
100
AcDbEntity
  8
A-EQUIPO-FINO
100
AcDbPolyline
 90
4
 70
1
 10
663.9
 20
464.5
 10
706.8
 20
464.5
 10
706.8
 20
489.0
 10
663.9
 20
489.0
  0
HATCH
  5
232
330
17
100
AcDbEntity
  8
A-RELLENO
 62
7
420
16635562
100
AcDbHatch
 10
0.0
 20
0.0
 30
0.0
210
0.0
220
0.0
230
1.0
  2
SOLID
 70
1
 71
0
 91
1
 92
3
 72
0
 73
1
 93
4
 10
706.8
 20
464.5
 10
749.6999999999999
 20
464.5
 10
749.6999999999999
 20
489.0
 10
706.8
 20
489.0
 97
0
 75
1
 76
1
 98
0
  0
LWPOLYLINE
  5
233
330
17
100
AcDbEntity
  8
A-EQUIPO-FINO
100
AcDbPolyline
 90
4
 70
1
 10
706.8
 20
464.5
 10
749.6999999999999
 20
464.5
 10
749.6999999999999
 20
489.0
 10
706.8
 20
489.0
  0
HATCH
  5
234
330
17
100
AcDbEntity
  8
A-RELLENO
 62
7
100
AcDbHatch
 10
0.0
 20
0.0
 30
0.0
210
0.0
220
0.0
230
1.0
  2
ANSI31
 70
0
 71
0
 91
1
 92
3
 72
0
 73
1
 93
4
 10
621.0
 20
463.0
 10
771.0
 20
463.0
 10
771.0
 20
464.5
 10
621.0
 20
464.5
 97
0
 75
1
 76
1
 52
45.0
 41
0.4
 77
0
 78
1
 53
90.0
 43
0.0
 44
0.0
 45
-1.27
 46
0.0
 79
0
 98
0
  0
HATCH
  5
235
330
17
100
AcDbEntity
  8
A-RELLENO
 62
7
100
AcDbHatch
 10
0.0
 20
0.0
 30
0.0
210
0.0
220
0.0
230
1.0
  2
ANSI31
 70
0
 71
0
 91
1
 92
3
 72
0
 73
1
 93
4
 10
749.7
 20
464.5
 10
771.0
 20
464.5
 10
771.0
 20
538.0
 10
749.7
 20
538.0
 97
0
 75
1
 76
1
 52
45.0
 41
0.4
 77
0
 78
1
 53
90.0
 43
0.0
 44
0.0
 45
-1.27
 46
0.0
 79
0
 98
0
  0
TEXT
  5
236
330
17
100
AcDbEntity
  8
A-TEXTO
100
AcDbText
 10
621.0
 20
551.0
 30
0.0
 40
2.5
  1
Cuerpo 25 kg - hoja LAC 3,20 × 1500 × 3000
  7
ISO3098
 11
621.0
 21
551.0
 31
0.0
100
AcDbText
 73
3
  0
DIMENSION
  5
237
330
17
100
AcDbEntity
  8
A-COTA
100
AcDbDimension
280
0
  2
*D10
  3
FLAMA-IRAM
 10
616.0
 20
538.0
 30
0.0
 11
618.0
 21
525.75
 31
0.0
 70
32
 71
5
  1
<>
100
AcDbAlignedDimension
 13
621.0
 23
538.0
 33
0.0
 14
621.0
 24
513.5
 34
0.0
 50
90.0
100
AcDbRotatedDimension
1001
ACAD
1000
DSTYLE
1002
{
1070
144
1040
20.0
1070
140
1040
2.0
1070
41
1040
2.0
1070
271
1070
1
1002
}
  0
DIMENSION
  5
246
330
17
100
AcDbEntity
  8
A-COTA
100
AcDbDimension
280
0
  2
*D11
  3
FLAMA-IRAM
 10
621.0
 20
542.0
 30
0.0
 11
642.45
 21
544.0
 31
0.0
 70
32
 71
5
  1
<>
100
AcDbAlignedDimension
 13
621.0
 23
538.0
 33
0.0
 14
663.9
 24
538.0
 34
0.0
 50
0.0
100
AcDbRotatedDimension
1001
ACAD
1000
DSTYLE
1002
{
1070
144
1040
20.0
1070
140
1040
2.0
1070
41
1040
2.0
1070
271
1070
1
1002
}
  0
DIMENSION
  5
255
330
17
100
AcDbEntity
  8
A-COTA
100
AcDbDimension
280
0
  2
*D12
  3
FLAMA-IRAM
 10
621.0
 20
458.0
 30
0.0
 11
696.0
 21
460.0
 31
0.0
 70
32
 71
5
  1
<>
100
AcDbAlignedDimension
 13
621.0
 23
463.0
 33
0.0
 14
771.0
 24
463.0
 34
0.0
 50
0.0
100
AcDbRotatedDimension
1001
ACAD
1000
DSTYLE
1002
{
1070
144
1040
20.0
1070
140
1040
2.0
1070
41
1040
2.0
1070
271
1070
0
1002
}
  0
TEXT
  5
264
330
17
100
AcDbEntity
  8
A-TEXTO
100
AcDbText
 10
621.0
 20
451.0
 30
0.0
 40
2.1
  1
3 franja(s): 9 cuerpos por hoja; 12 cortes (1,33 por cuerpo)
  7
ISO3098
 11
621.0
 21
451.0
 31
0.0
100
AcDbText
 73
3
  0
TEXT
  5
265
330
17
100
AcDbEntity
  8
A-TEXTO
100
AcDbText
 10
621.0
 20
447.745
 30
0.0
 40
2.1
  1
Aprovechamiento 84,1 %; hojas por año (2035): 86
  7
ISO3098
 11
621.0
 21
447.745
 31
0.0
100
AcDbText
 73
3
  0
LWPOLYLINE
  5
266
330
17
100
AcDbEntity
  8
A-EQUIPO
100
AcDbPolyline
 90
4
 70
1
 10
39.0
 20
345.0
 10
189.0
 20
345.0
 10
189.0
 20
420.0
 10
39.0
 20
420.0
  0
HATCH
  5
267
330
17
100
AcDbEntity
  8
A-RELLENO
 62
7
420
16635562
100
AcDbHatch
 10
0.0
 20
0.0
 30
0.0
210
0.0
220
0.0
230
1.0
  2
SOLID
 70
1
 71
0
 91
1
 92
3
 72
0
 73
1
 93
4
 10
39.0
 20
388.0
 10
88.7
 20
388.0
 10
88.7
 20
420.0
 10
39.0
 20
420.0
 97
0
 75
1
 76
1
 98
0
  0
LWPOLYLINE
  5
268
330
17
100
AcDbEntity
  8
A-EQUIPO-FINO
100
AcDbPolyline
 90
4
 70
1
 10
39.0
 20
388.0
 10
88.7
 20
388.0
 10
88.7
 20
420.0
 10
39.0
 20
420.0
  0
HATCH
  5
269
330
17
100
AcDbEntity
  8
A-RELLENO
 62
7
420
16635562
100
AcDbHatch
 10
0.0
 20
0.0
 30
0.0
210
0.0
220
0.0
230
1.0
  2
SOLID
 70
1
 71
0
 91
1
 92
3
 72
0
 73
1
 93
4
 10
88.7
 20
388.0
 10
138.4
 20
388.0
 10
138.4
 20
420.0
 10
88.7
 20
420.0
 97
0
 75
1
 76
1
 98
0
  0
LWPOLYLINE
  5
26A
330
17
100
AcDbEntity
  8
A-EQUIPO-FINO
100
AcDbPolyline
 90
4
 70
1
 10
88.7
 20
388.0
 10
138.4
 20
388.0
 10
138.4
 20
420.0
 10
88.7
 20
420.0
  0
HATCH
  5
26B
330
17
100
AcDbEntity
  8
A-RELLENO
 62
7
420
16635562
100
AcDbHatch
 10
0.0
 20
0.0
 30
0.0
210
0.0
220
0.0
230
1.0
  2
SOLID
 70
1
 71
0
 91
1
 92
3
 72
0
 73
1
 93
4
 10
138.4
 20
388.0
 10
188.10000000000002
 20
388.0
 10
188.10000000000002
 20
420.0
 10
138.4
 20
420.0
 97
0
 75
1
 76
1
 98
0
  0
LWPOLYLINE
  5
26C
330
17
100
AcDbEntity
  8
A-EQUIPO-FINO
100
AcDbPolyline
 90
4
 70
1
 10
138.4
 20
388.0
 10
188.10000000000002
 20
388.0
 10
188.10000000000002
 20
420.0
 10
138.4
 20
420.0
  0
HATCH
  5
26D
330
17
100
AcDbEntity
  8
A-RELLENO
 62
7
420
16635562
100
AcDbHatch
 10
0.0
 20
0.0
 30
0.0
210
0.0
220
0.0
230
1.0
  2
SOLID
 70
1
 71
0
 91
1
 92
3
 72
0
 73
1
 93
4
 10
39.0
 20
356.0
 10
88.7
 20
356.0
 10
88.7
 20
388.0
 10
39.0
 20
388.0
 97
0
 75
1
 76
1
 98
0
  0
LWPOLYLINE
  5
26E
330
17
100
AcDbEntity
  8
A-EQUIPO-FINO
100
AcDbPolyline
 90
4
 70
1
 10
39.0
 20
356.0
 10
88.7
 20
356.0
 10
88.7
 20
388.0
 10
39.0
 20
388.0
  0
HATCH
  5
26F
330
17
100
AcDbEntity
  8
A-RELLENO
 62
7
420
16635562
100
AcDbHatch
 10
0.0
 20
0.0
 30
0.0
210
0.0
220
0.0
230
1.0
  2
SOLID
 70
1
 71
0
 91
1
 92
3
 72
0
 73
1
 93
4
 10
88.7
 20
356.0
 10
138.4
 20
356.0
 10
138.4
 20
388.0
 10
88.7
 20
388.0
 97
0
 75
1
 76
1
 98
0
  0
LWPOLYLINE
  5
270
330
17
100
AcDbEntity
  8
A-EQUIPO-FINO
100
AcDbPolyline
 90
4
 70
1
 10
88.7
 20
356.0
 10
138.4
 20
356.0
 10
138.4
 20
388.0
 10
88.7
 20
388.0
  0
HATCH
  5
271
330
17
100
AcDbEntity
  8
A-RELLENO
 62
7
420
16635562
100
AcDbHatch
 10
0.0
 20
0.0
 30
0.0
210
0.0
220
0.0
230
1.0
  2
SOLID
 70
1
 71
0
 91
1
 92
3
 72
0
 73
1
 93
4
 10
138.4
 20
356.0
 10
188.10000000000002
 20
356.0
 10
188.10000000000002
 20
388.0
 10
138.4
 20
388.0
 97
0
 75
1
 76
1
 98
0
  0
LWPOLYLINE
  5
272
330
17
100
AcDbEntity
  8
A-EQUIPO-FINO
100
AcDbPolyline
 90
4
 70
1
 10
138.4
 20
356.0
 10
188.10000000000002
 20
356.0
 10
188.10000000000002
 20
388.0
 10
138.4
 20
388.0
  0
HATCH
  5
273
330
17
100
AcDbEntity
  8
A-RELLENO
 62
7
100
AcDbHatch
 10
0.0
 20
0.0
 30
0.0
210
0.0
220
0.0
230
1.0
  2
ANSI31
 70
0
 71
0
 91
1
 92
3
 72
0
 73
1
 93
4
 10
39.0
 20
345.0
 10
189.0
 20
345.0
 10
189.0
 20
356.0
 10
39.0
 20
356.0
 97
0
 75
1
 76
1
 52
45.0
 41
0.4
 77
0
 78
1
 53
90.0
 43
0.0
 44
0.0
 45
-1.27
 46
0.0
 79
0
 98
0
  0
HATCH
  5
274
330
17
100
AcDbEntity
  8
A-RELLENO
 62
7
100
AcDbHatch
 10
0.0
 20
0.0
 30
0.0
210
0.0
220
0.0
230
1.0
  2
ANSI31
 70
0
 71
0
 91
1
 92
3
 72
0
 73
1
 93
4
 10
188.1
 20
356.0
 10
189.0
 20
356.0
 10
189.0
 20
420.0
 10
188.1
 20
420.0
 97
0
 75
1
 76
1
 52
45.0
 41
0.4
 77
0
 78
1
 53
90.0
 43
0.0
 44
0.0
 45
-1.27
 46
0.0
 79
0
 98
0
  0
TEXT
  5
275
330
17
100
AcDbEntity
  8
A-TEXTO
100
AcDbText
 10
39.0
 20
433.0
 30
0.0
 40
2.5
  1
Cuerpo 50 kg - hoja LAC 3,20 × 1500 × 3000
  7
ISO3098
 11
39.0
 21
433.0
 31
0.0
100
AcDbText
 73
3
  0
DIMENSION
  5
276
330
17
100
AcDbEntity
  8
A-COTA
100
AcDbDimension
280
0
  2
*D13
  3
FLAMA-IRAM
 10
34.0
 20
420.0
 30
0.0
 11
36.0
 21
404.0
 31
0.0
 70
32
 71
5
  1
<>
100
AcDbAlignedDimension
 13
39.0
 23
420.0
 33
0.0
 14
39.0
 24
388.0
 34
0.0
 50
90.0
100
AcDbRotatedDimension
1001
ACAD
1000
DSTYLE
1002
{
1070
144
1040
20.0
1070
140
1040
2.0
1070
41
1040
2.0
1070
271
1070
1
1002
}
  0
DIMENSION
  5
285
330
17
100
AcDbEntity
  8
A-COTA
100
AcDbDimension
280
0
  2
*D14
  3
FLAMA-IRAM
 10
39.0
 20
424.0
 30
0.0
 11
63.85
 21
426.0
 31
0.0
 70
32
 71
5
  1
<>
100
AcDbAlignedDimension
 13
39.0
 23
420.0
 33
0.0
 14
88.7
 24
420.0
 34
0.0
 50
0.0
100
AcDbRotatedDimension
1001
ACAD
1000
DSTYLE
1002
{
1070
144
1040
20.0
1070
140
1040
2.0
1070
41
1040
2.0
1070
271
1070
1
1002
}
  0
DIMENSION
  5
294
330
17
100
AcDbEntity
  8
A-COTA
100
AcDbDimension
280
0
  2
*D15
  3
FLAMA-IRAM
 10
39.0
 20
340.0
 30
0.0
 11
114.0
 21
342.0
 31
0.0
 70
32
 71
5
  1
<>
100
AcDbAlignedDimension
 13
39.0
 23
345.0
 33
0.0
 14
189.0
 24
345.0
 34
0.0
 50
0.0
100
AcDbRotatedDimension
1001
ACAD
1000
DSTYLE
1002
{
1070
144
1040
20.0
1070
140
1040
2.0
1070
41
1040
2.0
1070
271
1070
0
1002
}
  0
TEXT
  5
2A3
330
17
100
AcDbEntity
  8
A-TEXTO
100
AcDbText
 10
39.0
 20
333.0
 30
0.0
 40
2.1
  1
2 franja(s): 6 cuerpos por hoja; 8 cortes (1,33 por cuerpo)
  7
ISO3098
 11
39.0
 21
333.0
 31
0.0
100
AcDbText
 73
3
  0
TEXT
  5
2A4
330
17
100
AcDbEntity
  8
A-TEXTO
100
AcDbText
 10
39.0
 20
329.745
 30
0.0
 40
2.1
  1
Aprovechamiento 84,8 %; hojas por año (2035): 284
  7
ISO3098
 11
39.0
 21
329.745
 31
0.0
100
AcDbText
 73
3
  0
LWPOLYLINE
  5
2A5
330
17
100
AcDbEntity
  8
A-EQUIPO
100
AcDbPolyline
 90
4
 70
1
 10
233.0
 20
345.0
 10
383.0
 20
345.0
 10
383.0
 20
420.0
 10
233.0
 20
420.0
  0
HATCH
  5
2A6
330
17
100
AcDbEntity
  8
A-RELLENO
 62
7
420
16635562
100
AcDbHatch
 10
0.0
 20
0.0
 30
0.0
210
0.0
220
0.0
230
1.0
  2
SOLID
 70
1
 71
0
 91
1
 92
3
 72
0
 73
1
 93
4
 10
233.0
 20
386.0
 10
293.6
 20
386.0
 10
293.6
 20
420.0
 10
233.0
 20
420.0
 97
0
 75
1
 76
1
 98
0
  0
LWPOLYLINE
  5
2A7
330
17
100
AcDbEntity
  8
A-EQUIPO-FINO
100
AcDbPolyline
 90
4
 70
1
 10
233.0
 20
386.0
 10
293.6
 20
386.0
 10
293.6
 20
420.0
 10
233.0
 20
420.0
  0
HATCH
  5
2A8
330
17
100
AcDbEntity
  8
A-RELLENO
 62
7
420
16635562
100
AcDbHatch
 10
0.0
 20
0.0
 30
0.0
210
0.0
220
0.0
230
1.0
  2
SOLID
 70
1
 71
0
 91
1
 92
3
 72
0
 73
1
 93
4
 10
293.6
 20
386.0
 10
354.20000000000005
 20
386.0
 10
354.20000000000005
 20
420.0
 10
293.6
 20
420.0
 97
0
 75
1
 76
1
 98
0
  0
LWPOLYLINE
  5
2A9
330
17
100
AcDbEntity
  8
A-EQUIPO-FINO
100
AcDbPolyline
 90
4
 70
1
 10
293.6
 20
386.0
 10
354.20000000000005
 20
386.0
 10
354.20000000000005
 20
420.0
 10
293.6
 20
420.0
  0
HATCH
  5
2AA
330
17
100
AcDbEntity
  8
A-RELLENO
 62
7
420
16635562
100
AcDbHatch
 10
0.0
 20
0.0
 30
0.0
210
0.0
220
0.0
230
1.0
  2
SOLID
 70
1
 71
0
 91
1
 92
3
 72
0
 73
1
 93
4
 10
233.0
 20
352.0
 10
293.6
 20
352.0
 10
293.6
 20
386.0
 10
233.0
 20
386.0
 97
0
 75
1
 76
1
 98
0
  0
LWPOLYLINE
  5
2AB
330
17
100
AcDbEntity
  8
A-EQUIPO-FINO
100
AcDbPolyline
 90
4
 70
1
 10
233.0
 20
352.0
 10
293.6
 20
352.0
 10
293.6
 20
386.0
 10
233.0
 20
386.0
  0
HATCH
  5
2AC
330
17
100
AcDbEntity
  8
A-RELLENO
 62
7
420
16635562
100
AcDbHatch
 10
0.0
 20
0.0
 30
0.0
210
0.0
220
0.0
230
1.0
  2
SOLID
 70
1
 71
0
 91
1
 92
3
 72
0
 73
1
 93
4
 10
293.6
 20
352.0
 10
354.20000000000005
 20
352.0
 10
354.20000000000005
 20
386.0
 10
293.6
 20
386.0
 97
0
 75
1
 76
1
 98
0
  0
LWPOLYLINE
  5
2AD
330
17
100
AcDbEntity
  8
A-EQUIPO-FINO
100
AcDbPolyline
 90
4
 70
1
 10
293.6
 20
352.0
 10
354.20000000000005
 20
352.0
 10
354.20000000000005
 20
386.0
 10
293.6
 20
386.0
  0
HATCH
  5
2AE
330
17
100
AcDbEntity
  8
A-RELLENO
 62
7
100
AcDbHatch
 10
0.0
 20
0.0
 30
0.0
210
0.0
220
0.0
230
1.0
  2
ANSI31
 70
0
 71
0
 91
1
 92
3
 72
0
 73
1
 93
4
 10
233.0
 20
345.0
 10
383.0
 20
345.0
 10
383.0
 20
352.0
 10
233.0
 20
352.0
 97
0
 75
1
 76
1
 52
45.0
 41
0.4
 77
0
 78
1
 53
90.0
 43
0.0
 44
0.0
 45
-1.27
 46
0.0
 79
0
 98
0
  0
HATCH
  5
2AF
330
17
100
AcDbEntity
  8
A-RELLENO
 62
7
100
AcDbHatch
 10
0.0
 20
0.0
 30
0.0
210
0.0
220
0.0
230
1.0
  2
ANSI31
 70
0
 71
0
 91
1
 92
3
 72
0
 73
1
 93
4
 10
354.2
 20
352.0
 10
383.0
 20
352.0
 10
383.0
 20
420.0
 10
354.2
 20
420.0
 97
0
 75
1
 76
1
 52
45.0
 41
0.4
 77
0
 78
1
 53
90.0
 43
0.0
 44
0.0
 45
-1.27
 46
0.0
 79
0
 98
0
  0
TEXT
  5
2B0
330
17
100
AcDbEntity
  8
A-TEXTO
100
AcDbText
 10
233.0
 20
433.0
 30
0.0
 40
2.5
  1
Cuerpo 70 kg - hoja LAC 4,75 × 1500 × 3000
  7
ISO3098
 11
233.0
 21
433.0
 31
0.0
100
AcDbText
 73
3
  0
DIMENSION
  5
2B1
330
17
100
AcDbEntity
  8
A-COTA
100
AcDbDimension
280
0
  2
*D16
  3
FLAMA-IRAM
 10
228.0
 20
420.0
 30
0.0
 11
230.0
 21
403.0
 31
0.0
 70
32
 71
5
  1
<>
100
AcDbAlignedDimension
 13
233.0
 23
420.0
 33
0.0
 14
233.0
 24
386.0
 34
0.0
 50
90.0
100
AcDbRotatedDimension
1001
ACAD
1000
DSTYLE
1002
{
1070
144
1040
20.0
1070
140
1040
2.0
1070
41
1040
2.0
1070
271
1070
1
1002
}
  0
DIMENSION
  5
2C0
330
17
100
AcDbEntity
  8
A-COTA
100
AcDbDimension
280
0
  2
*D17
  3
FLAMA-IRAM
 10
233.0
 20
424.0
 30
0.0
 11
263.3
 21
426.0
 31
0.0
 70
32
 71
5
  1
<>
100
AcDbAlignedDimension
 13
233.0
 23
420.0
 33
0.0
 14
293.6
 24
420.0
 34
0.0
 50
0.0
100
AcDbRotatedDimension
1001
ACAD
1000
DSTYLE
1002
{
1070
144
1040
20.0
1070
140
1040
2.0
1070
41
1040
2.0
1070
271
1070
1
1002
}
  0
DIMENSION
  5
2CF
330
17
100
AcDbEntity
  8
A-COTA
100
AcDbDimension
280
0
  2
*D18
  3
FLAMA-IRAM
 10
233.0
 20
340.0
 30
0.0
 11
308.0
 21
342.0
 31
0.0
 70
32
 71
5
  1
<>
100
AcDbAlignedDimension
 13
233.0
 23
345.0
 33
0.0
 14
383.0
 24
345.0
 34
0.0
 50
0.0
100
AcDbRotatedDimension
1001
ACAD
1000
DSTYLE
1002
{
1070
144
1040
20.0
1070
140
1040
2.0
1070
41
1040
2.0
1070
271
1070
0
1002
}
  0
TEXT
  5
2DE
330
17
100
AcDbEntity
  8
A-TEXTO
100
AcDbText
 10
233.0
 20
333.0
 30
0.0
 40
2.1
  1
2 franja(s): 4 cuerpos por hoja; 6 cortes (1,50 por cuerpo)
  7
ISO3098
 11
233.0
 21
333.0
 31
0.0
100
AcDbText
 73
3
  0
TEXT
  5
2DF
330
17
100
AcDbEntity
  8
A-TEXTO
100
AcDbText
 10
233.0
 20
329.745
 30
0.0
 40
2.1
  1
Aprovechamiento 73,3 %; hojas por año (2035): en hoja mixta
  7
ISO3098
 11
233.0
 21
329.745
 31
0.0
100
AcDbText
 73
3
  0
LWPOLYLINE
  5
2E0
330
17
100
AcDbEntity
  8
A-EQUIPO
100
AcDbPolyline
 90
4
 70
1
 10
427.0
 20
345.0
 10
577.0
 20
345.0
 10
577.0
 20
420.0
 10
427.0
 20
420.0
  0
HATCH
  5
2E1
330
17
100
AcDbEntity
  8
A-RELLENO
 62
7
420
16635562
100
AcDbHatch
 10
0.0
 20
0.0
 30
0.0
210
0.0
220
0.0
230
1.0
  2
SOLID
 70
1
 71
0
 91
1
 92
3
 72
0
 73
1
 93
4
 10
427.0
 20
359.4
 10
472.0
 20
359.4
 10
472.0
 20
420.0
 10
427.0
 20
420.0
 97
0
 75
1
 76
1
 98
0
  0
LWPOLYLINE
  5
2E2
330
17
100
AcDbEntity
  8
A-EQUIPO-FINO
100
AcDbPolyline
 90
4
 70
1
 10
427.0
 20
359.4
 10
472.0
 20
359.4
 10
472.0
 20
420.0
 10
427.0
 20
420.0
  0
HATCH
  5
2E3
330
17
100
AcDbEntity
  8
A-RELLENO
 62
7
420
16635562
100
AcDbHatch
 10
0.0
 20
0.0
 30
0.0
210
0.0
220
0.0
230
1.0
  2
SOLID
 70
1
 71
0
 91
1
 92
3
 72
0
 73
1
 93
4
 10
472.0
 20
359.4
 10
517.0
 20
359.4
 10
517.0
 20
420.0
 10
472.0
 20
420.0
 97
0
 75
1
 76
1
 98
0
  0
LWPOLYLINE
  5
2E4
330
17
100
AcDbEntity
  8
A-EQUIPO-FINO
100
AcDbPolyline
 90
4
 70
1
 10
472.0
 20
359.4
 10
517.0
 20
359.4
 10
517.0
 20
420.0
 10
472.0
 20
420.0
  0
HATCH
  5
2E5
330
17
100
AcDbEntity
  8
A-RELLENO
 62
7
420
16635562
100
AcDbHatch
 10
0.0
 20
0.0
 30
0.0
210
0.0
220
0.0
230
1.0
  2
SOLID
 70
1
 71
0
 91
1
 92
3
 72
0
 73
1
 93
4
 10
517.0
 20
359.4
 10
562.0
 20
359.4
 10
562.0
 20
420.0
 10
517.0
 20
420.0
 97
0
 75
1
 76
1
 98
0
  0
LWPOLYLINE
  5
2E6
330
17
100
AcDbEntity
  8
A-EQUIPO-FINO
100
AcDbPolyline
 90
4
 70
1
 10
517.0
 20
359.4
 10
562.0
 20
359.4
 10
562.0
 20
420.0
 10
517.0
 20
420.0
  0
HATCH
  5
2E7
330
17
100
AcDbEntity
  8
A-RELLENO
 62
7
100
AcDbHatch
 10
0.0
 20
0.0
 30
0.0
210
0.0
220
0.0
230
1.0
  2
ANSI31
 70
0
 71
0
 91
1
 92
3
 72
0
 73
1
 93
4
 10
427.0
 20
345.0
 10
577.0
 20
345.0
 10
577.0
 20
359.4
 10
427.0
 20
359.4
 97
0
 75
1
 76
1
 52
45.0
 41
0.4
 77
0
 78
1
 53
90.0
 43
0.0
 44
0.0
 45
-1.27
 46
0.0
 79
0
 98
0
  0
HATCH
  5
2E8
330
17
100
AcDbEntity
  8
A-RELLENO
 62
7
100
AcDbHatch
 10
0.0
 20
0.0
 30
0.0
210
0.0
220
0.0
230
1.0
  2
ANSI31
 70
0
 71
0
 91
1
 92
3
 72
0
 73
1
 93
4
 10
562.0
 20
359.4
 10
577.0
 20
359.4
 10
577.0
 20
420.0
 10
562.0
 20
420.0
 97
0
 75
1
 76
1
 52
45.0
 41
0.4
 77
0
 78
1
 53
90.0
 43
0.0
 44
0.0
 45
-1.27
 46
0.0
 79
0
 98
0
  0
TEXT
  5
2E9
330
17
100
AcDbEntity
  8
A-TEXTO
100
AcDbText
 10
427.0
 20
433.0
 30
0.0
 40
2.5
  1
Cuerpo 100 kg - hoja LAC 4,75 × 1500 × 3000
  7
ISO3098
 11
427.0
 21
433.0
 31
0.0
100
AcDbText
 73
3
  0
DIMENSION
  5
2EA
330
17
100
AcDbEntity
  8
A-COTA
100
AcDbDimension
280
0
  2
*D19
  3
FLAMA-IRAM
 10
422.0
 20
420.0
 30
0.0
 11
424.0
 21
389.7
 31
0.0
 70
32
 71
5
  1
<>
100
AcDbAlignedDimension
 13
427.0
 23
420.0
 33
0.0
 14
427.0
 24
359.4
 34
0.0
 50
90.0
100
AcDbRotatedDimension
1001
ACAD
1000
DSTYLE
1002
{
1070
144
1040
20.0
1070
140
1040
2.0
1070
41
1040
2.0
1070
271
1070
1
1002
}
  0
DIMENSION
  5
2F9
330
17
100
AcDbEntity
  8
A-COTA
100
AcDbDimension
280
0
  2
*D20
  3
FLAMA-IRAM
 10
427.0
 20
424.0
 30
0.0
 11
449.5
 21
426.0
 31
0.0
 70
32
 71
5
  1
<>
100
AcDbAlignedDimension
 13
427.0
 23
420.0
 33
0.0
 14
472.0
 24
420.0
 34
0.0
 50
0.0
100
AcDbRotatedDimension
1001
ACAD
1000
DSTYLE
1002
{
1070
144
1040
20.0
1070
140
1040
2.0
1070
41
1040
2.0
1070
271
1070
1
1002
}
  0
DIMENSION
  5
308
330
17
100
AcDbEntity
  8
A-COTA
100
AcDbDimension
280
0
  2
*D21
  3
FLAMA-IRAM
 10
427.0
 20
340.0
 30
0.0
 11
502.0
 21
342.0
 31
0.0
 70
32
 71
5
  1
<>
100
AcDbAlignedDimension
 13
427.0
 23
345.0
 33
0.0
 14
577.0
 24
345.0
 34
0.0
 50
0.0
100
AcDbRotatedDimension
1001
ACAD
1000
DSTYLE
1002
{
1070
144
1040
20.0
1070
140
1040
2.0
1070
41
1040
2.0
1070
271
1070
0
1002
}
  0
TEXT
  5
317
330
17
100
AcDbEntity
  8
A-TEXTO
100
AcDbText
 10
427.0
 20
333.0
 30
0.0
 40
2.1
  1
1 franja(s): 3 cuerpos por hoja; 4 cortes (1,33 por cuerpo)
  7
ISO3098
 11
427.0
 21
333.0
 31
0.0
100
AcDbText
 73
3
  0
TEXT
  5
318
330
17
100
AcDbEntity
  8
A-TEXTO
100
AcDbText
 10
427.0
 20
329.745
 30
0.0
 40
2.1
  1
Aprovechamiento 72,7 %; hojas por año (2035): 41
  7
ISO3098
 11
427.0
 21
329.745
 31
0.0
100
AcDbText
 73
3
  0
LWPOLYLINE
  5
319
330
17
100
AcDbEntity
  8
A-EQUIPO
100
AcDbPolyline
 90
4
 70
1
 10
621.0
 20
345.0
 10
771.0
 20
345.0
 10
771.0
 20
420.0
 10
621.0
 20
420.0
  0
HATCH
  5
31A
330
17
100
AcDbEntity
  8
A-RELLENO
 62
7
420
16635562
100
AcDbHatch
 10
0.0
 20
0.0
 30
0.0
210
0.0
220
0.0
230
1.0
  2
SOLID
 70
1
 71
0
 91
1
 92
3
 72
0
 73
1
 93
4
 10
621.0
 20
359.4
 10
666.0
 20
359.4
 10
666.0
 20
420.0
 10
621.0
 20
420.0
 97
0
 75
1
 76
1
 98
0
  0
LWPOLYLINE
  5
31B
330
17
100
AcDbEntity
  8
A-EQUIPO-FINO
100
AcDbPolyline
 90
4
 70
1
 10
621.0
 20
359.4
 10
666.0
 20
359.4
 10
666.0
 20
420.0
 10
621.0
 20
420.0
  0
HATCH
  5
31C
330
17
100
AcDbEntity
  8
A-RELLENO
 62
7
420
16635562
100
AcDbHatch
 10
0.0
 20
0.0
 30
0.0
210
0.0
220
0.0
230
1.0
  2
SOLID
 70
1
 71
0
 91
1
 92
3
 72
0
 73
1
 93
4
 10
666.0
 20
359.4
 10
700.0
 20
359.4
 10
700.0
 20
420.0
 10
666.0
 20
420.0
 97
0
 75
1
 76
1
 98
0
  0
LWPOLYLINE
  5
31D
330
17
100
AcDbEntity
  8
A-EQUIPO-FINO
100
AcDbPolyline
 90
4
 70
1
 10
666.0
 20
359.4
 10
700.0
 20
359.4
 10
700.0
 20
420.0
 10
666.0
 20
420.0
  0
HATCH
  5
31E
330
17
100
AcDbEntity
  8
A-RELLENO
 62
7
420
16635562
100
AcDbHatch
 10
0.0
 20
0.0
 30
0.0
210
0.0
220
0.0
230
1.0
  2
SOLID
 70
1
 71
0
 91
1
 92
3
 72
0
 73
1
 93
4
 10
700.0
 20
359.4
 10
734.0
 20
359.4
 10
734.0
 20
420.0
 10
700.0
 20
420.0
 97
0
 75
1
 76
1
 98
0
  0
LWPOLYLINE
  5
31F
330
17
100
AcDbEntity
  8
A-EQUIPO-FINO
100
AcDbPolyline
 90
4
 70
1
 10
700.0
 20
359.4
 10
734.0
 20
359.4
 10
734.0
 20
420.0
 10
700.0
 20
420.0
  0
HATCH
  5
320
330
17
100
AcDbEntity
  8
A-RELLENO
 62
7
420
16635562
100
AcDbHatch
 10
0.0
 20
0.0
 30
0.0
210
0.0
220
0.0
230
1.0
  2
SOLID
 70
1
 71
0
 91
1
 92
3
 72
0
 73
1
 93
4
 10
734.0
 20
359.4
 10
768.0
 20
359.4
 10
768.0
 20
420.0
 10
734.0
 20
420.0
 97
0
 75
1
 76
1
 98
0
  0
LWPOLYLINE
  5
321
330
17
100
AcDbEntity
  8
A-EQUIPO-FINO
100
AcDbPolyline
 90
4
 70
1
 10
734.0
 20
359.4
 10
768.0
 20
359.4
 10
768.0
 20
420.0
 10
734.0
 20
420.0
  0
HATCH
  5
322
330
17
100
AcDbEntity
  8
A-RELLENO
 62
7
100
AcDbHatch
 10
0.0
 20
0.0
 30
0.0
210
0.0
220
0.0
230
1.0
  2
ANSI31
 70
0
 71
0
 91
1
 92
3
 72
0
 73
1
 93
4
 10
621.0
 20
345.0
 10
771.0
 20
345.0
 10
771.0
 20
359.4
 10
621.0
 20
359.4
 97
0
 75
1
 76
1
 52
45.0
 41
0.4
 77
0
 78
1
 53
90.0
 43
0.0
 44
0.0
 45
-1.27
 46
0.0
 79
0
 98
0
  0
HATCH
  5
323
330
17
100
AcDbEntity
  8
A-RELLENO
 62
7
100
AcDbHatch
 10
0.0
 20
0.0
 30
0.0
210
0.0
220
0.0
230
1.0
  2
ANSI31
 70
0
 71
0
 91
1
 92
3
 72
0
 73
1
 93
4
 10
768.0
 20
359.4
 10
771.0
 20
359.4
 10
771.0
 20
420.0
 10
768.0
 20
420.0
 97
0
 75
1
 76
1
 52
45.0
 41
0.4
 77
0
 78
1
 53
90.0
 43
0.0
 44
0.0
 45
-1.27
 46
0.0
 79
0
 98
0
  0
TEXT
  5
324
330
17
100
AcDbEntity
  8
A-TEXTO
100
AcDbText
 10
621.0
 20
433.0
 30
0.0
 40
2.5
  1
Cuerpo Mixta 70 + 100 kg - hoja LAC 4,75 × 1500 × 3000
  7
ISO3098
 11
621.0
 21
433.0
 31
0.0
100
AcDbText
 73
3
  0
DIMENSION
  5
325
330
17
100
AcDbEntity
  8
A-COTA
100
AcDbDimension
280
0
  2
*D22
  3
FLAMA-IRAM
 10
616.0
 20
420.0
 30
0.0
 11
618.0
 21
389.7
 31
0.0
 70
32
 71
5
  1
<>
100
AcDbAlignedDimension
 13
621.0
 23
420.0
 33
0.0
 14
621.0
 24
359.4
 34
0.0
 50
90.0
100
AcDbRotatedDimension
1001
ACAD
1000
DSTYLE
1002
{
1070
144
1040
20.0
1070
140
1040
2.0
1070
41
1040
2.0
1070
271
1070
1
1002
}
  0
DIMENSION
  5
334
330
17
100
AcDbEntity
  8
A-COTA
100
AcDbDimension
280
0
  2
*D23
  3
FLAMA-IRAM
 10
621.0
 20
424.0
 30
0.0
 11
643.5
 21
426.0
 31
0.0
 70
32
 71
5
  1
<>
100
AcDbAlignedDimension
 13
621.0
 23
420.0
 33
0.0
 14
666.0
 24
420.0
 34
0.0
 50
0.0
100
AcDbRotatedDimension
1001
ACAD
1000
DSTYLE
1002
{
1070
144
1040
20.0
1070
140
1040
2.0
1070
41
1040
2.0
1070
271
1070
1
1002
}
  0
DIMENSION
  5
343
330
17
100
AcDbEntity
  8
A-COTA
100
AcDbDimension
280
0
  2
*D24
  3
FLAMA-IRAM
 10
621.0
 20
340.0
 30
0.0
 11
696.0
 21
342.0
 31
0.0
 70
32
 71
5
  1
<>
100
AcDbAlignedDimension
 13
621.0
 23
345.0
 33
0.0
 14
771.0
 24
345.0
 34
0.0
 50
0.0
100
AcDbRotatedDimension
1001
ACAD
1000
DSTYLE
1002
{
1070
144
1040
20.0
1070
140
1040
2.0
1070
41
1040
2.0
1070
271
1070
0
1002
}
  0
TEXT
  5
352
330
17
100
AcDbEntity
  8
A-TEXTO
100
AcDbText
 10
621.0
 20
333.0
 30
0.0
 40
2.1
  1
1 franja(s): 4 cuerpos por hoja; 5 cortes (1,25 por cuerpo)
  7
ISO3098
 11
621.0
 21
333.0
 31
0.0
100
AcDbText
 73
3
  0
TEXT
  5
353
330
17
100
AcDbEntity
  8
A-TEXTO
100
AcDbText
 10
621.0
 20
329.745
 30
0.0
 40
2.1
  1
Aprovechamiento 79,2 %; hojas por año (2035): 124
  7
ISO3098
 11
621.0
 21
329.745
 31
0.0
100
AcDbText
 73
3
  0
TEXT
  5
354
330
17
100
AcDbEntity
  8
A-TEXTO
100
AcDbText
 10
35.0
 20
306.0
 30
0.0
 40
3.0
  1
Cúpulas y fondos: discos en fleje a medida, troquel de una fila (1:10); paso = Ø + 3 mm de puente
  7
ISO3098
 11
35.0
 21
306.0
 31
0.0
100
AcDbText
 73
1
  0
LWPOLYLINE
  5
355
330
17
100
AcDbEntity
  8
A-EQUIPO
100
AcDbPolyline
 90
4
 70
1
 10
35.0
 20
284.6
 10
85.4
 20
284.6
 10
85.4
 20
296.0
 10
35.0
 20
296.0
  0
HATCH
  5
356
330
17
100
AcDbEntity
  8
A-RELLENO
 62
7
420
16635562
100
AcDbHatch
 10
0.0
 20
0.0
 30
0.0
210
0.0
220
0.0
230
1.0
  2
SOLID
 70
1
 71
0
 91
1
 92
3
 72
0
 73
1
 93
24
 10
48.949999999999996
 20
290.3
 10
48.765998606334094
 20
291.69762603679266
 10
48.22653387454787
 20
293.0000057259581
 10
47.36836960556067
 20
294.11838363124116
 10
46.24998854807174
 20
294.97654379219114
 10
44.94760687735052
 20
295.516003740066
 10
43.54998016469244
 20
295.6999999999636
 10
42.15235480378407
 20
295.5159934725318
 10
40.84997709619206
 20
294.9765239568415
 10
39.73160234312988
 20
294.1183555798287
 10
38.8734462902287
 20
292.999971370149
 10
38.33399112627247
 20
291.6975877178896
 10
38.15000000014572
 20
290.2999603293849
 10
38.33401166134083
 20
288.90233564437966
 10
38.873485960927944
 20
287.5999599183786
 10
39.73165844595484
 20
286.48158831755245
 10
40.850045807810154
 20
285.62343637271164
 10
42.1524314415903
 20
285.08398599268133
 10
43.55005950592267
 20
284.90000000032785
 10
44.94768351500589
 20
285.0840167952839
 10
46.250057259398396
 20
285.62349587876054
 10
47.36842570797348
 20
286.4816724717899
 10
48.22657354474233
 20
287.6000629858058
 10
48.76601914083945
 20
288.902450601089
 97
0
 75
1
 76
1
 98
0
  0
CIRCLE
  5
357
330
17
100
AcDbEntity
  8
A-EQUIPO-FINO
100
AcDbCircle
 10
43.55
 20
290.3
 30
0.0
 40
5.4
  0
HATCH
  5
358
330
17
100
AcDbEntity
  8
A-RELLENO
 62
7
420
16635562
100
AcDbHatch
 10
0.0
 20
0.0
 30
0.0
210
0.0
220
0.0
230
1.0
  2
SOLID
 70
1
 71
0
 91
1
 92
3
 72
0
 73
1
 93
24
 10
60.050000000000004
 20
290.3
 10
59.8659986063341
 20
291.69762603679266
 10
59.32653387454788
 20
293.0000057259581
 10
58.46836960556068
 20
294.11838363124116
 10
57.34998854807175
 20
294.97654379219114
 10
56.04760687735053
 20
295.516003740066
 10
54.64998016469245
 20
295.6999999999636
 10
53.25235480378408
 20
295.5159934725318
 10
51.94997709619207
 20
294.9765239568415
 10
50.83160234312989
 20
294.1183555798287
 10
49.97344629022871
 20
292.999971370149
 10
49.43399112627248
 20
291.6975877178896
 10
49.250000000145725
 20
290.2999603293849
 10
49.43401166134084
 20
288.90233564437966
 10
49.97348596092795
 20
287.5999599183786
 10
50.83165844595485
 20
286.48158831755245
 10
51.95004580781016
 20
285.62343637271164
 10
53.25243144159031
 20
285.08398599268133
 10
54.65005950592268
 20
284.90000000032785
 10
56.0476835150059
 20
285.0840167952839
 10
57.350057259398405
 20
285.62349587876054
 10
58.46842570797349
 20
286.4816724717899
 10
59.32657354474234
 20
287.6000629858058
 10
59.866019140839455
 20
288.902450601089
 97
0
 75
1
 76
1
 98
0
  0
CIRCLE
  5
359
330
17
100
AcDbEntity
  8
A-EQUIPO-FINO
100
AcDbCircle
 10
54.650000000000006
 20
290.3
 30
0.0
 40
5.4
  0
HATCH
  5
35A
330
17
100
AcDbEntity
  8
A-RELLENO
 62
7
420
16635562
100
AcDbHatch
 10
0.0
 20
0.0
 30
0.0
210
0.0
220
0.0
230
1.0
  2
SOLID
 70
1
 71
0
 91
1
 92
3
 72
0
 73
1
 93
24
 10
71.15
 20
290.3
 10
70.9659986063341
 20
291.69762603679266
 10
70.42653387454787
 20
293.0000057259581
 10
69.56836960556068
 20
294.11838363124116
 10
68.44998854807174
 20
294.97654379219114
 10
67.14760687735053
 20
295.516003740066
 10
65.74998016469245
 20
295.6999999999636
 10
64.35235480378407
 20
295.5159934725318
 10
63.049977096192066
 20
294.9765239568415
 10
61.93160234312988
 20
294.1183555798287
 10
61.0734462902287
 20
292.999971370149
 10
60.533991126272475
 20
291.6975877178896
 10
60.35000000014572
 20
290.2999603293849
 10
60.534011661340834
 20
288.90233564437966
 10
61.07348596092795
 20
287.5999599183786
 10
61.931658445954845
 20
286.48158831755245
 10
63.05004580781016
 20
285.62343637271164
 10
64.3524314415903
 20
285.08398599268133
 10
65.75005950592268
 20
284.90000000032785
 10
67.1476835150059
 20
285.0840167952839
 10
68.4500572593984
 20
285.62349587876054
 10
69.56842570797349
 20
286.4816724717899
 10
70.42657354474234
 20
287.6000629858058
 10
70.96601914083945
 20
288.902450601089
 97
0
 75
1
 76
1
 98
0
  0
CIRCLE
  5
35B
330
17
100
AcDbEntity
  8
A-EQUIPO-FINO
100
AcDbCircle
 10
65.75
 20
290.3
 30
0.0
 40
5.4
  0
HATCH
  5
35C
330
17
100
AcDbEntity
  8
A-RELLENO
 62
7
420
16635562
100
AcDbHatch
 10
0.0
 20
0.0
 30
0.0
210
0.0
220
0.0
230
1.0
  2
SOLID
 70
1
 71
0
 91
1
 92
3
 72
0
 73
1
 93
24
 10
82.25
 20
290.3
 10
82.06599860633409
 20
291.69762603679266
 10
81.52653387454787
 20
293.0000057259581
 10
80.66836960556067
 20
294.11838363124116
 10
79.54998854807174
 20
294.97654379219114
 10
78.24760687735052
 20
295.516003740066
 10
76.84998016469244
 20
295.6999999999636
 10
75.45235480378406
 20
295.5159934725318
 10
74.14997709619206
 20
294.9765239568415
 10
73.03160234312988
 20
294.1183555798287
 10
72.1734462902287
 20
292.999971370149
 10
71.63399112627246
 20
291.6975877178896
 10
71.4500000001457
 20
290.2999603293849
 10
71.63401166134084
 20
288.90233564437966
 10
72.17348596092795
 20
287.5999599183786
 10
73.03165844595483
 20
286.48158831755245
 10
74.15004580781016
 20
285.62343637271164
 10
75.45243144159029
 20
285.08398599268133
 10
76.85005950592267
 20
284.90000000032785
 10
78.24768351500589
 20
285.0840167952839
 10
79.5500572593984
 20
285.62349587876054
 10
80.66842570797348
 20
286.4816724717899
 10
81.52657354474233
 20
287.6000629858058
 10
82.06601914083944
 20
288.902450601089
 97
0
 75
1
 76
1
 98
0
  0
CIRCLE
  5
35D
330
17
100
AcDbEntity
  8
A-EQUIPO-FINO
100
AcDbCircle
 10
76.85
 20
290.3
 30
0.0
 40
5.4
  0
TEXT
  5
35E
330
17
100
AcDbEntity
  8
A-TEXTO
100
AcDbText
 10
35.0
 20
298.0
 30
0.0
 40
2.1
  1
Cúpula 1 kg: Ø 108 en fleje 0,90 × 114 - paso 111,0 - aprovech. 72,4 %
  7
ISO3098
 11
35.0
 21
298.0
 31
0.0
100
AcDbText
 73
1
  0
LWPOLYLINE
  5
35F
330
17
100
AcDbEntity
  8
A-EQUIPO
100
AcDbPolyline
 90
4
 70
1
 10
229.0
 20
285.4
 10
276.2
 20
285.4
 10
276.2
 20
296.0
 10
229.0
 20
296.0
  0
HATCH
  5
360
330
17
100
AcDbEntity
  8
A-RELLENO
 62
7
420
16635562
100
AcDbHatch
 10
0.0
 20
0.0
 30
0.0
210
0.0
220
0.0
230
1.0
  2
SOLID
 70
1
 71
0
 91
1
 92
3
 72
0
 73
1
 93
24
 10
242.15
 20
290.7
 10
241.97962833919826
 20
291.9940981822154
 10
241.4801239579147
 20
293.200005301813
 10
240.68552741255618
 20
294.23554039929735
 10
239.64998939636274
 20
295.0301331409177
 10
238.44408044199125
 20
295.5296330926537
 10
237.14998163397448
 20
295.6999999999663
 10
235.85588407757785
 20
295.5296235856776
 10
234.64997879277044
 20
295.03011477485325
 10
233.61444661400915
 20
294.2355144257673
 10
232.8198576761377
 20
293.1999734908787
 10
232.320362153956
 20
291.99406270174956
 10
232.15000000013492
 20
290.69996326794893
 10
232.32038116790818
 20
289.40586633738855
 10
232.81989440826663
 20
288.1999628873876
 10
233.6144985610693
 20
287.16443362736334
 10
234.65004241463905
 20
286.3698484932515
 10
235.85595503850953
 20
285.87035740063084
 10
237.15005509807656
 20
285.7000000003036
 10
238.44415140278323
 20
285.87038592155915
 10
239.65005301796148
 20
286.3699035914449
 10
240.6855793592347
 20
287.16451154795357
 10
241.48016068957625
 20
288.2000583201905
 10
241.97964735262912
 20
289.4059727787861
 97
0
 75
1
 76
1
 98
0
  0
CIRCLE
  5
361
330
17
100
AcDbEntity
  8
A-EQUIPO-FINO
100
AcDbCircle
 10
237.15
 20
290.7
 30
0.0
 40
5.0
  0
HATCH
  5
362
330
17
100
AcDbEntity
  8
A-RELLENO
 62
7
420
16635562
100
AcDbHatch
 10
0.0
 20
0.0
 30
0.0
210
0.0
220
0.0
230
1.0
  2
SOLID
 70
1
 71
0
 91
1
 92
3
 72
0
 73
1
 93
24
 10
252.45
 20
290.7
 10
252.27962833919824
 20
291.9940981822154
 10
251.7801239579147
 20
293.200005301813
 10
250.98552741255617
 20
294.23554039929735
 10
249.94998939636272
 20
295.0301331409177
 10
248.74408044199123
 20
295.5296330926537
 10
247.44998163397446
 20
295.6999999999663
 10
246.15588407757784
 20
295.5296235856776
 10
244.94997879277042
 20
295.03011477485325
 10
243.91444661400914
 20
294.2355144257673
 10
243.11985767613768
 20
293.1999734908787
 10
242.620362153956
 20
291.99406270174956
 10
242.4500000001349
 20
290.69996326794893
 10
242.62038116790816
 20
289.40586633738855
 10
243.11989440826662
 20
288.1999628873876
 10
243.91449856106928
 20
287.16443362736334
 10
244.95004241463903
 20
286.3698484932515
 10
246.15595503850952
 20
285.87035740063084
 10
247.45005509807655
 20
285.7000000003036
 10
248.74415140278322
 20
285.87038592155915
 10
249.95005301796147
 20
286.3699035914449
 10
250.9855793592347
 20
287.16451154795357
 10
251.78016068957623
 20
288.2000583201905
 10
252.2796473526291
 20
289.4059727787861
 97
0
 75
1
 76
1
 98
0
  0
CIRCLE
  5
363
330
17
100
AcDbEntity
  8
A-EQUIPO-FINO
100
AcDbCircle
 10
247.45
 20
290.7
 30
0.0
 40
5.0
  0
HATCH
  5
364
330
17
100
AcDbEntity
  8
A-RELLENO
 62
7
420
16635562
100
AcDbHatch
 10
0.0
 20
0.0
 30
0.0
210
0.0
220
0.0
230
1.0
  2
SOLID
 70
1
 71
0
 91
1
 92
3
 72
0
 73
1
 93
24
 10
262.75
 20
290.7
 10
262.5796283391982
 20
291.9940981822154
 10
262.0801239579147
 20
293.200005301813
 10
261.2855274125562
 20
294.23554039929735
 10
260.2499893963627
 20
295.0301331409177
 10
259.04408044199124
 20
295.5296330926537
 10
257.74998163397447
 20
295.6999999999663
 10
256.4558840775778
 20
295.5296235856776
 10
255.24997879277043
 20
295.03011477485325
 10
254.21444661400915
 20
294.2355144257673
 10
253.4198576761377
 20
293.1999734908787
 10
252.920362153956
 20
291.99406270174956
 10
252.75000000013492
 20
290.69996326794893
 10
252.92038116790818
 20
289.40586633738855
 10
253.41989440826663
 20
288.1999628873876
 10
254.2144985610693
 20
287.16443362736334
 10
255.25004241463904
 20
286.3698484932515
 10
256.45595503850956
 20
285.87035740063084
 10
257.75005509807653
 20
285.7000000003036
 10
259.04415140278326
 20
285.87038592155915
 10
260.2500530179615
 20
286.3699035914449
 10
261.2855793592347
 20
287.16451154795357
 10
262.08016068957625
 20
288.2000583201905
 10
262.57964735262914
 20
289.4059727787861
 97
0
 75
1
 76
1
 98
0
  0
CIRCLE
  5
365
330
17
100
AcDbEntity
  8
A-EQUIPO-FINO
100
AcDbCircle
 10
257.75
 20
290.7
 30
0.0
 40
5.0
  0
HATCH
  5
366
330
17
100
AcDbEntity
  8
A-RELLENO
 62
7
420
16635562
100
AcDbHatch
 10
0.0
 20
0.0
 30
0.0
210
0.0
220
0.0
230
1.0
  2
SOLID
 70
1
 71
0
 91
1
 92
3
 72
0
 73
1
 93
24
 10
273.05
 20
290.7
 10
272.87962833919823
 20
291.9940981822154
 10
272.3801239579147
 20
293.200005301813
 10
271.5855274125562
 20
294.23554039929735
 10
270.5499893963627
 20
295.0301331409177
 10
269.34408044199125
 20
295.5296330926537
 10
268.0499816339745
 20
295.6999999999663
 10
266.75588407757783
 20
295.5296235856776
 10
265.54997879277045
 20
295.03011477485325
 10
264.51444661400916
 20
294.2355144257673
 10
263.7198576761377
 20
293.1999734908787
 10
263.220362153956
 20
291.99406270174956
 10
263.05000000013496
 20
290.69996326794893
 10
263.2203811679082
 20
289.40586633738855
 10
263.7198944082666
 20
288.1999628873876
 10
264.51449856106933
 20
287.16443362736334
 10
265.55004241463905
 20
286.3698484932515
 10
266.75595503850957
 20
285.87035740063084
 10
268.05005509807654
 20
285.7000000003036
 10
269.34415140278327
 20
285.87038592155915
 10
270.5500530179615
 20
286.3699035914449
 10
271.5855793592347
 20
287.16451154795357
 10
272.38016068957626
 20
288.2000583201905
 10
272.87964735262915
 20
289.4059727787861
 97
0
 75
1
 76
1
 98
0
  0
CIRCLE
  5
367
330
17
100
AcDbEntity
  8
A-EQUIPO-FINO
100
AcDbCircle
 10
268.05
 20
290.7
 30
0.0
 40
5.0
  0
TEXT
  5
368
330
17
100
AcDbEntity
  8
A-TEXTO
100
AcDbText
 10
229.0
 20
298.0
 30
0.0
 40
2.1
  1
Fondo 1 kg: Ø 100 en fleje 0,90 × 106 - paso 103,0 - aprovech. 71,9 %
  7
ISO3098
 11
229.0
 21
298.0
 31
0.0
100
AcDbText
 73
1
  0
LWPOLYLINE
  5
369
330
17
100
AcDbEntity
  8
A-EQUIPO
100
AcDbPolyline
 90
4
 70
1
 10
423.0
 20
276.0
 10
501.8
 20
276.0
 10
501.8
 20
296.0
 10
423.0
 20
296.0
  0
HATCH
  5
36A
330
17
100
AcDbEntity
  8
A-RELLENO
 62
7
420
16635562
100
AcDbHatch
 10
0.0
 20
0.0
 30
0.0
210
0.0
220
0.0
230
1.0
  2
SOLID
 70
1
 71
0
 91
1
 92
3
 72
0
 73
1
 93
24
 10
444.05
 20
286.0
 10
443.74503472716486
 20
288.3164357461656
 10
442.85092188466734
 20
290.47500949024527
 10
441.4285940684756
 20
292.3286173147423
 10
439.5749810194893
 20
293.7509383222427
 10
437.4164039911643
 20
294.64504323585015
 10
435.0999671248143
 20
294.9499999999396
 10
432.78353249886436
 20
294.64502621836294
 10
430.6249620390591
 20
293.7509054469873
 10
428.7713594390764
 20
292.3285708221235
 10
427.3490452402865
 20
290.4749525486729
 10
426.45494825558126
 20
288.31637223613177
 10
426.15000000024156
 20
285.99993424962867
 10
426.4549822905557
 20
283.68350074392555
 10
427.34911099079727
 20
281.5249335684238
 10
428.7714524243141
 20
279.67133619298045
 10
430.6250759222039
 20
278.24902880292024
 10
432.7836595189321
 20
277.3549397471292
 10
435.10009862555705
 20
277.05000000054343
 10
437.416531010982
 20
277.35499079959084
 10
439.5750949021511
 20
278.2491274286864
 10
441.42868705303016
 20
279.6714756708369
 10
442.8509876343415
 20
281.525104393141
 10
443.74506876120614
 20
283.6836912740271
 97
0
 75
1
 76
1
 98
0
  0
CIRCLE
  5
36B
330
17
100
AcDbEntity
  8
A-EQUIPO-FINO
100
AcDbCircle
 10
435.1
 20
286.0
 30
0.0
 40
8.950000000000001
  0
HATCH
  5
36C
330
17
100
AcDbEntity
  8
A-RELLENO
 62
7
420
16635562
100
AcDbHatch
 10
0.0
 20
0.0
 30
0.0
210
0.0
220
0.0
230
1.0
  2
SOLID
 70
1
 71
0
 91
1
 92
3
 72
0
 73
1
 93
24
 10
462.25
 20
286.0
 10
461.94503472716485
 20
288.3164357461656
 10
461.05092188466733
 20
290.47500949024527
 10
459.6285940684756
 20
292.3286173147423
 10
457.7749810194893
 20
293.7509383222427
 10
455.6164039911643
 20
294.64504323585015
 10
453.2999671248143
 20
294.9499999999396
 10
450.98353249886435
 20
294.64502621836294
 10
448.8249620390591
 20
293.7509054469873
 10
446.97135943907637
 20
292.3285708221235
 10
445.5490452402865
 20
290.4749525486729
 10
444.65494825558125
 20
288.31637223613177
 10
444.35000000024155
 20
285.99993424962867
 10
444.65498229055567
 20
283.68350074392555
 10
445.54911099079726
 20
281.5249335684238
 10
446.97145242431407
 20
279.67133619298045
 10
448.8250759222039
 20
278.24902880292024
 10
450.9836595189321
 20
277.3549397471292
 10
453.30009862555704
 20
277.05000000054343
 10
455.616531010982
 20
277.35499079959084
 10
457.77509490215107
 20
278.2491274286864
 10
459.62868705303015
 20
279.6714756708369
 10
461.0509876343415
 20
281.525104393141
 10
461.94506876120613
 20
283.6836912740271
 97
0
 75
1
 76
1
 98
0
  0
CIRCLE
  5
36D
330
17
100
AcDbEntity
  8
A-EQUIPO-FINO
100
AcDbCircle
 10
453.3
 20
286.0
 30
0.0
 40
8.950000000000001
  0
HATCH
  5
36E
330
17
100
AcDbEntity
  8
A-RELLENO
 62
7
420
16635562
100
AcDbHatch
 10
0.0
 20
0.0
 30
0.0
210
0.0
220
0.0
230
1.0
  2
SOLID
 70
1
 71
0
 91
1
 92
3
 72
0
 73
1
 93
24
 10
480.45
 20
286.0
 10
480.14503472716484
 20
288.3164357461656
 10
479.2509218846673
 20
290.47500949024527
 10
477.8285940684756
 20
292.3286173147423
 10
475.9749810194893
 20
293.7509383222427
 10
473.8164039911643
 20
294.64504323585015
 10
471.4999671248143
 20
294.9499999999396
 10
469.18353249886434
 20
294.64502621836294
 10
467.02496203905906
 20
293.7509054469873
 10
465.17135943907635
 20
292.3285708221235
 10
463.7490452402865
 20
290.4749525486729
 10
462.85494825558123
 20
288.31637223613177
 10
462.55000000024154
 20
285.99993424962867
 10
462.85498229055565
 20
283.68350074392555
 10
463.74911099079725
 20
281.5249335684238
 10
465.17145242431405
 20
279.67133619298045
 10
467.0250759222039
 20
278.24902880292024
 10
469.1836595189321
 20
277.3549397471292
 10
471.50009862555703
 20
277.05000000054343
 10
473.816531010982
 20
277.35499079959084
 10
475.97509490215106
 20
278.2491274286864
 10
477.82868705303014
 20
279.6714756708369
 10
479.25098763434147
 20
281.525104393141
 10
480.1450687612061
 20
283.6836912740271
 97
0
 75
1
 76
1
 98
0
  0
CIRCLE
  5
36F
330
17
100
AcDbEntity
  8
A-EQUIPO-FINO
100
AcDbCircle
 10
471.5
 20
286.0
 30
0.0
 40
8.950000000000001
  0
HATCH
  5
370
330
17
100
AcDbEntity
  8
A-RELLENO
 62
7
420
16635562
100
AcDbHatch
 10
0.0
 20
0.0
 30
0.0
210
0.0
220
0.0
230
1.0
  2
SOLID
 70
1
 71
0
 91
1
 92
3
 72
0
 73
1
 93
24
 10
498.65
 20
286.0
 10
498.34503472716483
 20
288.3164357461656
 10
497.4509218846673
 20
290.47500949024527
 10
496.02859406847557
 20
292.3286173147423
 10
494.1749810194893
 20
293.7509383222427
 10
492.0164039911643
 20
294.64504323585015
 10
489.6999671248143
 20
294.9499999999396
 10
487.3835324988643
 20
294.64502621836294
 10
485.22496203905905
 20
293.7509054469873
 10
483.37135943907634
 20
292.3285708221235
 10
481.94904524028647
 20
290.4749525486729
 10
481.0549482555812
 20
288.31637223613177
 10
480.7500000002415
 20
285.99993424962867
 10
481.05498229055564
 20
283.68350074392555
 10
481.94911099079724
 20
281.5249335684238
 10
483.37145242431404
 20
279.67133619298045
 10
485.22507592220387
 20
278.24902880292024
 10
487.38365951893206
 20
277.3549397471292
 10
489.700098625557
 20
277.05000000054343
 10
492.01653101098196
 20
277.35499079959084
 10
494.17509490215105
 20
278.2491274286864
 10
496.0286870530301
 20
279.6714756708369
 10
497.45098763434146
 20
281.525104393141
 10
498.3450687612061
 20
283.6836912740271
 97
0
 75
1
 76
1
 98
0
  0
CIRCLE
  5
371
330
17
100
AcDbEntity
  8
A-EQUIPO-FINO
100
AcDbCircle
 10
489.7
 20
286.0
 30
0.0
 40
8.950000000000001
  0
TEXT
  5
372
330
17
100
AcDbEntity
  8
A-TEXTO
100
AcDbText
 10
423.0
 20
298.0
 30
0.0
 40
2.1
  1
Cúpula 2,5 kg: Ø 179 en fleje 1,25 × 200 - paso 182,0 - aprovech. 69,1 %
  7
ISO3098
 11
423.0
 21
298.0
 31
0.0
100
AcDbText
 73
1
  0
LWPOLYLINE
  5
373
330
17
100
AcDbEntity
  8
A-EQUIPO
100
AcDbPolyline
 90
4
 70
1
 10
617.0
 20
276.0
 10
683.4
 20
276.0
 10
683.4
 20
296.0
 10
617.0
 20
296.0
  0
HATCH
  5
374
330
17
100
AcDbEntity
  8
A-RELLENO
 62
7
420
16635562
100
AcDbHatch
 10
0.0
 20
0.0
 30
0.0
210
0.0
220
0.0
230
1.0
  2
SOLID
 70
1
 71
0
 91
1
 92
3
 72
0
 73
1
 93
24
 10
634.9499999999999
 20
286.0
 10
634.6978499420134
 20
287.91526530967883
 10
633.9585834577138
 20
289.70000784668326
 10
632.7825805705831
 20
291.2325997909601
 10
631.2499843066167
 20
292.4085970485582
 10
629.465239054147
 20
293.1478569771275
 10
627.5499728182822
 20
293.39999999995007
 10
625.6347084348151
 20
293.14784290680285
 10
623.8499686133002
 20
292.4085698667828
 10
622.3173809887335
 20
291.2325613501356
 10
621.1413893606838
 20
289.6999607665005
 10
620.4021359878549
 20
287.9152127985894
 10
620.1500000001996
 20
285.99994563656446
 10
620.4021641285041
 20
284.08468217933506
 10
621.1414437242346
 20
282.2999450733337
 10
622.3174578703826
 20
280.7673617684978
 10
623.8500627736657
 20
279.59137577001223
 10
625.634813456994
 20
278.85212895293364
 10
627.5500815451533
 20
278.6000000004493
 10
629.4653440761191
 20
278.85217116390754
 10
631.250078466583
 20
279.59145731533846
 10
632.7826574516673
 20
280.76747709097134
 10
633.9586378205728
 20
282.30008631388193
 10
634.6978780818911
 20
284.08483971260347
 97
0
 75
1
 76
1
 98
0
  0
CIRCLE
  5
375
330
17
100
AcDbEntity
  8
A-EQUIPO-FINO
100
AcDbCircle
 10
627.55
 20
286.0
 30
0.0
 40
7.4
  0
HATCH
  5
376
330
17
100
AcDbEntity
  8
A-RELLENO
 62
7
420
16635562
100
AcDbHatch
 10
0.0
 20
0.0
 30
0.0
210
0.0
220
0.0
230
1.0
  2
SOLID
 70
1
 71
0
 91
1
 92
3
 72
0
 73
1
 93
24
 10
650.05
 20
286.0
 10
649.7978499420134
 20
287.91526530967883
 10
649.0585834577138
 20
289.70000784668326
 10
647.8825805705832
 20
291.2325997909601
 10
646.3499843066168
 20
292.4085970485582
 10
644.565239054147
 20
293.1478569771275
 10
642.6499728182822
 20
293.39999999995007
 10
640.7347084348152
 20
293.14784290680285
 10
638.9499686133003
 20
292.4085698667828
 10
637.4173809887335
 20
291.2325613501356
 10
636.2413893606838
 20
289.6999607665005
 10
635.5021359878549
 20
287.9152127985894
 10
635.2500000001996
 20
285.99994563656446
 10
635.5021641285041
 20
284.08468217933506
 10
636.2414437242346
 20
282.2999450733337
 10
637.4174578703826
 20
280.7673617684978
 10
638.9500627736658
 20
279.59137577001223
 10
640.7348134569941
 20
278.85212895293364
 10
642.6500815451533
 20
278.6000000004493
 10
644.5653440761191
 20
278.85217116390754
 10
646.350078466583
 20
279.59145731533846
 10
647.8826574516673
 20
280.76747709097134
 10
649.0586378205728
 20
282.30008631388193
 10
649.7978780818911
 20
284.08483971260347
 97
0
 75
1
 76
1
 98
0
  0
CIRCLE
  5
377
330
17
100
AcDbEntity
  8
A-EQUIPO-FINO
100
AcDbCircle
 10
642.65
 20
286.0
 30
0.0
 40
7.4
  0
HATCH
  5
378
330
17
100
AcDbEntity
  8
A-RELLENO
 62
7
420
16635562
100
AcDbHatch
 10
0.0
 20
0.0
 30
0.0
210
0.0
220
0.0
230
1.0
  2
SOLID
 70
1
 71
0
 91
1
 92
3
 72
0
 73
1
 93
24
 10
665.15
 20
286.0
 10
664.8978499420134
 20
287.91526530967883
 10
664.1585834577138
 20
289.70000784668326
 10
662.9825805705832
 20
291.2325997909601
 10
661.4499843066168
 20
292.4085970485582
 10
659.665239054147
 20
293.1478569771275
 10
657.7499728182822
 20
293.39999999995007
 10
655.8347084348152
 20
293.14784290680285
 10
654.0499686133003
 20
292.4085698667828
 10
652.5173809887335
 20
291.2325613501356
 10
651.3413893606838
 20
289.6999607665005
 10
650.6021359878549
 20
287.9152127985894
 10
650.3500000001997
 20
285.99994563656446
 10
650.6021641285041
 20
284.08468217933506
 10
651.3414437242346
 20
282.2999450733337
 10
652.5174578703826
 20
280.7673617684978
 10
654.0500627736658
 20
279.59137577001223
 10
655.8348134569941
 20
278.85212895293364
 10
657.7500815451533
 20
278.6000000004493
 10
659.6653440761191
 20
278.85217116390754
 10
661.450078466583
 20
279.59145731533846
 10
662.9826574516674
 20
280.76747709097134
 10
664.1586378205728
 20
282.30008631388193
 10
664.8978780818911
 20
284.08483971260347
 97
0
 75
1
 76
1
 98
0
  0
CIRCLE
  5
379
330
17
100
AcDbEntity
  8
A-EQUIPO-FINO
100
AcDbCircle
 10
657.75
 20
286.0
 30
0.0
 40
7.4
  0
HATCH
  5
37A
330
17
100
AcDbEntity
  8
A-RELLENO
 62
7
420
16635562
100
AcDbHatch
 10
0.0
 20
0.0
 30
0.0
210
0.0
220
0.0
230
1.0
  2
SOLID
 70
1
 71
0
 91
1
 92
3
 72
0
 73
1
 93
24
 10
680.25
 20
286.0
 10
679.9978499420134
 20
287.91526530967883
 10
679.2585834577138
 20
289.70000784668326
 10
678.0825805705832
 20
291.2325997909601
 10
676.5499843066168
 20
292.4085970485582
 10
674.7652390541471
 20
293.1478569771275
 10
672.8499728182823
 20
293.39999999995007
 10
670.9347084348152
 20
293.14784290680285
 10
669.1499686133003
 20
292.4085698667828
 10
667.6173809887335
 20
291.2325613501356
 10
666.4413893606838
 20
289.6999607665005
 10
665.702135987855
 20
287.9152127985894
 10
665.4500000001997
 20
285.99994563656446
 10
665.7021641285041
 20
284.08468217933506
 10
666.4414437242347
 20
282.2999450733337
 10
667.6174578703826
 20
280.7673617684978
 10
669.1500627736658
 20
279.59137577001223
 10
670.9348134569941
 20
278.85212895293364
 10
672.8500815451533
 20
278.6000000004493
 10
674.7653440761192
 20
278.85217116390754
 10
676.550078466583
 20
279.59145731533846
 10
678.0826574516674
 20
280.76747709097134
 10
679.2586378205729
 20
282.30008631388193
 10
679.9978780818911
 20
284.08483971260347
 97
0
 75
1
 76
1
 98
0
  0
CIRCLE
  5
37B
330
17
100
AcDbEntity
  8
A-EQUIPO-FINO
100
AcDbCircle
 10
672.85
 20
286.0
 30
0.0
 40
7.4
  0
TEXT
  5
37C
330
17
100
AcDbEntity
  8
A-TEXTO
100
AcDbText
 10
617.0
 20
298.0
 30
0.0
 40
2.1
  1
Fondo 2,5 kg: Ø 148 en fleje 1,25 × 200 - paso 151,0 - aprovech. 57,0 %
  7
ISO3098
 11
617.0
 21
298.0
 31
0.0
100
AcDbText
 73
1
  0
LWPOLYLINE
  5
37D
330
17
100
AcDbEntity
  8
A-EQUIPO
100
AcDbPolyline
 90
4
 70
1
 10
35.0
 20
219.0
 10
130.60000000000002
 20
219.0
 10
130.60000000000002
 20
244.0
 10
35.0
 20
244.0
  0
HATCH
  5
37E
330
17
100
AcDbEntity
  8
A-RELLENO
 62
7
420
16635562
100
AcDbHatch
 10
0.0
 20
0.0
 30
0.0
210
0.0
220
0.0
230
1.0
  2
SOLID
 70
1
 71
0
 91
1
 92
3
 72
0
 73
1
 93
24
 10
60.25
 20
231.5
 10
59.87347862962811
 20
234.35995698269608
 10
58.76957394699148
 20
237.02501171700675
 10
57.01351558174916
 20
239.3135442824472
 10
54.72497656596163
 20
241.06959424142815
 10
52.059917776800624
 20
242.17348913476468
 10
49.19995941108361
 20
242.54999999992546
 10
46.34000381144704
 20
242.17346812434752
 10
43.67495313202266
 20
241.06955365242567
 10
41.386427016960226
 20
239.31348688094573
 10
39.63038546426429
 20
237.02494141484195
 10
38.52650036024275
 20
234.35987857086656
 10
38.150000000298185
 20
231.49991882216722
 10
38.526542381077086
 20
228.63996460562876
 10
39.630466642269226
 20
225.97491798112662
 10
41.386541819963156
 20
223.68639831647303
 10
43.67509373635227
 20
221.93036517008585
 10
46.34016063510609
 20
220.8264898553942
 10
49.20012176674918
 20
220.4500000006709
 10
52.060074600150955
 20
220.8265528866457
 10
54.72511716969488
 20
221.93048693709326
 10
57.013630383908705
 20
223.68657052097745
 10
58.76965512396348
 20
225.97512888762103
 10
59.87352064931036
 20
228.6401998411173
 97
0
 75
1
 76
1
 98
0
  0
CIRCLE
  5
37F
330
17
100
AcDbEntity
  8
A-EQUIPO-FINO
100
AcDbCircle
 10
49.2
 20
231.5
 30
0.0
 40
11.05
  0
HATCH
  5
380
330
17
100
AcDbEntity
  8
A-RELLENO
 62
7
420
16635562
100
AcDbHatch
 10
0.0
 20
0.0
 30
0.0
210
0.0
220
0.0
230
1.0
  2
SOLID
 70
1
 71
0
 91
1
 92
3
 72
0
 73
1
 93
24
 10
82.64999999999999
 20
231.5
 10
82.2734786296281
 20
234.35995698269608
 10
81.16957394699148
 20
237.02501171700675
 10
79.41351558174915
 20
239.3135442824472
 10
77.12497656596162
 20
241.06959424142815
 10
74.45991777680061
 20
242.17348913476468
 10
71.5999594110836
 20
242.54999999992546
 10
68.74000381144702
 20
242.17346812434752
 10
66.07495313202264
 20
241.06955365242567
 10
63.78642701696022
 20
239.31348688094573
 10
62.030385464264285
 20
237.02494141484195
 10
60.92650036024274
 20
234.35987857086656
 10
60.550000000298176
 20
231.49991882216722
 10
60.92654238107708
 20
228.63996460562876
 10
62.03046664226922
 20
225.97491798112662
 10
63.78654181996315
 20
223.68639831647303
 10
66.07509373635226
 20
221.93036517008585
 10
68.74016063510608
 20
220.8264898553942
 10
71.60012176674917
 20
220.4500000006709
 10
74.46007460015095
 20
220.8265528866457
 10
77.12511716969487
 20
221.93048693709326
 10
79.4136303839087
 20
223.68657052097745
 10
81.16965512396348
 20
225.97512888762103
 10
82.27352064931034
 20
228.6401998411173
 97
0
 75
1
 76
1
 98
0
  0
CIRCLE
  5
381
330
17
100
AcDbEntity
  8
A-EQUIPO-FINO
100
AcDbCircle
 10
71.6
 20
231.5
 30
0.0
 40
11.05
  0
HATCH
  5
382
330
17
100
AcDbEntity
  8
A-RELLENO
 62
7
420
16635562
100
AcDbHatch
 10
0.0
 20
0.0
 30
0.0
210
0.0
220
0.0
230
1.0
  2
SOLID
 70
1
 71
0
 91
1
 92
3
 72
0
 73
1
 93
24
 10
105.05
 20
231.5
 10
104.67347862962811
 20
234.35995698269608
 10
103.56957394699148
 20
237.02501171700675
 10
101.81351558174916
 20
239.3135442824472
 10
99.52497656596162
 20
241.06959424142815
 10
96.85991777680061
 20
242.17348913476468
 10
93.99995941108361
 20
242.54999999992546
 10
91.14000381144703
 20
242.17346812434752
 10
88.47495313202265
 20
241.06955365242567
 10
86.18642701696022
 20
239.31348688094573
 10
84.43038546426429
 20
237.02494141484195
 10
83.32650036024275
 20
234.35987857086656
 10
82.95000000029819
 20
231.49991882216722
 10
83.32654238107708
 20
228.63996460562876
 10
84.43046664226922
 20
225.97491798112662
 10
86.18654181996315
 20
223.68639831647303
 10
88.47509373635226
 20
221.93036517008585
 10
91.14016063510608
 20
220.8264898553942
 10
94.00012176674917
 20
220.4500000006709
 10
96.86007460015095
 20
220.8265528866457
 10
99.52511716969488
 20
221.93048693709326
 10
101.8136303839087
 20
223.68657052097745
 10
103.56965512396349
 20
225.97512888762103
 10
104.67352064931035
 20
228.6401998411173
 97
0
 75
1
 76
1
 98
0
  0
CIRCLE
  5
383
330
17
100
AcDbEntity
  8
A-EQUIPO-FINO
100
AcDbCircle
 10
94.0
 20
231.5
 30
0.0
 40
11.05
  0
HATCH
  5
384
330
17
100
AcDbEntity
  8
A-RELLENO
 62
7
420
16635562
100
AcDbHatch
 10
0.0
 20
0.0
 30
0.0
210
0.0
220
0.0
230
1.0
  2
SOLID
 70
1
 71
0
 91
1
 92
3
 72
0
 73
1
 93
24
 10
127.45
 20
231.5
 10
127.07347862962811
 20
234.35995698269608
 10
125.96957394699149
 20
237.02501171700675
 10
124.21351558174916
 20
239.3135442824472
 10
121.92497656596163
 20
241.06959424142815
 10
119.25991777680062
 20
242.17348913476468
 10
116.39995941108361
 20
242.54999999992546
 10
113.54000381144704
 20
242.17346812434752
 10
110.87495313202265
 20
241.06955365242567
 10
108.58642701696023
 20
239.31348688094573
 10
106.8303854642643
 20
237.02494141484195
 10
105.72650036024275
 20
234.35987857086656
 10
105.3500000002982
 20
231.49991882216722
 10
105.72654238107708
 20
228.63996460562876
 10
106.83046664226923
 20
225.97491798112662
 10
108.58654181996316
 20
223.68639831647303
 10
110.87509373635227
 20
221.93036517008585
 10
113.54016063510609
 20
220.8264898553942
 10
116.40012176674918
 20
220.4500000006709
 10
119.26007460015096
 20
220.8265528866457
 10
121.92511716969489
 20
221.93048693709326
 10
124.21363038390871
 20
223.68657052097745
 10
125.96965512396349
 20
225.97512888762103
 10
127.07352064931035
 20
228.6401998411173
 97
0
 75
1
 76
1
 98
0
  0
CIRCLE
  5
385
330
17
100
AcDbEntity
  8
A-EQUIPO-FINO
100
AcDbCircle
 10
116.4
 20
231.5
 30
0.0
 40
11.05
  0
TEXT
  5
386
330
17
100
AcDbEntity
  8
A-TEXTO
100
AcDbText
 10
35.0
 20
246.0
 30
0.0
 40
2.1
  1
Cúpula 5 kg: Ø 221 en fleje 1,60 × 250 - paso 224,0 - aprovech. 68,5 %
  7
ISO3098
 11
35.0
 21
246.0
 31
0.0
100
AcDbText
 73
1
  0
LWPOLYLINE
  5
387
330
17
100
AcDbEntity
  8
A-EQUIPO
100
AcDbPolyline
 90
4
 70
1
 10
229.0
 20
224.0
 10
307.0
 20
224.0
 10
307.0
 20
244.0
 10
229.0
 20
244.0
  0
HATCH
  5
388
330
17
100
AcDbEntity
  8
A-RELLENO
 62
7
420
16635562
100
AcDbHatch
 10
0.0
 20
0.0
 30
0.0
210
0.0
220
0.0
230
1.0
  2
SOLID
 70
1
 71
0
 91
1
 92
3
 72
0
 73
1
 93
24
 10
249.85
 20
234.0
 10
249.5484421603809
 20
236.2905537825213
 10
248.66431940550902
 20
238.42500938420903
 10
247.25788352022445
 20
240.25790650675634
 10
245.42498123156201
 20
241.66433565942435
 10
243.29052238232447
 20
242.54845057399706
 10
240.99996749213483
 20
242.84999999994028
 10
238.7094148173128
 20
242.54843374664938
 10
236.57496246320366
 20
241.66430315149026
 10
234.74207050679618
 20
240.2578605336081
 10
233.3356480867637
 20
238.4249530788553
 10
232.4515410125021
 20
236.29049098209674
 10
232.1500000002388
 20
233.99993498426966
 10
232.4515746671975
 20
231.70938341717778
 10
233.33571310263193
 20
229.57493431067607
 10
234.74216245309267
 20
227.74204752043318
 10
236.57507507391108
 20
226.33563183305517
 10
238.70954041816188
 20
225.4515325991166
 10
241.00009752359549
 20
225.15000000053735
 10
243.29064798292632
 20
225.45158308115967
 10
245.42509384179183
 20
226.33572935685748
 10
247.25797546584542
 20
227.74218543987786
 10
248.66438442054994
 20
229.5751032267372
 10
249.54847581415353
 20
231.70957181845142
 97
0
 75
1
 76
1
 98
0
  0
CIRCLE
  5
389
330
17
100
AcDbEntity
  8
A-EQUIPO-FINO
100
AcDbCircle
 10
241.0
 20
234.0
 30
0.0
 40
8.85
  0
HATCH
  5
38A
330
17
100
AcDbEntity
  8
A-RELLENO
 62
7
420
16635562
100
AcDbHatch
 10
0.0
 20
0.0
 30
0.0
210
0.0
220
0.0
230
1.0
  2
SOLID
 70
1
 71
0
 91
1
 92
3
 72
0
 73
1
 93
24
 10
267.85
 20
234.0
 10
267.5484421603809
 20
236.2905537825213
 10
266.664319405509
 20
238.42500938420903
 10
265.2578835202244
 20
240.25790650675634
 10
263.424981231562
 20
241.66433565942435
 10
261.29052238232447
 20
242.54845057399706
 10
258.99996749213483
 20
242.84999999994028
 10
256.7094148173128
 20
242.54843374664938
 10
254.57496246320366
 20
241.66430315149026
 10
252.74207050679618
 20
240.2578605336081
 10
251.3356480867637
 20
238.4249530788553
 10
250.4515410125021
 20
236.29049098209674
 10
250.1500000002388
 20
233.99993498426966
 10
250.4515746671975
 20
231.70938341717778
 10
251.33571310263193
 20
229.57493431067607
 10
252.74216245309267
 20
227.74204752043318
 10
254.57507507391108
 20
226.33563183305517
 10
256.7095404181619
 20
225.4515325991166
 10
259.0000975235955
 20
225.15000000053735
 10
261.2906479829263
 20
225.45158308115967
 10
263.4250938417918
 20
226.33572935685748
 10
265.25797546584545
 20
227.74218543987786
 10
266.66438442054994
 20
229.5751032267372
 10
267.54847581415356
 20
231.70957181845142
 97
0
 75
1
 76
1
 98
0
  0
CIRCLE
  5
38B
330
17
100
AcDbEntity
  8
A-EQUIPO-FINO
100
AcDbCircle
 10
259.0
 20
234.0
 30
0.0
 40
8.85
  0
HATCH
  5
38C
330
17
100
AcDbEntity
  8
A-RELLENO
 62
7
420
16635562
100
AcDbHatch
 10
0.0
 20
0.0
 30
0.0
210
0.0
220
0.0
230
1.0
  2
SOLID
 70
1
 71
0
 91
1
 92
3
 72
0
 73
1
 93
24
 10
285.85
 20
234.0
 10
285.5484421603809
 20
236.2905537825213
 10
284.664319405509
 20
238.42500938420903
 10
283.2578835202244
 20
240.25790650675634
 10
281.424981231562
 20
241.66433565942435
 10
279.29052238232447
 20
242.54845057399706
 10
276.99996749213483
 20
242.84999999994028
 10
274.7094148173128
 20
242.54843374664938
 10
272.5749624632037
 20
241.66430315149026
 10
270.7420705067962
 20
240.2578605336081
 10
269.3356480867637
 20
238.4249530788553
 10
268.4515410125021
 20
236.29049098209674
 10
268.15000000023883
 20
233.99993498426966
 10
268.45157466719746
 20
231.70938341717778
 10
269.3357131026319
 20
229.57493431067607
 10
270.74216245309265
 20
227.74204752043318
 10
272.5750750739111
 20
226.33563183305517
 10
274.7095404181619
 20
225.4515325991166
 10
277.0000975235955
 20
225.15000000053735
 10
279.2906479829263
 20
225.45158308115967
 10
281.4250938417918
 20
226.33572935685748
 10
283.25797546584545
 20
227.74218543987786
 10
284.66438442054994
 20
229.5751032267372
 10
285.54847581415356
 20
231.70957181845142
 97
0
 75
1
 76
1
 98
0
  0
CIRCLE
  5
38D
330
17
100
AcDbEntity
  8
A-EQUIPO-FINO
100
AcDbCircle
 10
277.0
 20
234.0
 30
0.0
 40
8.85
  0
HATCH
  5
38E
330
17
100
AcDbEntity
  8
A-RELLENO
 62
7
420
16635562
100
AcDbHatch
 10
0.0
 20
0.0
 30
0.0
210
0.0
220
0.0
230
1.0
  2
SOLID
 70
1
 71
0
 91
1
 92
3
 72
0
 73
1
 93
24
 10
303.85
 20
234.0
 10
303.5484421603809
 20
236.2905537825213
 10
302.664319405509
 20
238.42500938420903
 10
301.2578835202244
 20
240.25790650675634
 10
299.424981231562
 20
241.66433565942435
 10
297.29052238232447
 20
242.54845057399706
 10
294.99996749213483
 20
242.84999999994028
 10
292.7094148173128
 20
242.54843374664938
 10
290.5749624632037
 20
241.66430315149026
 10
288.7420705067962
 20
240.2578605336081
 10
287.3356480867637
 20
238.4249530788553
 10
286.4515410125021
 20
236.29049098209674
 10
286.15000000023883
 20
233.99993498426966
 10
286.45157466719746
 20
231.70938341717778
 10
287.3357131026319
 20
229.57493431067607
 10
288.74216245309265
 20
227.74204752043318
 10
290.5750750739111
 20
226.33563183305517
 10
292.7095404181619
 20
225.4515325991166
 10
295.0000975235955
 20
225.15000000053735
 10
297.2906479829263
 20
225.45158308115967
 10
299.4250938417918
 20
226.33572935685748
 10
301.25797546584545
 20
227.74218543987786
 10
302.66438442054994
 20
229.5751032267372
 10
303.54847581415356
 20
231.70957181845142
 97
0
 75
1
 76
1
 98
0
  0
CIRCLE
  5
38F
330
17
100
AcDbEntity
  8
A-EQUIPO-FINO
100
AcDbCircle
 10
295.0
 20
234.0
 30
0.0
 40
8.85
  0
TEXT
  5
390
330
17
100
AcDbEntity
  8
A-TEXTO
100
AcDbText
 10
229.0
 20
246.0
 30
0.0
 40
2.1
  1
Fondo 5 kg: Ø 177 en fleje 1,60 × 200 - paso 180,0 - aprovech. 68,3 %
  7
ISO3098
 11
229.0
 21
246.0
 31
0.0
100
AcDbText
 73
1
  0
LWPOLYLINE
  5
391
330
17
100
AcDbEntity
  8
A-EQUIPO
100
AcDbPolyline
 90
4
 70
1
 10
423.0
 20
214.0
 10
533.4
 20
214.0
 10
533.4
 20
244.0
 10
423.0
 20
244.0
  0
HATCH
  5
392
330
17
100
AcDbEntity
  8
A-RELLENO
 62
7
420
16635562
100
AcDbHatch
 10
0.0
 20
0.0
 30
0.0
210
0.0
220
0.0
230
1.0
  2
SOLID
 70
1
 71
0
 91
1
 92
3
 72
0
 73
1
 93
24
 10
451.95
 20
229.0
 10
451.51044111513147
 20
232.33877331011578
 10
450.2217198114199
 20
235.45001367867758
 10
448.17166072439494
 20
238.12169423018722
 10
445.49997264261583
 20
240.1717435035677
 10
442.3887275403374
 20
241.46045337904656
 10
439.0499526156542
 20
241.89999999991298
 10
435.71118092015087
 20
241.46042885104822
 10
432.5999452853477
 20
240.17169611912138
 10
429.92827226414363
 20
238.1216272184796
 10
427.87823280443524
 20
235.4499316064671
 10
426.5895343572065
 20
232.33868177051392
 10
426.15000000034814
 20
228.99990523130833
 10
426.5895834132031
 20
225.6611351504625
 10
427.8783275733279
 20
222.54990424946
 10
429.9284062875588
 20
219.8782387585975
 10
432.60010942976874
 20
217.82820911258892
 10
435.7113639993546
 20
216.5395220936276
 10
439.0501421530375
 20
216.10000000078324
 10
442.38891061918076
 20
216.53959567762257
 10
445.50013678634065
 20
217.82835126592786
 10
448.1717947468256
 20
219.87843979372028
 10
450.2218145791067
 20
222.55015046609154
 10
451.5104901697831
 20
225.66140976926818
 97
0
 75
1
 76
1
 98
0
  0
CIRCLE
  5
393
330
17
100
AcDbEntity
  8
A-EQUIPO-FINO
100
AcDbCircle
 10
439.05
 20
229.0
 30
0.0
 40
12.9
  0
HATCH
  5
394
330
17
100
AcDbEntity
  8
A-RELLENO
 62
7
420
16635562
100
AcDbHatch
 10
0.0
 20
0.0
 30
0.0
210
0.0
220
0.0
230
1.0
  2
SOLID
 70
1
 71
0
 91
1
 92
3
 72
0
 73
1
 93
24
 10
478.04999999999995
 20
229.0
 10
477.61044111513144
 20
232.33877331011578
 10
476.3217198114199
 20
235.45001367867758
 10
474.2716607243949
 20
238.12169423018722
 10
471.5999726426158
 20
240.1717435035677
 10
468.4887275403374
 20
241.46045337904656
 10
465.1499526156542
 20
241.89999999991298
 10
461.81118092015083
 20
241.46042885104822
 10
458.69994528534767
 20
240.17169611912138
 10
456.0282722641436
 20
238.1216272184796
 10
453.9782328044352
 20
235.4499316064671
 10
452.68953435720647
 20
232.33868177051392
 10
452.2500000003481
 20
228.99990523130833
 10
452.6895834132031
 20
225.6611351504625
 10
453.9783275733279
 20
222.54990424946
 10
456.02840628755877
 20
219.8782387585975
 10
458.7001094297687
 20
217.82820911258892
 10
461.81136399935457
 20
216.5395220936276
 10
465.15014215303745
 20
216.10000000078324
 10
468.48891061918073
 20
216.53959567762257
 10
471.6001367863406
 20
217.82835126592786
 10
474.27179474682555
 20
219.87843979372028
 10
476.3218145791067
 20
222.55015046609154
 10
477.6104901697831
 20
225.66140976926818
 97
0
 75
1
 76
1
 98
0
  0
CIRCLE
  5
395
330
17
100
AcDbEntity
  8
A-EQUIPO-FINO
100
AcDbCircle
 10
465.15
 20
229.0
 30
0.0
 40
12.9
  0
HATCH
  5
396
330
17
100
AcDbEntity
  8
A-RELLENO
 62
7
420
16635562
100
AcDbHatch
 10
0.0
 20
0.0
 30
0.0
210
0.0
220
0.0
230
1.0
  2
SOLID
 70
1
 71
0
 91
1
 92
3
 72
0
 73
1
 93
24
 10
504.15
 20
229.0
 10
503.71044111513146
 20
232.33877331011578
 10
502.4217198114199
 20
235.45001367867758
 10
500.3716607243949
 20
238.12169423018722
 10
497.6999726426158
 20
240.1717435035677
 10
494.5887275403374
 20
241.46045337904656
 10
491.2499526156542
 20
241.89999999991298
 10
487.91118092015085
 20
241.46042885104822
 10
484.7999452853477
 20
240.17169611912138
 10
482.1282722641436
 20
238.1216272184796
 10
480.07823280443523
 20
235.4499316064671
 10
478.7895343572065
 20
232.33868177051392
 10
478.35000000034813
 20
228.99990523130833
 10
478.7895834132031
 20
225.6611351504625
 10
480.0783275733279
 20
222.54990424946
 10
482.1284062875588
 20
219.8782387585975
 10
484.8001094297687
 20
217.82820911258892
 10
487.9113639993546
 20
216.5395220936276
 10
491.2501421530375
 20
216.10000000078324
 10
494.58891061918075
 20
216.53959567762257
 10
497.70013678634064
 20
217.82835126592786
 10
500.37179474682557
 20
219.87843979372028
 10
502.4218145791067
 20
222.55015046609154
 10
503.7104901697831
 20
225.66140976926818
 97
0
 75
1
 76
1
 98
0
  0
CIRCLE
  5
397
330
17
100
AcDbEntity
  8
A-EQUIPO-FINO
100
AcDbCircle
 10
491.25
 20
229.0
 30
0.0
 40
12.9
  0
HATCH
  5
398
330
17
100
AcDbEntity
  8
A-RELLENO
 62
7
420
16635562
100
AcDbHatch
 10
0.0
 20
0.0
 30
0.0
210
0.0
220
0.0
230
1.0
  2
SOLID
 70
1
 71
0
 91
1
 92
3
 72
0
 73
1
 93
24
 10
530.25
 20
229.0
 10
529.8104411151314
 20
232.33877331011578
 10
528.52171981142
 20
235.45001367867758
 10
526.471660724395
 20
238.12169423018722
 10
523.7999726426159
 20
240.1717435035677
 10
520.6887275403374
 20
241.46045337904656
 10
517.3499526156542
 20
241.89999999991298
 10
514.0111809201509
 20
241.46042885104822
 10
510.8999452853477
 20
240.17169611912138
 10
508.22827226414364
 20
238.1216272184796
 10
506.17823280443525
 20
235.4499316064671
 10
504.8895343572065
 20
232.33868177051392
 10
504.45000000034815
 20
228.99990523130833
 10
504.8895834132031
 20
225.6611351504625
 10
506.1783275733279
 20
222.54990424946
 10
508.2284062875588
 20
219.8782387585975
 10
510.90010942976875
 20
217.82820911258892
 10
514.0113639993547
 20
216.5395220936276
 10
517.3501421530375
 20
216.10000000078324
 10
520.6889106191808
 20
216.53959567762257
 10
523.8001367863407
 20
217.82835126592786
 10
526.4717947468256
 20
219.87843979372028
 10
528.5218145791067
 20
222.55015046609154
 10
529.8104901697832
 20
225.66140976926818
 97
0
 75
1
 76
1
 98
0
  0
CIRCLE
  5
399
330
17
100
AcDbEntity
  8
A-EQUIPO-FINO
100
AcDbCircle
 10
517.35
 20
229.0
 30
0.0
 40
12.9
  0
TEXT
  5
39A
330
17
100
AcDbEntity
  8
A-TEXTO
100
AcDbText
 10
423.0
 20
246.0
 30
0.0
 40
2.1
  1
Cúpula 10 kg: Ø 258 en fleje 2,00 × 300 - paso 261,0 - aprovech. 66,8 %
  7
ISO3098
 11
423.0
 21
246.0
 31
0.0
100
AcDbText
 73
1
  0
LWPOLYLINE
  5
39B
330
17
100
AcDbEntity
  8
A-EQUIPO
100
AcDbPolyline
 90
4
 70
1
 10
617.0
 20
219.1
 10
706.2
 20
219.1
 10
706.2
 20
244.0
 10
617.0
 20
244.0
  0
HATCH
  5
39C
330
17
100
AcDbEntity
  8
A-RELLENO
 62
7
420
16635562
100
AcDbHatch
 10
0.0
 20
0.0
 30
0.0
210
0.0
220
0.0
230
1.0
  2
SOLID
 70
1
 71
0
 91
1
 92
3
 72
0
 73
1
 93
24
 10
640.65
 20
231.55
 10
640.3007380953563
 20
234.20290127354164
 10
639.2767541137251
 20
236.6750108687167
 10
637.6478311957402
 20
238.7978578185596
 10
635.5249782625435
 20
240.42677293888133
 10
633.052864906082
 20
241.4507478399401
 10
630.3999623496477
 20
241.79999999993086
 10
627.7470623590345
 20
241.4507283506391
 10
625.2749565251794
 20
240.42673528844918
 10
623.1521155587187
 20
238.79780457282297
 10
621.5232082360823
 20
236.67494565630136
 10
620.4992424156097
 20
234.20282853858666
 10
620.1500000002766
 20
231.5499246992954
 10
620.4992813942117
 20
228.8970259916466
 10
621.5232835369466
 20
226.42492391914462
 10
623.152222050192
 20
224.30208893609492
 10
625.27508695001
 20
222.67318941116562
 10
627.7472078289445
 20
221.64923267129328
 10
630.4001129510569
 20
221.30000000062236
 10
633.0530103757056
 20
221.64929113919624
 10
635.525108686821
 20
222.67330236246207
 10
637.6479376864311
 20
224.3022486733049
 10
639.2768294136313
 20
226.42511955639057
 10
640.3007770728897
 20
228.89724419651154
 97
0
 75
1
 76
1
 98
0
  0
CIRCLE
  5
39D
330
17
100
AcDbEntity
  8
A-EQUIPO-FINO
100
AcDbCircle
 10
630.4
 20
231.55
 30
0.0
 40
10.25
  0
HATCH
  5
39E
330
17
100
AcDbEntity
  8
A-RELLENO
 62
7
420
16635562
100
AcDbHatch
 10
0.0
 20
0.0
 30
0.0
210
0.0
220
0.0
230
1.0
  2
SOLID
 70
1
 71
0
 91
1
 92
3
 72
0
 73
1
 93
24
 10
661.45
 20
231.55
 10
661.1007380953564
 20
234.20290127354164
 10
660.0767541137252
 20
236.6750108687167
 10
658.4478311957403
 20
238.7978578185596
 10
656.3249782625436
 20
240.42677293888133
 10
653.8528649060821
 20
241.4507478399401
 10
651.1999623496478
 20
241.79999999993086
 10
648.5470623590346
 20
241.4507283506391
 10
646.0749565251795
 20
240.42673528844918
 10
643.9521155587188
 20
238.79780457282297
 10
642.3232082360823
 20
236.67494565630136
 10
641.2992424156098
 20
234.20282853858666
 10
640.9500000002766
 20
231.5499246992954
 10
641.2992813942118
 20
228.8970259916466
 10
642.3232835369466
 20
226.42492391914462
 10
643.9522220501921
 20
224.30208893609492
 10
646.07508695001
 20
222.67318941116562
 10
648.5472078289446
 20
221.64923267129328
 10
651.200112951057
 20
221.30000000062236
 10
653.8530103757057
 20
221.64929113919624
 10
656.3251086868211
 20
222.67330236246207
 10
658.4479376864311
 20
224.3022486733049
 10
660.0768294136313
 20
226.42511955639057
 10
661.1007770728897
 20
228.89724419651154
 97
0
 75
1
 76
1
 98
0
  0
CIRCLE
  5
39F
330
17
100
AcDbEntity
  8
A-EQUIPO-FINO
100
AcDbCircle
 10
651.2
 20
231.55
 30
0.0
 40
10.25
  0
HATCH
  5
3A0
330
17
100
AcDbEntity
  8
A-RELLENO
 62
7
420
16635562
100
AcDbHatch
 10
0.0
 20
0.0
 30
0.0
210
0.0
220
0.0
230
1.0
  2
SOLID
 70
1
 71
0
 91
1
 92
3
 72
0
 73
1
 93
24
 10
682.25
 20
231.55
 10
681.9007380953564
 20
234.20290127354164
 10
680.8767541137252
 20
236.6750108687167
 10
679.2478311957402
 20
238.7978578185596
 10
677.1249782625436
 20
240.42677293888133
 10
674.6528649060821
 20
241.4507478399401
 10
671.9999623496477
 20
241.79999999993086
 10
669.3470623590346
 20
241.4507283506391
 10
666.8749565251794
 20
240.42673528844918
 10
664.7521155587187
 20
238.79780457282297
 10
663.1232082360823
 20
236.67494565630136
 10
662.0992424156098
 20
234.20282853858666
 10
661.7500000002766
 20
231.5499246992954
 10
662.0992813942117
 20
228.8970259916466
 10
663.1232835369466
 20
226.42492391914462
 10
664.752222050192
 20
224.30208893609492
 10
666.87508695001
 20
222.67318941116562
 10
669.3472078289445
 20
221.64923267129328
 10
672.000112951057
 20
221.30000000062236
 10
674.6530103757057
 20
221.64929113919624
 10
677.125108686821
 20
222.67330236246207
 10
679.2479376864311
 20
224.3022486733049
 10
680.8768294136313
 20
226.42511955639057
 10
681.9007770728897
 20
228.89724419651154
 97
0
 75
1
 76
1
 98
0
  0
CIRCLE
  5
3A1
330
17
100
AcDbEntity
  8
A-EQUIPO-FINO
100
AcDbCircle
 10
672.0
 20
231.55
 30
0.0
 40
10.25
  0
HATCH
  5
3A2
330
17
100
AcDbEntity
  8
A-RELLENO
 62
7
420
16635562
100
AcDbHatch
 10
0.0
 20
0.0
 30
0.0
210
0.0
220
0.0
230
1.0
  2
SOLID
 70
1
 71
0
 91
1
 92
3
 72
0
 73
1
 93
24
 10
703.05
 20
231.55
 10
702.7007380953563
 20
234.20290127354164
 10
701.6767541137251
 20
236.6750108687167
 10
700.0478311957402
 20
238.7978578185596
 10
697.9249782625435
 20
240.42677293888133
 10
695.452864906082
 20
241.4507478399401
 10
692.7999623496477
 20
241.79999999993086
 10
690.1470623590345
 20
241.4507283506391
 10
687.6749565251794
 20
240.42673528844918
 10
685.5521155587187
 20
238.79780457282297
 10
683.9232082360822
 20
236.67494565630136
 10
682.8992424156097
 20
234.20282853858666
 10
682.5500000002766
 20
231.5499246992954
 10
682.8992813942117
 20
228.8970259916466
 10
683.9232835369465
 20
226.42492391914462
 10
685.552222050192
 20
224.30208893609492
 10
687.6750869500099
 20
222.67318941116562
 10
690.1472078289445
 20
221.64923267129328
 10
692.8001129510569
 20
221.30000000062236
 10
695.4530103757056
 20
221.64929113919624
 10
697.925108686821
 20
222.67330236246207
 10
700.047937686431
 20
224.3022486733049
 10
701.6768294136313
 20
226.42511955639057
 10
702.7007770728897
 20
228.89724419651154
 97
0
 75
1
 76
1
 98
0
  0
CIRCLE
  5
3A3
330
17
100
AcDbEntity
  8
A-EQUIPO-FINO
100
AcDbCircle
 10
692.8
 20
231.55
 30
0.0
 40
10.25
  0
TEXT
  5
3A4
330
17
100
AcDbEntity
  8
A-TEXTO
100
AcDbText
 10
617.0
 20
246.0
 30
0.0
 40
2.1
  1
Fondo 10 kg: Ø 205 en fleje 2,00 × 249 - paso 208,0 - aprovech. 63,7 %
  7
ISO3098
 11
617.0
 21
246.0
 31
0.0
100
AcDbText
 73
1
  0
TEXT
  5
3A5
330
17
100
AcDbEntity
  8
A-TEXTO
100
AcDbText
 10
35.0
 20
186.0
 30
0.0
 40
3.0
  1
Cuerpo de 1 kg: caño Ø76,2 × 1,25 × 6000 (1:20)
  7
ISO3098
 11
35.0
 21
186.0
 31
0.0
100
AcDbText
 73
1
  0
LWPOLYLINE
  5
3A6
330
17
100
AcDbEntity
  8
A-EQUIPO
100
AcDbPolyline
 90
4
 70
1
 10
35.0
 20
174.38
 10
335.0
 20
174.38
 10
335.0
 20
182.0
 10
35.0
 20
182.0
  0
HATCH
  5
3A7
330
17
100
AcDbEntity
  8
A-RELLENO
 62
7
420
16635562
100
AcDbHatch
 10
0.0
 20
0.0
 30
0.0
210
0.0
220
0.0
230
1.0
  2
SOLID
 70
1
 71
0
 91
1
 92
3
 72
0
 73
1
 93
4
 10
35.0
 20
174.38
 10
47.75
 20
174.38
 10
47.75
 20
182.0
 10
35.0
 20
182.0
 97
0
 75
1
 76
1
 98
0
  0
LWPOLYLINE
  5
3A8
330
17
100
AcDbEntity
  8
A-EQUIPO-FINO
100
AcDbPolyline
 90
4
 70
1
 10
35.0
 20
174.38
 10
47.75
 20
174.38
 10
47.75
 20
182.0
 10
35.0
 20
182.0
  0
HATCH
  5
3A9
330
17
100
AcDbEntity
  8
A-RELLENO
 62
7
420
16635562
100
AcDbHatch
 10
0.0
 20
0.0
 30
0.0
210
0.0
220
0.0
230
1.0
  2
SOLID
 70
1
 71
0
 91
1
 92
3
 72
0
 73
1
 93
4
 10
47.75
 20
174.38
 10
60.5
 20
174.38
 10
60.5
 20
182.0
 10
47.75
 20
182.0
 97
0
 75
1
 76
1
 98
0
  0
LWPOLYLINE
  5
3AA
330
17
100
AcDbEntity
  8
A-EQUIPO-FINO
100
AcDbPolyline
 90
4
 70
1
 10
47.75
 20
174.38
 10
60.5
 20
174.38
 10
60.5
 20
182.0
 10
47.75
 20
182.0
  0
HATCH
  5
3AB
330
17
100
AcDbEntity
  8
A-RELLENO
 62
7
420
16635562
100
AcDbHatch
 10
0.0
 20
0.0
 30
0.0
210
0.0
220
0.0
230
1.0
  2
SOLID
 70
1
 71
0
 91
1
 92
3
 72
0
 73
1
 93
4
 10
60.5
 20
174.38
 10
73.25
 20
174.38
 10
73.25
 20
182.0
 10
60.5
 20
182.0
 97
0
 75
1
 76
1
 98
0
  0
LWPOLYLINE
  5
3AC
330
17
100
AcDbEntity
  8
A-EQUIPO-FINO
100
AcDbPolyline
 90
4
 70
1
 10
60.5
 20
174.38
 10
73.25
 20
174.38
 10
73.25
 20
182.0
 10
60.5
 20
182.0
  0
HATCH
  5
3AD
330
17
100
AcDbEntity
  8
A-RELLENO
 62
7
420
16635562
100
AcDbHatch
 10
0.0
 20
0.0
 30
0.0
210
0.0
220
0.0
230
1.0
  2
SOLID
 70
1
 71
0
 91
1
 92
3
 72
0
 73
1
 93
4
 10
73.25
 20
174.38
 10
86.0
 20
174.38
 10
86.0
 20
182.0
 10
73.25
 20
182.0
 97
0
 75
1
 76
1
 98
0
  0
LWPOLYLINE
  5
3AE
330
17
100
AcDbEntity
  8
A-EQUIPO-FINO
100
AcDbPolyline
 90
4
 70
1
 10
73.25
 20
174.38
 10
86.0
 20
174.38
 10
86.0
 20
182.0
 10
73.25
 20
182.0
  0
HATCH
  5
3AF
330
17
100
AcDbEntity
  8
A-RELLENO
 62
7
420
16635562
100
AcDbHatch
 10
0.0
 20
0.0
 30
0.0
210
0.0
220
0.0
230
1.0
  2
SOLID
 70
1
 71
0
 91
1
 92
3
 72
0
 73
1
 93
4
 10
86.0
 20
174.38
 10
98.75
 20
174.38
 10
98.75
 20
182.0
 10
86.0
 20
182.0
 97
0
 75
1
 76
1
 98
0
  0
LWPOLYLINE
  5
3B0
330
17
100
AcDbEntity
  8
A-EQUIPO-FINO
100
AcDbPolyline
 90
4
 70
1
 10
86.0
 20
174.38
 10
98.75
 20
174.38
 10
98.75
 20
182.0
 10
86.0
 20
182.0
  0
HATCH
  5
3B1
330
17
100
AcDbEntity
  8
A-RELLENO
 62
7
420
16635562
100
AcDbHatch
 10
0.0
 20
0.0
 30
0.0
210
0.0
220
0.0
230
1.0
  2
SOLID
 70
1
 71
0
 91
1
 92
3
 72
0
 73
1
 93
4
 10
98.75
 20
174.38
 10
111.5
 20
174.38
 10
111.5
 20
182.0
 10
98.75
 20
182.0
 97
0
 75
1
 76
1
 98
0
  0
LWPOLYLINE
  5
3B2
330
17
100
AcDbEntity
  8
A-EQUIPO-FINO
100
AcDbPolyline
 90
4
 70
1
 10
98.75
 20
174.38
 10
111.5
 20
174.38
 10
111.5
 20
182.0
 10
98.75
 20
182.0
  0
HATCH
  5
3B3
330
17
100
AcDbEntity
  8
A-RELLENO
 62
7
420
16635562
100
AcDbHatch
 10
0.0
 20
0.0
 30
0.0
210
0.0
220
0.0
230
1.0
  2
SOLID
 70
1
 71
0
 91
1
 92
3
 72
0
 73
1
 93
4
 10
111.5
 20
174.38
 10
124.25
 20
174.38
 10
124.25
 20
182.0
 10
111.5
 20
182.0
 97
0
 75
1
 76
1
 98
0
  0
LWPOLYLINE
  5
3B4
330
17
100
AcDbEntity
  8
A-EQUIPO-FINO
100
AcDbPolyline
 90
4
 70
1
 10
111.5
 20
174.38
 10
124.25
 20
174.38
 10
124.25
 20
182.0
 10
111.5
 20
182.0
  0
HATCH
  5
3B5
330
17
100
AcDbEntity
  8
A-RELLENO
 62
7
420
16635562
100
AcDbHatch
 10
0.0
 20
0.0
 30
0.0
210
0.0
220
0.0
230
1.0
  2
SOLID
 70
1
 71
0
 91
1
 92
3
 72
0
 73
1
 93
4
 10
124.25
 20
174.38
 10
137.0
 20
174.38
 10
137.0
 20
182.0
 10
124.25
 20
182.0
 97
0
 75
1
 76
1
 98
0
  0
LWPOLYLINE
  5
3B6
330
17
100
AcDbEntity
  8
A-EQUIPO-FINO
100
AcDbPolyline
 90
4
 70
1
 10
124.25
 20
174.38
 10
137.0
 20
174.38
 10
137.0
 20
182.0
 10
124.25
 20
182.0
  0
HATCH
  5
3B7
330
17
100
AcDbEntity
  8
A-RELLENO
 62
7
420
16635562
100
AcDbHatch
 10
0.0
 20
0.0
 30
0.0
210
0.0
220
0.0
230
1.0
  2
SOLID
 70
1
 71
0
 91
1
 92
3
 72
0
 73
1
 93
4
 10
137.0
 20
174.38
 10
149.75
 20
174.38
 10
149.75
 20
182.0
 10
137.0
 20
182.0
 97
0
 75
1
 76
1
 98
0
  0
LWPOLYLINE
  5
3B8
330
17
100
AcDbEntity
  8
A-EQUIPO-FINO
100
AcDbPolyline
 90
4
 70
1
 10
137.0
 20
174.38
 10
149.75
 20
174.38
 10
149.75
 20
182.0
 10
137.0
 20
182.0
  0
HATCH
  5
3B9
330
17
100
AcDbEntity
  8
A-RELLENO
 62
7
420
16635562
100
AcDbHatch
 10
0.0
 20
0.0
 30
0.0
210
0.0
220
0.0
230
1.0
  2
SOLID
 70
1
 71
0
 91
1
 92
3
 72
0
 73
1
 93
4
 10
149.75
 20
174.38
 10
162.5
 20
174.38
 10
162.5
 20
182.0
 10
149.75
 20
182.0
 97
0
 75
1
 76
1
 98
0
  0
LWPOLYLINE
  5
3BA
330
17
100
AcDbEntity
  8
A-EQUIPO-FINO
100
AcDbPolyline
 90
4
 70
1
 10
149.75
 20
174.38
 10
162.5
 20
174.38
 10
162.5
 20
182.0
 10
149.75
 20
182.0
  0
HATCH
  5
3BB
330
17
100
AcDbEntity
  8
A-RELLENO
 62
7
420
16635562
100
AcDbHatch
 10
0.0
 20
0.0
 30
0.0
210
0.0
220
0.0
230
1.0
  2
SOLID
 70
1
 71
0
 91
1
 92
3
 72
0
 73
1
 93
4
 10
162.5
 20
174.38
 10
175.25
 20
174.38
 10
175.25
 20
182.0
 10
162.5
 20
182.0
 97
0
 75
1
 76
1
 98
0
  0
LWPOLYLINE
  5
3BC
330
17
100
AcDbEntity
  8
A-EQUIPO-FINO
100
AcDbPolyline
 90
4
 70
1
 10
162.5
 20
174.38
 10
175.25
 20
174.38
 10
175.25
 20
182.0
 10
162.5
 20
182.0
  0
HATCH
  5
3BD
330
17
100
AcDbEntity
  8
A-RELLENO
 62
7
420
16635562
100
AcDbHatch
 10
0.0
 20
0.0
 30
0.0
210
0.0
220
0.0
230
1.0
  2
SOLID
 70
1
 71
0
 91
1
 92
3
 72
0
 73
1
 93
4
 10
175.25
 20
174.38
 10
188.0
 20
174.38
 10
188.0
 20
182.0
 10
175.25
 20
182.0
 97
0
 75
1
 76
1
 98
0
  0
LWPOLYLINE
  5
3BE
330
17
100
AcDbEntity
  8
A-EQUIPO-FINO
100
AcDbPolyline
 90
4
 70
1
 10
175.25
 20
174.38
 10
188.0
 20
174.38
 10
188.0
 20
182.0
 10
175.25
 20
182.0
  0
HATCH
  5
3BF
330
17
100
AcDbEntity
  8
A-RELLENO
 62
7
420
16635562
100
AcDbHatch
 10
0.0
 20
0.0
 30
0.0
210
0.0
220
0.0
230
1.0
  2
SOLID
 70
1
 71
0
 91
1
 92
3
 72
0
 73
1
 93
4
 10
188.0
 20
174.38
 10
200.75
 20
174.38
 10
200.75
 20
182.0
 10
188.0
 20
182.0
 97
0
 75
1
 76
1
 98
0
  0
LWPOLYLINE
  5
3C0
330
17
100
AcDbEntity
  8
A-EQUIPO-FINO
100
AcDbPolyline
 90
4
 70
1
 10
188.0
 20
174.38
 10
200.75
 20
174.38
 10
200.75
 20
182.0
 10
188.0
 20
182.0
  0
HATCH
  5
3C1
330
17
100
AcDbEntity
  8
A-RELLENO
 62
7
420
16635562
100
AcDbHatch
 10
0.0
 20
0.0
 30
0.0
210
0.0
220
0.0
230
1.0
  2
SOLID
 70
1
 71
0
 91
1
 92
3
 72
0
 73
1
 93
4
 10
200.75
 20
174.38
 10
213.5
 20
174.38
 10
213.5
 20
182.0
 10
200.75
 20
182.0
 97
0
 75
1
 76
1
 98
0
  0
LWPOLYLINE
  5
3C2
330
17
100
AcDbEntity
  8
A-EQUIPO-FINO
100
AcDbPolyline
 90
4
 70
1
 10
200.75
 20
174.38
 10
213.5
 20
174.38
 10
213.5
 20
182.0
 10
200.75
 20
182.0
  0
HATCH
  5
3C3
330
17
100
AcDbEntity
  8
A-RELLENO
 62
7
420
16635562
100
AcDbHatch
 10
0.0
 20
0.0
 30
0.0
210
0.0
220
0.0
230
1.0
  2
SOLID
 70
1
 71
0
 91
1
 92
3
 72
0
 73
1
 93
4
 10
213.5
 20
174.38
 10
226.25
 20
174.38
 10
226.25
 20
182.0
 10
213.5
 20
182.0
 97
0
 75
1
 76
1
 98
0
  0
LWPOLYLINE
  5
3C4
330
17
100
AcDbEntity
  8
A-EQUIPO-FINO
100
AcDbPolyline
 90
4
 70
1
 10
213.5
 20
174.38
 10
226.25
 20
174.38
 10
226.25
 20
182.0
 10
213.5
 20
182.0
  0
HATCH
  5
3C5
330
17
100
AcDbEntity
  8
A-RELLENO
 62
7
420
16635562
100
AcDbHatch
 10
0.0
 20
0.0
 30
0.0
210
0.0
220
0.0
230
1.0
  2
SOLID
 70
1
 71
0
 91
1
 92
3
 72
0
 73
1
 93
4
 10
226.25
 20
174.38
 10
239.0
 20
174.38
 10
239.0
 20
182.0
 10
226.25
 20
182.0
 97
0
 75
1
 76
1
 98
0
  0
LWPOLYLINE
  5
3C6
330
17
100
AcDbEntity
  8
A-EQUIPO-FINO
100
AcDbPolyline
 90
4
 70
1
 10
226.25
 20
174.38
 10
239.0
 20
174.38
 10
239.0
 20
182.0
 10
226.25
 20
182.0
  0
HATCH
  5
3C7
330
17
100
AcDbEntity
  8
A-RELLENO
 62
7
420
16635562
100
AcDbHatch
 10
0.0
 20
0.0
 30
0.0
210
0.0
220
0.0
230
1.0
  2
SOLID
 70
1
 71
0
 91
1
 92
3
 72
0
 73
1
 93
4
 10
239.0
 20
174.38
 10
251.75
 20
174.38
 10
251.75
 20
182.0
 10
239.0
 20
182.0
 97
0
 75
1
 76
1
 98
0
  0
LWPOLYLINE
  5
3C8
330
17
100
AcDbEntity
  8
A-EQUIPO-FINO
100
AcDbPolyline
 90
4
 70
1
 10
239.0
 20
174.38
 10
251.75
 20
174.38
 10
251.75
 20
182.0
 10
239.0
 20
182.0
  0
HATCH
  5
3C9
330
17
100
AcDbEntity
  8
A-RELLENO
 62
7
420
16635562
100
AcDbHatch
 10
0.0
 20
0.0
 30
0.0
210
0.0
220
0.0
230
1.0
  2
SOLID
 70
1
 71
0
 91
1
 92
3
 72
0
 73
1
 93
4
 10
251.75
 20
174.38
 10
264.5
 20
174.38
 10
264.5
 20
182.0
 10
251.75
 20
182.0
 97
0
 75
1
 76
1
 98
0
  0
LWPOLYLINE
  5
3CA
330
17
100
AcDbEntity
  8
A-EQUIPO-FINO
100
AcDbPolyline
 90
4
 70
1
 10
251.75
 20
174.38
 10
264.5
 20
174.38
 10
264.5
 20
182.0
 10
251.75
 20
182.0
  0
HATCH
  5
3CB
330
17
100
AcDbEntity
  8
A-RELLENO
 62
7
420
16635562
100
AcDbHatch
 10
0.0
 20
0.0
 30
0.0
210
0.0
220
0.0
230
1.0
  2
SOLID
 70
1
 71
0
 91
1
 92
3
 72
0
 73
1
 93
4
 10
264.5
 20
174.38
 10
277.25
 20
174.38
 10
277.25
 20
182.0
 10
264.5
 20
182.0
 97
0
 75
1
 76
1
 98
0
  0
LWPOLYLINE
  5
3CC
330
17
100
AcDbEntity
  8
A-EQUIPO-FINO
100
AcDbPolyline
 90
4
 70
1
 10
264.5
 20
174.38
 10
277.25
 20
174.38
 10
277.25
 20
182.0
 10
264.5
 20
182.0
  0
HATCH
  5
3CD
330
17
100
AcDbEntity
  8
A-RELLENO
 62
7
420
16635562
100
AcDbHatch
 10
0.0
 20
0.0
 30
0.0
210
0.0
220
0.0
230
1.0
  2
SOLID
 70
1
 71
0
 91
1
 92
3
 72
0
 73
1
 93
4
 10
277.25
 20
174.38
 10
290.0
 20
174.38
 10
290.0
 20
182.0
 10
277.25
 20
182.0
 97
0
 75
1
 76
1
 98
0
  0
LWPOLYLINE
  5
3CE
330
17
100
AcDbEntity
  8
A-EQUIPO-FINO
100
AcDbPolyline
 90
4
 70
1
 10
277.25
 20
174.38
 10
290.0
 20
174.38
 10
290.0
 20
182.0
 10
277.25
 20
182.0
  0
HATCH
  5
3CF
330
17
100
AcDbEntity
  8
A-RELLENO
 62
7
420
16635562
100
AcDbHatch
 10
0.0
 20
0.0
 30
0.0
210
0.0
220
0.0
230
1.0
  2
SOLID
 70
1
 71
0
 91
1
 92
3
 72
0
 73
1
 93
4
 10
290.0
 20
174.38
 10
302.75
 20
174.38
 10
302.75
 20
182.0
 10
290.0
 20
182.0
 97
0
 75
1
 76
1
 98
0
  0
LWPOLYLINE
  5
3D0
330
17
100
AcDbEntity
  8
A-EQUIPO-FINO
100
AcDbPolyline
 90
4
 70
1
 10
290.0
 20
174.38
 10
302.75
 20
174.38
 10
302.75
 20
182.0
 10
290.0
 20
182.0
  0
HATCH
  5
3D1
330
17
100
AcDbEntity
  8
A-RELLENO
 62
7
420
16635562
100
AcDbHatch
 10
0.0
 20
0.0
 30
0.0
210
0.0
220
0.0
230
1.0
  2
SOLID
 70
1
 71
0
 91
1
 92
3
 72
0
 73
1
 93
4
 10
302.75
 20
174.38
 10
315.5
 20
174.38
 10
315.5
 20
182.0
 10
302.75
 20
182.0
 97
0
 75
1
 76
1
 98
0
  0
LWPOLYLINE
  5
3D2
330
17
100
AcDbEntity
  8
A-EQUIPO-FINO
100
AcDbPolyline
 90
4
 70
1
 10
302.75
 20
174.38
 10
315.5
 20
174.38
 10
315.5
 20
182.0
 10
302.75
 20
182.0
  0
HATCH
  5
3D3
330
17
100
AcDbEntity
  8
A-RELLENO
 62
7
420
16635562
100
AcDbHatch
 10
0.0
 20
0.0
 30
0.0
210
0.0
220
0.0
230
1.0
  2
SOLID
 70
1
 71
0
 91
1
 92
3
 72
0
 73
1
 93
4
 10
315.5
 20
174.38
 10
328.25
 20
174.38
 10
328.25
 20
182.0
 10
315.5
 20
182.0
 97
0
 75
1
 76
1
 98
0
  0
LWPOLYLINE
  5
3D4
330
17
100
AcDbEntity
  8
A-EQUIPO-FINO
100
AcDbPolyline
 90
4
 70
1
 10
315.5
 20
174.38
 10
328.25
 20
174.38
 10
328.25
 20
182.0
 10
315.5
 20
182.0
  0
TEXT
  5
3D5
330
17
100
AcDbEntity
  8
A-TEXTO
100
AcDbText
 10
35.0
 20
171.38
 30
0.0
 40
2.1
  1
23 cuerpos de 255 mm por barra; despunte 135 mm; aprovechamiento 97,8 % (corte láser de tubo, sin sierra).
  7
ISO3098
 11
35.0
 21
171.38
 31
0.0
100
AcDbText
 73
3
  0
TEXT
  5
3D6
330
17
100
AcDbEntity
  8
A-TEXTO
100
AcDbText
 10
35.0
 20
168.125
 30
0.0
 40
2.1
  1
Altura de la barra exagerada × 2 para que se vea el corte.
  7
ISO3098
 11
35.0
 21
168.125
 31
0.0
100
AcDbText
 73
3
  0
TEXT
  5
3D7
330
17
100
AcDbEntity
  8
A-TEXTO
100
AcDbText
 10
365.0
 20
189.5
 30
0.0
 40
3.0
  1
Resumen
  7
ISO3098
 11
365.0
 21
189.5
 31
0.0
100
AcDbText
 73
1
  0
LWPOLYLINE
  5
3D8
330
17
100
AcDbEntity
  8
A-COTA
370
35
100
AcDbPolyline
 90
4
 70
1
 10
365.0
 20
188.0
 10
505.0
 20
188.0
 10
505.0
 20
149.0
 10
365.0
 20
149.0
  0
LINE
  5
3D9
330
17
100
AcDbEntity
  8
A-COTA
370
35
100
AcDbLine
 10
365.0
 20
184.1
 30
0.0
 11
505.0
 21
184.1
 31
0.0
  0
LINE
  5
3DA
330
17
100
AcDbEntity
  8
A-COTA
370
13
100
AcDbLine
 10
365.0
 20
180.2
 30
0.0
 11
505.0
 21
180.2
 31
0.0
  0
LINE
  5
3DB
330
17
100
AcDbEntity
  8
A-COTA
370
13
100
AcDbLine
 10
365.0
 20
176.3
 30
0.0
 11
505.0
 21
176.3
 31
0.0
  0
LINE
  5
3DC
330
17
100
AcDbEntity
  8
A-COTA
370
13
100
AcDbLine
 10
365.0
 20
172.4
 30
0.0
 11
505.0
 21
172.4
 31
0.0
  0
LINE
  5
3DD
330
17
100
AcDbEntity
  8
A-COTA
370
13
100
AcDbLine
 10
365.0
 20
168.5
 30
0.0
 11
505.0
 21
168.5
 31
0.0
  0
LINE
  5
3DE
330
17
100
AcDbEntity
  8
A-COTA
370
13
100
AcDbLine
 10
365.0
 20
164.6
 30
0.0
 11
505.0
 21
164.6
 31
0.0
  0
LINE
  5
3DF
330
17
100
AcDbEntity
  8
A-COTA
370
13
100
AcDbLine
 10
365.0
 20
160.7
 30
0.0
 11
505.0
 21
160.7
 31
0.0
  0
LINE
  5
3E0
330
17
100
AcDbEntity
  8
A-COTA
370
13
100
AcDbLine
 10
365.0
 20
156.8
 30
0.0
 11
505.0
 21
156.8
 31
0.0
  0
LINE
  5
3E1
330
17
100
AcDbEntity
  8
A-COTA
370
13
100
AcDbLine
 10
365.0
 20
152.9
 30
0.0
 11
505.0
 21
152.9
 31
0.0
  0
LINE
  5
3E2
330
17
100
AcDbEntity
  8
A-COTA
370
13
100
AcDbLine
 10
405.0
 20
188.0
 30
0.0
 11
405.0
 21
149.0
 31
0.0
  0
LINE
  5
3E3
330
17
100
AcDbEntity
  8
A-COTA
370
13
100
AcDbLine
 10
463.0
 20
188.0
 30
0.0
 11
463.0
 21
149.0
 31
0.0
  0
LINE
  5
3E4
330
17
100
AcDbEntity
  8
A-COTA
370
13
100
AcDbLine
 10
487.0
 20
188.0
 30
0.0
 11
487.0
 21
149.0
 31
0.0
  0
TEXT
  5
3E5
330
17
100
AcDbEntity
  8
A-TEXTO
100
AcDbText
 10
365.8
 20
186.05
 30
0.0
 40
1.9
  1
Formato
  7
ISO3098
 11
365.8
 21
186.05
 31
0.0
100
AcDbText
 73
2
  0
TEXT
  5
3E6
330
17
100
AcDbEntity
  8
A-TEXTO
100
AcDbText
 10
405.8
 20
186.05
 30
0.0
 40
1.9
  1
Presentación
  7
ISO3098
 11
405.8
 21
186.05
 31
0.0
100
AcDbText
 73
2
  0
TEXT
  5
3E7
330
17
100
AcDbEntity
  8
A-TEXTO
100
AcDbText
 10
475.0
 20
186.05
 30
0.0
 40
1.9
  1
Piezas
  7
ISO3098
 72
1
 11
475.0
 21
186.05
 31
0.0
100
AcDbText
 73
2
  0
TEXT
  5
3E8
330
17
100
AcDbEntity
  8
A-TEXTO
100
AcDbText
 10
496.0
 20
186.05
 30
0.0
 40
1.9
  1
Aprov. %
  7
ISO3098
 72
1
 11
496.0
 21
186.05
 31
0.0
100
AcDbText
 73
2
  0
TEXT
  5
3E9
330
17
100
AcDbEntity
  8
A-TEXTO
100
AcDbText
 10
365.8
 20
182.15
 30
0.0
 40
1.9
  1
Cuerpo 2,5 kg
  7
ISO3098
 11
365.8
 21
182.15
 31
0.0
100
AcDbText
 73
2
  0
TEXT
  5
3EA
330
17
100
AcDbEntity
  8
A-TEXTO
100
AcDbText
 10
405.8
 20
182.15
 30
0.0
 40
1.9
  1
Hoja LAF 1,25 × 1220 × 2440
  7
ISO3098
 11
405.8
 21
182.15
 31
0.0
100
AcDbText
 73
2
  0
TEXT
  5
3EB
330
17
100
AcDbEntity
  8
A-TEXTO
100
AcDbText
 10
475.0
 20
182.15
 30
0.0
 40
1.9
  1
27
  7
ISO3098
 72
1
 11
475.0
 21
182.15
 31
0.0
100
AcDbText
 73
2
  0
TEXT
  5
3EC
330
17
100
AcDbEntity
  8
A-TEXTO
100
AcDbText
 10
496.0
 20
182.15
 30
0.0
 40
1.9
  1
94,2
  7
ISO3098
 72
1
 11
496.0
 21
182.15
 31
0.0
100
AcDbText
 73
2
  0
TEXT
  5
3ED
330
17
100
AcDbEntity
  8
A-TEXTO
100
AcDbText
 10
365.8
 20
178.25
 30
0.0
 40
1.9
  1
Cuerpo 5 kg
  7
ISO3098
 11
365.8
 21
178.25
 31
0.0
100
AcDbText
 73
2
  0
TEXT
  5
3EE
330
17
100
AcDbEntity
  8
A-TEXTO
100
AcDbText
 10
405.8
 20
178.25
 30
0.0
 40
1.9
  1
Hoja LAF 1,60 × 1000 × 2000
  7
ISO3098
 11
405.8
 21
178.25
 31
0.0
100
AcDbText
 73
2
  0
TEXT
  5
3EF
330
17
100
AcDbEntity
  8
A-TEXTO
100
AcDbText
 10
475.0
 20
178.25
 30
0.0
 40
1.9
  1
12
  7
ISO3098
 72
1
 11
475.0
 21
178.25
 31
0.0
100
AcDbText
 73
2
  0
TEXT
  5
3F0
330
17
100
AcDbEntity
  8
A-TEXTO
100
AcDbText
 10
496.0
 20
178.25
 30
0.0
 40
1.9
  1
94,0
  7
ISO3098
 72
1
 11
496.0
 21
178.25
 31
0.0
100
AcDbText
 73
2
  0
TEXT
  5
3F1
330
17
100
AcDbEntity
  8
A-TEXTO
100
AcDbText
 10
365.8
 20
174.35
 30
0.0
 40
1.9
  1
Cuerpo 10 kg
  7
ISO3098
 11
365.8
 21
174.35
 31
0.0
100
AcDbText
 73
2
  0
TEXT
  5
3F2
330
17
100
AcDbEntity
  8
A-TEXTO
100
AcDbText
 10
405.8
 20
174.35
 30
0.0
 40
1.9
  1
Hoja LAF 2,00 × 1500 × 3000
  7
ISO3098
 11
405.8
 21
174.35
 31
0.0
100
AcDbText
 73
2
  0
TEXT
  5
3F3
330
17
100
AcDbEntity
  8
A-TEXTO
100
AcDbText
 10
475.0
 20
174.35
 30
0.0
 40
1.9
  1
15
  7
ISO3098
 72
1
 11
475.0
 21
174.35
 31
0.0
100
AcDbText
 73
2
  0
TEXT
  5
3F4
330
17
100
AcDbEntity
  8
A-TEXTO
100
AcDbText
 10
496.0
 20
174.35
 30
0.0
 40
1.9
  1
92,9
  7
ISO3098
 72
1
 11
496.0
 21
174.35
 31
0.0
100
AcDbText
 73
2
  0
TEXT
  5
3F5
330
17
100
AcDbEntity
  8
A-TEXTO
100
AcDbText
 10
365.8
 20
170.45
 30
0.0
 40
1.9
  1
Cuerpo 25 kg
  7
ISO3098
 11
365.8
 21
170.45
 31
0.0
100
AcDbText
 73
2
  0
TEXT
  5
3F6
330
17
100
AcDbEntity
  8
A-TEXTO
100
AcDbText
 10
405.8
 20
170.45
 30
0.0
 40
1.9
  1
Hoja LAC 3,20 × 1500 × 3000
  7
ISO3098
 11
405.8
 21
170.45
 31
0.0
100
AcDbText
 73
2
  0
TEXT
  5
3F7
330
17
100
AcDbEntity
  8
A-TEXTO
100
AcDbText
 10
475.0
 20
170.45
 30
0.0
 40
1.9
  1
9
  7
ISO3098
 72
1
 11
475.0
 21
170.45
 31
0.0
100
AcDbText
 73
2
  0
TEXT
  5
3F8
330
17
100
AcDbEntity
  8
A-TEXTO
100
AcDbText
 10
496.0
 20
170.45
 30
0.0
 40
1.9
  1
84,1
  7
ISO3098
 72
1
 11
496.0
 21
170.45
 31
0.0
100
AcDbText
 73
2
  0
TEXT
  5
3F9
330
17
100
AcDbEntity
  8
A-TEXTO
100
AcDbText
 10
365.8
 20
166.55
 30
0.0
 40
1.9
  1
Cuerpo 50 kg
  7
ISO3098
 11
365.8
 21
166.55
 31
0.0
100
AcDbText
 73
2
  0
TEXT
  5
3FA
330
17
100
AcDbEntity
  8
A-TEXTO
100
AcDbText
 10
405.8
 20
166.55
 30
0.0
 40
1.9
  1
Hoja LAC 3,20 × 1500 × 3000
  7
ISO3098
 11
405.8
 21
166.55
 31
0.0
100
AcDbText
 73
2
  0
TEXT
  5
3FB
330
17
100
AcDbEntity
  8
A-TEXTO
100
AcDbText
 10
475.0
 20
166.55
 30
0.0
 40
1.9
  1
6
  7
ISO3098
 72
1
 11
475.0
 21
166.55
 31
0.0
100
AcDbText
 73
2
  0
TEXT
  5
3FC
330
17
100
AcDbEntity
  8
A-TEXTO
100
AcDbText
 10
496.0
 20
166.55
 30
0.0
 40
1.9
  1
84,8
  7
ISO3098
 72
1
 11
496.0
 21
166.55
 31
0.0
100
AcDbText
 73
2
  0
TEXT
  5
3FD
330
17
100
AcDbEntity
  8
A-TEXTO
100
AcDbText
 10
365.8
 20
162.65
 30
0.0
 40
1.9
  1
Cuerpo 70 kg
  7
ISO3098
 11
365.8
 21
162.65
 31
0.0
100
AcDbText
 73
2
  0
TEXT
  5
3FE
330
17
100
AcDbEntity
  8
A-TEXTO
100
AcDbText
 10
405.8
 20
162.65
 30
0.0
 40
1.9
  1
Hoja LAC 4,75 × 1500 × 3000
  7
ISO3098
 11
405.8
 21
162.65
 31
0.0
100
AcDbText
 73
2
  0
TEXT
  5
3FF
330
17
100
AcDbEntity
  8
A-TEXTO
100
AcDbText
 10
475.0
 20
162.65
 30
0.0
 40
1.9
  1
4
  7
ISO3098
 72
1
 11
475.0
 21
162.65
 31
0.0
100
AcDbText
 73
2
  0
TEXT
  5
400
330
17
100
AcDbEntity
  8
A-TEXTO
100
AcDbText
 10
496.0
 20
162.65
 30
0.0
 40
1.9
  1
73,3
  7
ISO3098
 72
1
 11
496.0
 21
162.65
 31
0.0
100
AcDbText
 73
2
  0
TEXT
  5
401
330
17
100
AcDbEntity
  8
A-TEXTO
100
AcDbText
 10
365.8
 20
158.75
 30
0.0
 40
1.9
  1
Cuerpo 100 kg
  7
ISO3098
 11
365.8
 21
158.75
 31
0.0
100
AcDbText
 73
2
  0
TEXT
  5
402
330
17
100
AcDbEntity
  8
A-TEXTO
100
AcDbText
 10
405.8
 20
158.75
 30
0.0
 40
1.9
  1
Hoja LAC 4,75 × 1500 × 3000
  7
ISO3098
 11
405.8
 21
158.75
 31
0.0
100
AcDbText
 73
2
  0
TEXT
  5
403
330
17
100
AcDbEntity
  8
A-TEXTO
100
AcDbText
 10
475.0
 20
158.75
 30
0.0
 40
1.9
  1
3
  7
ISO3098
 72
1
 11
475.0
 21
158.75
 31
0.0
100
AcDbText
 73
2
  0
TEXT
  5
404
330
17
100
AcDbEntity
  8
A-TEXTO
100
AcDbText
 10
496.0
 20
158.75
 30
0.0
 40
1.9
  1
72,7
  7
ISO3098
 72
1
 11
496.0
 21
158.75
 31
0.0
100
AcDbText
 73
2
  0
TEXT
  5
405
330
17
100
AcDbEntity
  8
A-TEXTO
100
AcDbText
 10
365.8
 20
154.85
 30
0.0
 40
1.9
  1
Cuerpo Mixta 70 + 100 kg
  7
ISO3098
 11
365.8
 21
154.85
 31
0.0
100
AcDbText
 73
2
  0
TEXT
  5
406
330
17
100
AcDbEntity
  8
A-TEXTO
100
AcDbText
 10
405.8
 20
154.85
 30
0.0
 40
1.9
  1
Hoja LAC 4,75 × 1500 × 3000
  7
ISO3098
 11
405.8
 21
154.85
 31
0.0
100
AcDbText
 73
2
  0
TEXT
  5
407
330
17
100
AcDbEntity
  8
A-TEXTO
100
AcDbText
 10
475.0
 20
154.85
 30
0.0
 40
1.9
  1
4
  7
ISO3098
 72
1
 11
475.0
 21
154.85
 31
0.0
100
AcDbText
 73
2
  0
TEXT
  5
408
330
17
100
AcDbEntity
  8
A-TEXTO
100
AcDbText
 10
496.0
 20
154.85
 30
0.0
 40
1.9
  1
79,2
  7
ISO3098
 72
1
 11
496.0
 21
154.85
 31
0.0
100
AcDbText
 73
2
  0
TEXT
  5
409
330
17
100
AcDbEntity
  8
A-TEXTO
100
AcDbText
 10
365.8
 20
150.95
 30
0.0
 40
1.9
  1
Cuerpo 1 kg
  7
ISO3098
 11
365.8
 21
150.95
 31
0.0
100
AcDbText
 73
2
  0
TEXT
  5
40A
330
17
100
AcDbEntity
  8
A-TEXTO
100
AcDbText
 10
405.8
 20
150.95
 30
0.0
 40
1.9
  1
Caño Ø76,2 × 1,25 × 6 m
  7
ISO3098
 11
405.8
 21
150.95
 31
0.0
100
AcDbText
 73
2
  0
TEXT
  5
40B
330
17
100
AcDbEntity
  8
A-TEXTO
100
AcDbText
 10
475.0
 20
150.95
 30
0.0
 40
1.9
  1
23
  7
ISO3098
 72
1
 11
475.0
 21
150.95
 31
0.0
100
AcDbText
 73
2
  0
TEXT
  5
40C
330
17
100
AcDbEntity
  8
A-TEXTO
100
AcDbText
 10
496.0
 20
150.95
 30
0.0
 40
1.9
  1
97,8
  7
ISO3098
 72
1
 11
496.0
 21
150.95
 31
0.0
100
AcDbText
 73
2
  0
TEXT
  5
40D
330
17
100
AcDbEntity
  8
A-TEXTO
100
AcDbText
 10
511.0
 20
188.0
 30
0.0
 40
2.0
  1
Aprovechamiento global de chapa (2035): 82,8 % (Comparacion_corte, Resumen D).
  7
ISO3098
 11
511.0
 21
188.0
 31
0.0
100
AcDbText
 73
3
  0
TEXT
  5
40E
330
17
100
AcDbEntity
  8
A-TEXTO
100
AcDbText
 10
511.0
 20
184.9
 30
0.0
 40
2.0
  1
Los manuales (93-94 %) son el 96 % del volumen. Los rodantes quedan en 73-85 %: sólo
  7
ISO3098
 11
511.0
 21
184.9
 31
0.0
100
AcDbText
 73
3
  0
TEXT
  5
40F
330
17
100
AcDbEntity
  8
A-TEXTO
100
AcDbText
 10
511.0
 20
181.8
 30
0.0
 40
2.0
  1
se cotizaron hojas LAC de 1500 × 3000; con hojas de 1000 × 2000 el 50 kg llegaría a 95 %.
  7
ISO3098
 11
511.0
 21
181.8
 31
0.0
100
AcDbText
 73
3
  0
TEXT
  5
410
330
17
100
AcDbEntity
  8
A-TEXTO
100
AcDbText
 10
511.0
 20
178.70000000000002
 30
0.0
 40
2.0
  1
El 70 kg se corta siempre en la hoja mixta (pieza de 1212 mm más larga que el tope de 1000).
  7
ISO3098
 11
511.0
 21
178.70000000000002
 31
0.0
100
AcDbText
 73
3
  0
TEXT
  5
411
330
17
100
AcDbEntity
  8
A-TEXTO
100
AcDbText
 10
511.0
 20
175.60000000000002
 30
0.0
 40
2.0
  1
Un troquel de 2 filas escalonadas subiría 8-10 puntos el aprovechamiento de los discos.
  7
ISO3098
 11
511.0
 21
175.60000000000002
 31
0.0
100
AcDbText
 73
3
  0
VIEWPORT
  5
416
330
412
100
AcDbEntity
 67
1
  8
VIEWPORTS
100
AcDbViewport
 10
645888.0
 20
456192.0
 30
0.0
 40
1420953.6
 41
1003622.4
 68
1
 69
1
 12
645888.0
 22
456192.0
 13
0.0
 23
0.0
 14
10.0
 24
10.0
 15
10.0
 25
10.0
 16
0.0
 26
0.0
 36
1.0
 17
0.0
 27
0.0
 37
0.0
 42
50.0
 43
0.0
 44
0.0
 45
1003622.4
 50
0.0
 51
0.0
 72
100
 90
557088
  1

281
0
 71
0
 74
0
110
0.0
120
0.0
130
0.0
111
1.0
121
0.0
131
0.0
112
0.0
122
1.0
132
0.0
 79
0
146
0.0
282
0
  0
VIEWPORT
  5
417
330
412
100
AcDbEntity
 67
1
  8
VIEWPORTS
100
AcDbViewport
 10
420.5
 20
297.0
 30
0.0
 40
841.0
 41
594.0
 68
2
 69
3
 12
420.5
 22
297.0
 13
0.0
 23
0.0
 14
10.0
 24
10.0
 15
10.0
 25
10.0
 16
0.0
 26
0.0
 36
1.0
 17
0.0
 27
0.0
 37
0.0
 42
50.0
 43
0.0
 44
0.0
 45
594.0
 50
0.0
 51
0.0
 72
100
 90
0
  1

281
0
 71
0
 74
0
110
0.0
120
0.0
130
0.0
111
1.0
121
0.0
131
0.0
112
0.0
122
1.0
132
0.0
 79
0
146
0.0
282
0
  0
ENDSEC
  0
SECTION
  2
OBJECTS
  0
DICTIONARY
  5
A
330
0
100
AcDbDictionary
281
1
  3
ACAD_COLOR
350
B
  3
ACAD_GROUP
350
C
  3
ACAD_LAYOUT
350
D
  3
ACAD_MATERIAL
350
E
  3
ACAD_MLEADERSTYLE
350
F
  3
ACAD_MLINESTYLE
350
10
  3
ACAD_PLOTSETTINGS
350
11
  3
ACAD_PLOTSTYLENAME
350
12
  3
ACAD_SCALELIST
350
14
  3
ACAD_TABLESTYLE
350
15
  3
ACAD_VISUALSTYLE
350
16
  3
EZDXF_META
350
2D
  0
DICTIONARY
  5
B
330
A
100
AcDbDictionary
281
1
  0
DICTIONARY
  5
C
330
A
100
AcDbDictionary
281
1
  0
DICTIONARY
  5
D
330
A
100
AcDbDictionary
281
1
  3
Model
350
1A
  3
FL_PI_05
350
415
  0
DICTIONARY
  5
E
330
A
100
AcDbDictionary
281
1
  3
ByBlock
350
1F
  3
ByLayer
350
20
  3
Global
350
21
  0
DICTIONARY
  5
F
330
A
100
AcDbDictionary
281
1
  3
Standard
350
2C
  0
DICTIONARY
  5
10
330
A
100
AcDbDictionary
281
1
  3
Standard
350
22
  0
DICTIONARY
  5
11
330
A
100
AcDbDictionary
281
1
  0
ACDBDICTIONARYWDFLT
  5
12
330
A
100
AcDbDictionary
281
1
  3
Normal
350
13
100
AcDbDictionaryWithDefault
340
13
  0
ACDBPLACEHOLDER
  5
13
330
12
  0
DICTIONARY
  5
14
330
A
100
AcDbDictionary
281
1
  0
DICTIONARY
  5
15
330
A
100
AcDbDictionary
281
1
  0
DICTIONARY
  5
16
330
A
100
AcDbDictionary
281
1
  0
LAYOUT
  5
1A
330
D
100
AcDbPlotSettings
  1

  4
A3
  6

 40
7.5
 41
20.0
 42
7.5
 43
20.0
 44
420.0
 45
297.0
 46
0.0
 47
0.0
 48
0.0
 49
0.0
140
0.0
141
0.0
142
1.0
143
1.0
 70
1024
 72
1
 73
0
 74
5
  7

 75
16
 76
0
 77
2
 78
300
147
1.0
148
0.0
149
0.0
100
AcDbLayout
  1
Model
 70
1
 71
0
 10
0.0
 20
0.0
 11
420.0
 21
297.0
 12
0.0
 22
0.0
 32
0.0
 14
1e+20
 24
1e+20
 34
1e+20
 15
-1e+20
 25
-1e+20
 35
-1e+20
146
0.0
 13
0.0
 23
0.0
 33
0.0
 16
1.0
 26
0.0
 36
0.0
 17
0.0
 27
1.0
 37
0.0
 76
1
330
17
  0
MATERIAL
  5
1F
102
{ACAD_REACTORS
330
E
102
}
330
E
100
AcDbMaterial
  1
ByBlock
  2

 70
0
 40
1.0
 71
1
 41
1.0
 91
-1023410177
 42
1.0
 72
1
  3

 73
1
 74
1
 75
1
 44
0.5
 73
0
 45
1.0
 46
1.0
 77
1
  4

 78
1
 79
1
170
1
 48
1.0
171
1
  6

172
1
173
1
174
1
140
1.0
141
1.0
175
1
  7

176
1
177
1
178
1
143
1.0
179
1
  8

270
1
271
1
272
1
145
1.0
146
1.0
273
1
  9

274
1
275
1
276
1
 42
1.0
 72
1
  3

 73
1
 74
1
 75
1
 94
63
  0
MATERIAL
  5
20
102
{ACAD_REACTORS
330
E
102
}
330
E
100
AcDbMaterial
  1
ByLayer
  2

 70
0
 40
1.0
 71
1
 41
1.0
 91
-1023410177
 42
1.0
 72
1
  3

 73
1
 74
1
 75
1
 44
0.5
 73
0
 45
1.0
 46
1.0
 77
1
  4

 78
1
 79
1
170
1
 48
1.0
171
1
  6

172
1
173
1
174
1
140
1.0
141
1.0
175
1
  7

176
1
177
1
178
1
143
1.0
179
1
  8

270
1
271
1
272
1
145
1.0
146
1.0
273
1
  9

274
1
275
1
276
1
 42
1.0
 72
1
  3

 73
1
 74
1
 75
1
 94
63
  0
MATERIAL
  5
21
102
{ACAD_REACTORS
330
E
102
}
330
E
100
AcDbMaterial
  1
Global
  2

 70
0
 40
1.0
 71
1
 41
1.0
 91
-1023410177
 42
1.0
 72
1
  3

 73
1
 74
1
 75
1
 44
0.5
 73
0
 45
1.0
 46
1.0
 77
1
  4

 78
1
 79
1
170
1
 48
1.0
171
1
  6

172
1
173
1
174
1
140
1.0
141
1.0
175
1
  7

176
1
177
1
178
1
143
1.0
179
1
  8

270
1
271
1
272
1
145
1.0
146
1.0
273
1
  9

274
1
275
1
276
1
 42
1.0
 72
1
  3

 73
1
 74
1
 75
1
 94
63
  0
MLINESTYLE
  5
22
102
{ACAD_REACTORS
330
10
102
}
330
10
100
AcDbMlineStyle
  2
Standard
 70
0
  3

 62
256
 51
90.0
 52
90.0
 71
2
 49
0.5
 62
256
  6
BYLAYER
 49
-0.5
 62
256
  6
BYLAYER
  0
MLEADERSTYLE
  5
2C
102
{ACAD_REACTORS
330
F
102
}
330
F
100
AcDbMLeaderStyle
179
2
170
2
171
1
172
0
 90
2
 40
0.0
 41
0.0
173
1
 91
-1056964608
 92
-2
290
1
 42
2.0
291
1
 43
8.0
  3
Standard
 44
4.0
300

342
29
174
1
175
1
176
0
178
1
 93
-1056964608
 45
4.0
292
0
297
0
 46
4.0
 94
-1056964608
 47
1.0
 49
1.0
140
1.0
294
1
141
0.0
177
0
142
1.0
295
0
296
0
143
3.75
271
0
272
9
273
9
  0
DICTIONARY
  5
2D
330
A
100
AcDbDictionary
280
1
281
1
  3
CREATED_BY_EZDXF
350
2E
  3
WRITTEN_BY_EZDXF
350
41A
  0
DICTIONARYVAR
  5
2E
330
2D
100
DictionaryVariables
280
0
  1
1.4.4 @ 2026-09-30T05:02:47.500864+00:00
  0
LAYOUT
  5
415
330
D
100
AcDbPlotSettings
  1

  2
DWG To PDF.pc3
  4
ISO_full_bleed_A1_(841.00_x_594.00_MM)_(841.00_x_594.00_MM)
  6

 40
0.0
 41
0.0
 42
0.0
 43
0.0
 44
841.0
 45
594.0
 46
0.0
 47
0.0
 48
0.0
 49
0.0
140
0.0
141
0.0
142
0.0078125
143
12.0
 70
672
 72
1
 73
0
 74
5
  7

 75
1
 76
0
 77
2
 78
300
147
1.0
148
0.0
149
0.0
100
AcDbLayout
  1
FL_PI_05
 70
1
 71
3
 10
-0.0
 20
-0.0
 11
841.0
 21
594.0
 12
0.0
 22
0.0
 32
0.0
 14
1e+20
 24
1e+20
 34
1e+20
 15
-1e+20
 25
-1e+20
 35
-1e+20
146
0.0
 13
0.0
 23
0.0
 33
0.0
 16
1.0
 26
0.0
 36
0.0
 17
0.0
 27
1.0
 37
0.0
 76
1
330
412
331
416
  0
DICTIONARYVAR
  5
41A
330
2D
100
DictionaryVariables
280
0
  1
1.4.4 @ 2026-09-30T05:02:47.550857+00:00
  0
ENDSEC
  0
EOF
