  0
SECTION
  2
HEADER
  9
$ACADVER
  1
AC1032
  9
$ACADMAINTVER
 90
4
  9
$DWGCODEPAGE
  3
ANSI_1252
  9
$LASTSAVEDBY
  1
ezdxf
  9
$REQUIREDVERSIONS
160
0
  9
$INSBASE
 10
0.0
 20
0.0
 30
0.0
  9
$EXTMIN
 10
1e+20
 20
1e+20
 30
1e+20
  9
$EXTMAX
 10
-1e+20
 20
-1e+20
 30
-1e+20
  9
$LIMMIN
 10
0.0
 20
0.0
  9
$LIMMAX
 10
420.0
 20
297.0
  9
$ORTHOMODE
 70
0
  9
$REGENMODE
 70
1
  9
$FILLMODE
 70
1
  9
$QTEXTMODE
 70
0
  9
$MIRRTEXT
 70
1
  9
$LTSCALE
 40
1.0
  9
$ATTMODE
 70
1
  9
$TEXTSIZE
 40
2.5
  9
$TRACEWID
 40
1.0
  9
$TEXTSTYLE
  7
Standard
  9
$CLAYER
  8
0
  9
$CELTYPE
  6
ByLayer
  9
$CECOLOR
 62
256
  9
$CELTSCALE
 40
1.0
  9
$DISPSILH
 70
0
  9
$DIMSCALE
 40
1.0
  9
$DIMASZ
 40
2.5
  9
$DIMEXO
 40
0.625
  9
$DIMDLI
 40
3.75
  9
$DIMRND
 40
0.0
  9
$DIMDLE
 40
0.0
  9
$DIMEXE
 40
1.25
  9
$DIMTP
 40
0.0
  9
$DIMTM
 40
0.0
  9
$DIMTXT
 40
2.5
  9
$DIMCEN
 40
2.5
  9
$DIMTSZ
 40
0.0
  9
$DIMTOL
 70
0
  9
$DIMLIM
 70
0
  9
$DIMTIH
 70
0
  9
$DIMTOH
 70
0
  9
$DIMSE1
 70
0
  9
$DIMSE2
 70
0
  9
$DIMTAD
 70
1
  9
$DIMZIN
 70
8
  9
$DIMBLK
  1

  9
$DIMASO
 70
1
  9
$DIMSHO
 70
1
  9
$DIMPOST
  1

  9
$DIMAPOST
  1

  9
$DIMALT
 70
0
  9
$DIMALTD
 70
3
  9
$DIMALTF
 40
0.03937007874
  9
$DIMLFAC
 40
1.0
  9
$DIMTOFL
 70
1
  9
$DIMTVP
 40
0.0
  9
$DIMTIX
 70
0
  9
$DIMSOXD
 70
0
  9
$DIMSAH
 70
0
  9
$DIMBLK1
  1

  9
$DIMBLK2
  1

  9
$DIMSTYLE
  2
ISO-25
  9
$DIMCLRD
 70
0
  9
$DIMCLRE
 70
0
  9
$DIMCLRT
 70
0
  9
$DIMTFAC
 40
1.0
  9
$DIMGAP
 40
0.625
  9
$DIMJUST
 70
0
  9
$DIMSD1
 70
0
  9
$DIMSD2
 70
0
  9
$DIMTOLJ
 70
0
  9
$DIMTZIN
 70
8
  9
$DIMALTZ
 70
0
  9
$DIMALTTZ
 70
0
  9
$DIMUPT
 70
0
  9
$DIMDEC
 70
2
  9
$DIMTDEC
 70
2
  9
$DIMALTU
 70
2
  9
$DIMALTTD
 70
3
  9
$DIMTXSTY
  7
Standard
  9
$DIMAUNIT
 70
0
  9
$DIMADEC
 70
0
  9
$DIMALTRND
 40
0.0
  9
$DIMAZIN
 70
0
  9
$DIMDSEP
 70
44
  9
$DIMATFIT
 70
3
  9
$DIMFRAC
 70
0
  9
$DIMLDRBLK
  1

  9
$DIMLUNIT
 70
2
  9
$DIMLWD
 70
-2
  9
$DIMLWE
 70
-2
  9
$DIMTMOVE
 70
0
  9
$DIMFXL
 40
1.0
  9
$DIMFXLON
 70
0
  9
$DIMJOGANG
 40
0.785398163397
  9
$DIMTFILL
 70
0
  9
$DIMTFILLCLR
 70
0
  9
$DIMARCSYM
 70
0
  9
$DIMLTYPE
  6

  9
$DIMLTEX1
  6

  9
$DIMLTEX2
  6

  9
$DIMTXTDIRECTION
 70
0
  9
$LUNITS
 70
2
  9
$LUPREC
 70
4
  9
$SKETCHINC
 40
1.0
  9
$FILLETRAD
 40
10.0
  9
$AUNITS
 70
0
  9
$AUPREC
 70
2
  9
$MENU
  1
.
  9
$ELEVATION
 40
0.0
  9
$PELEVATION
 40
0.0
  9
$THICKNESS
 40
0.0
  9
$LIMCHECK
 70
0
  9
$CHAMFERA
 40
0.0
  9
$CHAMFERB
 40
0.0
  9
$CHAMFERC
 40
0.0
  9
$CHAMFERD
 40
0.0
  9
$SKPOLY
 70
0
  9
$TDCREATE
 40
2461314.2096296297
  9
$TDUCREATE
 40
2458532.153996898
  9
$TDUPDATE
 40
2461314.2096296297
  9
$TDUUPDATE
 40
2458532.1544311
  9
$TDINDWG
 40
0.0
  9
$TDUSRTIMER
 40
0.0
  9
$USRTIMER
 70
1
  9
$ANGBASE
 50
0.0
  9
$ANGDIR
 70
0
  9
$PDMODE
 70
0
  9
$PDSIZE
 40
0.0
  9
$PLINEWID
 40
0.0
  9
$SPLFRAME
 70
0
  9
$SPLINETYPE
 70
6
  9
$SPLINESEGS
 70
8
  9
$HANDSEED
  5
5E8
  9
$SURFTAB1
 70
6
  9
$SURFTAB2
 70
6
  9
$SURFTYPE
 70
6
  9
$SURFU
 70
6
  9
$SURFV
 70
6
  9
$UCSBASE
  2

  9
$UCSNAME
  2

  9
$UCSORG
 10
0.0
 20
0.0
 30
0.0
  9
$UCSXDIR
 10
1.0
 20
0.0
 30
0.0
  9
$UCSYDIR
 10
0.0
 20
1.0
 30
0.0
  9
$UCSORTHOREF
  2

  9
$UCSORTHOVIEW
 70
0
  9
$UCSORGTOP
 10
0.0
 20
0.0
 30
0.0
  9
$UCSORGBOTTOM
 10
0.0
 20
0.0
 30
0.0
  9
$UCSORGLEFT
 10
0.0
 20
0.0
 30
0.0
  9
$UCSORGRIGHT
 10
0.0
 20
0.0
 30
0.0
  9
$UCSORGFRONT
 10
0.0
 20
0.0
 30
0.0
  9
$UCSORGBACK
 10
0.0
 20
0.0
 30
0.0
  9
$PUCSBASE
  2

  9
$PUCSNAME
  2

  9
$PUCSORG
 10
0.0
 20
0.0
 30
0.0
  9
$PUCSXDIR
 10
1.0
 20
0.0
 30
0.0
  9
$PUCSYDIR
 10
0.0
 20
1.0
 30
0.0
  9
$PUCSORTHOREF
  2

  9
$PUCSORTHOVIEW
 70
0
  9
$PUCSORGTOP
 10
0.0
 20
0.0
 30
0.0
  9
$PUCSORGBOTTOM
 10
0.0
 20
0.0
 30
0.0
  9
$PUCSORGLEFT
 10
0.0
 20
0.0
 30
0.0
  9
$PUCSORGRIGHT
 10
0.0
 20
0.0
 30
0.0
  9
$PUCSORGFRONT
 10
0.0
 20
0.0
 30
0.0
  9
$PUCSORGBACK
 10
0.0
 20
0.0
 30
0.0
  9
$USERI1
 70
0
  9
$USERI2
 70
0
  9
$USERI3
 70
0
  9
$USERI4
 70
0
  9
$USERI5
 70
0
  9
$USERR1
 40
0.0
  9
$USERR2
 40
0.0
  9
$USERR3
 40
0.0
  9
$USERR4
 40
0.0
  9
$USERR5
 40
0.0
  9
$WORLDVIEW
 70
1
  9
$SHADEDGE
 70
3
  9
$SHADEDIF
 70
70
  9
$TILEMODE
 70
1
  9
$MAXACTVP
 70
64
  9
$PINSBASE
 10
0.0
 20
0.0
 30
0.0
  9
$PLIMCHECK
 70
0
  9
$PEXTMIN
 10
1e+20
 20
1e+20
 30
1e+20
  9
$PEXTMAX
 10
-1e+20
 20
-1e+20
 30
-1e+20
  9
$PLIMMIN
 10
-0.0
 20
-0.0
  9
$PLIMMAX
 10
1189.0
 20
841.0
  9
$UNITMODE
 70
0
  9
$VISRETAIN
 70
1
  9
$PLINEGEN
 70
0
  9
$PSLTSCALE
 70
0
  9
$TREEDEPTH
 70
3020
  9
$CMLSTYLE
  2
Standard
  9
$CMLJUST
 70
0
  9
$CMLSCALE
 40
20.0
  9
$PROXYGRAPHICS
 70
1
  9
$MEASUREMENT
 70
1
  9
$CELWEIGHT
370
-1
  9
$ENDCAPS
280
0
  9
$JOINSTYLE
280
0
  9
$LWDISPLAY
290
1
  9
$INSUNITS
 70
4
  9
$HYPERLINKBASE
  1

  9
$STYLESHEET
  1

  9
$XEDIT
290
1
  9
$CEPSNTYPE
380
0
  9
$PSTYLEMODE
290
1
  9
$FINGERPRINTGUID
  2
{81128395-851E-43E1-A6C3-202C94075EEB}
  9
$VERSIONGUID
  2
{C36B317D-1F48-459F-B0E8-EF05102C9C31}
  9
$EXTNAMES
290
1
  9
$PSVPSCALE
 40
0.0
  9
$OLESTARTUP
290
0
  9
$SORTENTS
280
127
  9
$INDEXCTL
280
0
  9
$HIDETEXT
280
1
  9
$XCLIPFRAME
280
1
  9
$HALOGAP
280
0
  9
$OBSCOLOR
 70
257
  9
$OBSLTYPE
280
0
  9
$INTERSECTIONDISPLAY
280
0
  9
$INTERSECTIONCOLOR
 70
257
  9
$DIMASSOC
280
2
  9
$PROJECTNAME
  1

  9
$CAMERADISPLAY
290
0
  9
$LENSLENGTH
 40
50.0
  9
$CAMERAHEIGHT
 40
0.0
  9
$STEPSPERSEC
 40
24.0
  9
$STEPSIZE
 40
100.0
  9
$3DDWFPREC
 40
2.0
  9
$PSOLWIDTH
 40
0.005
  9
$PSOLHEIGHT
 40
0.08
  9
$LOFTANG1
 40
1.570796326795
  9
$LOFTANG2
 40
1.570796326795
  9
$LOFTMAG1
 40
0.0
  9
$LOFTMAG2
 40
0.0
  9
$LOFTPARAM
 70
7
  9
$LOFTNORMALS
280
1
  9
$LATITUDE
 40
37.795
  9
$LONGITUDE
 40
-122.394
  9
$NORTHDIRECTION
 40
0.0
  9
$TIMEZONE
 70
-8000
  9
$LIGHTGLYPHDISPLAY
280
1
  9
$TILEMODELIGHTSYNCH
280
1
  9
$CMATERIAL
347
20
  9
$SOLIDHIST
280
0
  9
$SHOWHIST
280
1
  9
$DWFFRAME
280
2
  9
$DGNFRAME
280
2
  9
$REALWORLDSCALE
290
1
  9
$INTERFERECOLOR
 62
256
  9
$CSHADOW
280
0
  9
$SHADOWPLANELOCATION
 40
0.0
  0
ENDSEC
  0
SECTION
  2
CLASSES
  0
CLASS
  1
ACDBDICTIONARYWDFLT
  2
AcDbDictionaryWithDefault
  3
ObjectDBX Classes
 90
0
 91
0
280
0
281
0
  0
CLASS
  1
SUN
  2
AcDbSun
  3
SCENEOE
 90
1153
 91
0
280
0
281
0
  0
CLASS
  1
VISUALSTYLE
  2
AcDbVisualStyle
  3
ObjectDBX Classes
 90
4095
 91
0
280
0
281
0
  0
CLASS
  1
MATERIAL
  2
AcDbMaterial
  3
ObjectDBX Classes
 90
1153
 91
0
280
0
281
0
  0
CLASS
  1
SCALE
  2
AcDbScale
  3
ObjectDBX Classes
 90
1153
 91
0
280
0
281
0
  0
CLASS
  1
TABLESTYLE
  2
AcDbTableStyle
  3
ObjectDBX Classes
 90
4095
 91
0
280
0
281
0
  0
CLASS
  1
MLEADERSTYLE
  2
AcDbMLeaderStyle
  3
ACDB_MLEADERSTYLE_CLASS
 90
4095
 91
0
280
0
281
0
  0
CLASS
  1
DICTIONARYVAR
  2
AcDbDictionaryVar
  3
ObjectDBX Classes
 90
0
 91
0
280
0
281
0
  0
CLASS
  1
CELLSTYLEMAP
  2
AcDbCellStyleMap
  3
ObjectDBX Classes
 90
1152
 91
0
280
0
281
0
  0
CLASS
  1
MENTALRAYRENDERSETTINGS
  2
AcDbMentalRayRenderSettings
  3
SCENEOE
 90
1024
 91
0
280
0
281
0
  0
CLASS
  1
ACDBDETAILVIEWSTYLE
  2
AcDbDetailViewStyle
  3
ObjectDBX Classes
 90
1025
 91
0
280
0
281
0
  0
CLASS
  1
ACDBSECTIONVIEWSTYLE
  2
AcDbSectionViewStyle
  3
ObjectDBX Classes
 90
1025
 91
0
280
0
281
0
  0
CLASS
  1
RASTERVARIABLES
  2
AcDbRasterVariables
  3
ISM
 90
0
 91
0
280
0
281
0
  0
CLASS
  1
LAYOUT
  2
AcDbLayout
  3
ObjectDBX Classes
 90
0
 91
0
280
0
281
0
  0
CLASS
  1
ACDBPLACEHOLDER
  2
AcDbPlaceHolder
  3
ObjectDBX Classes
 90
0
 91
0
280
0
281
0
  0
ENDSEC
  0
SECTION
  2
TABLES
  0
TABLE
  2
VPORT
  5
8
330
0
100
AcDbSymbolTable
 70
1
  0
VPORT
  5
23
330
8
100
AcDbSymbolTableRecord
100
AcDbViewportTableRecord
  2
*Active
 70
0
 10
0.0
 20
0.0
 11
1.0
 21
1.0
 12
0.0
 22
0.0
 13
0.0
 23
0.0
 14
0.5
 24
0.5
 15
0.5
 25
0.5
 16
0.0
 26
0.0
 36
1.0
 17
0.0
 27
0.0
 37
0.0
 40
1000.0
 41
1.34
 42
50.0
 43
0.0
 44
0.0
 50
0.0
 51
0.0
 71
0
 72
1000
 73
1
 74
3
 75
0
 76
0
 77
0
 78
0
281
0
 65
0
146
0.0
  0
ENDTAB
  0
TABLE
  2
LTYPE
  5
2
330
0
100
AcDbSymbolTable
 70
6
  0
LTYPE
  5
24
330
2
100
AcDbSymbolTableRecord
100
AcDbLinetypeTableRecord
  2
ByBlock
 70
0
  3

 72
65
 73
0
 40
0.0
  0
LTYPE
  5
25
330
2
100
AcDbSymbolTableRecord
100
AcDbLinetypeTableRecord
  2
ByLayer
 70
0
  3

 72
65
 73
0
 40
0.0
  0
LTYPE
  5
26
330
2
100
AcDbSymbolTableRecord
100
AcDbLinetypeTableRecord
  2
Continuous
 70
0
  3

 72
65
 73
0
 40
0.0
  0
LTYPE
  5
2F
330
2
100
AcDbSymbolTableRecord
100
AcDbLinetypeTableRecord
  2
IRAM-E-TRAZOS
 70
0
  3
IRAM 4502 E - trazos __ __ __
 72
65
 73
2
 40
5.0
 49
4.0
 74
0
 49
-1.0
 74
0
  0
LTYPE
  5
30
330
2
100
AcDbSymbolTableRecord
100
AcDbLinetypeTableRecord
  2
IRAM-F-TRAZO-PUNTO
 70
0
  3
IRAM 4502 F - trazo largo y trazo corto ____ _ ____
 72
65
 73
4
 40
20.0
 49
15.0
 74
0
 49
-2.0
 74
0
 49
1.0
 74
0
 49
-2.0
 74
0
  0
LTYPE
  5
44
330
2
100
AcDbSymbolTableRecord
100
AcDbLinetypeTableRecord
  2
FLUJO-TRAZOS
 70
0
  3
Trazos de flujo __ __ __
 72
65
 73
2
 40
4.0
 49
2.5
 74
0
 49
-1.5
 74
0
  0
ENDTAB
  0
TABLE
  2
LAYER
  5
1
330
0
100
AcDbSymbolTable
 70
45
  0
LAYER
  5
27
330
1
100
AcDbSymbolTableRecord
100
AcDbLayerTableRecord
  2
0
 70
0
 62
7
  6
Continuous
370
-3
390
13
347
21
  0
LAYER
  5
28
330
1
100
AcDbSymbolTableRecord
100
AcDbLayerTableRecord
  2
Defpoints
 70
0
 62
7
  6
Continuous
290
0
370
-3
390
13
347
21
  0
LAYER
  5
31
330
1
100
AcDbSymbolTableRecord
100
AcDbLayerTableRecord
  2
01-VISIBLE
 70
0
 62
7
  6
CONTINUOUS
370
70
390
13
347
21
1001
AcAecLayerStandard
1000

1000
A continua gruesa: contornos y aristas visibles
  0
LAYER
  5
33
330
1
100
AcDbSymbolTableRecord
100
AcDbLayerTableRecord
  2
02-OCULTA
 70
0
 62
4
  6
IRAM-E-TRAZOS
370
35
390
13
347
21
1001
AcAecLayerStandard
1000

1000
E de trazos media: contornos y aristas ocultos
  0
LAYER
  5
34
330
1
100
AcDbSymbolTableRecord
100
AcDbLayerTableRecord
  2
03-EJE
 70
0
 62
1
  6
IRAM-F-TRAZO-PUNTO
370
18
390
13
347
21
1001
AcAecLayerStandard
1000

1000
F trazo largo y corto fina: ejes, simetrías, trayectorias
  0
LAYER
  5
35
330
1
100
AcDbSymbolTableRecord
100
AcDbLayerTableRecord
  2
04-COTA
 70
0
 62
3
  6
CONTINUOUS
370
18
390
13
347
21
1001
AcAecLayerStandard
1000

1000
B continua fina: líneas de cota y auxiliares
  0
LAYER
  5
36
330
1
100
AcDbSymbolTableRecord
100
AcDbLayerTableRecord
  2
05-RAYADO
 70
0
 62
8
  6
CONTINUOUS
370
18
390
13
347
21
1001
AcAecLayerStandard
1000

1000
B continua fina: rayados IRAM 4509
  0
LAYER
  5
37
330
1
100
AcDbSymbolTableRecord
100
AcDbLayerTableRecord
  2
06-TEXTO
 70
0
 62
7
  6
CONTINUOUS
370
25
390
13
347
21
1001
AcAecLayerStandard
1000

1000
Escritura IRAM 4503 tipo B (trazo h/10)
  0
LAYER
  5
38
330
1
100
AcDbSymbolTableRecord
100
AcDbLayerTableRecord
  2
07-RECUADRO
 70
0
 62
7
  6
CONTINUOUS
370
70
390
13
347
21
1001
AcAecLayerStandard
1000

1000
Recuadro IRAM 4504
  0
LAYER
  5
39
330
1
100
AcDbSymbolTableRecord
100
AcDbLayerTableRecord
  2
08-FINA
 70
0
 62
5
  6
CONTINUOUS
370
18
390
13
347
21
1001
AcAecLayerStandard
1000

1000
B continua fina: referencias, fondos de rosca, contornos de detalle
  0
LAYER
  5
3A
330
1
100
AcDbSymbolTableRecord
100
AcDbLayerTableRecord
  2
09-PLANO-CORTE
 70
0
 62
1
  6
IRAM-F-TRAZO-PUNTO
370
18
390
13
347
21
1001
AcAecLayerStandard
1000

1000
G trazo largo y corto fina con extremos gruesos: planos de corte
  0
LAYER
  5
3B
330
1
100
AcDbSymbolTableRecord
100
AcDbLayerTableRecord
  2
10-ROTULO
 70
0
 62
7
  6
CONTINUOUS
370
35
390
13
347
21
1001
AcAecLayerStandard
1000

1000
Rótulo y lista de materiales IRAM 4508
  0
LAYER
  5
3C
330
1
100
AcDbSymbolTableRecord
100
AcDbLayerTableRecord
  2
11-TEXTO-ROTULO
 70
0
 62
7
  6
CONTINUOUS
370
25
390
13
347
21
1001
AcAecLayerStandard
1000

1000
Escritura del rótulo
  0
LAYER
  5
3D
330
1
100
AcDbSymbolTableRecord
100
AcDbLayerTableRecord
  2
12-SOLDADURA
 70
0
 62
6
  6
CONTINUOUS
370
18
390
13
347
21
1001
AcAecLayerStandard
1000

1000
Símbolos de soldadura
  0
LAYER
  5
45
330
1
100
AcDbSymbolTableRecord
100
AcDbLayerTableRecord
  2
A-MURO
 70
0
 62
7
  6
CONTINUOUS
370
50
390
13
347
21
1001
AcAecLayerStandard
1000

1000
Muros y cerramientos (línea gruesa, relleno)
  0
LAYER
  5
46
330
1
100
AcDbSymbolTableRecord
100
AcDbLayerTableRecord
  2
A-COLUMNA
 70
0
 62
7
  6
CONTINUOUS
370
50
390
13
347
21
1001
AcAecLayerStandard
1000

1000
Columnas
  0
LAYER
  5
47
330
1
100
AcDbSymbolTableRecord
100
AcDbLayerTableRecord
  2
A-EJE
 70
0
 62
1
  6
IRAM-F-TRAZO-PUNTO
370
18
390
13
347
21
1001
AcAecLayerStandard
1000

1000
Ejes estructurales
  0
LAYER
  5
48
330
1
100
AcDbSymbolTableRecord
100
AcDbLayerTableRecord
  2
A-ABERTURA
 70
0
 62
7
  6
CONTINUOUS
370
25
390
13
347
21
1001
AcAecLayerStandard
1000

1000
Puertas, portones y muelles
  0
LAYER
  5
49
330
1
100
AcDbSymbolTableRecord
100
AcDbLayerTableRecord
  2
A-EQUIPO
 70
0
 62
7
  6
CONTINUOUS
370
35
390
13
347
21
1001
AcAecLayerStandard
1000

1000
Equipos (contorno)
  0
LAYER
  5
4A
330
1
100
AcDbSymbolTableRecord
100
AcDbLayerTableRecord
  2
A-EQUIPO-FINO
 70
0
 62
8
  6
CONTINUOUS
370
13
390
13
347
21
1001
AcAecLayerStandard
1000

1000
Detalle de equipos, racks y carros
  0
LAYER
  5
4B
330
1
100
AcDbSymbolTableRecord
100
AcDbLayerTableRecord
  2
A-SECTOR
 70
0
 62
8
  6
IRAM-E-TRAZOS
370
18
390
13
347
21
1001
AcAecLayerStandard
1000

1000
Límite de sector
  0
LAYER
  5
4C
330
1
100
AcDbSymbolTableRecord
100
AcDbLayerTableRecord
  2
A-PASILLO
 70
0
 62
2
420
14132480
  6
CONTINUOUS
370
35
390
13
347
21
1001
AcAecLayerStandard
1000

1000
Demarcación de pasillos (amarillo IRAM 10005)
  0
LAYER
  5
4D
330
1
100
AcDbSymbolTableRecord
100
AcDbLayerTableRecord
  2
A-SENDA
 70
0
 62
2
420
14132480
  6
CONTINUOUS
370
25
390
13
347
21
1001
AcAecLayerStandard
1000

1000
Sendas peatonales (cebra)
  0
LAYER
  5
4E
330
1
100
AcDbSymbolTableRecord
100
AcDbLayerTableRecord
  2
A-TEXTO
 70
0
 62
7
  6
CONTINUOUS
370
18
390
13
347
21
1001
AcAecLayerStandard
1000

1000
Textos
  0
LAYER
  5
4F
330
1
100
AcDbSymbolTableRecord
100
AcDbLayerTableRecord
  2
A-RELLENO
 70
0
 62
9
  6
CONTINUOUS
370
13
390
13
347
21
1001
AcAecLayerStandard
1000

1000
Rellenos de sectores
  0
LAYER
  5
50
330
1
100
AcDbSymbolTableRecord
100
AcDbLayerTableRecord
  2
A-COTA
 70
0
 62
7
  6
CONTINUOUS
370
18
390
13
347
21
1001
AcAecLayerStandard
1000

1000
Cotas IRAM 4513
  0
LAYER
  5
51
330
1
100
AcDbSymbolTableRecord
100
AcDbLayerTableRecord
  2
A-EXTERIOR
 70
0
 62
8
  6
CONTINUOUS
370
25
390
13
347
21
1001
AcAecLayerStandard
1000

1000
Terreno, calles, playas y veredas
  0
LAYER
  5
52
330
1
100
AcDbSymbolTableRecord
100
AcDbLayerTableRecord
  2
A-LOCAL
 70
0
 62
7
  6
CONTINUOUS
370
25
390
13
347
21
1001
AcAecLayerStandard
1000

1000
Tabiques de locales de servicio
  0
LAYER
  5
53
330
1
100
AcDbSymbolTableRecord
100
AcDbLayerTableRecord
  2
A-SANITARIO
 70
0
 62
8
  6
CONTINUOUS
370
13
390
13
347
21
1001
AcAecLayerStandard
1000

1000
Artefactos sanitarios y mobiliario
  0
LAYER
  5
54
330
1
100
AcDbSymbolTableRecord
100
AcDbLayerTableRecord
  2
F-MP
 70
0
 62
5
  6
CONTINUOUS
370
70
390
13
347
21
1001
AcAecLayerStandard
1000

1000
Flujo de materia prima (azul)
  0
LAYER
  5
55
330
1
100
AcDbSymbolTableRecord
100
AcDbLayerTableRecord
  2
F-SE
 70
0
 62
30
  6
CONTINUOUS
370
70
390
13
347
21
1001
AcAecLayerStandard
1000

1000
Flujo de semielaborado (naranja)
  0
LAYER
  5
56
330
1
100
AcDbSymbolTableRecord
100
AcDbLayerTableRecord
  2
F-TL
 70
0
 62
30
  6
CONTINUOUS
370
100
390
13
347
21
1001
AcAecLayerStandard
1000

1000
Tren logístico de un sentido (SE)
  0
LAYER
  5
57
330
1
100
AcDbSymbolTableRecord
100
AcDbLayerTableRecord
  2
F-PT
 70
0
 62
3
  6
CONTINUOUS
370
70
390
13
347
21
1001
AcAecLayerStandard
1000

1000
Flujo de producto terminado (verde)
  0
LAYER
  5
58
330
1
100
AcDbSymbolTableRecord
100
AcDbLayerTableRecord
  2
F-SCRAP
 70
0
 62
8
  6
IRAM-F-TRAZO-PUNTO
370
50
390
13
347
21
1001
AcAecLayerStandard
1000

1000
Scrap y retal (gris)
  0
LAYER
  5
59
330
1
100
AcDbSymbolTableRecord
100
AcDbLayerTableRecord
  2
F-PERSONAL
 70
0
 62
6
  6
FLUJO-TRAZOS
370
35
390
13
347
21
1001
AcAecLayerStandard
1000

1000
Hilos de personal (magenta)
  0
LAYER
  5
5A
330
1
100
AcDbSymbolTableRecord
100
AcDbLayerTableRecord
  2
F-EFL-LIQ
 70
0
 62
34
  6
FLUJO-TRAZOS
370
35
390
13
347
21
1001
AcAecLayerStandard
1000

1000
Efluentes líquidos (marrón)
  0
LAYER
  5
5B
330
1
100
AcDbSymbolTableRecord
100
AcDbLayerTableRecord
  2
F-EFL-GAS
 70
0
 62
4
  6
FLUJO-TRAZOS
370
35
390
13
347
21
1001
AcAecLayerStandard
1000

1000
Efluentes gaseosos (cian)
  0
LAYER
  5
5C
330
1
100
AcDbSymbolTableRecord
100
AcDbLayerTableRecord
  2
F-RET
 70
0
 62
8
  6
FLUJO-TRAZOS
370
18
390
13
347
21
1001
AcAecLayerStandard
1000

1000
Retorno vacío del tren logístico
  0
LAYER
  5
5D
330
1
100
AcDbSymbolTableRecord
100
AcDbLayerTableRecord
  2
I-ELEC
 70
0
 62
1
  6
CONTINUOUS
370
35
390
13
347
21
1001
AcAecLayerStandard
1000

1000
Alimentadores eléctricos
  0
LAYER
  5
5E
330
1
100
AcDbSymbolTableRecord
100
AcDbLayerTableRecord
  2
I-AIRE
 70
0
 62
4
  6
CONTINUOUS
370
35
390
13
347
21
1001
AcAecLayerStandard
1000

1000
Aire comprimido
  0
LAYER
  5
5F
330
1
100
AcDbSymbolTableRecord
100
AcDbLayerTableRecord
  2
I-N2
 70
0
 62
6
  6
CONTINUOUS
370
35
390
13
347
21
1001
AcAecLayerStandard
1000

1000
Nitrógeno
  0
LAYER
  5
60
330
1
100
AcDbSymbolTableRecord
100
AcDbLayerTableRecord
  2
I-GAS
 70
0
 62
40
  6
CONTINUOUS
370
35
390
13
347
21
1001
AcAecLayerStandard
1000

1000
Gas natural
  0
LAYER
  5
61
330
1
100
AcDbSymbolTableRecord
100
AcDbLayerTableRecord
  2
I-SOLD
 70
0
 62
211
  6
CONTINUOUS
370
35
390
13
347
21
1001
AcAecLayerStandard
1000

1000
Gas de soldadura Ar/CO₂
  0
LAYER
  5
62
330
1
100
AcDbSymbolTableRecord
100
AcDbLayerTableRecord
  2
S-INCENDIO
 70
0
 62
1
  6
CONTINUOUS
370
25
390
13
347
21
1001
AcAecLayerStandard
1000

1000
Extintores y protección contra incendio
  0
LAYER
  5
63
330
1
100
AcDbSymbolTableRecord
100
AcDbLayerTableRecord
  2
S-ESCAPE
 70
0
 62
3
  6
CONTINUOUS
370
35
390
13
347
21
1001
AcAecLayerStandard
1000

1000
Medios de escape y salidas
  0
ENDTAB
  0
TABLE
  2
STYLE
  5
5
330
0
100
AcDbSymbolTable
 70
2
  0
STYLE
  5
29
330
5
100
AcDbSymbolTableRecord
100
AcDbTextStyleTableRecord
  2
Standard
 70
0
 40
0.0
 41
1.0
 50
0.0
 71
0
 42
2.5
  3
txt
  4

  0
STYLE
  5
3E
330
5
100
AcDbSymbolTableRecord
100
AcDbTextStyleTableRecord
  2
ISO3098
 70
0
 40
0.0
 41
1.0
 50
0.0
 71
0
 42
2.5
  3
isocpeur.ttf
  4

  0
ENDTAB
  0
TABLE
  2
VIEW
  5
7
330
0
100
AcDbSymbolTable
 70
0
  0
ENDTAB
  0
TABLE
  2
UCS
  5
6
330
0
100
AcDbSymbolTable
 70
0
  0
ENDTAB
  0
TABLE
  2
APPID
  5
3
330
0
100
AcDbSymbolTable
 70
4
  0
APPID
  5
2A
330
3
100
AcDbSymbolTableRecord
100
AcDbRegAppTableRecord
  2
ACAD
 70
0
  0
APPID
  5
32
330
3
100
AcDbSymbolTableRecord
100
AcDbRegAppTableRecord
  2
AcAecLayerStandard
 70
0
  0
APPID
  5
5E5
330
3
100
AcDbSymbolTableRecord
100
AcDbRegAppTableRecord
  2
HATCHBACKGROUNDCOLOR
 70
0
  0
APPID
  5
5E6
330
3
100
AcDbSymbolTableRecord
100
AcDbRegAppTableRecord
  2
EZDXF
 70
0
  0
ENDTAB
  0
TABLE
  2
DIMSTYLE
  5
4
330
0
100
AcDbSymbolTable
 70
2
100
AcDbDimStyleTable
  0
DIMSTYLE
105
2B
330
4
100
AcDbSymbolTableRecord
100
AcDbDimStyleTableRecord
  2
Standard
 70
0
 40
1.0
 41
2.5
 42
0.625
 43
3.75
 44
1.25
 45
0.0
 46
0.0
 47
0.0
 48
0.0
 49
2.5
140
2.5
141
2.5
142
0.0
143
0.03937007874
144
1.0
145
0.0
146
1.0
147
0.625
148
0.0
 69
0
 70
0
 71
0
 72
0
 73
0
 74
0
 75
0
 76
0
 77
1
 78
8
 79
3
170
0
171
3
172
1
173
0
174
0
175
0
176
0
177
0
178
0
179
2
271
2
272
2
273
2
274
3
275
0
276
0
277
2
278
44
279
0
280
0
281
0
282
0
283
0
284
8
285
0
286
0
288
0
289
3
290
0
371
-2
372
-2
  0
DIMSTYLE
105
43
330
4
100
AcDbSymbolTableRecord
100
AcDbDimStyleTableRecord
  2
FLAMA-IRAM
 70
0
 40
1.0
 41
3.5
 42
1.5
 43
3.75
 44
2.0
 45
0.0
 46
0.0
 47
0.0
 48
0.0
 49
2.5
140
3.5
141
2.5
142
0.0
143
0.03937007874
144
1.0
145
0.0
146
1.0
147
1.0
148
0.0
 69
0
 70
0
 71
0
 72
0
 73
0
 74
0
 75
0
 76
0
 77
1
 78
8
 79
3
170
0
171
3
172
1
173
0
174
0
175
0
176
3
177
3
178
3
179
2
271
1
272
2
273
2
274
3
275
0
276
0
277
2
278
44
279
0
280
0
281
0
282
0
283
0
284
8
285
0
286
0
288
0
289
3
290
0
340
3E
342
3F
343
3F
344
3F
371
18
372
18
  0
ENDTAB
  0
TABLE
  2
BLOCK_RECORD
  5
9
330
0
100
AcDbSymbolTable
 70
3
  0
BLOCK_RECORD
  5
17
330
9
100
AcDbSymbolTableRecord
100
AcDbBlockTableRecord
  2
*Model_Space
340
1A
 70
0
280
1
281
0
  0
BLOCK_RECORD
  5
3F
330
9
100
AcDbSymbolTableRecord
100
AcDbBlockTableRecord
  2
IRAM_FLECHA
340
0
 70
0
280
1
281
0
  0
BLOCK_RECORD
  5
5DF
330
9
100
AcDbSymbolTableRecord
100
AcDbBlockTableRecord
  2
*Paper_Space
340
5E2
 70
0
280
1
281
0
  0
ENDTAB
  0
ENDSEC
  0
SECTION
  2
BLOCKS
  0
BLOCK
  5
18
330
17
100
AcDbEntity
  8
0
100
AcDbBlockBegin
  2
*Model_Space
 70
0
 10
0.0
 20
0.0
 30
0.0
  3
*Model_Space
  1

  0
ENDBLK
  5
19
330
17
100
AcDbEntity
  8
0
100
AcDbBlockEnd
  0
BLOCK
  5
40
330
3F
100
AcDbEntity
  8
0
100
AcDbBlockBegin
  2
IRAM_FLECHA
 70
0
 10
0.0
 20
0.0
 30
0.0
  3
IRAM_FLECHA
  1

  0
SOLID
  5
42
330
3F
100
AcDbEntity
  8
0
100
AcDbTrace
 10
0.0
 20
0.0
 30
0.0
 11
-1.0
 21
0.125
 31
0.0
 12
-1.0
 22
-0.125
 32
0.0
 13
-1.0
 23
-0.125
 33
0.0
  0
ENDBLK
  5
41
330
3F
100
AcDbEntity
  8
0
100
AcDbBlockEnd
  0
BLOCK
  5
5E0
330
5DF
100
AcDbEntity
  8
0
100
AcDbBlockBegin
  2
*Paper_Space
 70
0
 10
0.0
 20
0.0
 30
0.0
  3
*Paper_Space
  1

  0
ENDBLK
  5
5E1
330
5DF
100
AcDbEntity
  8
0
100
AcDbBlockEnd
  0
ENDSEC
  0
SECTION
  2
ENTITIES
  0
LWPOLYLINE
  5
64
330
17
100
AcDbEntity
  8
08-FINA
100
AcDbPolyline
 90
4
 70
1
 10
0.0
 20
0.0
 10
1189.0
 20
0.0
 10
1189.0
 20
841.0
 10
0.0
 20
841.0
  0
LWPOLYLINE
  5
65
330
17
100
AcDbEntity
  8
07-RECUADRO
100
AcDbPolyline
 90
4
 70
1
 10
25.0
 20
10.0
 10
1179.0
 20
10.0
 10
1179.0
 20
831.0
 10
25.0
 20
831.0
  0
LINE
  5
66
330
17
100
AcDbEntity
  8
07-RECUADRO
100
AcDbLine
 10
594.5
 20
0.0
 30
0.0
 11
594.5
 21
15.0
 31
0.0
  0
LINE
  5
67
330
17
100
AcDbEntity
  8
07-RECUADRO
100
AcDbLine
 10
594.5
 20
841.0
 30
0.0
 11
594.5
 21
826.0
 31
0.0
  0
LINE
  5
68
330
17
100
AcDbEntity
  8
07-RECUADRO
100
AcDbLine
 10
0.0
 20
420.5
 30
0.0
 11
30.0
 21
420.5
 31
0.0
  0
LINE
  5
69
330
17
100
AcDbEntity
  8
07-RECUADRO
100
AcDbLine
 10
1189.0
 20
420.5
 30
0.0
 11
1174.0
 21
420.5
 31
0.0
  0
LINE
  5
6A
330
17
100
AcDbEntity
  8
08-FINA
100
AcDbLine
 10
44.5
 20
10.0
 30
0.0
 11
44.5
 21
5.0
 31
0.0
  0
LINE
  5
6B
330
17
100
AcDbEntity
  8
08-FINA
100
AcDbLine
 10
44.5
 20
831.0
 30
0.0
 11
44.5
 21
836.0
 31
0.0
  0
LINE
  5
6C
330
17
100
AcDbEntity
  8
08-FINA
100
AcDbLine
 10
94.5
 20
10.0
 30
0.0
 11
94.5
 21
5.0
 31
0.0
  0
LINE
  5
6D
330
17
100
AcDbEntity
  8
08-FINA
100
AcDbLine
 10
94.5
 20
831.0
 30
0.0
 11
94.5
 21
836.0
 31
0.0
  0
LINE
  5
6E
330
17
100
AcDbEntity
  8
08-FINA
100
AcDbLine
 10
144.5
 20
10.0
 30
0.0
 11
144.5
 21
5.0
 31
0.0
  0
LINE
  5
6F
330
17
100
AcDbEntity
  8
08-FINA
100
AcDbLine
 10
144.5
 20
831.0
 30
0.0
 11
144.5
 21
836.0
 31
0.0
  0
LINE
  5
70
330
17
100
AcDbEntity
  8
08-FINA
100
AcDbLine
 10
194.5
 20
10.0
 30
0.0
 11
194.5
 21
5.0
 31
0.0
  0
LINE
  5
71
330
17
100
AcDbEntity
  8
08-FINA
100
AcDbLine
 10
194.5
 20
831.0
 30
0.0
 11
194.5
 21
836.0
 31
0.0
  0
LINE
  5
72
330
17
100
AcDbEntity
  8
08-FINA
100
AcDbLine
 10
244.5
 20
10.0
 30
0.0
 11
244.5
 21
5.0
 31
0.0
  0
LINE
  5
73
330
17
100
AcDbEntity
  8
08-FINA
100
AcDbLine
 10
244.5
 20
831.0
 30
0.0
 11
244.5
 21
836.0
 31
0.0
  0
LINE
  5
74
330
17
100
AcDbEntity
  8
08-FINA
100
AcDbLine
 10
294.5
 20
10.0
 30
0.0
 11
294.5
 21
5.0
 31
0.0
  0
LINE
  5
75
330
17
100
AcDbEntity
  8
08-FINA
100
AcDbLine
 10
294.5
 20
831.0
 30
0.0
 11
294.5
 21
836.0
 31
0.0
  0
LINE
  5
76
330
17
100
AcDbEntity
  8
08-FINA
100
AcDbLine
 10
344.5
 20
10.0
 30
0.0
 11
344.5
 21
5.0
 31
0.0
  0
LINE
  5
77
330
17
100
AcDbEntity
  8
08-FINA
100
AcDbLine
 10
344.5
 20
831.0
 30
0.0
 11
344.5
 21
836.0
 31
0.0
  0
LINE
  5
78
330
17
100
AcDbEntity
  8
08-FINA
100
AcDbLine
 10
394.5
 20
10.0
 30
0.0
 11
394.5
 21
5.0
 31
0.0
  0
LINE
  5
79
330
17
100
AcDbEntity
  8
08-FINA
100
AcDbLine
 10
394.5
 20
831.0
 30
0.0
 11
394.5
 21
836.0
 31
0.0
  0
LINE
  5
7A
330
17
100
AcDbEntity
  8
08-FINA
100
AcDbLine
 10
444.5
 20
10.0
 30
0.0
 11
444.5
 21
5.0
 31
0.0
  0
LINE
  5
7B
330
17
100
AcDbEntity
  8
08-FINA
100
AcDbLine
 10
444.5
 20
831.0
 30
0.0
 11
444.5
 21
836.0
 31
0.0
  0
LINE
  5
7C
330
17
100
AcDbEntity
  8
08-FINA
100
AcDbLine
 10
494.5
 20
10.0
 30
0.0
 11
494.5
 21
5.0
 31
0.0
  0
LINE
  5
7D
330
17
100
AcDbEntity
  8
08-FINA
100
AcDbLine
 10
494.5
 20
831.0
 30
0.0
 11
494.5
 21
836.0
 31
0.0
  0
LINE
  5
7E
330
17
100
AcDbEntity
  8
08-FINA
100
AcDbLine
 10
544.5
 20
10.0
 30
0.0
 11
544.5
 21
5.0
 31
0.0
  0
LINE
  5
7F
330
17
100
AcDbEntity
  8
08-FINA
100
AcDbLine
 10
544.5
 20
831.0
 30
0.0
 11
544.5
 21
836.0
 31
0.0
  0
LINE
  5
80
330
17
100
AcDbEntity
  8
08-FINA
100
AcDbLine
 10
644.5
 20
10.0
 30
0.0
 11
644.5
 21
5.0
 31
0.0
  0
LINE
  5
81
330
17
100
AcDbEntity
  8
08-FINA
100
AcDbLine
 10
644.5
 20
831.0
 30
0.0
 11
644.5
 21
836.0
 31
0.0
  0
LINE
  5
82
330
17
100
AcDbEntity
  8
08-FINA
100
AcDbLine
 10
694.5
 20
10.0
 30
0.0
 11
694.5
 21
5.0
 31
0.0
  0
LINE
  5
83
330
17
100
AcDbEntity
  8
08-FINA
100
AcDbLine
 10
694.5
 20
831.0
 30
0.0
 11
694.5
 21
836.0
 31
0.0
  0
LINE
  5
84
330
17
100
AcDbEntity
  8
08-FINA
100
AcDbLine
 10
744.5
 20
10.0
 30
0.0
 11
744.5
 21
5.0
 31
0.0
  0
LINE
  5
85
330
17
100
AcDbEntity
  8
08-FINA
100
AcDbLine
 10
744.5
 20
831.0
 30
0.0
 11
744.5
 21
836.0
 31
0.0
  0
LINE
  5
86
330
17
100
AcDbEntity
  8
08-FINA
100
AcDbLine
 10
794.5
 20
10.0
 30
0.0
 11
794.5
 21
5.0
 31
0.0
  0
LINE
  5
87
330
17
100
AcDbEntity
  8
08-FINA
100
AcDbLine
 10
794.5
 20
831.0
 30
0.0
 11
794.5
 21
836.0
 31
0.0
  0
LINE
  5
88
330
17
100
AcDbEntity
  8
08-FINA
100
AcDbLine
 10
844.5
 20
10.0
 30
0.0
 11
844.5
 21
5.0
 31
0.0
  0
LINE
  5
89
330
17
100
AcDbEntity
  8
08-FINA
100
AcDbLine
 10
844.5
 20
831.0
 30
0.0
 11
844.5
 21
836.0
 31
0.0
  0
LINE
  5
8A
330
17
100
AcDbEntity
  8
08-FINA
100
AcDbLine
 10
894.5
 20
10.0
 30
0.0
 11
894.5
 21
5.0
 31
0.0
  0
LINE
  5
8B
330
17
100
AcDbEntity
  8
08-FINA
100
AcDbLine
 10
894.5
 20
831.0
 30
0.0
 11
894.5
 21
836.0
 31
0.0
  0
LINE
  5
8C
330
17
100
AcDbEntity
  8
08-FINA
100
AcDbLine
 10
944.5
 20
10.0
 30
0.0
 11
944.5
 21
5.0
 31
0.0
  0
LINE
  5
8D
330
17
100
AcDbEntity
  8
08-FINA
100
AcDbLine
 10
944.5
 20
831.0
 30
0.0
 11
944.5
 21
836.0
 31
0.0
  0
LINE
  5
8E
330
17
100
AcDbEntity
  8
08-FINA
100
AcDbLine
 10
994.5
 20
10.0
 30
0.0
 11
994.5
 21
5.0
 31
0.0
  0
LINE
  5
8F
330
17
100
AcDbEntity
  8
08-FINA
100
AcDbLine
 10
994.5
 20
831.0
 30
0.0
 11
994.5
 21
836.0
 31
0.0
  0
LINE
  5
90
330
17
100
AcDbEntity
  8
08-FINA
100
AcDbLine
 10
1044.5
 20
10.0
 30
0.0
 11
1044.5
 21
5.0
 31
0.0
  0
LINE
  5
91
330
17
100
AcDbEntity
  8
08-FINA
100
AcDbLine
 10
1044.5
 20
831.0
 30
0.0
 11
1044.5
 21
836.0
 31
0.0
  0
LINE
  5
92
330
17
100
AcDbEntity
  8
08-FINA
100
AcDbLine
 10
1094.5
 20
10.0
 30
0.0
 11
1094.5
 21
5.0
 31
0.0
  0
LINE
  5
93
330
17
100
AcDbEntity
  8
08-FINA
100
AcDbLine
 10
1094.5
 20
831.0
 30
0.0
 11
1094.5
 21
836.0
 31
0.0
  0
LINE
  5
94
330
17
100
AcDbEntity
  8
08-FINA
100
AcDbLine
 10
1144.5
 20
10.0
 30
0.0
 11
1144.5
 21
5.0
 31
0.0
  0
LINE
  5
95
330
17
100
AcDbEntity
  8
08-FINA
100
AcDbLine
 10
1144.5
 20
831.0
 30
0.0
 11
1144.5
 21
836.0
 31
0.0
  0
LINE
  5
96
330
17
100
AcDbEntity
  8
08-FINA
100
AcDbLine
 10
25.0
 20
20.5
 30
0.0
 11
20.0
 21
20.5
 31
0.0
  0
LINE
  5
97
330
17
100
AcDbEntity
  8
08-FINA
100
AcDbLine
 10
1179.0
 20
20.5
 30
0.0
 11
1184.0
 21
20.5
 31
0.0
  0
LINE
  5
98
330
17
100
AcDbEntity
  8
08-FINA
100
AcDbLine
 10
25.0
 20
70.5
 30
0.0
 11
20.0
 21
70.5
 31
0.0
  0
LINE
  5
99
330
17
100
AcDbEntity
  8
08-FINA
100
AcDbLine
 10
1179.0
 20
70.5
 30
0.0
 11
1184.0
 21
70.5
 31
0.0
  0
LINE
  5
9A
330
17
100
AcDbEntity
  8
08-FINA
100
AcDbLine
 10
25.0
 20
120.5
 30
0.0
 11
20.0
 21
120.5
 31
0.0
  0
LINE
  5
9B
330
17
100
AcDbEntity
  8
08-FINA
100
AcDbLine
 10
1179.0
 20
120.5
 30
0.0
 11
1184.0
 21
120.5
 31
0.0
  0
LINE
  5
9C
330
17
100
AcDbEntity
  8
08-FINA
100
AcDbLine
 10
25.0
 20
170.5
 30
0.0
 11
20.0
 21
170.5
 31
0.0
  0
LINE
  5
9D
330
17
100
AcDbEntity
  8
08-FINA
100
AcDbLine
 10
1179.0
 20
170.5
 30
0.0
 11
1184.0
 21
170.5
 31
0.0
  0
LINE
  5
9E
330
17
100
AcDbEntity
  8
08-FINA
100
AcDbLine
 10
25.0
 20
220.5
 30
0.0
 11
20.0
 21
220.5
 31
0.0
  0
LINE
  5
9F
330
17
100
AcDbEntity
  8
08-FINA
100
AcDbLine
 10
1179.0
 20
220.5
 30
0.0
 11
1184.0
 21
220.5
 31
0.0
  0
LINE
  5
A0
330
17
100
AcDbEntity
  8
08-FINA
100
AcDbLine
 10
25.0
 20
270.5
 30
0.0
 11
20.0
 21
270.5
 31
0.0
  0
LINE
  5
A1
330
17
100
AcDbEntity
  8
08-FINA
100
AcDbLine
 10
1179.0
 20
270.5
 30
0.0
 11
1184.0
 21
270.5
 31
0.0
  0
LINE
  5
A2
330
17
100
AcDbEntity
  8
08-FINA
100
AcDbLine
 10
25.0
 20
320.5
 30
0.0
 11
20.0
 21
320.5
 31
0.0
  0
LINE
  5
A3
330
17
100
AcDbEntity
  8
08-FINA
100
AcDbLine
 10
1179.0
 20
320.5
 30
0.0
 11
1184.0
 21
320.5
 31
0.0
  0
LINE
  5
A4
330
17
100
AcDbEntity
  8
08-FINA
100
AcDbLine
 10
25.0
 20
370.5
 30
0.0
 11
20.0
 21
370.5
 31
0.0
  0
LINE
  5
A5
330
17
100
AcDbEntity
  8
08-FINA
100
AcDbLine
 10
1179.0
 20
370.5
 30
0.0
 11
1184.0
 21
370.5
 31
0.0
  0
LINE
  5
A6
330
17
100
AcDbEntity
  8
08-FINA
100
AcDbLine
 10
25.0
 20
470.5
 30
0.0
 11
20.0
 21
470.5
 31
0.0
  0
LINE
  5
A7
330
17
100
AcDbEntity
  8
08-FINA
100
AcDbLine
 10
1179.0
 20
470.5
 30
0.0
 11
1184.0
 21
470.5
 31
0.0
  0
LINE
  5
A8
330
17
100
AcDbEntity
  8
08-FINA
100
AcDbLine
 10
25.0
 20
520.5
 30
0.0
 11
20.0
 21
520.5
 31
0.0
  0
LINE
  5
A9
330
17
100
AcDbEntity
  8
08-FINA
100
AcDbLine
 10
1179.0
 20
520.5
 30
0.0
 11
1184.0
 21
520.5
 31
0.0
  0
LINE
  5
AA
330
17
100
AcDbEntity
  8
08-FINA
100
AcDbLine
 10
25.0
 20
570.5
 30
0.0
 11
20.0
 21
570.5
 31
0.0
  0
LINE
  5
AB
330
17
100
AcDbEntity
  8
08-FINA
100
AcDbLine
 10
1179.0
 20
570.5
 30
0.0
 11
1184.0
 21
570.5
 31
0.0
  0
LINE
  5
AC
330
17
100
AcDbEntity
  8
08-FINA
100
AcDbLine
 10
25.0
 20
620.5
 30
0.0
 11
20.0
 21
620.5
 31
0.0
  0
LINE
  5
AD
330
17
100
AcDbEntity
  8
08-FINA
100
AcDbLine
 10
1179.0
 20
620.5
 30
0.0
 11
1184.0
 21
620.5
 31
0.0
  0
LINE
  5
AE
330
17
100
AcDbEntity
  8
08-FINA
100
AcDbLine
 10
25.0
 20
670.5
 30
0.0
 11
20.0
 21
670.5
 31
0.0
  0
LINE
  5
AF
330
17
100
AcDbEntity
  8
08-FINA
100
AcDbLine
 10
1179.0
 20
670.5
 30
0.0
 11
1184.0
 21
670.5
 31
0.0
  0
LINE
  5
B0
330
17
100
AcDbEntity
  8
08-FINA
100
AcDbLine
 10
25.0
 20
720.5
 30
0.0
 11
20.0
 21
720.5
 31
0.0
  0
LINE
  5
B1
330
17
100
AcDbEntity
  8
08-FINA
100
AcDbLine
 10
1179.0
 20
720.5
 30
0.0
 11
1184.0
 21
720.5
 31
0.0
  0
LINE
  5
B2
330
17
100
AcDbEntity
  8
08-FINA
100
AcDbLine
 10
25.0
 20
770.5
 30
0.0
 11
20.0
 21
770.5
 31
0.0
  0
LINE
  5
B3
330
17
100
AcDbEntity
  8
08-FINA
100
AcDbLine
 10
1179.0
 20
770.5
 30
0.0
 11
1184.0
 21
770.5
 31
0.0
  0
LINE
  5
B4
330
17
100
AcDbEntity
  8
08-FINA
100
AcDbLine
 10
25.0
 20
820.5
 30
0.0
 11
20.0
 21
820.5
 31
0.0
  0
LINE
  5
B5
330
17
100
AcDbEntity
  8
08-FINA
100
AcDbLine
 10
1179.0
 20
820.5
 30
0.0
 11
1184.0
 21
820.5
 31
0.0
  0
TEXT
  5
B6
330
17
100
AcDbEntity
  8
06-TEXTO
100
AcDbText
 10
34.75
 20
5.0
 30
0.0
 40
3.5
  1
1
  7
ISO3098
 72
1
 11
34.75
 21
5.0
 31
0.0
100
AcDbText
 73
2
  0
TEXT
  5
B7
330
17
100
AcDbEntity
  8
06-TEXTO
100
AcDbText
 10
34.75
 20
836.0
 30
0.0
 40
3.5
  1
1
  7
ISO3098
 72
1
 11
34.75
 21
836.0
 31
0.0
100
AcDbText
 73
2
  0
TEXT
  5
B8
330
17
100
AcDbEntity
  8
06-TEXTO
100
AcDbText
 10
69.5
 20
5.0
 30
0.0
 40
3.5
  1
2
  7
ISO3098
 72
1
 11
69.5
 21
5.0
 31
0.0
100
AcDbText
 73
2
  0
TEXT
  5
B9
330
17
100
AcDbEntity
  8
06-TEXTO
100
AcDbText
 10
69.5
 20
836.0
 30
0.0
 40
3.5
  1
2
  7
ISO3098
 72
1
 11
69.5
 21
836.0
 31
0.0
100
AcDbText
 73
2
  0
TEXT
  5
BA
330
17
100
AcDbEntity
  8
06-TEXTO
100
AcDbText
 10
119.5
 20
5.0
 30
0.0
 40
3.5
  1
3
  7
ISO3098
 72
1
 11
119.5
 21
5.0
 31
0.0
100
AcDbText
 73
2
  0
TEXT
  5
BB
330
17
100
AcDbEntity
  8
06-TEXTO
100
AcDbText
 10
119.5
 20
836.0
 30
0.0
 40
3.5
  1
3
  7
ISO3098
 72
1
 11
119.5
 21
836.0
 31
0.0
100
AcDbText
 73
2
  0
TEXT
  5
BC
330
17
100
AcDbEntity
  8
06-TEXTO
100
AcDbText
 10
169.5
 20
5.0
 30
0.0
 40
3.5
  1
4
  7
ISO3098
 72
1
 11
169.5
 21
5.0
 31
0.0
100
AcDbText
 73
2
  0
TEXT
  5
BD
330
17
100
AcDbEntity
  8
06-TEXTO
100
AcDbText
 10
169.5
 20
836.0
 30
0.0
 40
3.5
  1
4
  7
ISO3098
 72
1
 11
169.5
 21
836.0
 31
0.0
100
AcDbText
 73
2
  0
TEXT
  5
BE
330
17
100
AcDbEntity
  8
06-TEXTO
100
AcDbText
 10
219.5
 20
5.0
 30
0.0
 40
3.5
  1
5
  7
ISO3098
 72
1
 11
219.5
 21
5.0
 31
0.0
100
AcDbText
 73
2
  0
TEXT
  5
BF
330
17
100
AcDbEntity
  8
06-TEXTO
100
AcDbText
 10
219.5
 20
836.0
 30
0.0
 40
3.5
  1
5
  7
ISO3098
 72
1
 11
219.5
 21
836.0
 31
0.0
100
AcDbText
 73
2
  0
TEXT
  5
C0
330
17
100
AcDbEntity
  8
06-TEXTO
100
AcDbText
 10
269.5
 20
5.0
 30
0.0
 40
3.5
  1
6
  7
ISO3098
 72
1
 11
269.5
 21
5.0
 31
0.0
100
AcDbText
 73
2
  0
TEXT
  5
C1
330
17
100
AcDbEntity
  8
06-TEXTO
100
AcDbText
 10
269.5
 20
836.0
 30
0.0
 40
3.5
  1
6
  7
ISO3098
 72
1
 11
269.5
 21
836.0
 31
0.0
100
AcDbText
 73
2
  0
TEXT
  5
C2
330
17
100
AcDbEntity
  8
06-TEXTO
100
AcDbText
 10
319.5
 20
5.0
 30
0.0
 40
3.5
  1
7
  7
ISO3098
 72
1
 11
319.5
 21
5.0
 31
0.0
100
AcDbText
 73
2
  0
TEXT
  5
C3
330
17
100
AcDbEntity
  8
06-TEXTO
100
AcDbText
 10
319.5
 20
836.0
 30
0.0
 40
3.5
  1
7
  7
ISO3098
 72
1
 11
319.5
 21
836.0
 31
0.0
100
AcDbText
 73
2
  0
TEXT
  5
C4
330
17
100
AcDbEntity
  8
06-TEXTO
100
AcDbText
 10
369.5
 20
5.0
 30
0.0
 40
3.5
  1
8
  7
ISO3098
 72
1
 11
369.5
 21
5.0
 31
0.0
100
AcDbText
 73
2
  0
TEXT
  5
C5
330
17
100
AcDbEntity
  8
06-TEXTO
100
AcDbText
 10
369.5
 20
836.0
 30
0.0
 40
3.5
  1
8
  7
ISO3098
 72
1
 11
369.5
 21
836.0
 31
0.0
100
AcDbText
 73
2
  0
TEXT
  5
C6
330
17
100
AcDbEntity
  8
06-TEXTO
100
AcDbText
 10
419.5
 20
5.0
 30
0.0
 40
3.5
  1
9
  7
ISO3098
 72
1
 11
419.5
 21
5.0
 31
0.0
100
AcDbText
 73
2
  0
TEXT
  5
C7
330
17
100
AcDbEntity
  8
06-TEXTO
100
AcDbText
 10
419.5
 20
836.0
 30
0.0
 40
3.5
  1
9
  7
ISO3098
 72
1
 11
419.5
 21
836.0
 31
0.0
100
AcDbText
 73
2
  0
TEXT
  5
C8
330
17
100
AcDbEntity
  8
06-TEXTO
100
AcDbText
 10
469.5
 20
5.0
 30
0.0
 40
3.5
  1
10
  7
ISO3098
 72
1
 11
469.5
 21
5.0
 31
0.0
100
AcDbText
 73
2
  0
TEXT
  5
C9
330
17
100
AcDbEntity
  8
06-TEXTO
100
AcDbText
 10
469.5
 20
836.0
 30
0.0
 40
3.5
  1
10
  7
ISO3098
 72
1
 11
469.5
 21
836.0
 31
0.0
100
AcDbText
 73
2
  0
TEXT
  5
CA
330
17
100
AcDbEntity
  8
06-TEXTO
100
AcDbText
 10
519.5
 20
5.0
 30
0.0
 40
3.5
  1
11
  7
ISO3098
 72
1
 11
519.5
 21
5.0
 31
0.0
100
AcDbText
 73
2
  0
TEXT
  5
CB
330
17
100
AcDbEntity
  8
06-TEXTO
100
AcDbText
 10
519.5
 20
836.0
 30
0.0
 40
3.5
  1
11
  7
ISO3098
 72
1
 11
519.5
 21
836.0
 31
0.0
100
AcDbText
 73
2
  0
TEXT
  5
CC
330
17
100
AcDbEntity
  8
06-TEXTO
100
AcDbText
 10
569.5
 20
5.0
 30
0.0
 40
3.5
  1
12
  7
ISO3098
 72
1
 11
569.5
 21
5.0
 31
0.0
100
AcDbText
 73
2
  0
TEXT
  5
CD
330
17
100
AcDbEntity
  8
06-TEXTO
100
AcDbText
 10
569.5
 20
836.0
 30
0.0
 40
3.5
  1
12
  7
ISO3098
 72
1
 11
569.5
 21
836.0
 31
0.0
100
AcDbText
 73
2
  0
TEXT
  5
CE
330
17
100
AcDbEntity
  8
06-TEXTO
100
AcDbText
 10
619.5
 20
5.0
 30
0.0
 40
3.5
  1
13
  7
ISO3098
 72
1
 11
619.5
 21
5.0
 31
0.0
100
AcDbText
 73
2
  0
TEXT
  5
CF
330
17
100
AcDbEntity
  8
06-TEXTO
100
AcDbText
 10
619.5
 20
836.0
 30
0.0
 40
3.5
  1
13
  7
ISO3098
 72
1
 11
619.5
 21
836.0
 31
0.0
100
AcDbText
 73
2
  0
TEXT
  5
D0
330
17
100
AcDbEntity
  8
06-TEXTO
100
AcDbText
 10
669.5
 20
5.0
 30
0.0
 40
3.5
  1
14
  7
ISO3098
 72
1
 11
669.5
 21
5.0
 31
0.0
100
AcDbText
 73
2
  0
TEXT
  5
D1
330
17
100
AcDbEntity
  8
06-TEXTO
100
AcDbText
 10
669.5
 20
836.0
 30
0.0
 40
3.5
  1
14
  7
ISO3098
 72
1
 11
669.5
 21
836.0
 31
0.0
100
AcDbText
 73
2
  0
TEXT
  5
D2
330
17
100
AcDbEntity
  8
06-TEXTO
100
AcDbText
 10
719.5
 20
5.0
 30
0.0
 40
3.5
  1
15
  7
ISO3098
 72
1
 11
719.5
 21
5.0
 31
0.0
100
AcDbText
 73
2
  0
TEXT
  5
D3
330
17
100
AcDbEntity
  8
06-TEXTO
100
AcDbText
 10
719.5
 20
836.0
 30
0.0
 40
3.5
  1
15
  7
ISO3098
 72
1
 11
719.5
 21
836.0
 31
0.0
100
AcDbText
 73
2
  0
TEXT
  5
D4
330
17
100
AcDbEntity
  8
06-TEXTO
100
AcDbText
 10
769.5
 20
5.0
 30
0.0
 40
3.5
  1
16
  7
ISO3098
 72
1
 11
769.5
 21
5.0
 31
0.0
100
AcDbText
 73
2
  0
TEXT
  5
D5
330
17
100
AcDbEntity
  8
06-TEXTO
100
AcDbText
 10
769.5
 20
836.0
 30
0.0
 40
3.5
  1
16
  7
ISO3098
 72
1
 11
769.5
 21
836.0
 31
0.0
100
AcDbText
 73
2
  0
TEXT
  5
D6
330
17
100
AcDbEntity
  8
06-TEXTO
100
AcDbText
 10
819.5
 20
5.0
 30
0.0
 40
3.5
  1
17
  7
ISO3098
 72
1
 11
819.5
 21
5.0
 31
0.0
100
AcDbText
 73
2
  0
TEXT
  5
D7
330
17
100
AcDbEntity
  8
06-TEXTO
100
AcDbText
 10
819.5
 20
836.0
 30
0.0
 40
3.5
  1
17
  7
ISO3098
 72
1
 11
819.5
 21
836.0
 31
0.0
100
AcDbText
 73
2
  0
TEXT
  5
D8
330
17
100
AcDbEntity
  8
06-TEXTO
100
AcDbText
 10
869.5
 20
5.0
 30
0.0
 40
3.5
  1
18
  7
ISO3098
 72
1
 11
869.5
 21
5.0
 31
0.0
100
AcDbText
 73
2
  0
TEXT
  5
D9
330
17
100
AcDbEntity
  8
06-TEXTO
100
AcDbText
 10
869.5
 20
836.0
 30
0.0
 40
3.5
  1
18
  7
ISO3098
 72
1
 11
869.5
 21
836.0
 31
0.0
100
AcDbText
 73
2
  0
TEXT
  5
DA
330
17
100
AcDbEntity
  8
06-TEXTO
100
AcDbText
 10
919.5
 20
5.0
 30
0.0
 40
3.5
  1
19
  7
ISO3098
 72
1
 11
919.5
 21
5.0
 31
0.0
100
AcDbText
 73
2
  0
TEXT
  5
DB
330
17
100
AcDbEntity
  8
06-TEXTO
100
AcDbText
 10
919.5
 20
836.0
 30
0.0
 40
3.5
  1
19
  7
ISO3098
 72
1
 11
919.5
 21
836.0
 31
0.0
100
AcDbText
 73
2
  0
TEXT
  5
DC
330
17
100
AcDbEntity
  8
06-TEXTO
100
AcDbText
 10
969.5
 20
5.0
 30
0.0
 40
3.5
  1
20
  7
ISO3098
 72
1
 11
969.5
 21
5.0
 31
0.0
100
AcDbText
 73
2
  0
TEXT
  5
DD
330
17
100
AcDbEntity
  8
06-TEXTO
100
AcDbText
 10
969.5
 20
836.0
 30
0.0
 40
3.5
  1
20
  7
ISO3098
 72
1
 11
969.5
 21
836.0
 31
0.0
100
AcDbText
 73
2
  0
TEXT
  5
DE
330
17
100
AcDbEntity
  8
06-TEXTO
100
AcDbText
 10
1019.5
 20
5.0
 30
0.0
 40
3.5
  1
21
  7
ISO3098
 72
1
 11
1019.5
 21
5.0
 31
0.0
100
AcDbText
 73
2
  0
TEXT
  5
DF
330
17
100
AcDbEntity
  8
06-TEXTO
100
AcDbText
 10
1019.5
 20
836.0
 30
0.0
 40
3.5
  1
21
  7
ISO3098
 72
1
 11
1019.5
 21
836.0
 31
0.0
100
AcDbText
 73
2
  0
TEXT
  5
E0
330
17
100
AcDbEntity
  8
06-TEXTO
100
AcDbText
 10
1069.5
 20
5.0
 30
0.0
 40
3.5
  1
22
  7
ISO3098
 72
1
 11
1069.5
 21
5.0
 31
0.0
100
AcDbText
 73
2
  0
TEXT
  5
E1
330
17
100
AcDbEntity
  8
06-TEXTO
100
AcDbText
 10
1069.5
 20
836.0
 30
0.0
 40
3.5
  1
22
  7
ISO3098
 72
1
 11
1069.5
 21
836.0
 31
0.0
100
AcDbText
 73
2
  0
TEXT
  5
E2
330
17
100
AcDbEntity
  8
06-TEXTO
100
AcDbText
 10
1119.5
 20
5.0
 30
0.0
 40
3.5
  1
23
  7
ISO3098
 72
1
 11
1119.5
 21
5.0
 31
0.0
100
AcDbText
 73
2
  0
TEXT
  5
E3
330
17
100
AcDbEntity
  8
06-TEXTO
100
AcDbText
 10
1119.5
 20
836.0
 30
0.0
 40
3.5
  1
23
  7
ISO3098
 72
1
 11
1119.5
 21
836.0
 31
0.0
100
AcDbText
 73
2
  0
TEXT
  5
E4
330
17
100
AcDbEntity
  8
06-TEXTO
100
AcDbText
 10
1161.75
 20
5.0
 30
0.0
 40
3.5
  1
24
  7
ISO3098
 72
1
 11
1161.75
 21
5.0
 31
0.0
100
AcDbText
 73
2
  0
TEXT
  5
E5
330
17
100
AcDbEntity
  8
06-TEXTO
100
AcDbText
 10
1161.75
 20
836.0
 30
0.0
 40
3.5
  1
24
  7
ISO3098
 72
1
 11
1161.75
 21
836.0
 31
0.0
100
AcDbText
 73
2
  0
TEXT
  5
E6
330
17
100
AcDbEntity
  8
06-TEXTO
100
AcDbText
 10
15.0
 20
15.25
 30
0.0
 40
3.5
  1
T
  7
ISO3098
 72
1
 11
15.0
 21
15.25
 31
0.0
100
AcDbText
 73
2
  0
TEXT
  5
E7
330
17
100
AcDbEntity
  8
06-TEXTO
100
AcDbText
 10
1184.0
 20
15.25
 30
0.0
 40
3.5
  1
T
  7
ISO3098
 72
1
 11
1184.0
 21
15.25
 31
0.0
100
AcDbText
 73
2
  0
TEXT
  5
E8
330
17
100
AcDbEntity
  8
06-TEXTO
100
AcDbText
 10
15.0
 20
45.5
 30
0.0
 40
3.5
  1
S
  7
ISO3098
 72
1
 11
15.0
 21
45.5
 31
0.0
100
AcDbText
 73
2
  0
TEXT
  5
E9
330
17
100
AcDbEntity
  8
06-TEXTO
100
AcDbText
 10
1184.0
 20
45.5
 30
0.0
 40
3.5
  1
S
  7
ISO3098
 72
1
 11
1184.0
 21
45.5
 31
0.0
100
AcDbText
 73
2
  0
TEXT
  5
EA
330
17
100
AcDbEntity
  8
06-TEXTO
100
AcDbText
 10
15.0
 20
95.5
 30
0.0
 40
3.5
  1
R
  7
ISO3098
 72
1
 11
15.0
 21
95.5
 31
0.0
100
AcDbText
 73
2
  0
TEXT
  5
EB
330
17
100
AcDbEntity
  8
06-TEXTO
100
AcDbText
 10
1184.0
 20
95.5
 30
0.0
 40
3.5
  1
R
  7
ISO3098
 72
1
 11
1184.0
 21
95.5
 31
0.0
100
AcDbText
 73
2
  0
TEXT
  5
EC
330
17
100
AcDbEntity
  8
06-TEXTO
100
AcDbText
 10
15.0
 20
145.5
 30
0.0
 40
3.5
  1
Q
  7
ISO3098
 72
1
 11
15.0
 21
145.5
 31
0.0
100
AcDbText
 73
2
  0
TEXT
  5
ED
330
17
100
AcDbEntity
  8
06-TEXTO
100
AcDbText
 10
1184.0
 20
145.5
 30
0.0
 40
3.5
  1
Q
  7
ISO3098
 72
1
 11
1184.0
 21
145.5
 31
0.0
100
AcDbText
 73
2
  0
TEXT
  5
EE
330
17
100
AcDbEntity
  8
06-TEXTO
100
AcDbText
 10
15.0
 20
195.5
 30
0.0
 40
3.5
  1
P
  7
ISO3098
 72
1
 11
15.0
 21
195.5
 31
0.0
100
AcDbText
 73
2
  0
TEXT
  5
EF
330
17
100
AcDbEntity
  8
06-TEXTO
100
AcDbText
 10
1184.0
 20
195.5
 30
0.0
 40
3.5
  1
P
  7
ISO3098
 72
1
 11
1184.0
 21
195.5
 31
0.0
100
AcDbText
 73
2
  0
TEXT
  5
F0
330
17
100
AcDbEntity
  8
06-TEXTO
100
AcDbText
 10
15.0
 20
245.5
 30
0.0
 40
3.5
  1
N
  7
ISO3098
 72
1
 11
15.0
 21
245.5
 31
0.0
100
AcDbText
 73
2
  0
TEXT
  5
F1
330
17
100
AcDbEntity
  8
06-TEXTO
100
AcDbText
 10
1184.0
 20
245.5
 30
0.0
 40
3.5
  1
N
  7
ISO3098
 72
1
 11
1184.0
 21
245.5
 31
0.0
100
AcDbText
 73
2
  0
TEXT
  5
F2
330
17
100
AcDbEntity
  8
06-TEXTO
100
AcDbText
 10
15.0
 20
295.5
 30
0.0
 40
3.5
  1
M
  7
ISO3098
 72
1
 11
15.0
 21
295.5
 31
0.0
100
AcDbText
 73
2
  0
TEXT
  5
F3
330
17
100
AcDbEntity
  8
06-TEXTO
100
AcDbText
 10
1184.0
 20
295.5
 30
0.0
 40
3.5
  1
M
  7
ISO3098
 72
1
 11
1184.0
 21
295.5
 31
0.0
100
AcDbText
 73
2
  0
TEXT
  5
F4
330
17
100
AcDbEntity
  8
06-TEXTO
100
AcDbText
 10
15.0
 20
345.5
 30
0.0
 40
3.5
  1
L
  7
ISO3098
 72
1
 11
15.0
 21
345.5
 31
0.0
100
AcDbText
 73
2
  0
TEXT
  5
F5
330
17
100
AcDbEntity
  8
06-TEXTO
100
AcDbText
 10
1184.0
 20
345.5
 30
0.0
 40
3.5
  1
L
  7
ISO3098
 72
1
 11
1184.0
 21
345.5
 31
0.0
100
AcDbText
 73
2
  0
TEXT
  5
F6
330
17
100
AcDbEntity
  8
06-TEXTO
100
AcDbText
 10
15.0
 20
395.5
 30
0.0
 40
3.5
  1
K
  7
ISO3098
 72
1
 11
15.0
 21
395.5
 31
0.0
100
AcDbText
 73
2
  0
TEXT
  5
F7
330
17
100
AcDbEntity
  8
06-TEXTO
100
AcDbText
 10
1184.0
 20
395.5
 30
0.0
 40
3.5
  1
K
  7
ISO3098
 72
1
 11
1184.0
 21
395.5
 31
0.0
100
AcDbText
 73
2
  0
TEXT
  5
F8
330
17
100
AcDbEntity
  8
06-TEXTO
100
AcDbText
 10
15.0
 20
445.5
 30
0.0
 40
3.5
  1
J
  7
ISO3098
 72
1
 11
15.0
 21
445.5
 31
0.0
100
AcDbText
 73
2
  0
TEXT
  5
F9
330
17
100
AcDbEntity
  8
06-TEXTO
100
AcDbText
 10
1184.0
 20
445.5
 30
0.0
 40
3.5
  1
J
  7
ISO3098
 72
1
 11
1184.0
 21
445.5
 31
0.0
100
AcDbText
 73
2
  0
TEXT
  5
FA
330
17
100
AcDbEntity
  8
06-TEXTO
100
AcDbText
 10
15.0
 20
495.5
 30
0.0
 40
3.5
  1
H
  7
ISO3098
 72
1
 11
15.0
 21
495.5
 31
0.0
100
AcDbText
 73
2
  0
TEXT
  5
FB
330
17
100
AcDbEntity
  8
06-TEXTO
100
AcDbText
 10
1184.0
 20
495.5
 30
0.0
 40
3.5
  1
H
  7
ISO3098
 72
1
 11
1184.0
 21
495.5
 31
0.0
100
AcDbText
 73
2
  0
TEXT
  5
FC
330
17
100
AcDbEntity
  8
06-TEXTO
100
AcDbText
 10
15.0
 20
545.5
 30
0.0
 40
3.5
  1
G
  7
ISO3098
 72
1
 11
15.0
 21
545.5
 31
0.0
100
AcDbText
 73
2
  0
TEXT
  5
FD
330
17
100
AcDbEntity
  8
06-TEXTO
100
AcDbText
 10
1184.0
 20
545.5
 30
0.0
 40
3.5
  1
G
  7
ISO3098
 72
1
 11
1184.0
 21
545.5
 31
0.0
100
AcDbText
 73
2
  0
TEXT
  5
FE
330
17
100
AcDbEntity
  8
06-TEXTO
100
AcDbText
 10
15.0
 20
595.5
 30
0.0
 40
3.5
  1
F
  7
ISO3098
 72
1
 11
15.0
 21
595.5
 31
0.0
100
AcDbText
 73
2
  0
TEXT
  5
FF
330
17
100
AcDbEntity
  8
06-TEXTO
100
AcDbText
 10
1184.0
 20
595.5
 30
0.0
 40
3.5
  1
F
  7
ISO3098
 72
1
 11
1184.0
 21
595.5
 31
0.0
100
AcDbText
 73
2
  0
TEXT
  5
100
330
17
100
AcDbEntity
  8
06-TEXTO
100
AcDbText
 10
15.0
 20
645.5
 30
0.0
 40
3.5
  1
E
  7
ISO3098
 72
1
 11
15.0
 21
645.5
 31
0.0
100
AcDbText
 73
2
  0
TEXT
  5
101
330
17
100
AcDbEntity
  8
06-TEXTO
100
AcDbText
 10
1184.0
 20
645.5
 30
0.0
 40
3.5
  1
E
  7
ISO3098
 72
1
 11
1184.0
 21
645.5
 31
0.0
100
AcDbText
 73
2
  0
TEXT
  5
102
330
17
100
AcDbEntity
  8
06-TEXTO
100
AcDbText
 10
15.0
 20
695.5
 30
0.0
 40
3.5
  1
D
  7
ISO3098
 72
1
 11
15.0
 21
695.5
 31
0.0
100
AcDbText
 73
2
  0
TEXT
  5
103
330
17
100
AcDbEntity
  8
06-TEXTO
100
AcDbText
 10
1184.0
 20
695.5
 30
0.0
 40
3.5
  1
D
  7
ISO3098
 72
1
 11
1184.0
 21
695.5
 31
0.0
100
AcDbText
 73
2
  0
TEXT
  5
104
330
17
100
AcDbEntity
  8
06-TEXTO
100
AcDbText
 10
15.0
 20
745.5
 30
0.0
 40
3.5
  1
C
  7
ISO3098
 72
1
 11
15.0
 21
745.5
 31
0.0
100
AcDbText
 73
2
  0
TEXT
  5
105
330
17
100
AcDbEntity
  8
06-TEXTO
100
AcDbText
 10
1184.0
 20
745.5
 30
0.0
 40
3.5
  1
C
  7
ISO3098
 72
1
 11
1184.0
 21
745.5
 31
0.0
100
AcDbText
 73
2
  0
TEXT
  5
106
330
17
100
AcDbEntity
  8
06-TEXTO
100
AcDbText
 10
15.0
 20
795.5
 30
0.0
 40
3.5
  1
B
  7
ISO3098
 72
1
 11
15.0
 21
795.5
 31
0.0
100
AcDbText
 73
2
  0
TEXT
  5
107
330
17
100
AcDbEntity
  8
06-TEXTO
100
AcDbText
 10
1184.0
 20
795.5
 30
0.0
 40
3.5
  1
B
  7
ISO3098
 72
1
 11
1184.0
 21
795.5
 31
0.0
100
AcDbText
 73
2
  0
TEXT
  5
108
330
17
100
AcDbEntity
  8
06-TEXTO
100
AcDbText
 10
15.0
 20
825.75
 30
0.0
 40
3.5
  1
A
  7
ISO3098
 72
1
 11
15.0
 21
825.75
 31
0.0
100
AcDbText
 73
2
  0
TEXT
  5
109
330
17
100
AcDbEntity
  8
06-TEXTO
100
AcDbText
 10
1184.0
 20
825.75
 30
0.0
 40
3.5
  1
A
  7
ISO3098
 72
1
 11
1184.0
 21
825.75
 31
0.0
100
AcDbText
 73
2
  0
LWPOLYLINE
  5
10A
330
17
100
AcDbEntity
  8
10-ROTULO
100
AcDbPolyline
 90
4
 70
1
 10
1004.0
 20
56.0
 10
1018.0
 20
56.0
 10
1018.0
 20
61.0
 10
1004.0
 20
61.0
  0
LWPOLYLINE
  5
10B
330
17
100
AcDbEntity
  8
10-ROTULO
100
AcDbPolyline
 90
4
 70
1
 10
1018.0
 20
56.0
 10
1034.0
 20
56.0
 10
1034.0
 20
61.0
 10
1018.0
 20
61.0
  0
TEXT
  5
10C
330
17
100
AcDbEntity
  8
11-TEXTO-ROTULO
100
AcDbText
 10
1026.0
 20
58.5
 30
0.0
 40
2.5
  1
Fecha
  7
ISO3098
 72
1
 11
1026.0
 21
58.5
 31
0.0
100
AcDbText
 73
2
  0
LWPOLYLINE
  5
10D
330
17
100
AcDbEntity
  8
10-ROTULO
100
AcDbPolyline
 90
4
 70
1
 10
1034.0
 20
56.0
 10
1059.0
 20
56.0
 10
1059.0
 20
61.0
 10
1034.0
 20
61.0
  0
TEXT
  5
10E
330
17
100
AcDbEntity
  8
11-TEXTO-ROTULO
100
AcDbText
 10
1046.5
 20
58.5
 30
0.0
 40
2.5
  1
Nombre
  7
ISO3098
 72
1
 11
1046.5
 21
58.5
 31
0.0
100
AcDbText
 73
2
  0
LWPOLYLINE
  5
10F
330
17
100
AcDbEntity
  8
10-ROTULO
100
AcDbPolyline
 90
4
 70
1
 10
1004.0
 20
50.0
 10
1018.0
 20
50.0
 10
1018.0
 20
56.0
 10
1004.0
 20
56.0
  0
TEXT
  5
110
330
17
100
AcDbEntity
  8
11-TEXTO-ROTULO
100
AcDbText
 10
1005.5
 20
53.0
 30
0.0
 40
2.5
  1
Dibujó
  7
ISO3098
 11
1005.5
 21
53.0
 31
0.0
100
AcDbText
 73
2
  0
LWPOLYLINE
  5
111
330
17
100
AcDbEntity
  8
10-ROTULO
100
AcDbPolyline
 90
4
 70
1
 10
1018.0
 20
50.0
 10
1034.0
 20
50.0
 10
1034.0
 20
56.0
 10
1018.0
 20
56.0
  0
TEXT
  5
112
330
17
100
AcDbEntity
  8
11-TEXTO-ROTULO
100
AcDbText
 10
1026.0
 20
53.0
 30
0.0
 40
2.5
  1
30/09/26
  7
ISO3098
 72
1
 11
1026.0
 21
53.0
 31
0.0
100
AcDbText
 73
2
  0
LWPOLYLINE
  5
113
330
17
100
AcDbEntity
  8
10-ROTULO
100
AcDbPolyline
 90
4
 70
1
 10
1034.0
 20
50.0
 10
1059.0
 20
50.0
 10
1059.0
 20
56.0
 10
1034.0
 20
56.0
  0
TEXT
  5
114
330
17
100
AcDbEntity
  8
11-TEXTO-ROTULO
100
AcDbText
 10
1046.5
 20
53.0
 30
0.0
 40
2.5
  1
Claude Code
  7
ISO3098
 72
1
 11
1046.5
 21
53.0
 31
0.0
100
AcDbText
 73
2
  0
LWPOLYLINE
  5
115
330
17
100
AcDbEntity
  8
10-ROTULO
100
AcDbPolyline
 90
4
 70
1
 10
1004.0
 20
44.0
 10
1018.0
 20
44.0
 10
1018.0
 20
50.0
 10
1004.0
 20
50.0
  0
TEXT
  5
116
330
17
100
AcDbEntity
  8
11-TEXTO-ROTULO
100
AcDbText
 10
1005.5
 20
47.0
 30
0.0
 40
2.5
  1
Revisó
  7
ISO3098
 11
1005.5
 21
47.0
 31
0.0
100
AcDbText
 73
2
  0
LWPOLYLINE
  5
117
330
17
100
AcDbEntity
  8
10-ROTULO
100
AcDbPolyline
 90
4
 70
1
 10
1018.0
 20
44.0
 10
1034.0
 20
44.0
 10
1034.0
 20
50.0
 10
1018.0
 20
50.0
  0
LWPOLYLINE
  5
118
330
17
100
AcDbEntity
  8
10-ROTULO
100
AcDbPolyline
 90
4
 70
1
 10
1034.0
 20
44.0
 10
1059.0
 20
44.0
 10
1059.0
 20
50.0
 10
1034.0
 20
50.0
  0
LWPOLYLINE
  5
119
330
17
100
AcDbEntity
  8
10-ROTULO
100
AcDbPolyline
 90
4
 70
1
 10
1004.0
 20
38.0
 10
1018.0
 20
38.0
 10
1018.0
 20
44.0
 10
1004.0
 20
44.0
  0
TEXT
  5
11A
330
17
100
AcDbEntity
  8
11-TEXTO-ROTULO
100
AcDbText
 10
1005.5
 20
41.0
 30
0.0
 40
2.5
  1
Aprobó
  7
ISO3098
 11
1005.5
 21
41.0
 31
0.0
100
AcDbText
 73
2
  0
LWPOLYLINE
  5
11B
330
17
100
AcDbEntity
  8
10-ROTULO
100
AcDbPolyline
 90
4
 70
1
 10
1018.0
 20
38.0
 10
1034.0
 20
38.0
 10
1034.0
 20
44.0
 10
1018.0
 20
44.0
  0
LWPOLYLINE
  5
11C
330
17
100
AcDbEntity
  8
10-ROTULO
100
AcDbPolyline
 90
4
 70
1
 10
1034.0
 20
38.0
 10
1059.0
 20
38.0
 10
1059.0
 20
44.0
 10
1034.0
 20
44.0
  0
LWPOLYLINE
  5
11D
330
17
100
AcDbEntity
  8
10-ROTULO
100
AcDbPolyline
 90
4
 70
1
 10
1004.0
 20
24.0
 10
1024.0
 20
24.0
 10
1024.0
 20
38.0
 10
1004.0
 20
38.0
  0
TEXT
  5
11E
330
17
100
AcDbEntity
  8
11-TEXTO-ROTULO
100
AcDbText
 10
1005.0
 20
37.0
 30
0.0
 40
1.8
  1
Escala
  7
ISO3098
 11
1005.0
 21
37.0
 31
0.0
100
AcDbText
 73
3
  0
TEXT
  5
11F
330
17
100
AcDbEntity
  8
11-TEXTO-ROTULO
100
AcDbText
 10
1014.0
 20
29.6
 30
0.0
 40
5.0
  1
1:200
  7
ISO3098
 72
1
 11
1014.0
 21
29.6
 31
0.0
100
AcDbText
 73
2
  0
LWPOLYLINE
  5
120
330
17
100
AcDbEntity
  8
10-ROTULO
100
AcDbPolyline
 90
4
 70
1
 10
1024.0
 20
24.0
 10
1059.0
 20
24.0
 10
1059.0
 20
38.0
 10
1024.0
 20
38.0
  0
TEXT
  5
121
330
17
100
AcDbEntity
  8
11-TEXTO-ROTULO
100
AcDbText
 10
1025.0
 20
37.0
 30
0.0
 40
1.8
  1
Método de proyección
  7
ISO3098
 11
1025.0
 21
37.0
 31
0.0
100
AcDbText
 73
3
  0
CIRCLE
  5
122
330
17
100
AcDbEntity
  8
01-VISIBLE
100
AcDbCircle
 10
1034.0
 20
29.5
 30
0.0
 40
2.5
  0
CIRCLE
  5
123
330
17
100
AcDbEntity
  8
01-VISIBLE
100
AcDbCircle
 10
1034.0
 20
29.5
 30
0.0
 40
1.25
  0
LWPOLYLINE
  5
124
330
17
100
AcDbEntity
  8
01-VISIBLE
100
AcDbPolyline
 90
4
 70
1
 10
1039.0
 20
27.0
 10
1044.0
 20
28.25
 10
1044.0
 20
30.75
 10
1039.0
 20
32.0
  0
LINE
  5
125
330
17
100
AcDbEntity
  8
03-EJE
100
AcDbLine
 10
1030.0
 20
29.5
 30
0.0
 11
1045.5
 21
29.5
 31
0.0
  0
LINE
  5
126
330
17
100
AcDbEntity
  8
03-EJE
100
AcDbLine
 10
1034.0
 20
25.5
 30
0.0
 11
1034.0
 21
33.5
 31
0.0
  0
TEXT
  5
127
330
17
100
AcDbEntity
  8
11-TEXTO-ROTULO
100
AcDbText
 10
1055.5
 20
29.5
 30
0.0
 40
2.5
  1
ISO E
  7
ISO3098
 72
2
 11
1055.5
 21
29.5
 31
0.0
100
AcDbText
 73
2
  0
LWPOLYLINE
  5
128
330
17
100
AcDbEntity
  8
10-ROTULO
100
AcDbPolyline
 90
4
 70
1
 10
1004.0
 20
10.0
 10
1037.0
 20
10.0
 10
1037.0
 20
24.0
 10
1004.0
 20
24.0
  0
TEXT
  5
129
330
17
100
AcDbEntity
  8
11-TEXTO-ROTULO
100
AcDbText
 10
1005.0
 20
23.0
 30
0.0
 40
1.8
  1
Unidades
  7
ISO3098
 11
1005.0
 21
23.0
 31
0.0
100
AcDbText
 73
3
  0
TEXT
  5
12A
330
17
100
AcDbEntity
  8
11-TEXTO-ROTULO
100
AcDbText
 10
1020.5
 20
15.6
 30
0.0
 40
3.5
  1
Cotas en m
  7
ISO3098
 72
1
 11
1020.5
 21
15.6
 31
0.0
100
AcDbText
 73
2
  0
LWPOLYLINE
  5
12B
330
17
100
AcDbEntity
  8
10-ROTULO
100
AcDbPolyline
 90
4
 70
1
 10
1037.0
 20
10.0
 10
1059.0
 20
10.0
 10
1059.0
 20
24.0
 10
1037.0
 20
24.0
  0
TEXT
  5
12C
330
17
100
AcDbEntity
  8
11-TEXTO-ROTULO
100
AcDbText
 10
1038.0
 20
23.0
 30
0.0
 40
1.8
  1
Formato
  7
ISO3098
 11
1038.0
 21
23.0
 31
0.0
100
AcDbText
 73
3
  0
TEXT
  5
12D
330
17
100
AcDbEntity
  8
11-TEXTO-ROTULO
100
AcDbText
 10
1048.0
 20
15.6
 30
0.0
 40
3.5
  1
A0
  7
ISO3098
 72
1
 11
1048.0
 21
15.6
 31
0.0
100
AcDbText
 73
2
  0
LWPOLYLINE
  5
12E
330
17
100
AcDbEntity
  8
10-ROTULO
100
AcDbPolyline
 90
4
 70
1
 10
1059.0
 20
49.0
 10
1129.0
 20
49.0
 10
1129.0
 20
61.0
 10
1059.0
 20
61.0
  0
TEXT
  5
12F
330
17
100
AcDbEntity
  8
11-TEXTO-ROTULO
100
AcDbText
 10
1060.0
 20
60.0
 30
0.0
 40
1.8
  1
Propietario
  7
ISO3098
 11
1060.0
 21
60.0
 31
0.0
100
AcDbText
 73
3
  0
TEXT
  5
130
330
17
100
AcDbEntity
  8
11-TEXTO-ROTULO
100
AcDbText
 10
1094.0
 20
53.6
 30
0.0
 40
5.0
  1
FLAMA S.A.
  7
ISO3098
 72
1
 11
1094.0
 21
53.6
 31
0.0
100
AcDbText
 73
2
  0
LWPOLYLINE
  5
131
330
17
100
AcDbEntity
  8
10-ROTULO
100
AcDbPolyline
 90
4
 70
1
 10
1059.0
 20
22.0
 10
1129.0
 20
22.0
 10
1129.0
 20
49.0
 10
1059.0
 20
49.0
  0
TEXT
  5
132
330
17
100
AcDbEntity
  8
11-TEXTO-ROTULO
100
AcDbText
 10
1060.0
 20
48.0
 30
0.0
 40
1.8
  1
Denominación
  7
ISO3098
 11
1060.0
 21
48.0
 31
0.0
100
AcDbText
 73
3
  0
TEXT
  5
133
330
17
100
AcDbEntity
  8
11-TEXTO-ROTULO
100
AcDbText
 10
1094.0
 20
35.0
 30
0.0
 40
3.5
  1
DIR hilos de personal
  7
ISO3098
 72
1
 11
1094.0
 21
35.0
 31
0.0
100
AcDbText
 73
2
  0
TEXT
  5
134
330
17
100
AcDbEntity
  8
11-TEXTO-ROTULO
100
AcDbText
 10
1094.0
 20
25.5
 30
0.0
 40
1.8
  1
Recorridos del personal - año 10
  7
ISO3098
 72
1
 11
1094.0
 21
25.5
 31
0.0
100
AcDbText
 73
2
  0
LWPOLYLINE
  5
135
330
17
100
AcDbEntity
  8
10-ROTULO
100
AcDbPolyline
 90
4
 70
1
 10
1059.0
 20
10.0
 10
1129.0
 20
10.0
 10
1129.0
 20
22.0
 10
1059.0
 20
22.0
  0
TEXT
  5
136
330
17
100
AcDbEntity
  8
11-TEXTO-ROTULO
100
AcDbText
 10
1060.0
 20
21.0
 30
0.0
 40
1.8
  1
Tipo de documento
  7
ISO3098
 11
1060.0
 21
21.0
 31
0.0
100
AcDbText
 73
3
  0
TEXT
  5
137
330
17
100
AcDbEntity
  8
11-TEXTO-ROTULO
100
AcDbText
 10
1094.0
 20
14.6
 30
0.0
 40
3.5
  1
Diagrama de recorrido
  7
ISO3098
 72
1
 11
1094.0
 21
14.6
 31
0.0
100
AcDbText
 73
2
  0
LWPOLYLINE
  5
138
330
17
100
AcDbEntity
  8
10-ROTULO
100
AcDbPolyline
 90
4
 70
1
 10
1129.0
 20
53.0
 10
1179.0
 20
53.0
 10
1179.0
 20
61.0
 10
1129.0
 20
61.0
  0
TEXT
  5
139
330
17
100
AcDbEntity
  8
11-TEXTO-ROTULO
100
AcDbText
 10
1130.0
 20
60.0
 30
0.0
 40
1.8
  1
Reemplaza a / Reemplazado por
  7
ISO3098
 11
1130.0
 21
60.0
 31
0.0
100
AcDbText
 73
3
  0
TEXT
  5
13A
330
17
100
AcDbEntity
  8
11-TEXTO-ROTULO
100
AcDbText
 10
1154.0
 20
55.6
 30
0.0
 40
1.8
  1
-
  7
ISO3098
 72
1
 11
1154.0
 21
55.6
 31
0.0
100
AcDbText
 73
2
  0
LWPOLYLINE
  5
13B
330
17
100
AcDbEntity
  8
10-ROTULO
100
AcDbPolyline
 90
4
 70
1
 10
1129.0
 20
43.0
 10
1179.0
 20
43.0
 10
1179.0
 20
53.0
 10
1129.0
 20
53.0
  0
TEXT
  5
13C
330
17
100
AcDbEntity
  8
11-TEXTO-ROTULO
100
AcDbText
 10
1130.0
 20
52.0
 30
0.0
 40
1.8
  1
Material
  7
ISO3098
 11
1130.0
 21
52.0
 31
0.0
100
AcDbText
 73
3
  0
TEXT
  5
13D
330
17
100
AcDbEntity
  8
11-TEXTO-ROTULO
100
AcDbText
 10
1154.0
 20
46.6
 30
0.0
 40
2.5
  1
-
  7
ISO3098
 72
1
 11
1154.0
 21
46.6
 31
0.0
100
AcDbText
 73
2
  0
LWPOLYLINE
  5
13E
330
17
100
AcDbEntity
  8
10-ROTULO
100
AcDbPolyline
 90
4
 70
1
 10
1129.0
 20
33.0
 10
1151.0
 20
33.0
 10
1151.0
 20
43.0
 10
1129.0
 20
43.0
  0
TEXT
  5
13F
330
17
100
AcDbEntity
  8
11-TEXTO-ROTULO
100
AcDbText
 10
1130.0
 20
42.0
 30
0.0
 40
1.8
  1
Edición
  7
ISO3098
 11
1130.0
 21
42.0
 31
0.0
100
AcDbText
 73
3
  0
TEXT
  5
140
330
17
100
AcDbEntity
  8
11-TEXTO-ROTULO
100
AcDbText
 10
1140.0
 20
36.6
 30
0.0
 40
3.5
  1
0
  7
ISO3098
 72
1
 11
1140.0
 21
36.6
 31
0.0
100
AcDbText
 73
2
  0
LWPOLYLINE
  5
141
330
17
100
AcDbEntity
  8
10-ROTULO
100
AcDbPolyline
 90
4
 70
1
 10
1151.0
 20
33.0
 10
1179.0
 20
33.0
 10
1179.0
 20
43.0
 10
1151.0
 20
43.0
  0
TEXT
  5
142
330
17
100
AcDbEntity
  8
11-TEXTO-ROTULO
100
AcDbText
 10
1152.0
 20
42.0
 30
0.0
 40
1.8
  1
Fecha de emisión
  7
ISO3098
 11
1152.0
 21
42.0
 31
0.0
100
AcDbText
 73
3
  0
TEXT
  5
143
330
17
100
AcDbEntity
  8
11-TEXTO-ROTULO
100
AcDbText
 10
1165.0
 20
36.6
 30
0.0
 40
2.5
  1
30/09/2026
  7
ISO3098
 72
1
 11
1165.0
 21
36.6
 31
0.0
100
AcDbText
 73
2
  0
LWPOLYLINE
  5
144
330
17
100
AcDbEntity
  8
10-ROTULO
100
AcDbPolyline
 90
4
 70
1
 10
1129.0
 20
23.0
 10
1151.0
 20
23.0
 10
1151.0
 20
33.0
 10
1129.0
 20
33.0
  0
TEXT
  5
145
330
17
100
AcDbEntity
  8
11-TEXTO-ROTULO
100
AcDbText
 10
1130.0
 20
32.0
 30
0.0
 40
1.8
  1
Hoja
  7
ISO3098
 11
1130.0
 21
32.0
 31
0.0
100
AcDbText
 73
3
  0
TEXT
  5
146
330
17
100
AcDbEntity
  8
11-TEXTO-ROTULO
100
AcDbText
 10
1140.0
 20
26.6
 30
0.0
 40
3.5
  1
1 / 1
  7
ISO3098
 72
1
 11
1140.0
 21
26.6
 31
0.0
100
AcDbText
 73
2
  0
LWPOLYLINE
  5
147
330
17
100
AcDbEntity
  8
10-ROTULO
100
AcDbPolyline
 90
4
 70
1
 10
1151.0
 20
23.0
 10
1179.0
 20
23.0
 10
1179.0
 20
33.0
 10
1151.0
 20
33.0
  0
TEXT
  5
148
330
17
100
AcDbEntity
  8
11-TEXTO-ROTULO
100
AcDbText
 10
1152.0
 20
32.0
 30
0.0
 40
1.8
  1
Idioma
  7
ISO3098
 11
1152.0
 21
32.0
 31
0.0
100
AcDbText
 73
3
  0
TEXT
  5
149
330
17
100
AcDbEntity
  8
11-TEXTO-ROTULO
100
AcDbText
 10
1165.0
 20
26.6
 30
0.0
 40
3.5
  1
es
  7
ISO3098
 72
1
 11
1165.0
 21
26.6
 31
0.0
100
AcDbText
 73
2
  0
LWPOLYLINE
  5
14A
330
17
100
AcDbEntity
  8
10-ROTULO
100
AcDbPolyline
 90
4
 70
1
 10
1129.0
 20
10.0
 10
1179.0
 20
10.0
 10
1179.0
 20
23.0
 10
1129.0
 20
23.0
  0
TEXT
  5
14B
330
17
100
AcDbEntity
  8
11-TEXTO-ROTULO
100
AcDbText
 10
1130.0
 20
22.0
 30
0.0
 40
1.8
  1
N° de plano
  7
ISO3098
 11
1130.0
 21
22.0
 31
0.0
100
AcDbText
 73
3
  0
TEXT
  5
14C
330
17
100
AcDbEntity
  8
11-TEXTO-ROTULO
100
AcDbText
 10
1154.0
 20
15.1
 30
0.0
 40
5.0
  1
FL_PI_01
  7
ISO3098
 72
1
 11
1154.0
 21
15.1
 31
0.0
100
AcDbText
 73
2
  0
LWPOLYLINE
  5
14D
330
17
100
AcDbEntity
  8
07-RECUADRO
100
AcDbPolyline
 90
4
 70
1
 10
1004.0
 20
10.0
 10
1179.0
 20
10.0
 10
1179.0
 20
61.0
 10
1004.0
 20
61.0
  0
TEXT
  5
14E
330
17
100
AcDbEntity
  8
A-TEXTO
100
AcDbText
 10
33.0
 20
823.0
 30
0.0
 40
7.0
  1
FL_PI_01 - DIAGRAMA DE RECORRIDO DE HILOS DEL PERSONAL (DIR)
  7
ISO3098
 11
33.0
 21
823.0
 31
0.0
100
AcDbText
 73
3
  0
TEXT
  5
14F
330
17
100
AcDbEntity
  8
A-TEXTO
100
AcDbText
 10
33.0
 20
813.0
 30
0.0
 40
3.5
  1
Planta industrial FLAMA S.A. - Parque Industrial Villa de Luján, Sarandí (Avellaneda) - dimensionada al año 10 (2035). Escala 1:200. Norte arriba; la calle de acceso está al sur.
  7
ISO3098
 11
33.0
 21
813.0
 31
0.0
100
AcDbText
 73
3
  0
LWPOLYLINE
  5
150
330
17
100
AcDbEntity
  8
A-EXTERIOR
370
70
100
AcDbPolyline
 90
4
 70
1
 10
35.0
 20
172.0
 10
885.0
 20
172.0
 10
885.0
 20
797.0
 10
35.0
 20
797.0
  0
LINE
  5
151
330
17
100
AcDbEntity
  8
A-EXTERIOR
100
AcDbLine
 10
25.0
 20
157.0
 30
0.0
 11
895.0
 21
157.0
 31
0.0
  0
TEXT
  5
152
330
17
100
AcDbEntity
  8
A-TEXTO
100
AcDbText
 10
460.0
 20
164.5
 30
0.0
 40
2.0
  1
VEREDA
  7
ISO3098
 72
1
 11
460.0
 21
164.5
 31
0.0
100
AcDbText
 73
2
  0
TEXT
  5
153
330
17
100
AcDbEntity
  8
A-TEXTO
100
AcDbText
 10
310.0
 20
153.0
 30
0.0
 40
2.2
  1
CALLE (acceso) - Gral. Heredia, Parque Industrial Villa de Luján
  7
ISO3098
 72
1
 11
310.0
 21
153.0
 31
0.0
100
AcDbText
 73
3
  0
LINE
  5
154
330
17
100
AcDbEntity
  8
A-SECTOR
100
AcDbLine
 10
35.0
 20
222.0
 30
0.0
 11
885.0
 21
222.0
 31
0.0
  0
TEXT
  5
155
330
17
100
AcDbEntity
  8
A-TEXTO
100
AcDbText
 10
275.0
 20
197.0
 30
0.0
 40
1.8
  1
Retiro de frente parquizado 10 m (verificar con el reglamento del parque)
  7
ISO3098
 72
1
 11
275.0
 21
197.0
 31
0.0
100
AcDbText
 73
2
  0
LWPOLYLINE
  5
156
330
17
100
AcDbEntity
  8
A-EXTERIOR
100
AcDbPolyline
 90
4
 70
1
 10
55.0
 20
172.0
 10
90.0
 20
172.0
 10
90.0
 20
792.0
 10
55.0
 20
792.0
  0
LWPOLYLINE
  5
157
330
17
100
AcDbEntity
  8
A-EXTERIOR
100
AcDbPolyline
 90
4
 70
1
 10
55.0
 20
757.0
 10
855.0
 20
757.0
 10
855.0
 20
792.0
 10
55.0
 20
792.0
  0
LWPOLYLINE
  5
158
330
17
100
AcDbEntity
  8
A-EXTERIOR
100
AcDbPolyline
 90
4
 70
1
 10
820.0
 20
172.0
 10
855.0
 20
172.0
 10
855.0
 20
792.0
 10
820.0
 20
792.0
  0
TEXT
  5
159
330
17
100
AcDbEntity
  8
A-TEXTO
100
AcDbText
 10
455.0
 20
774.5
 30
0.0
 40
2.0
  1
Calle interna de camiones 7 m (sentido: entra por G1, sale por G3)
  7
ISO3098
 72
1
 11
455.0
 21
774.5
 31
0.0
100
AcDbText
 73
2
  0
LINE
  5
15A
330
17
100
AcDbEntity
  8
A-ABERTURA
100
AcDbLine
 10
55.0
 20
172.0
 30
0.0
 11
90.0
 21
172.0
 31
0.0
  0
LINE
  5
15B
330
17
100
AcDbEntity
  8
A-ABERTURA
100
AcDbLine
 10
55.0
 20
174.0
 30
0.0
 11
90.0
 21
174.0
 31
0.0
  0
TEXT
  5
15C
330
17
100
AcDbEntity
  8
A-TEXTO
100
AcDbText
 10
72.5
 20
180.0
 30
0.0
 40
2.0
  1
G1
  7
ISO3098
 72
1
 11
72.5
 21
180.0
 31
0.0
100
AcDbText
 73
2
  0
LINE
  5
15D
330
17
100
AcDbEntity
  8
A-ABERTURA
100
AcDbLine
 10
125.0
 20
172.0
 30
0.0
 11
155.0
 21
172.0
 31
0.0
  0
LINE
  5
15E
330
17
100
AcDbEntity
  8
A-ABERTURA
100
AcDbLine
 10
125.0
 20
174.0
 30
0.0
 11
155.0
 21
174.0
 31
0.0
  0
TEXT
  5
15F
330
17
100
AcDbEntity
  8
A-TEXTO
100
AcDbText
 10
140.0
 20
180.0
 30
0.0
 40
2.0
  1
G2
  7
ISO3098
 72
1
 11
140.0
 21
180.0
 31
0.0
100
AcDbText
 73
2
  0
LINE
  5
160
330
17
100
AcDbEntity
  8
A-ABERTURA
100
AcDbLine
 10
260.0
 20
172.0
 30
0.0
 11
275.0
 21
172.0
 31
0.0
  0
LINE
  5
161
330
17
100
AcDbEntity
  8
A-ABERTURA
100
AcDbLine
 10
260.0
 20
174.0
 30
0.0
 11
275.0
 21
174.0
 31
0.0
  0
TEXT
  5
162
330
17
100
AcDbEntity
  8
A-TEXTO
100
AcDbText
 10
267.5
 20
180.0
 30
0.0
 40
2.0
  1
G4
  7
ISO3098
 72
1
 11
267.5
 21
180.0
 31
0.0
100
AcDbText
 73
2
  0
LINE
  5
163
330
17
100
AcDbEntity
  8
A-ABERTURA
100
AcDbLine
 10
820.0
 20
172.0
 30
0.0
 11
855.0
 21
172.0
 31
0.0
  0
LINE
  5
164
330
17
100
AcDbEntity
  8
A-ABERTURA
100
AcDbLine
 10
820.0
 20
174.0
 30
0.0
 11
855.0
 21
174.0
 31
0.0
  0
TEXT
  5
165
330
17
100
AcDbEntity
  8
A-TEXTO
100
AcDbText
 10
837.5
 20
180.0
 30
0.0
 40
2.0
  1
G3
  7
ISO3098
 72
1
 11
837.5
 21
180.0
 31
0.0
100
AcDbText
 73
2
  0
LWPOLYLINE
  5
166
330
17
100
AcDbEntity
  8
A-EXTERIOR
100
AcDbPolyline
 90
4
 70
1
 10
205.0
 20
654.0
 10
302.0
 20
654.0
 10
302.0
 20
715.0
 10
205.0
 20
715.0
  0
TEXT
  5
167
330
17
100
AcDbEntity
  8
A-TEXTO
100
AcDbText
 10
207.5
 20
712.5
 30
0.0
 40
1.6
  1
PL-N
  7
ISO3098
 11
207.5
 21
712.5
 31
0.0
100
AcDbText
 73
3
  0
LWPOLYLINE
  5
168
330
17
100
AcDbEntity
  8
A-EXTERIOR
100
AcDbPolyline
 90
4
 70
1
 10
110.0
 20
538.0
 10
140.0
 20
538.0
 10
140.0
 20
568.0
 10
110.0
 20
568.0
  0
TEXT
  5
169
330
17
100
AcDbEntity
  8
A-TEXTO
100
AcDbText
 10
112.5
 20
565.5
 30
0.0
 40
1.6
  1
VQ-O
  7
ISO3098
 11
112.5
 21
565.5
 31
0.0
100
AcDbText
 73
3
  0
LWPOLYLINE
  5
16A
330
17
100
AcDbEntity
  8
A-EXTERIOR
100
AcDbPolyline
 90
4
 70
1
 10
304.0
 20
659.0
 10
334.0
 20
659.0
 10
334.0
 20
689.0
 10
304.0
 20
689.0
  0
TEXT
  5
16B
330
17
100
AcDbEntity
  8
A-TEXTO
100
AcDbText
 10
306.5
 20
686.5
 30
0.0
 40
1.6
  1
VQ-N
  7
ISO3098
 11
306.5
 21
686.5
 31
0.0
100
AcDbText
 73
3
  0
LWPOLYLINE
  5
16C
330
17
100
AcDbEntity
  8
A-EXTERIOR
100
AcDbPolyline
 90
4
 70
1
 10
345.0
 20
655.0
 10
395.0
 20
655.0
 10
395.0
 20
680.0
 10
345.0
 20
680.0
  0
TEXT
  5
16D
330
17
100
AcDbEntity
  8
A-TEXTO
100
AcDbText
 10
347.5
 20
677.5
 30
0.0
 40
1.6
  1
JG-S
  7
ISO3098
 11
347.5
 21
677.5
 31
0.0
100
AcDbText
 73
3
  0
LWPOLYLINE
  5
16E
330
17
100
AcDbEntity
  8
A-EXTERIOR
100
AcDbPolyline
 90
4
 70
1
 10
555.0
 20
654.0
 10
570.0
 20
654.0
 10
570.0
 20
664.0
 10
555.0
 20
664.0
  0
TEXT
  5
16F
330
17
100
AcDbEntity
  8
A-TEXTO
100
AcDbText
 10
557.5
 20
661.5
 30
0.0
 40
1.6
  1
ERM
  7
ISO3098
 11
557.5
 21
661.5
 31
0.0
100
AcDbText
 73
3
  0
LWPOLYLINE
  5
170
330
17
100
AcDbEntity
  8
A-EXTERIOR
100
AcDbPolyline
 90
4
 70
1
 10
675.0
 20
655.0
 10
715.0
 20
655.0
 10
715.0
 20
680.0
 10
675.0
 20
680.0
  0
TEXT
  5
171
330
17
100
AcDbEntity
  8
A-TEXTO
100
AcDbText
 10
677.5
 20
677.5
 30
0.0
 40
1.6
  1
JG-N
  7
ISO3098
 11
677.5
 21
677.5
 31
0.0
100
AcDbText
 73
3
  0
LWPOLYLINE
  5
172
330
17
100
AcDbEntity
  8
A-EXTERIOR
100
AcDbPolyline
 90
4
 70
1
 10
745.0
 20
672.0
 10
805.0
 20
672.0
 10
805.0
 20
722.0
 10
745.0
 20
722.0
  0
TEXT
  5
173
330
17
100
AcDbEntity
  8
A-TEXTO
100
AcDbText
 10
747.5
 20
719.5
 30
0.0
 40
1.6
  1
RI
  7
ISO3098
 11
747.5
 21
719.5
 31
0.0
100
AcDbText
 73
3
  0
HATCH
  5
174
330
17
100
AcDbEntity
  8
A-EXTERIOR
 62
7
100
AcDbHatch
 10
0.0
 20
0.0
 30
0.0
210
0.0
220
0.0
230
1.0
  2
ANSI31
 70
0
 71
0
 91
1
 92
3
 72
0
 73
1
 93
4
 10
335.0
 20
715.0
 10
735.0
 20
715.0
 10
735.0
 20
752.0
 10
335.0
 20
752.0
 97
0
 75
1
 76
1
 52
45.0
 41
1.8897637795275593
 77
0
 78
1
 53
90.0
 43
0.0
 44
0.0
 45
-6.0000000001
 46
0.0
 79
0
 98
0
  0
LWPOLYLINE
  5
175
330
17
100
AcDbEntity
  8
A-EXTERIOR
100
AcDbPolyline
 90
4
 70
1
 10
335.0
 20
715.0
 10
735.0
 20
715.0
 10
735.0
 20
752.0
 10
335.0
 20
752.0
  0
TEXT
  5
176
330
17
100
AcDbEntity
  8
A-TEXTO
100
AcDbText
 10
337.5
 20
749.5
 30
0.0
 40
1.6
  1
AMP
  7
ISO3098
 11
337.5
 21
749.5
 31
0.0
100
AcDbText
 73
3
  0
LWPOLYLINE
  5
177
330
17
100
AcDbEntity
  8
A-EXTERIOR
100
AcDbPolyline
 90
4
 70
1
 10
470.0
 20
327.0
 10
530.0
 20
327.0
 10
530.0
 20
367.0
 10
470.0
 20
367.0
  0
TEXT
  5
178
330
17
100
AcDbEntity
  8
A-TEXTO
100
AcDbText
 10
472.5
 20
364.5
 30
0.0
 40
1.6
  1
PTE
  7
ISO3098
 11
472.5
 21
364.5
 31
0.0
100
AcDbText
 73
3
  0
LWPOLYLINE
  5
179
330
17
100
AcDbEntity
  8
A-EXTERIOR
100
AcDbPolyline
 90
4
 70
1
 10
105.0
 20
262.0
 10
435.0
 20
262.0
 10
435.0
 20
372.0
 10
105.0
 20
372.0
  0
TEXT
  5
17A
330
17
100
AcDbEntity
  8
A-TEXTO
100
AcDbText
 10
107.5
 20
369.5
 30
0.0
 40
1.6
  1
EST
  7
ISO3098
 11
107.5
 21
369.5
 31
0.0
100
AcDbText
 73
3
  0
LWPOLYLINE
  5
17B
330
17
100
AcDbEntity
  8
A-EXTERIOR
100
AcDbPolyline
 90
4
 70
1
 10
655.0
 20
374.5
 10
785.0
 20
374.5
 10
785.0
 20
407.0
 10
655.0
 20
407.0
  0
TEXT
  5
17C
330
17
100
AcDbEntity
  8
A-TEXTO
100
AcDbText
 10
657.5
 20
404.5
 30
0.0
 40
1.6
  1
EU
  7
ISO3098
 11
657.5
 21
404.5
 31
0.0
100
AcDbText
 73
3
  0
LWPOLYLINE
  5
17D
330
17
100
AcDbEntity
  8
A-EXTERIOR
100
AcDbPolyline
 90
4
 70
1
 10
235.0
 20
197.0
 10
255.0
 20
197.0
 10
255.0
 20
217.0
 10
235.0
 20
217.0
  0
TEXT
  5
17E
330
17
100
AcDbEntity
  8
A-TEXTO
100
AcDbText
 10
237.5
 20
214.5
 30
0.0
 40
1.6
  1
GAR
  7
ISO3098
 11
237.5
 21
214.5
 31
0.0
100
AcDbText
 73
3
  0
LWPOLYLINE
  5
17F
330
17
100
AcDbEntity
  8
A-EXTERIOR
100
AcDbPolyline
 90
4
 70
1
 10
35.0
 20
182.0
 10
65.0
 20
182.0
 10
65.0
 20
202.0
 10
35.0
 20
202.0
  0
TEXT
  5
180
330
17
100
AcDbEntity
  8
A-TEXTO
100
AcDbText
 10
37.5
 20
199.5
 30
0.0
 40
1.6
  1
MT
  7
ISO3098
 11
37.5
 21
199.5
 31
0.0
100
AcDbText
 73
3
  0
LWPOLYLINE
  5
181
330
17
100
AcDbEntity
  8
A-EXTERIOR
100
AcDbPolyline
 90
4
 70
1
 10
865.0
 20
182.0
 10
885.0
 20
182.0
 10
885.0
 20
197.0
 10
865.0
 20
197.0
  0
TEXT
  5
182
330
17
100
AcDbEntity
  8
A-TEXTO
100
AcDbText
 10
867.5
 20
194.5
 30
0.0
 40
1.6
  1
ERP
  7
ISO3098
 11
867.5
 21
194.5
 31
0.0
100
AcDbText
 73
3
  0
LINE
  5
183
330
17
100
AcDbEntity
  8
A-EXTERIOR
100
AcDbLine
 10
115.0
 20
342.0
 30
0.0
 11
115.0
 21
367.0
 31
0.0
  0
LINE
  5
184
330
17
100
AcDbEntity
  8
A-EXTERIOR
100
AcDbLine
 10
127.5
 20
342.0
 30
0.0
 11
127.5
 21
367.0
 31
0.0
  0
LINE
  5
185
330
17
100
AcDbEntity
  8
A-EXTERIOR
100
AcDbLine
 10
140.0
 20
342.0
 30
0.0
 11
140.0
 21
367.0
 31
0.0
  0
LINE
  5
186
330
17
100
AcDbEntity
  8
A-EXTERIOR
100
AcDbLine
 10
152.5
 20
342.0
 30
0.0
 11
152.5
 21
367.0
 31
0.0
  0
LINE
  5
187
330
17
100
AcDbEntity
  8
A-EXTERIOR
100
AcDbLine
 10
165.0
 20
342.0
 30
0.0
 11
165.0
 21
367.0
 31
0.0
  0
LINE
  5
188
330
17
100
AcDbEntity
  8
A-EXTERIOR
100
AcDbLine
 10
177.5
 20
342.0
 30
0.0
 11
177.5
 21
367.0
 31
0.0
  0
LINE
  5
189
330
17
100
AcDbEntity
  8
A-EXTERIOR
100
AcDbLine
 10
190.0
 20
342.0
 30
0.0
 11
190.0
 21
367.0
 31
0.0
  0
LINE
  5
18A
330
17
100
AcDbEntity
  8
A-EXTERIOR
100
AcDbLine
 10
202.5
 20
342.0
 30
0.0
 11
202.5
 21
367.0
 31
0.0
  0
LINE
  5
18B
330
17
100
AcDbEntity
  8
A-EXTERIOR
100
AcDbLine
 10
215.0
 20
342.0
 30
0.0
 11
215.0
 21
367.0
 31
0.0
  0
LINE
  5
18C
330
17
100
AcDbEntity
  8
A-EXTERIOR
100
AcDbLine
 10
227.5
 20
342.0
 30
0.0
 11
227.5
 21
367.0
 31
0.0
  0
LINE
  5
18D
330
17
100
AcDbEntity
  8
A-EXTERIOR
100
AcDbLine
 10
240.0
 20
342.0
 30
0.0
 11
240.0
 21
367.0
 31
0.0
  0
LINE
  5
18E
330
17
100
AcDbEntity
  8
A-EXTERIOR
100
AcDbLine
 10
252.5
 20
342.0
 30
0.0
 11
252.5
 21
367.0
 31
0.0
  0
LINE
  5
18F
330
17
100
AcDbEntity
  8
A-EXTERIOR
100
AcDbLine
 10
265.0
 20
342.0
 30
0.0
 11
265.0
 21
367.0
 31
0.0
  0
LINE
  5
190
330
17
100
AcDbEntity
  8
A-EXTERIOR
100
AcDbLine
 10
277.5
 20
342.0
 30
0.0
 11
277.5
 21
367.0
 31
0.0
  0
LINE
  5
191
330
17
100
AcDbEntity
  8
A-EXTERIOR
100
AcDbLine
 10
290.0
 20
342.0
 30
0.0
 11
290.0
 21
367.0
 31
0.0
  0
LINE
  5
192
330
17
100
AcDbEntity
  8
A-EXTERIOR
100
AcDbLine
 10
302.5
 20
342.0
 30
0.0
 11
302.5
 21
367.0
 31
0.0
  0
LINE
  5
193
330
17
100
AcDbEntity
  8
A-EXTERIOR
100
AcDbLine
 10
315.0
 20
342.0
 30
0.0
 11
315.0
 21
367.0
 31
0.0
  0
LINE
  5
194
330
17
100
AcDbEntity
  8
A-EXTERIOR
100
AcDbLine
 10
327.5
 20
342.0
 30
0.0
 11
327.5
 21
367.0
 31
0.0
  0
LINE
  5
195
330
17
100
AcDbEntity
  8
A-EXTERIOR
100
AcDbLine
 10
340.0
 20
342.0
 30
0.0
 11
340.0
 21
367.0
 31
0.0
  0
LINE
  5
196
330
17
100
AcDbEntity
  8
A-EXTERIOR
100
AcDbLine
 10
352.5
 20
342.0
 30
0.0
 11
352.5
 21
367.0
 31
0.0
  0
LINE
  5
197
330
17
100
AcDbEntity
  8
A-EXTERIOR
100
AcDbLine
 10
365.0
 20
342.0
 30
0.0
 11
365.0
 21
367.0
 31
0.0
  0
LINE
  5
198
330
17
100
AcDbEntity
  8
A-EXTERIOR
100
AcDbLine
 10
377.5
 20
342.0
 30
0.0
 11
377.5
 21
367.0
 31
0.0
  0
LINE
  5
199
330
17
100
AcDbEntity
  8
A-EXTERIOR
100
AcDbLine
 10
390.0
 20
342.0
 30
0.0
 11
390.0
 21
367.0
 31
0.0
  0
LINE
  5
19A
330
17
100
AcDbEntity
  8
A-EXTERIOR
100
AcDbLine
 10
402.5
 20
342.0
 30
0.0
 11
402.5
 21
367.0
 31
0.0
  0
LINE
  5
19B
330
17
100
AcDbEntity
  8
A-EXTERIOR
100
AcDbLine
 10
415.0
 20
342.0
 30
0.0
 11
415.0
 21
367.0
 31
0.0
  0
LINE
  5
19C
330
17
100
AcDbEntity
  8
A-EXTERIOR
100
AcDbLine
 10
115.0
 20
342.0
 30
0.0
 11
415.0
 21
342.0
 31
0.0
  0
LINE
  5
19D
330
17
100
AcDbEntity
  8
A-EXTERIOR
100
AcDbLine
 10
115.0
 20
287.0
 30
0.0
 11
115.0
 21
312.0
 31
0.0
  0
LINE
  5
19E
330
17
100
AcDbEntity
  8
A-EXTERIOR
100
AcDbLine
 10
127.5
 20
287.0
 30
0.0
 11
127.5
 21
312.0
 31
0.0
  0
LINE
  5
19F
330
17
100
AcDbEntity
  8
A-EXTERIOR
100
AcDbLine
 10
140.0
 20
287.0
 30
0.0
 11
140.0
 21
312.0
 31
0.0
  0
LINE
  5
1A0
330
17
100
AcDbEntity
  8
A-EXTERIOR
100
AcDbLine
 10
152.5
 20
287.0
 30
0.0
 11
152.5
 21
312.0
 31
0.0
  0
LINE
  5
1A1
330
17
100
AcDbEntity
  8
A-EXTERIOR
100
AcDbLine
 10
165.0
 20
287.0
 30
0.0
 11
165.0
 21
312.0
 31
0.0
  0
LINE
  5
1A2
330
17
100
AcDbEntity
  8
A-EXTERIOR
100
AcDbLine
 10
177.5
 20
287.0
 30
0.0
 11
177.5
 21
312.0
 31
0.0
  0
LINE
  5
1A3
330
17
100
AcDbEntity
  8
A-EXTERIOR
100
AcDbLine
 10
190.0
 20
287.0
 30
0.0
 11
190.0
 21
312.0
 31
0.0
  0
LINE
  5
1A4
330
17
100
AcDbEntity
  8
A-EXTERIOR
100
AcDbLine
 10
202.5
 20
287.0
 30
0.0
 11
202.5
 21
312.0
 31
0.0
  0
LINE
  5
1A5
330
17
100
AcDbEntity
  8
A-EXTERIOR
100
AcDbLine
 10
215.0
 20
287.0
 30
0.0
 11
215.0
 21
312.0
 31
0.0
  0
LINE
  5
1A6
330
17
100
AcDbEntity
  8
A-EXTERIOR
100
AcDbLine
 10
227.5
 20
287.0
 30
0.0
 11
227.5
 21
312.0
 31
0.0
  0
LINE
  5
1A7
330
17
100
AcDbEntity
  8
A-EXTERIOR
100
AcDbLine
 10
240.0
 20
287.0
 30
0.0
 11
240.0
 21
312.0
 31
0.0
  0
LINE
  5
1A8
330
17
100
AcDbEntity
  8
A-EXTERIOR
100
AcDbLine
 10
252.5
 20
287.0
 30
0.0
 11
252.5
 21
312.0
 31
0.0
  0
LINE
  5
1A9
330
17
100
AcDbEntity
  8
A-EXTERIOR
100
AcDbLine
 10
265.0
 20
287.0
 30
0.0
 11
265.0
 21
312.0
 31
0.0
  0
LINE
  5
1AA
330
17
100
AcDbEntity
  8
A-EXTERIOR
100
AcDbLine
 10
277.5
 20
287.0
 30
0.0
 11
277.5
 21
312.0
 31
0.0
  0
LINE
  5
1AB
330
17
100
AcDbEntity
  8
A-EXTERIOR
100
AcDbLine
 10
290.0
 20
287.0
 30
0.0
 11
290.0
 21
312.0
 31
0.0
  0
LINE
  5
1AC
330
17
100
AcDbEntity
  8
A-EXTERIOR
100
AcDbLine
 10
302.5
 20
287.0
 30
0.0
 11
302.5
 21
312.0
 31
0.0
  0
LINE
  5
1AD
330
17
100
AcDbEntity
  8
A-EXTERIOR
100
AcDbLine
 10
315.0
 20
287.0
 30
0.0
 11
315.0
 21
312.0
 31
0.0
  0
LINE
  5
1AE
330
17
100
AcDbEntity
  8
A-EXTERIOR
100
AcDbLine
 10
327.5
 20
287.0
 30
0.0
 11
327.5
 21
312.0
 31
0.0
  0
LINE
  5
1AF
330
17
100
AcDbEntity
  8
A-EXTERIOR
100
AcDbLine
 10
340.0
 20
287.0
 30
0.0
 11
340.0
 21
312.0
 31
0.0
  0
LINE
  5
1B0
330
17
100
AcDbEntity
  8
A-EXTERIOR
100
AcDbLine
 10
352.5
 20
287.0
 30
0.0
 11
352.5
 21
312.0
 31
0.0
  0
LINE
  5
1B1
330
17
100
AcDbEntity
  8
A-EXTERIOR
100
AcDbLine
 10
365.0
 20
287.0
 30
0.0
 11
365.0
 21
312.0
 31
0.0
  0
LINE
  5
1B2
330
17
100
AcDbEntity
  8
A-EXTERIOR
100
AcDbLine
 10
377.5
 20
287.0
 30
0.0
 11
377.5
 21
312.0
 31
0.0
  0
LINE
  5
1B3
330
17
100
AcDbEntity
  8
A-EXTERIOR
100
AcDbLine
 10
390.0
 20
287.0
 30
0.0
 11
390.0
 21
312.0
 31
0.0
  0
LINE
  5
1B4
330
17
100
AcDbEntity
  8
A-EXTERIOR
100
AcDbLine
 10
402.5
 20
287.0
 30
0.0
 11
402.5
 21
312.0
 31
0.0
  0
LINE
  5
1B5
330
17
100
AcDbEntity
  8
A-EXTERIOR
100
AcDbLine
 10
415.0
 20
287.0
 30
0.0
 11
415.0
 21
312.0
 31
0.0
  0
LINE
  5
1B6
330
17
100
AcDbEntity
  8
A-EXTERIOR
100
AcDbLine
 10
115.0
 20
287.0
 30
0.0
 11
415.0
 21
287.0
 31
0.0
  0
LINE
  5
1B7
330
17
100
AcDbEntity
  8
A-EXTERIOR
100
AcDbLine
 10
415.0
 20
342.0
 30
0.0
 11
415.0
 21
367.0
 31
0.0
  0
LINE
  5
1B8
330
17
100
AcDbEntity
  8
A-EXTERIOR
100
AcDbLine
 10
397.5
 20
342.0
 30
0.0
 11
397.5
 21
367.0
 31
0.0
  0
LINE
  5
1B9
330
17
100
AcDbEntity
  8
A-EXTERIOR
100
AcDbLine
 10
380.0
 20
342.0
 30
0.0
 11
380.0
 21
367.0
 31
0.0
  0
TEXT
  5
1BA
330
17
100
AcDbEntity
  8
A-TEXTO
100
AcDbText
 10
397.5
 20
354.5
 30
0.0
 40
1.4
  1
2 accesibles 3,50 m
  7
ISO3098
 72
1
 11
397.5
 21
354.5
 31
0.0
100
AcDbText
 73
2
  0
TEXT
  5
1BB
330
17
100
AcDbEntity
  8
A-TEXTO
100
AcDbText
 10
255.0
 20
327.0
 30
0.0
 40
1.8
  1
40 cocheras 2,50 × 5,00
  7
ISO3098
 72
1
 11
255.0
 21
327.0
 31
0.0
100
AcDbText
 73
2
  0
LWPOLYLINE
  5
1BC
330
17
100
AcDbEntity
  8
A-SECTOR
100
AcDbPolyline
 90
5
 70
0
 10
267.5
 20
172.0
 10
267.5
 20
252.0
 10
340.0
 20
252.0
 10
340.0
 20
397.0
 10
356.0
 20
407.0
  0
CIRCLE
  5
1BD
330
17
100
AcDbEntity
  8
A-TEXTO
100
AcDbCircle
 10
855.0
 20
212.0
 30
0.0
 40
6.0
  0
HATCH
  5
1BE
330
17
100
AcDbEntity
  8
A-TEXTO
 62
7
420
0
100
AcDbHatch
 10
0.0
 20
0.0
 30
0.0
210
0.0
220
0.0
230
1.0
  2
SOLID
 70
1
 71
0
 91
1
 92
3
 72
0
 73
1
 93
3
 10
855.0
 20
218.0
 10
852.9
 20
208.4
 10
855.0
 20
210.2
 97
0
 75
1
 76
1
 98
0
  0
LWPOLYLINE
  5
1BF
330
17
100
AcDbEntity
  8
A-TEXTO
100
AcDbPolyline
 90
3
 70
0
 10
855.0
 20
218.0
 10
857.1
 20
208.4
 10
855.0
 20
210.2
  0
TEXT
  5
1C0
330
17
100
AcDbEntity
  8
A-TEXTO
100
AcDbText
 10
855.0
 20
219.5
 30
0.0
 40
3.5
  1
N
  7
ISO3098
 72
1
 11
855.0
 21
219.5
 31
0.0
100
AcDbText
 73
1
  0
HATCH
  5
1C1
330
17
100
AcDbEntity
  8
A-RELLENO
 62
7
420
13492725
100
AcDbHatch
 10
0.0
 20
0.0
 30
0.0
210
0.0
220
0.0
230
1.0
  2
SOLID
 70
1
 71
0
 91
1
 92
3
 72
0
 73
1
 93
4
 10
156.5
 20
592.0
 10
218.0
 20
592.0
 10
218.0
 20
650.5
 10
156.5
 20
650.5
 97
0
 75
1
 76
1
 98
0
  0
LWPOLYLINE
  5
1C2
330
17
100
AcDbEntity
  8
A-SECTOR
100
AcDbPolyline
 90
4
 70
1
 10
156.5
 20
592.0
 10
218.0
 20
592.0
 10
218.0
 20
650.5
 10
156.5
 20
650.5
  0
HATCH
  5
1C3
330
17
100
AcDbEntity
  8
A-RELLENO
 62
7
420
13492725
100
AcDbHatch
 10
0.0
 20
0.0
 30
0.0
210
0.0
220
0.0
230
1.0
  2
SOLID
 70
1
 71
0
 91
1
 92
3
 72
0
 73
1
 93
4
 10
209.0
 20
541.5
 10
218.0
 20
541.5
 10
218.0
 20
591.0
 10
209.0
 20
591.0
 97
0
 75
1
 76
1
 98
0
  0
LWPOLYLINE
  5
1C4
330
17
100
AcDbEntity
  8
A-SECTOR
100
AcDbPolyline
 90
4
 70
1
 10
209.0
 20
541.5
 10
218.0
 20
541.5
 10
218.0
 20
591.0
 10
209.0
 20
591.0
  0
HATCH
  5
1C5
330
17
100
AcDbEntity
  8
A-RELLENO
 62
7
420
13492725
100
AcDbHatch
 10
0.0
 20
0.0
 30
0.0
210
0.0
220
0.0
230
1.0
  2
SOLID
 70
1
 71
0
 91
1
 92
3
 72
0
 73
1
 93
4
 10
238.0
 20
626.0
 10
287.0
 20
626.0
 10
287.0
 20
633.0
 10
238.0
 20
633.0
 97
0
 75
1
 76
1
 98
0
  0
LWPOLYLINE
  5
1C6
330
17
100
AcDbEntity
  8
A-SECTOR
100
AcDbPolyline
 90
4
 70
1
 10
238.0
 20
626.0
 10
287.0
 20
626.0
 10
287.0
 20
633.0
 10
238.0
 20
633.0
  0
HATCH
  5
1C7
330
17
100
AcDbEntity
  8
A-RELLENO
 62
7
420
13492725
100
AcDbHatch
 10
0.0
 20
0.0
 30
0.0
210
0.0
220
0.0
230
1.0
  2
SOLID
 70
1
 71
0
 91
1
 92
3
 72
0
 73
1
 93
4
 10
237.0
 20
560.0
 10
245.0
 20
560.0
 10
245.0
 20
595.0
 10
237.0
 20
595.0
 97
0
 75
1
 76
1
 98
0
  0
LWPOLYLINE
  5
1C8
330
17
100
AcDbEntity
  8
A-SECTOR
100
AcDbPolyline
 90
4
 70
1
 10
237.0
 20
560.0
 10
245.0
 20
560.0
 10
245.0
 20
595.0
 10
237.0
 20
595.0
  0
HATCH
  5
1C9
330
17
100
AcDbEntity
  8
A-RELLENO
 62
7
420
13492725
100
AcDbHatch
 10
0.0
 20
0.0
 30
0.0
210
0.0
220
0.0
230
1.0
  2
SOLID
 70
1
 71
0
 91
1
 92
3
 72
0
 73
1
 93
4
 10
215.0
 20
513.5
 10
245.0
 20
513.5
 10
245.0
 20
520.5
 10
215.0
 20
520.5
 97
0
 75
1
 76
1
 98
0
  0
LWPOLYLINE
  5
1CA
330
17
100
AcDbEntity
  8
A-SECTOR
100
AcDbPolyline
 90
4
 70
1
 10
215.0
 20
513.5
 10
245.0
 20
513.5
 10
245.0
 20
520.5
 10
215.0
 20
520.5
  0
HATCH
  5
1CB
330
17
100
AcDbEntity
  8
A-RELLENO
 62
7
420
13492725
100
AcDbHatch
 10
0.0
 20
0.0
 30
0.0
210
0.0
220
0.0
230
1.0
  2
SOLID
 70
1
 71
0
 91
1
 92
3
 72
0
 73
1
 93
4
 10
156.5
 20
566.0
 10
208.0
 20
566.0
 10
208.0
 20
591.0
 10
156.5
 20
591.0
 97
0
 75
1
 76
1
 98
0
  0
LWPOLYLINE
  5
1CC
330
17
100
AcDbEntity
  8
A-SECTOR
100
AcDbPolyline
 90
4
 70
1
 10
156.5
 20
566.0
 10
208.0
 20
566.0
 10
208.0
 20
591.0
 10
156.5
 20
591.0
  0
HATCH
  5
1CD
330
17
100
AcDbEntity
  8
A-RELLENO
 62
7
420
15263976
100
AcDbHatch
 10
0.0
 20
0.0
 30
0.0
210
0.0
220
0.0
230
1.0
  2
SOLID
 70
1
 71
0
 91
1
 92
3
 72
0
 73
1
 93
4
 10
156.5
 20
541.5
 10
208.0
 20
541.5
 10
208.0
 20
565.0
 10
156.5
 20
565.0
 97
0
 75
1
 76
1
 98
0
  0
LWPOLYLINE
  5
1CE
330
17
100
AcDbEntity
  8
A-SECTOR
100
AcDbPolyline
 90
4
 70
1
 10
156.5
 20
541.5
 10
208.0
 20
541.5
 10
208.0
 20
565.0
 10
156.5
 20
565.0
  0
HATCH
  5
1CF
330
17
100
AcDbEntity
  8
A-RELLENO
 62
7
420
15263976
100
AcDbHatch
 10
0.0
 20
0.0
 30
0.0
210
0.0
220
0.0
230
1.0
  2
SOLID
 70
1
 71
0
 91
1
 92
3
 72
0
 73
1
 93
4
 10
294.0
 20
629.0
 10
308.5
 20
629.0
 10
308.5
 20
650.5
 10
294.0
 20
650.5
 97
0
 75
1
 76
1
 98
0
  0
LWPOLYLINE
  5
1D0
330
17
100
AcDbEntity
  8
A-SECTOR
100
AcDbPolyline
 90
4
 70
1
 10
294.0
 20
629.0
 10
308.5
 20
629.0
 10
308.5
 20
650.5
 10
294.0
 20
650.5
  0
HATCH
  5
1D1
330
17
100
AcDbEntity
  8
A-RELLENO
 62
7
420
16639176
100
AcDbHatch
 10
0.0
 20
0.0
 30
0.0
210
0.0
220
0.0
230
1.0
  2
SOLID
 70
1
 71
0
 91
1
 92
3
 72
0
 73
1
 93
4
 10
237.0
 20
541.5
 10
308.0
 20
541.5
 10
308.0
 20
559.0
 10
237.0
 20
559.0
 97
0
 75
1
 76
1
 98
0
  0
LWPOLYLINE
  5
1D2
330
17
100
AcDbEntity
  8
A-SECTOR
100
AcDbPolyline
 90
4
 70
1
 10
237.0
 20
541.5
 10
308.0
 20
541.5
 10
308.0
 20
559.0
 10
237.0
 20
559.0
  0
HATCH
  5
1D3
330
17
100
AcDbEntity
  8
A-RELLENO
 62
7
420
16639176
100
AcDbHatch
 10
0.0
 20
0.0
 30
0.0
210
0.0
220
0.0
230
1.0
  2
SOLID
 70
1
 71
0
 91
1
 92
3
 72
0
 73
1
 93
4
 10
247.0
 20
560.0
 10
266.0
 20
560.0
 10
266.0
 20
604.0
 10
247.0
 20
604.0
 97
0
 75
1
 76
1
 98
0
  0
LWPOLYLINE
  5
1D4
330
17
100
AcDbEntity
  8
A-SECTOR
100
AcDbPolyline
 90
4
 70
1
 10
247.0
 20
560.0
 10
266.0
 20
560.0
 10
266.0
 20
604.0
 10
247.0
 20
604.0
  0
HATCH
  5
1D5
330
17
100
AcDbEntity
  8
A-RELLENO
 62
7
420
16639176
100
AcDbHatch
 10
0.0
 20
0.0
 30
0.0
210
0.0
220
0.0
230
1.0
  2
SOLID
 70
1
 71
0
 91
1
 92
3
 72
0
 73
1
 93
4
 10
237.0
 20
609.0
 10
308.0
 20
609.0
 10
308.0
 20
625.0
 10
237.0
 20
625.0
 97
0
 75
1
 76
1
 98
0
  0
LWPOLYLINE
  5
1D6
330
17
100
AcDbEntity
  8
A-SECTOR
100
AcDbPolyline
 90
4
 70
1
 10
237.0
 20
609.0
 10
308.0
 20
609.0
 10
308.0
 20
625.0
 10
237.0
 20
625.0
  0
HATCH
  5
1D7
330
17
100
AcDbEntity
  8
A-RELLENO
 62
7
420
16639176
100
AcDbHatch
 10
0.0
 20
0.0
 30
0.0
210
0.0
220
0.0
230
1.0
  2
SOLID
 70
1
 71
0
 91
1
 92
3
 72
0
 73
1
 93
4
 10
309.5
 20
609.0
 10
334.0
 20
609.0
 10
334.0
 20
628.0
 10
309.5
 20
628.0
 97
0
 75
1
 76
1
 98
0
  0
LWPOLYLINE
  5
1D8
330
17
100
AcDbEntity
  8
A-SECTOR
100
AcDbPolyline
 90
4
 70
1
 10
309.5
 20
609.0
 10
334.0
 20
609.0
 10
334.0
 20
628.0
 10
309.5
 20
628.0
  0
HATCH
  5
1D9
330
17
100
AcDbEntity
  8
A-RELLENO
 62
7
420
16639176
100
AcDbHatch
 10
0.0
 20
0.0
 30
0.0
210
0.0
220
0.0
230
1.0
  2
SOLID
 70
1
 71
0
 91
1
 92
3
 72
0
 73
1
 93
4
 10
309.0
 20
541.5
 10
334.0
 20
541.5
 10
334.0
 20
567.0
 10
309.0
 20
567.0
 97
0
 75
1
 76
1
 98
0
  0
LWPOLYLINE
  5
1DA
330
17
100
AcDbEntity
  8
A-SECTOR
100
AcDbPolyline
 90
4
 70
1
 10
309.0
 20
541.5
 10
334.0
 20
541.5
 10
334.0
 20
567.0
 10
309.0
 20
567.0
  0
HATCH
  5
1DB
330
17
100
AcDbEntity
  8
A-RELLENO
 62
7
420
16639176
100
AcDbHatch
 10
0.0
 20
0.0
 30
0.0
210
0.0
220
0.0
230
1.0
  2
SOLID
 70
1
 71
0
 91
1
 92
3
 72
0
 73
1
 93
4
 10
267.0
 20
560.0
 10
334.0
 20
560.0
 10
334.0
 20
604.0
 10
267.0
 20
604.0
 97
0
 75
1
 76
1
 98
0
  0
LWPOLYLINE
  5
1DC
330
17
100
AcDbEntity
  8
A-SECTOR
100
AcDbPolyline
 90
4
 70
1
 10
267.0
 20
560.0
 10
334.0
 20
560.0
 10
334.0
 20
604.0
 10
267.0
 20
604.0
  0
HATCH
  5
1DD
330
17
100
AcDbEntity
  8
A-RELLENO
 62
7
420
16639176
100
AcDbHatch
 10
0.0
 20
0.0
 30
0.0
210
0.0
220
0.0
230
1.0
  2
SOLID
 70
1
 71
0
 91
1
 92
3
 72
0
 73
1
 93
4
 10
156.5
 20
485.5
 10
335.0
 20
485.5
 10
335.0
 20
521.5
 10
156.5
 20
521.5
 97
0
 75
1
 76
1
 98
0
  0
LWPOLYLINE
  5
1DE
330
17
100
AcDbEntity
  8
A-SECTOR
100
AcDbPolyline
 90
4
 70
1
 10
156.5
 20
485.5
 10
335.0
 20
485.5
 10
335.0
 20
521.5
 10
156.5
 20
521.5
  0
HATCH
  5
1DF
330
17
100
AcDbEntity
  8
A-RELLENO
 62
7
420
16639176
100
AcDbHatch
 10
0.0
 20
0.0
 30
0.0
210
0.0
220
0.0
230
1.0
  2
SOLID
 70
1
 71
0
 91
1
 92
3
 72
0
 73
1
 93
4
 10
362.0
 20
532.0
 10
419.0
 20
532.0
 10
419.0
 20
628.5
 10
362.0
 20
628.5
 97
0
 75
1
 76
1
 98
0
  0
LWPOLYLINE
  5
1E0
330
17
100
AcDbEntity
  8
A-SECTOR
100
AcDbPolyline
 90
4
 70
1
 10
362.0
 20
532.0
 10
419.0
 20
532.0
 10
419.0
 20
628.5
 10
362.0
 20
628.5
  0
HATCH
  5
1E1
330
17
100
AcDbEntity
  8
A-RELLENO
 62
7
420
16639176
100
AcDbHatch
 10
0.0
 20
0.0
 30
0.0
210
0.0
220
0.0
230
1.0
  2
SOLID
 70
1
 71
0
 91
1
 92
3
 72
0
 73
1
 93
4
 10
425.0
 20
530.0
 10
484.0
 20
530.0
 10
484.0
 20
628.5
 10
425.0
 20
628.5
 97
0
 75
1
 76
1
 98
0
  0
LWPOLYLINE
  5
1E2
330
17
100
AcDbEntity
  8
A-SECTOR
100
AcDbPolyline
 90
4
 70
1
 10
425.0
 20
530.0
 10
484.0
 20
530.0
 10
484.0
 20
628.5
 10
425.0
 20
628.5
  0
HATCH
  5
1E3
330
17
100
AcDbEntity
  8
A-RELLENO
 62
7
420
15000048
100
AcDbHatch
 10
0.0
 20
0.0
 30
0.0
210
0.0
220
0.0
230
1.0
  2
SOLID
 70
1
 71
0
 91
1
 92
3
 72
0
 73
1
 93
4
 10
363.0
 20
486.5
 10
398.0
 20
486.5
 10
398.0
 20
513.0
 10
363.0
 20
513.0
 97
0
 75
1
 76
1
 98
0
  0
LWPOLYLINE
  5
1E4
330
17
100
AcDbEntity
  8
A-SECTOR
100
AcDbPolyline
 90
4
 70
1
 10
363.0
 20
486.5
 10
398.0
 20
486.5
 10
398.0
 20
513.0
 10
363.0
 20
513.0
  0
HATCH
  5
1E5
330
17
100
AcDbEntity
  8
A-RELLENO
 62
7
420
15000048
100
AcDbHatch
 10
0.0
 20
0.0
 30
0.0
210
0.0
220
0.0
230
1.0
  2
SOLID
 70
1
 71
0
 91
1
 92
3
 72
0
 73
1
 93
4
 10
363.0
 20
514.0
 10
386.0
 20
514.0
 10
386.0
 20
531.0
 10
363.0
 20
531.0
 97
0
 75
1
 76
1
 98
0
  0
LWPOLYLINE
  5
1E6
330
17
100
AcDbEntity
  8
A-SECTOR
100
AcDbPolyline
 90
4
 70
1
 10
363.0
 20
514.0
 10
386.0
 20
514.0
 10
386.0
 20
531.0
 10
363.0
 20
531.0
  0
HATCH
  5
1E7
330
17
100
AcDbEntity
  8
A-RELLENO
 62
7
420
15263976
100
AcDbHatch
 10
0.0
 20
0.0
 30
0.0
210
0.0
220
0.0
230
1.0
  2
SOLID
 70
1
 71
0
 91
1
 92
3
 72
0
 73
1
 93
4
 10
387.0
 20
514.0
 10
398.0
 20
514.0
 10
398.0
 20
531.0
 10
387.0
 20
531.0
 97
0
 75
1
 76
1
 98
0
  0
LWPOLYLINE
  5
1E8
330
17
100
AcDbEntity
  8
A-SECTOR
100
AcDbPolyline
 90
4
 70
1
 10
387.0
 20
514.0
 10
398.0
 20
514.0
 10
398.0
 20
531.0
 10
387.0
 20
531.0
  0
HATCH
  5
1E9
330
17
100
AcDbEntity
  8
A-RELLENO
 62
7
420
15263976
100
AcDbHatch
 10
0.0
 20
0.0
 30
0.0
210
0.0
220
0.0
230
1.0
  2
SOLID
 70
1
 71
0
 91
1
 92
3
 72
0
 73
1
 93
4
 10
430.0
 20
486.5
 10
465.0
 20
486.5
 10
465.0
 20
513.0
 10
430.0
 20
513.0
 97
0
 75
1
 76
1
 98
0
  0
LWPOLYLINE
  5
1EA
330
17
100
AcDbEntity
  8
A-SECTOR
100
AcDbPolyline
 90
4
 70
1
 10
430.0
 20
486.5
 10
465.0
 20
486.5
 10
465.0
 20
513.0
 10
430.0
 20
513.0
  0
HATCH
  5
1EB
330
17
100
AcDbEntity
  8
A-RELLENO
 62
7
420
15263976
100
AcDbHatch
 10
0.0
 20
0.0
 30
0.0
210
0.0
220
0.0
230
1.0
  2
SOLID
 70
1
 71
0
 91
1
 92
3
 72
0
 73
1
 93
4
 10
466.0
 20
486.5
 10
483.0
 20
486.5
 10
483.0
 20
513.0
 10
466.0
 20
513.0
 97
0
 75
1
 76
1
 98
0
  0
LWPOLYLINE
  5
1EC
330
17
100
AcDbEntity
  8
A-SECTOR
100
AcDbPolyline
 90
4
 70
1
 10
466.0
 20
486.5
 10
483.0
 20
486.5
 10
483.0
 20
513.0
 10
466.0
 20
513.0
  0
HATCH
  5
1ED
330
17
100
AcDbEntity
  8
A-RELLENO
 62
7
420
16439245
100
AcDbHatch
 10
0.0
 20
0.0
 30
0.0
210
0.0
220
0.0
230
1.0
  2
SOLID
 70
1
 71
0
 91
1
 92
3
 72
0
 73
1
 93
4
 10
494.0
 20
485.5
 10
575.5
 20
485.5
 10
575.5
 20
628.5
 10
494.0
 20
628.5
 97
0
 75
1
 76
1
 98
0
  0
LWPOLYLINE
  5
1EE
330
17
100
AcDbEntity
  8
A-SECTOR
100
AcDbPolyline
 90
4
 70
1
 10
494.0
 20
485.5
 10
575.5
 20
485.5
 10
575.5
 20
628.5
 10
494.0
 20
628.5
  0
HATCH
  5
1EF
330
17
100
AcDbEntity
  8
A-RELLENO
 62
7
420
13492725
100
AcDbHatch
 10
0.0
 20
0.0
 30
0.0
210
0.0
220
0.0
230
1.0
  2
SOLID
 70
1
 71
0
 91
1
 92
3
 72
0
 73
1
 93
4
 10
523.0
 20
629.5
 10
552.0
 20
629.5
 10
552.0
 20
650.5
 10
523.0
 20
650.5
 97
0
 75
1
 76
1
 98
0
  0
LWPOLYLINE
  5
1F0
330
17
100
AcDbEntity
  8
A-SECTOR
100
AcDbPolyline
 90
4
 70
1
 10
523.0
 20
629.5
 10
552.0
 20
629.5
 10
552.0
 20
650.5
 10
523.0
 20
650.5
  0
HATCH
  5
1F1
330
17
100
AcDbEntity
  8
A-RELLENO
 62
7
420
13492725
100
AcDbHatch
 10
0.0
 20
0.0
 30
0.0
210
0.0
220
0.0
230
1.0
  2
SOLID
 70
1
 71
0
 91
1
 92
3
 72
0
 73
1
 93
4
 10
582.5
 20
624.0
 10
617.5
 20
624.0
 10
617.5
 20
650.5
 10
582.5
 20
650.5
 97
0
 75
1
 76
1
 98
0
  0
LWPOLYLINE
  5
1F2
330
17
100
AcDbEntity
  8
A-SECTOR
100
AcDbPolyline
 90
4
 70
1
 10
582.5
 20
624.0
 10
617.5
 20
624.0
 10
617.5
 20
650.5
 10
582.5
 20
650.5
  0
HATCH
  5
1F3
330
17
100
AcDbEntity
  8
A-RELLENO
 62
7
420
13492725
100
AcDbHatch
 10
0.0
 20
0.0
 30
0.0
210
0.0
220
0.0
230
1.0
  2
SOLID
 70
1
 71
0
 91
1
 92
3
 72
0
 73
1
 93
4
 10
618.5
 20
624.0
 10
675.0
 20
624.0
 10
675.0
 20
650.5
 10
618.5
 20
650.5
 97
0
 75
1
 76
1
 98
0
  0
LWPOLYLINE
  5
1F4
330
17
100
AcDbEntity
  8
A-SECTOR
100
AcDbPolyline
 90
4
 70
1
 10
618.5
 20
624.0
 10
675.0
 20
624.0
 10
675.0
 20
650.5
 10
618.5
 20
650.5
  0
HATCH
  5
1F5
330
17
100
AcDbEntity
  8
A-RELLENO
 62
7
420
14151378
100
AcDbHatch
 10
0.0
 20
0.0
 30
0.0
210
0.0
220
0.0
230
1.0
  2
SOLID
 70
1
 71
0
 91
1
 92
3
 72
0
 73
1
 93
4
 10
582.5
 20
583.0
 10
617.5
 20
583.0
 10
617.5
 20
623.0
 10
582.5
 20
623.0
 97
0
 75
1
 76
1
 98
0
  0
LWPOLYLINE
  5
1F6
330
17
100
AcDbEntity
  8
A-SECTOR
100
AcDbPolyline
 90
4
 70
1
 10
582.5
 20
583.0
 10
617.5
 20
583.0
 10
617.5
 20
623.0
 10
582.5
 20
623.0
  0
HATCH
  5
1F7
330
17
100
AcDbEntity
  8
A-RELLENO
 62
7
420
14151378
100
AcDbHatch
 10
0.0
 20
0.0
 30
0.0
210
0.0
220
0.0
230
1.0
  2
SOLID
 70
1
 71
0
 91
1
 92
3
 72
0
 73
1
 93
4
 10
618.5
 20
583.0
 10
675.0
 20
583.0
 10
675.0
 20
623.0
 10
618.5
 20
623.0
 97
0
 75
1
 76
1
 98
0
  0
LWPOLYLINE
  5
1F8
330
17
100
AcDbEntity
  8
A-SECTOR
100
AcDbPolyline
 90
4
 70
1
 10
618.5
 20
583.0
 10
675.0
 20
583.0
 10
675.0
 20
623.0
 10
618.5
 20
623.0
  0
HATCH
  5
1F9
330
17
100
AcDbEntity
  8
A-RELLENO
 62
7
420
15263976
100
AcDbHatch
 10
0.0
 20
0.0
 30
0.0
210
0.0
220
0.0
230
1.0
  2
SOLID
 70
1
 71
0
 91
1
 92
3
 72
0
 73
1
 93
4
 10
582.5
 20
539.0
 10
615.0
 20
539.0
 10
615.0
 20
575.0
 10
582.5
 20
575.0
 97
0
 75
1
 76
1
 98
0
  0
LWPOLYLINE
  5
1FA
330
17
100
AcDbEntity
  8
A-SECTOR
100
AcDbPolyline
 90
4
 70
1
 10
582.5
 20
539.0
 10
615.0
 20
539.0
 10
615.0
 20
575.0
 10
582.5
 20
575.0
  0
HATCH
  5
1FB
330
17
100
AcDbEntity
  8
A-RELLENO
 62
7
420
15263976
100
AcDbHatch
 10
0.0
 20
0.0
 30
0.0
210
0.0
220
0.0
230
1.0
  2
SOLID
 70
1
 71
0
 91
1
 92
3
 72
0
 73
1
 93
4
 10
616.0
 20
532.0
 10
645.0
 20
532.0
 10
645.0
 20
575.0
 10
616.0
 20
575.0
 97
0
 75
1
 76
1
 98
0
  0
LWPOLYLINE
  5
1FC
330
17
100
AcDbEntity
  8
A-SECTOR
100
AcDbPolyline
 90
4
 70
1
 10
616.0
 20
532.0
 10
645.0
 20
532.0
 10
645.0
 20
575.0
 10
616.0
 20
575.0
  0
HATCH
  5
1FD
330
17
100
AcDbEntity
  8
A-RELLENO
 62
7
420
15263976
100
AcDbHatch
 10
0.0
 20
0.0
 30
0.0
210
0.0
220
0.0
230
1.0
  2
SOLID
 70
1
 71
0
 91
1
 92
3
 72
0
 73
1
 93
4
 10
646.0
 20
532.0
 10
675.0
 20
532.0
 10
675.0
 20
575.0
 10
646.0
 20
575.0
 97
0
 75
1
 76
1
 98
0
  0
LWPOLYLINE
  5
1FE
330
17
100
AcDbEntity
  8
A-SECTOR
100
AcDbPolyline
 90
4
 70
1
 10
646.0
 20
532.0
 10
675.0
 20
532.0
 10
675.0
 20
575.0
 10
646.0
 20
575.0
  0
HATCH
  5
1FF
330
17
100
AcDbEntity
  8
A-RELLENO
 62
7
420
14151378
100
AcDbHatch
 10
0.0
 20
0.0
 30
0.0
210
0.0
220
0.0
230
1.0
  2
SOLID
 70
1
 71
0
 91
1
 92
3
 72
0
 73
1
 93
4
 10
582.5
 20
486.5
 10
615.0
 20
486.5
 10
615.0
 20
531.0
 10
582.5
 20
531.0
 97
0
 75
1
 76
1
 98
0
  0
LWPOLYLINE
  5
200
330
17
100
AcDbEntity
  8
A-SECTOR
100
AcDbPolyline
 90
4
 70
1
 10
582.5
 20
486.5
 10
615.0
 20
486.5
 10
615.0
 20
531.0
 10
582.5
 20
531.0
  0
HATCH
  5
201
330
17
100
AcDbEntity
  8
A-RELLENO
 62
7
420
14151378
100
AcDbHatch
 10
0.0
 20
0.0
 30
0.0
210
0.0
220
0.0
230
1.0
  2
SOLID
 70
1
 71
0
 91
1
 92
3
 72
0
 73
1
 93
4
 10
616.0
 20
486.5
 10
675.0
 20
486.5
 10
675.0
 20
514.0
 10
616.0
 20
514.0
 97
0
 75
1
 76
1
 98
0
  0
LWPOLYLINE
  5
202
330
17
100
AcDbEntity
  8
A-SECTOR
100
AcDbPolyline
 90
4
 70
1
 10
616.0
 20
486.5
 10
675.0
 20
486.5
 10
675.0
 20
514.0
 10
616.0
 20
514.0
  0
HATCH
  5
203
330
17
100
AcDbEntity
  8
A-RELLENO
 62
7
420
13166792
100
AcDbHatch
 10
0.0
 20
0.0
 30
0.0
210
0.0
220
0.0
230
1.0
  2
SOLID
 70
1
 71
0
 91
1
 92
3
 72
0
 73
1
 93
4
 10
676.0
 20
486.5
 10
753.5
 20
486.5
 10
753.5
 20
514.0
 10
676.0
 20
514.0
 97
0
 75
1
 76
1
 98
0
  0
LWPOLYLINE
  5
204
330
17
100
AcDbEntity
  8
A-SECTOR
100
AcDbPolyline
 90
4
 70
1
 10
676.0
 20
486.5
 10
753.5
 20
486.5
 10
753.5
 20
514.0
 10
676.0
 20
514.0
  0
HATCH
  5
205
330
17
100
AcDbEntity
  8
A-RELLENO
 62
7
420
13166792
100
AcDbHatch
 10
0.0
 20
0.0
 30
0.0
210
0.0
220
0.0
230
1.0
  2
SOLID
 70
1
 71
0
 91
1
 92
3
 72
0
 73
1
 93
4
 10
676.0
 20
557.0
 10
731.0
 20
557.0
 10
731.0
 20
650.5
 10
676.0
 20
650.5
 97
0
 75
1
 76
1
 98
0
  0
LWPOLYLINE
  5
206
330
17
100
AcDbEntity
  8
A-SECTOR
100
AcDbPolyline
 90
4
 70
1
 10
676.0
 20
557.0
 10
731.0
 20
557.0
 10
731.0
 20
650.5
 10
676.0
 20
650.5
  0
HATCH
  5
207
330
17
100
AcDbEntity
  8
A-RELLENO
 62
7
420
13166792
100
AcDbHatch
 10
0.0
 20
0.0
 30
0.0
210
0.0
220
0.0
230
1.0
  2
SOLID
 70
1
 71
0
 91
1
 92
3
 72
0
 73
1
 93
4
 10
731.0
 20
557.0
 10
753.5
 20
557.0
 10
753.5
 20
650.5
 10
731.0
 20
650.5
 97
0
 75
1
 76
1
 98
0
  0
LWPOLYLINE
  5
208
330
17
100
AcDbEntity
  8
A-SECTOR
100
AcDbPolyline
 90
4
 70
1
 10
731.0
 20
557.0
 10
753.5
 20
557.0
 10
753.5
 20
650.5
 10
731.0
 20
650.5
  0
HATCH
  5
209
330
17
100
AcDbEntity
  8
A-RELLENO
 62
7
420
13166792
100
AcDbHatch
 10
0.0
 20
0.0
 30
0.0
210
0.0
220
0.0
230
1.0
  2
SOLID
 70
1
 71
0
 91
1
 92
3
 72
0
 73
1
 93
4
 10
713.5
 20
532.0
 10
753.5
 20
532.0
 10
753.5
 20
556.0
 10
713.5
 20
556.0
 97
0
 75
1
 76
1
 98
0
  0
LWPOLYLINE
  5
20A
330
17
100
AcDbEntity
  8
A-SECTOR
100
AcDbPolyline
 90
4
 70
1
 10
713.5
 20
532.0
 10
753.5
 20
532.0
 10
753.5
 20
556.0
 10
713.5
 20
556.0
  0
HATCH
  5
20B
330
17
100
AcDbEntity
  8
A-RELLENO
 62
7
420
15263976
100
AcDbHatch
 10
0.0
 20
0.0
 30
0.0
210
0.0
220
0.0
230
1.0
  2
SOLID
 70
1
 71
0
 91
1
 92
3
 72
0
 73
1
 93
4
 10
415.0
 20
652.0
 10
475.0
 20
652.0
 10
475.0
 20
682.0
 10
415.0
 20
682.0
 97
0
 75
1
 76
1
 98
0
  0
HATCH
  5
20C
330
17
100
AcDbEntity
  8
A-RELLENO
 62
7
420
16775373
100
AcDbHatch
 10
0.0
 20
0.0
 30
0.0
210
0.0
220
0.0
230
1.0
  2
SOLID
 70
1
 71
0
 91
1
 92
3
 72
0
 73
1
 93
4
 10
346.0
 20
444.0
 10
376.0
 20
444.0
 10
376.0
 20
471.0
 10
346.0
 20
471.0
 97
0
 75
1
 76
1
 98
0
  0
LWPOLYLINE
  5
20D
330
17
100
AcDbEntity
  8
A-LOCAL
100
AcDbPolyline
 90
4
 70
1
 10
346.0
 20
444.0
 10
376.0
 20
444.0
 10
376.0
 20
471.0
 10
346.0
 20
471.0
  0
HATCH
  5
20E
330
17
100
AcDbEntity
  8
A-RELLENO
 62
7
420
16775373
100
AcDbHatch
 10
0.0
 20
0.0
 30
0.0
210
0.0
220
0.0
230
1.0
  2
SOLID
 70
1
 71
0
 91
1
 92
3
 72
0
 73
1
 93
4
 10
377.0
 20
444.0
 10
406.0
 20
444.0
 10
406.0
 20
471.0
 10
377.0
 20
471.0
 97
0
 75
1
 76
1
 98
0
  0
LWPOLYLINE
  5
20F
330
17
100
AcDbEntity
  8
A-LOCAL
100
AcDbPolyline
 90
4
 70
1
 10
377.0
 20
444.0
 10
406.0
 20
444.0
 10
406.0
 20
471.0
 10
377.0
 20
471.0
  0
HATCH
  5
210
330
17
100
AcDbEntity
  8
A-RELLENO
 62
7
420
16119285
100
AcDbHatch
 10
0.0
 20
0.0
 30
0.0
210
0.0
220
0.0
230
1.0
  2
SOLID
 70
1
 71
0
 91
1
 92
3
 72
0
 73
1
 93
4
 10
407.0
 20
444.0
 10
417.0
 20
444.0
 10
417.0
 20
471.0
 10
407.0
 20
471.0
 97
0
 75
1
 76
1
 98
0
  0
LWPOLYLINE
  5
211
330
17
100
AcDbEntity
  8
A-LOCAL
100
AcDbPolyline
 90
4
 70
1
 10
407.0
 20
444.0
 10
417.0
 20
444.0
 10
417.0
 20
471.0
 10
407.0
 20
471.0
  0
HATCH
  5
212
330
17
100
AcDbEntity
  8
A-RELLENO
 62
7
420
16775373
100
AcDbHatch
 10
0.0
 20
0.0
 30
0.0
210
0.0
220
0.0
230
1.0
  2
SOLID
 70
1
 71
0
 91
1
 92
3
 72
0
 73
1
 93
4
 10
418.0
 20
444.0
 10
444.0
 20
444.0
 10
444.0
 20
471.0
 10
418.0
 20
471.0
 97
0
 75
1
 76
1
 98
0
  0
LWPOLYLINE
  5
213
330
17
100
AcDbEntity
  8
A-LOCAL
100
AcDbPolyline
 90
4
 70
1
 10
418.0
 20
444.0
 10
444.0
 20
444.0
 10
444.0
 20
471.0
 10
418.0
 20
471.0
  0
HATCH
  5
214
330
17
100
AcDbEntity
  8
A-RELLENO
 62
7
420
16775373
100
AcDbHatch
 10
0.0
 20
0.0
 30
0.0
210
0.0
220
0.0
230
1.0
  2
SOLID
 70
1
 71
0
 91
1
 92
3
 72
0
 73
1
 93
4
 10
445.0
 20
458.0
 10
457.0
 20
458.0
 10
457.0
 20
471.0
 10
445.0
 20
471.0
 97
0
 75
1
 76
1
 98
0
  0
LWPOLYLINE
  5
215
330
17
100
AcDbEntity
  8
A-LOCAL
100
AcDbPolyline
 90
4
 70
1
 10
445.0
 20
458.0
 10
457.0
 20
458.0
 10
457.0
 20
471.0
 10
445.0
 20
471.0
  0
HATCH
  5
216
330
17
100
AcDbEntity
  8
A-RELLENO
 62
7
420
16775373
100
AcDbHatch
 10
0.0
 20
0.0
 30
0.0
210
0.0
220
0.0
230
1.0
  2
SOLID
 70
1
 71
0
 91
1
 92
3
 72
0
 73
1
 93
4
 10
445.0
 20
444.0
 10
457.0
 20
444.0
 10
457.0
 20
457.0
 10
445.0
 20
457.0
 97
0
 75
1
 76
1
 98
0
  0
LWPOLYLINE
  5
217
330
17
100
AcDbEntity
  8
A-LOCAL
100
AcDbPolyline
 90
4
 70
1
 10
445.0
 20
444.0
 10
457.0
 20
444.0
 10
457.0
 20
457.0
 10
445.0
 20
457.0
  0
HATCH
  5
218
330
17
100
AcDbEntity
  8
A-RELLENO
 62
7
420
16775373
100
AcDbHatch
 10
0.0
 20
0.0
 30
0.0
210
0.0
220
0.0
230
1.0
  2
SOLID
 70
1
 71
0
 91
1
 92
3
 72
0
 73
1
 93
4
 10
458.0
 20
444.0
 10
475.0
 20
444.0
 10
475.0
 20
471.0
 10
458.0
 20
471.0
 97
0
 75
1
 76
1
 98
0
  0
LWPOLYLINE
  5
219
330
17
100
AcDbEntity
  8
A-LOCAL
100
AcDbPolyline
 90
4
 70
1
 10
458.0
 20
444.0
 10
475.0
 20
444.0
 10
475.0
 20
471.0
 10
458.0
 20
471.0
  0
HATCH
  5
21A
330
17
100
AcDbEntity
  8
A-RELLENO
 62
7
420
16775373
100
AcDbHatch
 10
0.0
 20
0.0
 30
0.0
210
0.0
220
0.0
230
1.0
  2
SOLID
 70
1
 71
0
 91
1
 92
3
 72
0
 73
1
 93
4
 10
476.0
 20
444.0
 10
484.0
 20
444.0
 10
484.0
 20
471.0
 10
476.0
 20
471.0
 97
0
 75
1
 76
1
 98
0
  0
LWPOLYLINE
  5
21B
330
17
100
AcDbEntity
  8
A-LOCAL
100
AcDbPolyline
 90
4
 70
1
 10
476.0
 20
444.0
 10
484.0
 20
444.0
 10
484.0
 20
471.0
 10
476.0
 20
471.0
  0
HATCH
  5
21C
330
17
100
AcDbEntity
  8
A-RELLENO
 62
7
420
16119285
100
AcDbHatch
 10
0.0
 20
0.0
 30
0.0
210
0.0
220
0.0
230
1.0
  2
SOLID
 70
1
 71
0
 91
1
 92
3
 72
0
 73
1
 93
4
 10
346.0
 20
435.0
 10
484.0
 20
435.0
 10
484.0
 20
443.0
 10
346.0
 20
443.0
 97
0
 75
1
 76
1
 98
0
  0
LWPOLYLINE
  5
21D
330
17
100
AcDbEntity
  8
A-LOCAL
100
AcDbPolyline
 90
4
 70
1
 10
346.0
 20
435.0
 10
484.0
 20
435.0
 10
484.0
 20
443.0
 10
346.0
 20
443.0
  0
HATCH
  5
21E
330
17
100
AcDbEntity
  8
A-RELLENO
 62
7
420
16775373
100
AcDbHatch
 10
0.0
 20
0.0
 30
0.0
210
0.0
220
0.0
230
1.0
  2
SOLID
 70
1
 71
0
 91
1
 92
3
 72
0
 73
1
 93
4
 10
346.0
 20
408.0
 10
371.0
 20
408.0
 10
371.0
 20
434.0
 10
346.0
 20
434.0
 97
0
 75
1
 76
1
 98
0
  0
LWPOLYLINE
  5
21F
330
17
100
AcDbEntity
  8
A-LOCAL
100
AcDbPolyline
 90
4
 70
1
 10
346.0
 20
408.0
 10
371.0
 20
408.0
 10
371.0
 20
434.0
 10
346.0
 20
434.0
  0
HATCH
  5
220
330
17
100
AcDbEntity
  8
A-RELLENO
 62
7
420
16775373
100
AcDbHatch
 10
0.0
 20
0.0
 30
0.0
210
0.0
220
0.0
230
1.0
  2
SOLID
 70
1
 71
0
 91
1
 92
3
 72
0
 73
1
 93
4
 10
372.0
 20
408.0
 10
412.0
 20
408.0
 10
412.0
 20
434.0
 10
372.0
 20
434.0
 97
0
 75
1
 76
1
 98
0
  0
LWPOLYLINE
  5
221
330
17
100
AcDbEntity
  8
A-LOCAL
100
AcDbPolyline
 90
4
 70
1
 10
372.0
 20
408.0
 10
412.0
 20
408.0
 10
412.0
 20
434.0
 10
372.0
 20
434.0
  0
HATCH
  5
222
330
17
100
AcDbEntity
  8
A-RELLENO
 62
7
420
16775373
100
AcDbHatch
 10
0.0
 20
0.0
 30
0.0
210
0.0
220
0.0
230
1.0
  2
SOLID
 70
1
 71
0
 91
1
 92
3
 72
0
 73
1
 93
4
 10
413.0
 20
408.0
 10
422.5
 20
408.0
 10
422.5
 20
434.0
 10
413.0
 20
434.0
 97
0
 75
1
 76
1
 98
0
  0
LWPOLYLINE
  5
223
330
17
100
AcDbEntity
  8
A-LOCAL
100
AcDbPolyline
 90
4
 70
1
 10
413.0
 20
408.0
 10
422.5
 20
408.0
 10
422.5
 20
434.0
 10
413.0
 20
434.0
  0
HATCH
  5
224
330
17
100
AcDbEntity
  8
A-RELLENO
 62
7
420
16775373
100
AcDbHatch
 10
0.0
 20
0.0
 30
0.0
210
0.0
220
0.0
230
1.0
  2
SOLID
 70
1
 71
0
 91
1
 92
3
 72
0
 73
1
 93
4
 10
423.5
 20
408.0
 10
433.0
 20
408.0
 10
433.0
 20
434.0
 10
423.5
 20
434.0
 97
0
 75
1
 76
1
 98
0
  0
LWPOLYLINE
  5
225
330
17
100
AcDbEntity
  8
A-LOCAL
100
AcDbPolyline
 90
4
 70
1
 10
423.5
 20
408.0
 10
433.0
 20
408.0
 10
433.0
 20
434.0
 10
423.5
 20
434.0
  0
HATCH
  5
226
330
17
100
AcDbEntity
  8
A-RELLENO
 62
7
420
16775373
100
AcDbHatch
 10
0.0
 20
0.0
 30
0.0
210
0.0
220
0.0
230
1.0
  2
SOLID
 70
1
 71
0
 91
1
 92
3
 72
0
 73
1
 93
4
 10
434.0
 20
408.0
 10
484.0
 20
408.0
 10
484.0
 20
434.0
 10
434.0
 20
434.0
 97
0
 75
1
 76
1
 98
0
  0
LWPOLYLINE
  5
227
330
17
100
AcDbEntity
  8
A-LOCAL
100
AcDbPolyline
 90
4
 70
1
 10
434.0
 20
408.0
 10
484.0
 20
408.0
 10
484.0
 20
434.0
 10
434.0
 20
434.0
  0
HATCH
  5
228
330
17
100
AcDbEntity
  8
A-RELLENO
 62
7
420
16775373
100
AcDbHatch
 10
0.0
 20
0.0
 30
0.0
210
0.0
220
0.0
230
1.0
  2
SOLID
 70
1
 71
0
 91
1
 92
3
 72
0
 73
1
 93
4
 10
506.0
 20
443.0
 10
535.0
 20
443.0
 10
535.0
 20
471.0
 10
506.0
 20
471.0
 97
0
 75
1
 76
1
 98
0
  0
LWPOLYLINE
  5
229
330
17
100
AcDbEntity
  8
A-LOCAL
100
AcDbPolyline
 90
4
 70
1
 10
506.0
 20
443.0
 10
535.0
 20
443.0
 10
535.0
 20
471.0
 10
506.0
 20
471.0
  0
HATCH
  5
22A
330
17
100
AcDbEntity
  8
A-RELLENO
 62
7
420
15786435
100
AcDbHatch
 10
0.0
 20
0.0
 30
0.0
210
0.0
220
0.0
230
1.0
  2
SOLID
 70
1
 71
0
 91
1
 92
3
 72
0
 73
1
 93
4
 10
606.0
 20
388.0
 10
644.0
 20
388.0
 10
644.0
 20
414.0
 10
606.0
 20
414.0
 97
0
 75
1
 76
1
 98
0
  0
LWPOLYLINE
  5
22B
330
17
100
AcDbEntity
  8
A-LOCAL
100
AcDbPolyline
 90
4
 70
1
 10
606.0
 20
388.0
 10
644.0
 20
388.0
 10
644.0
 20
414.0
 10
606.0
 20
414.0
  0
HATCH
  5
22C
330
17
100
AcDbEntity
  8
A-RELLENO
 62
7
420
15786435
100
AcDbHatch
 10
0.0
 20
0.0
 30
0.0
210
0.0
220
0.0
230
1.0
  2
SOLID
 70
1
 71
0
 91
1
 92
3
 72
0
 73
1
 93
4
 10
571.0
 20
388.0
 10
605.0
 20
388.0
 10
605.0
 20
414.0
 10
571.0
 20
414.0
 97
0
 75
1
 76
1
 98
0
  0
LWPOLYLINE
  5
22D
330
17
100
AcDbEntity
  8
A-LOCAL
100
AcDbPolyline
 90
4
 70
1
 10
571.0
 20
388.0
 10
605.0
 20
388.0
 10
605.0
 20
414.0
 10
571.0
 20
414.0
  0
HATCH
  5
22E
330
17
100
AcDbEntity
  8
A-RELLENO
 62
7
420
15786435
100
AcDbHatch
 10
0.0
 20
0.0
 30
0.0
210
0.0
220
0.0
230
1.0
  2
SOLID
 70
1
 71
0
 91
1
 92
3
 72
0
 73
1
 93
4
 10
536.0
 20
388.0
 10
570.0
 20
388.0
 10
570.0
 20
414.0
 10
536.0
 20
414.0
 97
0
 75
1
 76
1
 98
0
  0
LWPOLYLINE
  5
22F
330
17
100
AcDbEntity
  8
A-LOCAL
100
AcDbPolyline
 90
4
 70
1
 10
536.0
 20
388.0
 10
570.0
 20
388.0
 10
570.0
 20
414.0
 10
536.0
 20
414.0
  0
HATCH
  5
230
330
17
100
AcDbEntity
  8
A-RELLENO
 62
7
420
15786435
100
AcDbHatch
 10
0.0
 20
0.0
 30
0.0
210
0.0
220
0.0
230
1.0
  2
SOLID
 70
1
 71
0
 91
1
 92
3
 72
0
 73
1
 93
4
 10
506.0
 20
388.0
 10
535.0
 20
388.0
 10
535.0
 20
414.0
 10
506.0
 20
414.0
 97
0
 75
1
 76
1
 98
0
  0
LWPOLYLINE
  5
231
330
17
100
AcDbEntity
  8
A-LOCAL
100
AcDbPolyline
 90
4
 70
1
 10
506.0
 20
388.0
 10
535.0
 20
388.0
 10
535.0
 20
414.0
 10
506.0
 20
414.0
  0
HATCH
  5
232
330
17
100
AcDbEntity
  8
A-RELLENO
 62
7
420
15786435
100
AcDbHatch
 10
0.0
 20
0.0
 30
0.0
210
0.0
220
0.0
230
1.0
  2
SOLID
 70
1
 71
0
 91
1
 92
3
 72
0
 73
1
 93
4
 10
506.0
 20
415.0
 10
535.0
 20
415.0
 10
535.0
 20
442.0
 10
506.0
 20
442.0
 97
0
 75
1
 76
1
 98
0
  0
LWPOLYLINE
  5
233
330
17
100
AcDbEntity
  8
A-LOCAL
100
AcDbPolyline
 90
4
 70
1
 10
506.0
 20
415.0
 10
535.0
 20
415.0
 10
535.0
 20
442.0
 10
506.0
 20
442.0
  0
HATCH
  5
234
330
17
100
AcDbEntity
  8
A-RELLENO
 62
7
420
15786435
100
AcDbHatch
 10
0.0
 20
0.0
 30
0.0
210
0.0
220
0.0
230
1.0
  2
SOLID
 70
1
 71
0
 91
1
 92
3
 72
0
 73
1
 93
4
 10
536.0
 20
415.0
 10
567.0
 20
415.0
 10
567.0
 20
442.0
 10
536.0
 20
442.0
 97
0
 75
1
 76
1
 98
0
  0
LWPOLYLINE
  5
235
330
17
100
AcDbEntity
  8
A-LOCAL
100
AcDbPolyline
 90
4
 70
1
 10
536.0
 20
415.0
 10
567.0
 20
415.0
 10
567.0
 20
442.0
 10
536.0
 20
442.0
  0
HATCH
  5
236
330
17
100
AcDbEntity
  8
A-RELLENO
 62
7
420
15786435
100
AcDbHatch
 10
0.0
 20
0.0
 30
0.0
210
0.0
220
0.0
230
1.0
  2
SOLID
 70
1
 71
0
 91
1
 92
3
 72
0
 73
1
 93
4
 10
568.0
 20
415.0
 10
587.0
 20
415.0
 10
587.0
 20
442.0
 10
568.0
 20
442.0
 97
0
 75
1
 76
1
 98
0
  0
LWPOLYLINE
  5
237
330
17
100
AcDbEntity
  8
A-LOCAL
100
AcDbPolyline
 90
4
 70
1
 10
568.0
 20
415.0
 10
587.0
 20
415.0
 10
587.0
 20
442.0
 10
568.0
 20
442.0
  0
HATCH
  5
238
330
17
100
AcDbEntity
  8
A-RELLENO
 62
7
420
15786435
100
AcDbHatch
 10
0.0
 20
0.0
 30
0.0
210
0.0
220
0.0
230
1.0
  2
SOLID
 70
1
 71
0
 91
1
 92
3
 72
0
 73
1
 93
4
 10
588.0
 20
415.0
 10
605.0
 20
415.0
 10
605.0
 20
442.0
 10
588.0
 20
442.0
 97
0
 75
1
 76
1
 98
0
  0
LWPOLYLINE
  5
239
330
17
100
AcDbEntity
  8
A-LOCAL
100
AcDbPolyline
 90
4
 70
1
 10
588.0
 20
415.0
 10
605.0
 20
415.0
 10
605.0
 20
442.0
 10
588.0
 20
442.0
  0
HATCH
  5
23A
330
17
100
AcDbEntity
  8
A-RELLENO
 62
7
420
15786435
100
AcDbHatch
 10
0.0
 20
0.0
 30
0.0
210
0.0
220
0.0
230
1.0
  2
SOLID
 70
1
 71
0
 91
1
 92
3
 72
0
 73
1
 93
4
 10
606.0
 20
415.0
 10
644.0
 20
415.0
 10
644.0
 20
442.0
 10
606.0
 20
442.0
 97
0
 75
1
 76
1
 98
0
  0
LWPOLYLINE
  5
23B
330
17
100
AcDbEntity
  8
A-LOCAL
100
AcDbPolyline
 90
4
 70
1
 10
606.0
 20
415.0
 10
644.0
 20
415.0
 10
644.0
 20
442.0
 10
606.0
 20
442.0
  0
HATCH
  5
23C
330
17
100
AcDbEntity
  8
A-RELLENO
 62
7
420
15786435
100
AcDbHatch
 10
0.0
 20
0.0
 30
0.0
210
0.0
220
0.0
230
1.0
  2
SOLID
 70
1
 71
0
 91
1
 92
3
 72
0
 73
1
 93
4
 10
536.0
 20
443.0
 10
575.0
 20
443.0
 10
575.0
 20
471.0
 10
536.0
 20
471.0
 97
0
 75
1
 76
1
 98
0
  0
LWPOLYLINE
  5
23D
330
17
100
AcDbEntity
  8
A-LOCAL
100
AcDbPolyline
 90
4
 70
1
 10
536.0
 20
443.0
 10
575.0
 20
443.0
 10
575.0
 20
471.0
 10
536.0
 20
471.0
  0
HATCH
  5
23E
330
17
100
AcDbEntity
  8
A-RELLENO
 62
7
420
15786435
100
AcDbHatch
 10
0.0
 20
0.0
 30
0.0
210
0.0
220
0.0
230
1.0
  2
SOLID
 70
1
 71
0
 91
1
 92
3
 72
0
 73
1
 93
4
 10
576.0
 20
443.0
 10
610.0
 20
443.0
 10
610.0
 20
471.0
 10
576.0
 20
471.0
 97
0
 75
1
 76
1
 98
0
  0
LWPOLYLINE
  5
23F
330
17
100
AcDbEntity
  8
A-LOCAL
100
AcDbPolyline
 90
4
 70
1
 10
576.0
 20
443.0
 10
610.0
 20
443.0
 10
610.0
 20
471.0
 10
576.0
 20
471.0
  0
HATCH
  5
240
330
17
100
AcDbEntity
  8
A-RELLENO
 62
7
420
15786435
100
AcDbHatch
 10
0.0
 20
0.0
 30
0.0
210
0.0
220
0.0
230
1.0
  2
SOLID
 70
1
 71
0
 91
1
 92
3
 72
0
 73
1
 93
4
 10
611.0
 20
443.0
 10
644.0
 20
443.0
 10
644.0
 20
471.0
 10
611.0
 20
471.0
 97
0
 75
1
 76
1
 98
0
  0
LWPOLYLINE
  5
241
330
17
100
AcDbEntity
  8
A-LOCAL
100
AcDbPolyline
 90
4
 70
1
 10
611.0
 20
443.0
 10
644.0
 20
443.0
 10
644.0
 20
471.0
 10
611.0
 20
471.0
  0
LINE
  5
242
330
17
100
AcDbEntity
  8
A-PASILLO
100
AcDbLine
 10
156.5
 20
473.5
 30
0.0
 11
753.5
 21
473.5
 31
0.0
  0
LINE
  5
243
330
17
100
AcDbEntity
  8
A-PASILLO
100
AcDbLine
 10
156.5
 20
485.5
 30
0.0
 11
753.5
 21
485.5
 31
0.0
  0
LINE
  5
244
330
17
100
AcDbEntity
  8
A-PASILLO
100
AcDbLine
 10
156.5
 20
473.5
 30
0.0
 11
156.5
 21
485.5
 31
0.0
  0
LINE
  5
245
330
17
100
AcDbEntity
  8
A-PASILLO
100
AcDbLine
 10
753.5
 20
473.5
 30
0.0
 11
753.5
 21
485.5
 31
0.0
  0
LINE
  5
246
330
17
100
AcDbEntity
  8
A-PASILLO
100
AcDbLine
 10
335.0
 20
628.5
 30
0.0
 11
516.0
 21
628.5
 31
0.0
  0
LINE
  5
247
330
17
100
AcDbEntity
  8
A-PASILLO
100
AcDbLine
 10
335.0
 20
650.5
 30
0.0
 11
516.0
 21
650.5
 31
0.0
  0
LINE
  5
248
330
17
100
AcDbEntity
  8
A-PASILLO
100
AcDbLine
 10
335.0
 20
628.5
 30
0.0
 11
335.0
 21
650.5
 31
0.0
  0
LINE
  5
249
330
17
100
AcDbEntity
  8
A-PASILLO
100
AcDbLine
 10
516.0
 20
628.5
 30
0.0
 11
516.0
 21
650.5
 31
0.0
  0
LINE
  5
24A
330
17
100
AcDbEntity
  8
A-PASILLO
100
AcDbLine
 10
218.0
 20
541.5
 30
0.0
 11
237.0
 21
541.5
 31
0.0
  0
LINE
  5
24B
330
17
100
AcDbEntity
  8
A-PASILLO
100
AcDbLine
 10
218.0
 20
650.5
 30
0.0
 11
237.0
 21
650.5
 31
0.0
  0
LINE
  5
24C
330
17
100
AcDbEntity
  8
A-PASILLO
100
AcDbLine
 10
218.0
 20
541.5
 30
0.0
 11
218.0
 21
650.5
 31
0.0
  0
LINE
  5
24D
330
17
100
AcDbEntity
  8
A-PASILLO
100
AcDbLine
 10
237.0
 20
541.5
 30
0.0
 11
237.0
 21
650.5
 31
0.0
  0
LINE
  5
24E
330
17
100
AcDbEntity
  8
A-PASILLO
100
AcDbLine
 10
335.0
 20
540.0
 30
0.0
 11
355.0
 21
540.0
 31
0.0
  0
LINE
  5
24F
330
17
100
AcDbEntity
  8
A-PASILLO
100
AcDbLine
 10
335.0
 20
628.5
 30
0.0
 11
355.0
 21
628.5
 31
0.0
  0
LINE
  5
250
330
17
100
AcDbEntity
  8
A-PASILLO
100
AcDbLine
 10
335.0
 20
540.0
 30
0.0
 11
335.0
 21
628.5
 31
0.0
  0
LINE
  5
251
330
17
100
AcDbEntity
  8
A-PASILLO
100
AcDbLine
 10
355.0
 20
540.0
 30
0.0
 11
355.0
 21
628.5
 31
0.0
  0
LINE
  5
252
330
17
100
AcDbEntity
  8
A-PASILLO
100
AcDbLine
 10
237.0
 20
634.0
 30
0.0
 11
293.0
 21
634.0
 31
0.0
  0
LINE
  5
253
330
17
100
AcDbEntity
  8
A-PASILLO
100
AcDbLine
 10
237.0
 20
650.5
 30
0.0
 11
293.0
 21
650.5
 31
0.0
  0
LINE
  5
254
330
17
100
AcDbEntity
  8
A-PASILLO
100
AcDbLine
 10
237.0
 20
634.0
 30
0.0
 11
237.0
 21
650.5
 31
0.0
  0
LINE
  5
255
330
17
100
AcDbEntity
  8
A-PASILLO
100
AcDbLine
 10
293.0
 20
634.0
 30
0.0
 11
293.0
 21
650.5
 31
0.0
  0
LINE
  5
256
330
17
100
AcDbEntity
  8
A-PASILLO
100
AcDbLine
 10
156.5
 20
521.5
 30
0.0
 11
335.0
 21
521.5
 31
0.0
  0
LINE
  5
257
330
17
100
AcDbEntity
  8
A-PASILLO
100
AcDbLine
 10
156.5
 20
540.0
 30
0.0
 11
335.0
 21
540.0
 31
0.0
  0
LINE
  5
258
330
17
100
AcDbEntity
  8
A-PASILLO
100
AcDbLine
 10
156.5
 20
521.5
 30
0.0
 11
156.5
 21
540.0
 31
0.0
  0
LINE
  5
259
330
17
100
AcDbEntity
  8
A-PASILLO
100
AcDbLine
 10
335.0
 20
521.5
 30
0.0
 11
335.0
 21
540.0
 31
0.0
  0
LINE
  5
25A
330
17
100
AcDbEntity
  8
A-PASILLO
100
AcDbLine
 10
356.0
 20
485.5
 30
0.0
 11
362.0
 21
485.5
 31
0.0
  0
LINE
  5
25B
330
17
100
AcDbEntity
  8
A-PASILLO
100
AcDbLine
 10
356.0
 20
619.0
 30
0.0
 11
362.0
 21
619.0
 31
0.0
  0
LINE
  5
25C
330
17
100
AcDbEntity
  8
A-PASILLO
100
AcDbLine
 10
356.0
 20
485.5
 30
0.0
 11
356.0
 21
619.0
 31
0.0
  0
LINE
  5
25D
330
17
100
AcDbEntity
  8
A-PASILLO
100
AcDbLine
 10
362.0
 20
485.5
 30
0.0
 11
362.0
 21
619.0
 31
0.0
  0
LINE
  5
25E
330
17
100
AcDbEntity
  8
A-PASILLO
100
AcDbLine
 10
419.0
 20
485.5
 30
0.0
 11
425.0
 21
485.5
 31
0.0
  0
LINE
  5
25F
330
17
100
AcDbEntity
  8
A-PASILLO
100
AcDbLine
 10
419.0
 20
604.0
 30
0.0
 11
425.0
 21
604.0
 31
0.0
  0
LINE
  5
260
330
17
100
AcDbEntity
  8
A-PASILLO
100
AcDbLine
 10
419.0
 20
485.5
 30
0.0
 11
419.0
 21
604.0
 31
0.0
  0
LINE
  5
261
330
17
100
AcDbEntity
  8
A-PASILLO
100
AcDbLine
 10
425.0
 20
485.5
 30
0.0
 11
425.0
 21
604.0
 31
0.0
  0
LINE
  5
262
330
17
100
AcDbEntity
  8
A-PASILLO
100
AcDbLine
 10
484.0
 20
485.5
 30
0.0
 11
490.0
 21
485.5
 31
0.0
  0
LINE
  5
263
330
17
100
AcDbEntity
  8
A-PASILLO
100
AcDbLine
 10
484.0
 20
593.0
 30
0.0
 11
490.0
 21
593.0
 31
0.0
  0
LINE
  5
264
330
17
100
AcDbEntity
  8
A-PASILLO
100
AcDbLine
 10
484.0
 20
485.5
 30
0.0
 11
484.0
 21
593.0
 31
0.0
  0
LINE
  5
265
330
17
100
AcDbEntity
  8
A-PASILLO
100
AcDbLine
 10
490.0
 20
485.5
 30
0.0
 11
490.0
 21
593.0
 31
0.0
  0
LINE
  5
266
330
17
100
AcDbEntity
  8
A-PASILLO
100
AcDbLine
 10
575.5
 20
485.5
 30
0.0
 11
581.5
 21
485.5
 31
0.0
  0
LINE
  5
267
330
17
100
AcDbEntity
  8
A-PASILLO
100
AcDbLine
 10
575.5
 20
582.0
 30
0.0
 11
581.5
 21
582.0
 31
0.0
  0
LINE
  5
268
330
17
100
AcDbEntity
  8
A-PASILLO
100
AcDbLine
 10
575.5
 20
485.5
 30
0.0
 11
575.5
 21
582.0
 31
0.0
  0
LINE
  5
269
330
17
100
AcDbEntity
  8
A-PASILLO
100
AcDbLine
 10
581.5
 20
485.5
 30
0.0
 11
581.5
 21
582.0
 31
0.0
  0
LINE
  5
26A
330
17
100
AcDbEntity
  8
A-PASILLO
100
AcDbLine
 10
581.5
 20
576.0
 30
0.0
 11
685.0
 21
576.0
 31
0.0
  0
LINE
  5
26B
330
17
100
AcDbEntity
  8
A-PASILLO
100
AcDbLine
 10
581.5
 20
582.0
 30
0.0
 11
685.0
 21
582.0
 31
0.0
  0
LINE
  5
26C
330
17
100
AcDbEntity
  8
A-PASILLO
100
AcDbLine
 10
581.5
 20
576.0
 30
0.0
 11
581.5
 21
582.0
 31
0.0
  0
LINE
  5
26D
330
17
100
AcDbEntity
  8
A-PASILLO
100
AcDbLine
 10
685.0
 20
576.0
 30
0.0
 11
685.0
 21
582.0
 31
0.0
  0
LINE
  5
26E
330
17
100
AcDbEntity
  8
A-PASILLO
100
AcDbLine
 10
685.0
 20
532.0
 30
0.0
 11
702.5
 21
532.0
 31
0.0
  0
LINE
  5
26F
330
17
100
AcDbEntity
  8
A-PASILLO
100
AcDbLine
 10
685.0
 20
650.5
 30
0.0
 11
702.5
 21
650.5
 31
0.0
  0
LINE
  5
270
330
17
100
AcDbEntity
  8
A-PASILLO
100
AcDbLine
 10
685.0
 20
532.0
 30
0.0
 11
685.0
 21
650.5
 31
0.0
  0
LINE
  5
271
330
17
100
AcDbEntity
  8
A-PASILLO
100
AcDbLine
 10
702.5
 20
532.0
 30
0.0
 11
702.5
 21
650.5
 31
0.0
  0
LINE
  5
272
330
17
100
AcDbEntity
  8
A-PASILLO
100
AcDbLine
 10
713.5
 20
557.0
 30
0.0
 11
731.0
 21
557.0
 31
0.0
  0
LINE
  5
273
330
17
100
AcDbEntity
  8
A-PASILLO
100
AcDbLine
 10
713.5
 20
650.5
 30
0.0
 11
731.0
 21
650.5
 31
0.0
  0
LINE
  5
274
330
17
100
AcDbEntity
  8
A-PASILLO
100
AcDbLine
 10
713.5
 20
557.0
 30
0.0
 11
713.5
 21
650.5
 31
0.0
  0
LINE
  5
275
330
17
100
AcDbEntity
  8
A-PASILLO
100
AcDbLine
 10
731.0
 20
557.0
 30
0.0
 11
731.0
 21
650.5
 31
0.0
  0
LINE
  5
276
330
17
100
AcDbEntity
  8
A-PASILLO
100
AcDbLine
 10
616.0
 20
515.0
 30
0.0
 11
753.5
 21
515.0
 31
0.0
  0
LINE
  5
277
330
17
100
AcDbEntity
  8
A-PASILLO
100
AcDbLine
 10
616.0
 20
531.0
 30
0.0
 11
753.5
 21
531.0
 31
0.0
  0
LINE
  5
278
330
17
100
AcDbEntity
  8
A-PASILLO
100
AcDbLine
 10
616.0
 20
515.0
 30
0.0
 11
616.0
 21
531.0
 31
0.0
  0
LINE
  5
279
330
17
100
AcDbEntity
  8
A-PASILLO
100
AcDbLine
 10
753.5
 20
515.0
 30
0.0
 11
753.5
 21
531.0
 31
0.0
  0
HATCH
  5
27A
330
17
100
AcDbEntity
  8
A-SENDA
 62
7
420
14132480
100
AcDbHatch
 10
0.0
 20
0.0
 30
0.0
210
0.0
220
0.0
230
1.0
  2
SOLID
 70
1
 71
0
 91
1
 92
3
 72
0
 73
1
 93
4
 10
335.0
 20
584.0
 10
337.0
 20
584.0
 10
337.0
 20
590.0
 10
335.0
 20
590.0
 97
0
 75
1
 76
1
 98
0
  0
HATCH
  5
27B
330
17
100
AcDbEntity
  8
A-SENDA
 62
7
420
14132480
100
AcDbHatch
 10
0.0
 20
0.0
 30
0.0
210
0.0
220
0.0
230
1.0
  2
SOLID
 70
1
 71
0
 91
1
 92
3
 72
0
 73
1
 93
4
 10
339.0
 20
584.0
 10
341.0
 20
584.0
 10
341.0
 20
590.0
 10
339.0
 20
590.0
 97
0
 75
1
 76
1
 98
0
  0
HATCH
  5
27C
330
17
100
AcDbEntity
  8
A-SENDA
 62
7
420
14132480
100
AcDbHatch
 10
0.0
 20
0.0
 30
0.0
210
0.0
220
0.0
230
1.0
  2
SOLID
 70
1
 71
0
 91
1
 92
3
 72
0
 73
1
 93
4
 10
343.0
 20
584.0
 10
344.99999999999994
 20
584.0
 10
344.99999999999994
 20
590.0
 10
343.0
 20
590.0
 97
0
 75
1
 76
1
 98
0
  0
HATCH
  5
27D
330
17
100
AcDbEntity
  8
A-SENDA
 62
7
420
14132480
100
AcDbHatch
 10
0.0
 20
0.0
 30
0.0
210
0.0
220
0.0
230
1.0
  2
SOLID
 70
1
 71
0
 91
1
 92
3
 72
0
 73
1
 93
4
 10
346.99999999999994
 20
584.0
 10
348.99999999999994
 20
584.0
 10
348.99999999999994
 20
590.0
 10
346.99999999999994
 20
590.0
 97
0
 75
1
 76
1
 98
0
  0
HATCH
  5
27E
330
17
100
AcDbEntity
  8
A-SENDA
 62
7
420
14132480
100
AcDbHatch
 10
0.0
 20
0.0
 30
0.0
210
0.0
220
0.0
230
1.0
  2
SOLID
 70
1
 71
0
 91
1
 92
3
 72
0
 73
1
 93
4
 10
350.99999999999994
 20
584.0
 10
352.99999999999994
 20
584.0
 10
352.99999999999994
 20
590.0
 10
350.99999999999994
 20
590.0
 97
0
 75
1
 76
1
 98
0
  0
TEXT
  5
27F
330
17
100
AcDbEntity
  8
A-TEXTO
100
AcDbText
 10
345.0
 20
594.0
 30
0.0
 40
1.6
  1
SP-1
  7
ISO3098
 72
1
 11
345.0
 21
594.0
 31
0.0
100
AcDbText
 73
2
  0
HATCH
  5
280
330
17
100
AcDbEntity
  8
A-SENDA
 62
7
420
14132480
100
AcDbHatch
 10
0.0
 20
0.0
 30
0.0
210
0.0
220
0.0
230
1.0
  2
SOLID
 70
1
 71
0
 91
1
 92
3
 72
0
 73
1
 93
4
 10
335.0
 20
603.5
 10
337.0
 20
603.5
 10
337.0
 20
608.5
 10
335.0
 20
608.5
 97
0
 75
1
 76
1
 98
0
  0
HATCH
  5
281
330
17
100
AcDbEntity
  8
A-SENDA
 62
7
420
14132480
100
AcDbHatch
 10
0.0
 20
0.0
 30
0.0
210
0.0
220
0.0
230
1.0
  2
SOLID
 70
1
 71
0
 91
1
 92
3
 72
0
 73
1
 93
4
 10
339.0
 20
603.5
 10
341.0
 20
603.5
 10
341.0
 20
608.5
 10
339.0
 20
608.5
 97
0
 75
1
 76
1
 98
0
  0
HATCH
  5
282
330
17
100
AcDbEntity
  8
A-SENDA
 62
7
420
14132480
100
AcDbHatch
 10
0.0
 20
0.0
 30
0.0
210
0.0
220
0.0
230
1.0
  2
SOLID
 70
1
 71
0
 91
1
 92
3
 72
0
 73
1
 93
4
 10
343.0
 20
603.5
 10
344.99999999999994
 20
603.5
 10
344.99999999999994
 20
608.5
 10
343.0
 20
608.5
 97
0
 75
1
 76
1
 98
0
  0
HATCH
  5
283
330
17
100
AcDbEntity
  8
A-SENDA
 62
7
420
14132480
100
AcDbHatch
 10
0.0
 20
0.0
 30
0.0
210
0.0
220
0.0
230
1.0
  2
SOLID
 70
1
 71
0
 91
1
 92
3
 72
0
 73
1
 93
4
 10
346.99999999999994
 20
603.5
 10
348.99999999999994
 20
603.5
 10
348.99999999999994
 20
608.5
 10
346.99999999999994
 20
608.5
 97
0
 75
1
 76
1
 98
0
  0
HATCH
  5
284
330
17
100
AcDbEntity
  8
A-SENDA
 62
7
420
14132480
100
AcDbHatch
 10
0.0
 20
0.0
 30
0.0
210
0.0
220
0.0
230
1.0
  2
SOLID
 70
1
 71
0
 91
1
 92
3
 72
0
 73
1
 93
4
 10
350.99999999999994
 20
603.5
 10
352.99999999999994
 20
603.5
 10
352.99999999999994
 20
608.5
 10
350.99999999999994
 20
608.5
 97
0
 75
1
 76
1
 98
0
  0
TEXT
  5
285
330
17
100
AcDbEntity
  8
A-TEXTO
100
AcDbText
 10
345.0
 20
612.5
 30
0.0
 40
1.6
  1
SP-2
  7
ISO3098
 72
1
 11
345.0
 21
612.5
 31
0.0
100
AcDbText
 73
2
  0
LWPOLYLINE
  5
286
330
17
100
AcDbEntity
  8
A-EQUIPO-FINO
100
AcDbPolyline
 90
4
 70
1
 10
208.0
 20
594.0
 10
215.5
 20
594.0
 10
215.5
 20
601.5
 10
208.0
 20
601.5
  0
TEXT
  5
287
330
17
100
AcDbEntity
  8
A-TEXTO
100
AcDbText
 10
211.75
 20
597.75
 30
0.0
 40
1.2
  1
M01
  7
ISO3098
 72
1
 11
211.75
 21
597.75
 31
0.0
100
AcDbText
 73
2
  0
LWPOLYLINE
  5
288
330
17
100
AcDbEntity
  8
A-EQUIPO-FINO
100
AcDbPolyline
 90
4
 70
1
 10
238.0
 20
542.5
 10
245.5
 20
542.5
 10
245.5
 20
557.5
 10
238.0
 20
557.5
  0
TEXT
  5
289
330
17
100
AcDbEntity
  8
A-TEXTO
100
AcDbText
 10
241.75
 20
550.0
 30
0.0
 40
1.2
  1
M02
 50
90.0
  7
ISO3098
 72
1
 11
241.75
 21
550.0
 31
0.0
100
AcDbText
 73
2
  0
LWPOLYLINE
  5
28A
330
17
100
AcDbEntity
  8
A-EQUIPO-FINO
100
AcDbPolyline
 90
4
 70
1
 10
246.0
 20
542.0
 10
256.0
 20
542.0
 10
256.0
 20
558.0
 10
246.0
 20
558.0
  0
TEXT
  5
28B
330
17
100
AcDbEntity
  8
A-TEXTO
100
AcDbText
 10
251.0
 20
550.0
 30
0.0
 40
1.2
  1
M03
  7
ISO3098
 72
1
 11
251.0
 21
550.0
 31
0.0
100
AcDbText
 73
2
  0
LWPOLYLINE
  5
28C
330
17
100
AcDbEntity
  8
A-EQUIPO-FINO
100
AcDbPolyline
 90
4
 70
1
 10
256.5
 20
541.75
 10
268.0
 20
541.75
 10
268.0
 20
562.75
 10
256.5
 20
562.75
  0
TEXT
  5
28D
330
17
100
AcDbEntity
  8
A-TEXTO
100
AcDbText
 10
262.25
 20
552.25
 30
0.0
 40
1.2
  1
M04
 50
90.0
  7
ISO3098
 72
1
 11
262.25
 21
552.25
 31
0.0
100
AcDbText
 73
2
  0
LWPOLYLINE
  5
28E
330
17
100
AcDbEntity
  8
A-EQUIPO-FINO
100
AcDbPolyline
 90
4
 70
1
 10
269.0
 20
543.0
 10
284.0
 20
543.0
 10
284.0
 20
556.0
 10
269.0
 20
556.0
  0
TEXT
  5
28F
330
17
100
AcDbEntity
  8
A-TEXTO
100
AcDbText
 10
276.5
 20
549.5
 30
0.0
 40
1.2
  1
M05
  7
ISO3098
 72
1
 11
276.5
 21
549.5
 31
0.0
100
AcDbText
 73
2
  0
LWPOLYLINE
  5
290
330
17
100
AcDbEntity
  8
A-EQUIPO-FINO
100
AcDbPolyline
 90
4
 70
1
 10
249.0
 20
565.0
 10
253.0
 20
565.0
 10
253.0
 20
599.25
 10
249.0
 20
599.25
  0
TEXT
  5
291
330
17
100
AcDbEntity
  8
A-TEXTO
100
AcDbText
 10
251.0
 20
582.125
 30
0.0
 40
1.2
  1
M15
 50
90.0
  7
ISO3098
 72
1
 11
251.0
 21
582.125
 31
0.0
100
AcDbText
 73
2
  0
LWPOLYLINE
  5
292
330
17
100
AcDbEntity
  8
A-EQUIPO-FINO
100
AcDbPolyline
 90
4
 70
1
 10
259.0
 20
565.0
 10
263.0
 20
565.0
 10
263.0
 20
599.25
 10
259.0
 20
599.25
  0
TEXT
  5
293
330
17
100
AcDbEntity
  8
A-TEXTO
100
AcDbText
 10
261.0
 20
582.125
 30
0.0
 40
1.2
  1
M16
 50
90.0
  7
ISO3098
 72
1
 11
261.0
 21
582.125
 31
0.0
100
AcDbText
 73
2
  0
LWPOLYLINE
  5
294
330
17
100
AcDbEntity
  8
A-EQUIPO-FINO
100
AcDbPolyline
 90
4
 70
1
 10
248.0
 20
599.75
 10
266.0
 20
599.75
 10
266.0
 20
603.75
 10
248.0
 20
603.75
  0
LINE
  5
295
330
17
100
AcDbEntity
  8
A-EQUIPO-FINO
100
AcDbLine
 10
248.0
 20
599.75
 30
0.0
 11
266.0
 21
603.75
 31
0.0
  0
LINE
  5
296
330
17
100
AcDbEntity
  8
A-EQUIPO-FINO
100
AcDbLine
 10
248.0
 20
603.75
 30
0.0
 11
266.0
 21
599.75
 31
0.0
  0
TEXT
  5
297
330
17
100
AcDbEntity
  8
A-TEXTO
100
AcDbText
 10
257.0
 20
601.75
 30
0.0
 40
1.2
  1
M17
  7
ISO3098
 72
1
 11
257.0
 21
601.75
 31
0.0
100
AcDbText
 73
2
  0
LWPOLYLINE
  5
298
330
17
100
AcDbEntity
  8
A-EQUIPO-FINO
100
AcDbPolyline
 90
4
 70
1
 10
275.0
 20
576.0
 10
287.0
 20
576.0
 10
287.0
 20
582.0
 10
275.0
 20
582.0
  0
TEXT
  5
299
330
17
100
AcDbEntity
  8
A-TEXTO
100
AcDbText
 10
281.0
 20
579.0
 30
0.0
 40
1.2
  1
M13
  7
ISO3098
 72
1
 11
281.0
 21
579.0
 31
0.0
100
AcDbText
 73
2
  0
LWPOLYLINE
  5
29A
330
17
100
AcDbEntity
  8
A-EQUIPO-FINO
100
AcDbPolyline
 90
4
 70
1
 10
238.0
 20
610.0
 10
250.0
 20
610.0
 10
250.0
 20
620.0
 10
238.0
 20
620.0
  0
TEXT
  5
29B
330
17
100
AcDbEntity
  8
A-TEXTO
100
AcDbText
 10
244.0
 20
615.0
 30
0.0
 40
1.2
  1
M06
  7
ISO3098
 72
1
 11
244.0
 21
615.0
 31
0.0
100
AcDbText
 73
2
  0
LWPOLYLINE
  5
29C
330
17
100
AcDbEntity
  8
A-EQUIPO-FINO
100
AcDbPolyline
 90
4
 70
1
 10
250.5
 20
612.0
 10
257.5
 20
612.0
 10
257.5
 20
618.0
 10
250.5
 20
618.0
  0
TEXT
  5
29D
330
17
100
AcDbEntity
  8
A-TEXTO
100
AcDbText
 10
254.0
 20
615.0
 30
0.0
 40
1.2
  1
M07
  7
ISO3098
 72
1
 11
254.0
 21
615.0
 31
0.0
100
AcDbText
 73
2
  0
LWPOLYLINE
  5
29E
330
17
100
AcDbEntity
  8
A-EQUIPO-FINO
100
AcDbPolyline
 90
4
 70
1
 10
258.5
 20
610.0
 10
273.5
 20
610.0
 10
273.5
 20
623.0
 10
258.5
 20
623.0
  0
TEXT
  5
29F
330
17
100
AcDbEntity
  8
A-TEXTO
100
AcDbText
 10
266.0
 20
616.5
 30
0.0
 40
1.2
  1
M08
  7
ISO3098
 72
1
 11
266.0
 21
616.5
 31
0.0
100
AcDbText
 73
2
  0
LWPOLYLINE
  5
2A0
330
17
100
AcDbEntity
  8
A-EQUIPO-FINO
100
AcDbPolyline
 90
4
 70
1
 10
277.0
 20
619.0
 10
283.0
 20
619.0
 10
283.0
 20
624.0
 10
277.0
 20
624.0
  0
TEXT
  5
2A1
330
17
100
AcDbEntity
  8
A-TEXTO
100
AcDbText
 10
280.0
 20
621.5
 30
0.0
 40
1.2
  1
M09
  7
ISO3098
 72
1
 11
280.0
 21
621.5
 31
0.0
100
AcDbText
 73
2
  0
LWPOLYLINE
  5
2A2
330
17
100
AcDbEntity
  8
A-EQUIPO-FINO
100
AcDbPolyline
 90
4
 70
1
 10
277.0
 20
610.5
 10
283.0
 20
610.5
 10
283.0
 20
615.5
 10
277.0
 20
615.5
  0
TEXT
  5
2A3
330
17
100
AcDbEntity
  8
A-TEXTO
100
AcDbText
 10
280.0
 20
613.0
 30
0.0
 40
1.2
  1
M10
  7
ISO3098
 72
1
 11
280.0
 21
613.0
 31
0.0
100
AcDbText
 73
2
  0
LWPOLYLINE
  5
2A4
330
17
100
AcDbEntity
  8
A-EQUIPO-FINO
100
AcDbPolyline
 90
4
 70
1
 10
286.0
 20
618.5
 10
294.0
 20
618.5
 10
294.0
 20
624.5
 10
286.0
 20
624.5
  0
TEXT
  5
2A5
330
17
100
AcDbEntity
  8
A-TEXTO
100
AcDbText
 10
290.0
 20
621.5
 30
0.0
 40
1.2
  1
M11
  7
ISO3098
 72
1
 11
290.0
 21
621.5
 31
0.0
100
AcDbText
 73
2
  0
LWPOLYLINE
  5
2A6
330
17
100
AcDbEntity
  8
A-EQUIPO-FINO
100
AcDbPolyline
 90
4
 70
1
 10
286.0
 20
610.0
 10
294.0
 20
610.0
 10
294.0
 20
616.0
 10
286.0
 20
616.0
  0
TEXT
  5
2A7
330
17
100
AcDbEntity
  8
A-TEXTO
100
AcDbText
 10
290.0
 20
613.0
 30
0.0
 40
1.2
  1
M12
  7
ISO3098
 72
1
 11
290.0
 21
613.0
 31
0.0
100
AcDbText
 73
2
  0
LWPOLYLINE
  5
2A8
330
17
100
AcDbEntity
  8
A-EQUIPO-FINO
100
AcDbPolyline
 90
4
 70
1
 10
308.0
 20
495.0
 10
330.5
 20
495.0
 10
330.5
 20
502.0
 10
308.0
 20
502.0
  0
TEXT
  5
2A9
330
17
100
AcDbEntity
  8
A-TEXTO
100
AcDbText
 10
319.25
 20
498.5
 30
0.0
 40
1.2
  1
C01
  7
ISO3098
 72
1
 11
319.25
 21
498.5
 31
0.0
100
AcDbText
 73
2
  0
LWPOLYLINE
  5
2AA
330
17
100
AcDbEntity
  8
A-EQUIPO-FINO
100
AcDbPolyline
 90
4
 70
1
 10
289.0
 20
494.5
 10
301.5
 20
494.5
 10
301.5
 20
502.0
 10
289.0
 20
502.0
  0
TEXT
  5
2AB
330
17
100
AcDbEntity
  8
A-TEXTO
100
AcDbText
 10
295.25
 20
498.25
 30
0.0
 40
1.2
  1
C02
  7
ISO3098
 72
1
 11
295.25
 21
498.25
 31
0.0
100
AcDbText
 73
2
  0
LWPOLYLINE
  5
2AC
330
17
100
AcDbEntity
  8
A-EQUIPO-FINO
100
AcDbPolyline
 90
4
 70
1
 10
273.0
 20
494.5
 10
285.5
 20
494.5
 10
285.5
 20
502.0
 10
273.0
 20
502.0
  0
TEXT
  5
2AD
330
17
100
AcDbEntity
  8
A-TEXTO
100
AcDbText
 10
279.25
 20
498.25
 30
0.0
 40
1.2
  1
C03
  7
ISO3098
 72
1
 11
279.25
 21
498.25
 31
0.0
100
AcDbText
 73
2
  0
LWPOLYLINE
  5
2AE
330
17
100
AcDbEntity
  8
A-EQUIPO-FINO
100
AcDbPolyline
 90
4
 70
1
 10
252.0
 20
493.5
 10
267.0
 20
493.5
 10
267.0
 20
503.5
 10
252.0
 20
503.5
  0
TEXT
  5
2AF
330
17
100
AcDbEntity
  8
A-TEXTO
100
AcDbText
 10
259.5
 20
498.5
 30
0.0
 40
1.2
  1
C04
  7
ISO3098
 72
1
 11
259.5
 21
498.5
 31
0.0
100
AcDbText
 73
2
  0
LWPOLYLINE
  5
2B0
330
17
100
AcDbEntity
  8
A-EQUIPO-FINO
100
AcDbPolyline
 90
4
 70
1
 10
231.0
 20
494.0
 10
246.0
 20
494.0
 10
246.0
 20
503.0
 10
231.0
 20
503.0
  0
TEXT
  5
2B1
330
17
100
AcDbEntity
  8
A-TEXTO
100
AcDbText
 10
238.5
 20
498.5
 30
0.0
 40
1.2
  1
C05
  7
ISO3098
 72
1
 11
238.5
 21
498.5
 31
0.0
100
AcDbText
 73
2
  0
LWPOLYLINE
  5
2B2
330
17
100
AcDbEntity
  8
A-EQUIPO-FINO
100
AcDbPolyline
 90
4
 70
1
 10
214.0
 20
494.5
 10
226.5
 20
494.5
 10
226.5
 20
502.0
 10
214.0
 20
502.0
  0
TEXT
  5
2B3
330
17
100
AcDbEntity
  8
A-TEXTO
100
AcDbText
 10
220.25
 20
498.25
 30
0.0
 40
1.2
  1
C06
  7
ISO3098
 72
1
 11
220.25
 21
498.25
 31
0.0
100
AcDbText
 73
2
  0
LWPOLYLINE
  5
2B4
330
17
100
AcDbEntity
  8
A-EQUIPO-FINO
100
AcDbPolyline
 90
4
 70
1
 10
192.0
 20
492.0
 10
210.0
 20
492.0
 10
210.0
 20
505.0
 10
192.0
 20
505.0
  0
TEXT
  5
2B5
330
17
100
AcDbEntity
  8
A-TEXTO
100
AcDbText
 10
201.0
 20
498.5
 30
0.0
 40
1.2
  1
C07
  7
ISO3098
 72
1
 11
201.0
 21
498.5
 31
0.0
100
AcDbText
 73
2
  0
LWPOLYLINE
  5
2B6
330
17
100
AcDbEntity
  8
A-EQUIPO-FINO
100
AcDbPolyline
 90
4
 70
1
 10
180.0
 20
494.5
 10
187.5
 20
494.5
 10
187.5
 20
499.5
 10
180.0
 20
499.5
  0
TEXT
  5
2B7
330
17
100
AcDbEntity
  8
A-TEXTO
100
AcDbText
 10
183.75
 20
497.0
 30
0.0
 40
1.2
  1
C08
  7
ISO3098
 72
1
 11
183.75
 21
497.0
 31
0.0
100
AcDbText
 73
2
  0
LWPOLYLINE
  5
2B8
330
17
100
AcDbEntity
  8
A-EQUIPO-FINO
100
AcDbPolyline
 90
4
 70
1
 10
273.0
 20
507.0
 10
285.5
 20
507.0
 10
285.5
 20
513.0
 10
273.0
 20
513.0
  0
TEXT
  5
2B9
330
17
100
AcDbEntity
  8
A-TEXTO
100
AcDbText
 10
279.25
 20
510.0
 30
0.0
 40
1.2
  1
C09
  7
ISO3098
 72
1
 11
279.25
 21
510.0
 31
0.0
100
AcDbText
 73
2
  0
CIRCLE
  5
2BA
330
17
100
AcDbEntity
  8
A-EQUIPO-FINO
100
AcDbCircle
 10
251.5
 20
509.5
 30
0.0
 40
1.5000000000000036
  0
CIRCLE
  5
2BB
330
17
100
AcDbEntity
  8
A-EQUIPO-FINO
100
AcDbCircle
 10
251.5
 20
509.5
 30
0.0
 40
20.0
  0
TEXT
  5
2BC
330
17
100
AcDbEntity
  8
A-TEXTO
100
AcDbText
 10
251.5
 20
509.5
 30
0.0
 40
1.2
  1
C10
  7
ISO3098
 72
1
 11
251.5
 21
509.5
 31
0.0
100
AcDbText
 73
2
  0
CIRCLE
  5
2BD
330
17
100
AcDbEntity
  8
A-EQUIPO-FINO
100
AcDbCircle
 10
201.5
 20
509.5
 30
0.0
 40
1.4999999999999991
  0
CIRCLE
  5
2BE
330
17
100
AcDbEntity
  8
A-EQUIPO-FINO
100
AcDbCircle
 10
201.5
 20
509.5
 30
0.0
 40
20.0
  0
TEXT
  5
2BF
330
17
100
AcDbEntity
  8
A-TEXTO
100
AcDbText
 10
201.5
 20
509.5
 30
0.0
 40
1.2
  1
C11
  7
ISO3098
 72
1
 11
201.5
 21
509.5
 31
0.0
100
AcDbText
 73
2
  0
LWPOLYLINE
  5
2C0
330
17
100
AcDbEntity
  8
A-EQUIPO-FINO
100
AcDbPolyline
 90
4
 70
1
 10
158.0
 20
488.0
 10
176.0
 20
488.0
 10
176.0
 20
519.0
 10
158.0
 20
519.0
  0
LINE
  5
2C1
330
17
100
AcDbEntity
  8
A-EQUIPO-FINO
100
AcDbLine
 10
158.0
 20
488.0
 30
0.0
 11
176.0
 21
519.0
 31
0.0
  0
LINE
  5
2C2
330
17
100
AcDbEntity
  8
A-EQUIPO-FINO
100
AcDbLine
 10
158.0
 20
519.0
 30
0.0
 11
176.0
 21
488.0
 31
0.0
  0
TEXT
  5
2C3
330
17
100
AcDbEntity
  8
A-TEXTO
100
AcDbText
 10
167.0
 20
503.5
 30
0.0
 40
1.2
  1
C12
  7
ISO3098
 72
1
 11
167.0
 21
503.5
 31
0.0
100
AcDbText
 73
2
  0
LWPOLYLINE
  5
2C4
330
17
100
AcDbEntity
  8
A-EQUIPO-FINO
100
AcDbPolyline
 90
4
 70
1
 10
363.0
 20
609.0
 10
375.0
 20
609.0
 10
375.0
 20
627.0
 10
363.0
 20
627.0
  0
LINE
  5
2C5
330
17
100
AcDbEntity
  8
A-EQUIPO-FINO
100
AcDbLine
 10
363.0
 20
609.0
 30
0.0
 11
375.0
 21
627.0
 31
0.0
  0
LINE
  5
2C6
330
17
100
AcDbEntity
  8
A-EQUIPO-FINO
100
AcDbLine
 10
363.0
 20
627.0
 30
0.0
 11
375.0
 21
609.0
 31
0.0
  0
TEXT
  5
2C7
330
17
100
AcDbEntity
  8
A-TEXTO
100
AcDbText
 10
369.0
 20
618.0
 30
0.0
 40
1.2
  1
A00
  7
ISO3098
 72
1
 11
369.0
 21
618.0
 31
0.0
100
AcDbText
 73
2
  0
LWPOLYLINE
  5
2C8
330
17
100
AcDbEntity
  8
A-EQUIPO-FINO
100
AcDbPolyline
 90
4
 70
1
 10
364.0
 20
600.0
 10
370.0
 20
600.0
 10
370.0
 20
604.0
 10
364.0
 20
604.0
  0
TEXT
  5
2C9
330
17
100
AcDbEntity
  8
A-TEXTO
100
AcDbText
 10
367.0
 20
602.0
 30
0.0
 40
1.2
  1
A03
  7
ISO3098
 72
1
 11
367.0
 21
602.0
 31
0.0
100
AcDbText
 73
2
  0
LWPOLYLINE
  5
2CA
330
17
100
AcDbEntity
  8
A-EQUIPO-FINO
100
AcDbPolyline
 90
4
 70
1
 10
364.0
 20
588.0
 10
370.0
 20
588.0
 10
370.0
 20
593.0
 10
364.0
 20
593.0
  0
TEXT
  5
2CB
330
17
100
AcDbEntity
  8
A-TEXTO
100
AcDbText
 10
367.0
 20
590.5
 30
0.0
 40
1.2
  1
A04
  7
ISO3098
 72
1
 11
367.0
 21
590.5
 31
0.0
100
AcDbText
 73
2
  0
LWPOLYLINE
  5
2CC
330
17
100
AcDbEntity
  8
A-EQUIPO-FINO
100
AcDbPolyline
 90
4
 70
1
 10
364.0
 20
578.0
 10
370.0
 20
578.0
 10
370.0
 20
583.0
 10
364.0
 20
583.0
  0
TEXT
  5
2CD
330
17
100
AcDbEntity
  8
A-TEXTO
100
AcDbText
 10
367.0
 20
580.5
 30
0.0
 40
1.2
  1
A05
  7
ISO3098
 72
1
 11
367.0
 21
580.5
 31
0.0
100
AcDbText
 73
2
  0
LWPOLYLINE
  5
2CE
330
17
100
AcDbEntity
  8
A-EQUIPO-FINO
100
AcDbPolyline
 90
4
 70
1
 10
364.0
 20
538.0
 10
370.99999999999994
 20
538.0
 10
370.99999999999994
 20
573.0
 10
364.0
 20
573.0
  0
LINE
  5
2CF
330
17
100
AcDbEntity
  8
A-EQUIPO-FINO
100
AcDbLine
 10
364.0
 20
538.0
 30
0.0
 11
370.99999999999994
 21
573.0
 31
0.0
  0
LINE
  5
2D0
330
17
100
AcDbEntity
  8
A-EQUIPO-FINO
100
AcDbLine
 10
364.0
 20
573.0
 30
0.0
 11
370.99999999999994
 21
538.0
 31
0.0
  0
TEXT
  5
2D1
330
17
100
AcDbEntity
  8
A-TEXTO
100
AcDbText
 10
367.5
 20
555.5
 30
0.0
 40
1.2
  1
A09
 50
90.0
  7
ISO3098
 72
1
 11
367.5
 21
555.5
 31
0.0
100
AcDbText
 73
2
  0
LWPOLYLINE
  5
2D2
330
17
100
AcDbEntity
  8
A-EQUIPO-FINO
100
AcDbPolyline
 90
4
 70
1
 10
409.5
 20
539.0
 10
417.5
 20
539.0
 10
417.5
 20
549.0
 10
409.5
 20
549.0
  0
TEXT
  5
2D3
330
17
100
AcDbEntity
  8
A-TEXTO
100
AcDbText
 10
413.5
 20
544.0
 30
0.0
 40
1.2
  1
A06
  7
ISO3098
 72
1
 11
413.5
 21
544.0
 31
0.0
100
AcDbText
 73
2
  0
LWPOLYLINE
  5
2D4
330
17
100
AcDbEntity
  8
A-EQUIPO-FINO
100
AcDbPolyline
 90
4
 70
1
 10
409.5
 20
553.0
 10
417.0
 20
553.0
 10
417.0
 20
568.0
 10
409.5
 20
568.0
  0
TEXT
  5
2D5
330
17
100
AcDbEntity
  8
A-TEXTO
100
AcDbText
 10
413.25
 20
560.5
 30
0.0
 40
1.2
  1
A07
 50
90.0
  7
ISO3098
 72
1
 11
413.25
 21
560.5
 31
0.0
100
AcDbText
 73
2
  0
LWPOLYLINE
  5
2D6
330
17
100
AcDbEntity
  8
A-EQUIPO-FINO
100
AcDbPolyline
 90
4
 70
1
 10
409.0
 20
571.0
 10
418.0
 20
571.0
 10
418.0
 20
600.0
 10
409.0
 20
600.0
  0
LINE
  5
2D7
330
17
100
AcDbEntity
  8
A-EQUIPO-FINO
100
AcDbLine
 10
409.0
 20
571.0
 30
0.0
 11
418.0
 21
600.0
 31
0.0
  0
LINE
  5
2D8
330
17
100
AcDbEntity
  8
A-EQUIPO-FINO
100
AcDbLine
 10
409.0
 20
600.0
 30
0.0
 11
418.0
 21
571.0
 31
0.0
  0
TEXT
  5
2D9
330
17
100
AcDbEntity
  8
A-TEXTO
100
AcDbText
 10
413.49999999999994
 20
585.5
 30
0.0
 40
1.2
  1
A10
 50
90.0
  7
ISO3098
 72
1
 11
413.49999999999994
 21
585.5
 31
0.0
100
AcDbText
 73
2
  0
LWPOLYLINE
  5
2DA
330
17
100
AcDbEntity
  8
A-EQUIPO-FINO
100
AcDbPolyline
 90
4
 70
1
 10
409.0
 20
605.0
 10
418.0
 20
605.0
 10
418.0
 20
627.5
 10
409.0
 20
627.5
  0
LINE
  5
2DB
330
17
100
AcDbEntity
  8
A-EQUIPO-FINO
100
AcDbLine
 10
409.0
 20
605.0
 30
0.0
 11
418.0
 21
627.5
 31
0.0
  0
LINE
  5
2DC
330
17
100
AcDbEntity
  8
A-EQUIPO-FINO
100
AcDbLine
 10
409.0
 20
627.5
 30
0.0
 11
418.0
 21
605.0
 31
0.0
  0
TEXT
  5
2DD
330
17
100
AcDbEntity
  8
A-TEXTO
100
AcDbText
 10
413.49999999999994
 20
616.25
 30
0.0
 40
1.2
  1
A08
 50
90.0
  7
ISO3098
 72
1
 11
413.49999999999994
 21
616.25
 31
0.0
100
AcDbText
 73
2
  0
LWPOLYLINE
  5
2DE
330
17
100
AcDbEntity
  8
A-EQUIPO-FINO
100
AcDbPolyline
 90
4
 70
1
 10
427.0
 20
611.0
 10
439.0
 20
611.0
 10
439.0
 20
627.5
 10
427.0
 20
627.5
  0
LINE
  5
2DF
330
17
100
AcDbEntity
  8
A-EQUIPO-FINO
100
AcDbLine
 10
427.0
 20
611.0
 30
0.0
 11
439.0
 21
627.5
 31
0.0
  0
LINE
  5
2E0
330
17
100
AcDbEntity
  8
A-EQUIPO-FINO
100
AcDbLine
 10
427.0
 20
627.5
 30
0.0
 11
439.0
 21
611.0
 31
0.0
  0
TEXT
  5
2E1
330
17
100
AcDbEntity
  8
A-TEXTO
100
AcDbText
 10
433.0
 20
619.25
 30
0.0
 40
1.2
  1
B00
  7
ISO3098
 72
1
 11
433.0
 21
619.25
 31
0.0
100
AcDbText
 73
2
  0
LWPOLYLINE
  5
2E2
330
17
100
AcDbEntity
  8
A-EQUIPO-FINO
100
AcDbPolyline
 90
4
 70
1
 10
428.0
 20
603.0
 10
434.00000000000006
 20
603.0
 10
434.00000000000006
 20
607.0
 10
428.0
 20
607.0
  0
TEXT
  5
2E3
330
17
100
AcDbEntity
  8
A-TEXTO
100
AcDbText
 10
431.0
 20
605.0
 30
0.0
 40
1.2
  1
B01
  7
ISO3098
 72
1
 11
431.0
 21
605.0
 31
0.0
100
AcDbText
 73
2
  0
LWPOLYLINE
  5
2E4
330
17
100
AcDbEntity
  8
A-EQUIPO-FINO
100
AcDbPolyline
 90
4
 70
1
 10
429.0
 20
589.0
 10
433.0
 20
589.0
 10
433.0
 20
597.5
 10
429.0
 20
597.5
  0
TEXT
  5
2E5
330
17
100
AcDbEntity
  8
A-TEXTO
100
AcDbText
 10
430.99999999999994
 20
593.25
 30
0.0
 40
1.2
  1
B02
 50
90.0
  7
ISO3098
 72
1
 11
430.99999999999994
 21
593.25
 31
0.0
100
AcDbText
 73
2
  0
LWPOLYLINE
  5
2E6
330
17
100
AcDbEntity
  8
A-EQUIPO-FINO
100
AcDbPolyline
 90
4
 70
1
 10
427.0
 20
573.0
 10
435.0
 20
573.0
 10
435.0
 20
584.0
 10
427.0
 20
584.0
  0
TEXT
  5
2E7
330
17
100
AcDbEntity
  8
A-TEXTO
100
AcDbText
 10
431.0
 20
578.5
 30
0.0
 40
1.2
  1
B03
  7
ISO3098
 72
1
 11
431.0
 21
578.5
 31
0.0
100
AcDbText
 73
2
  0
LWPOLYLINE
  5
2E8
330
17
100
AcDbEntity
  8
A-EQUIPO-FINO
100
AcDbPolyline
 90
4
 70
1
 10
428.0
 20
562.0
 10
434.00000000000006
 20
562.0
 10
434.00000000000006
 20
566.5
 10
428.0
 20
566.5
  0
TEXT
  5
2E9
330
17
100
AcDbEntity
  8
A-TEXTO
100
AcDbText
 10
431.0
 20
564.25
 30
0.0
 40
1.2
  1
B04
  7
ISO3098
 72
1
 11
431.0
 21
564.25
 31
0.0
100
AcDbText
 73
2
  0
LWPOLYLINE
  5
2EA
330
17
100
AcDbEntity
  8
A-EQUIPO-FINO
100
AcDbPolyline
 90
4
 70
1
 10
428.0
 20
552.0
 10
434.00000000000006
 20
552.0
 10
434.00000000000006
 20
557.0
 10
428.0
 20
557.0
  0
TEXT
  5
2EB
330
17
100
AcDbEntity
  8
A-TEXTO
100
AcDbText
 10
431.0
 20
554.5
 30
0.0
 40
1.2
  1
B05
  7
ISO3098
 72
1
 11
431.0
 21
554.5
 31
0.0
100
AcDbText
 73
2
  0
LWPOLYLINE
  5
2EC
330
17
100
AcDbEntity
  8
A-EQUIPO-FINO
100
AcDbPolyline
 90
4
 70
1
 10
427.0
 20
536.0
 10
435.0
 20
536.0
 10
435.0
 20
547.0
 10
427.0
 20
547.0
  0
TEXT
  5
2ED
330
17
100
AcDbEntity
  8
A-TEXTO
100
AcDbText
 10
431.0
 20
541.5
 30
0.0
 40
1.2
  1
B06
  7
ISO3098
 72
1
 11
431.0
 21
541.5
 31
0.0
100
AcDbText
 73
2
  0
LWPOLYLINE
  5
2EE
330
17
100
AcDbEntity
  8
A-EQUIPO-FINO
100
AcDbPolyline
 90
4
 70
1
 10
442.0
 20
532.0
 10
457.0
 20
532.0
 10
457.0
 20
539.5
 10
442.0
 20
539.5
  0
TEXT
  5
2EF
330
17
100
AcDbEntity
  8
A-TEXTO
100
AcDbText
 10
449.5
 20
535.75
 30
0.0
 40
1.2
  1
B07
  7
ISO3098
 72
1
 11
449.5
 21
535.75
 31
0.0
100
AcDbText
 73
2
  0
LWPOLYLINE
  5
2F0
330
17
100
AcDbEntity
  8
A-EQUIPO-FINO
100
AcDbPolyline
 90
4
 70
1
 10
439.0
 20
549.0
 10
445.0
 20
549.0
 10
445.0
 20
565.0
 10
439.0
 20
565.0
  0
LINE
  5
2F1
330
17
100
AcDbEntity
  8
A-EQUIPO-FINO
100
AcDbLine
 10
439.0
 20
549.0
 30
0.0
 11
445.0
 21
565.0
 31
0.0
  0
LINE
  5
2F2
330
17
100
AcDbEntity
  8
A-EQUIPO-FINO
100
AcDbLine
 10
439.0
 20
565.0
 30
0.0
 11
445.0
 21
549.0
 31
0.0
  0
TEXT
  5
2F3
330
17
100
AcDbEntity
  8
A-TEXTO
100
AcDbText
 10
442.0
 20
557.0
 30
0.0
 40
1.2
  1
B12
 50
90.0
  7
ISO3098
 72
1
 11
442.0
 21
557.0
 31
0.0
100
AcDbText
 73
2
  0
LWPOLYLINE
  5
2F4
330
17
100
AcDbEntity
  8
A-EQUIPO-FINO
100
AcDbPolyline
 90
4
 70
1
 10
475.0
 20
537.0
 10
481.5
 20
537.0
 10
481.5
 20
559.5
 10
475.0
 20
559.5
  0
TEXT
  5
2F5
330
17
100
AcDbEntity
  8
A-TEXTO
100
AcDbText
 10
478.25
 20
548.25
 30
0.0
 40
1.2
  1
B08
 50
90.0
  7
ISO3098
 72
1
 11
478.25
 21
548.25
 31
0.0
100
AcDbText
 73
2
  0
LWPOLYLINE
  5
2F6
330
17
100
AcDbEntity
  8
A-EQUIPO-FINO
100
AcDbPolyline
 90
4
 70
1
 10
467.0
 20
538.0
 10
473.49999999999994
 20
538.0
 10
473.49999999999994
 20
545.0
 10
467.0
 20
545.0
  0
TEXT
  5
2F7
330
17
100
AcDbEntity
  8
A-TEXTO
100
AcDbText
 10
470.25
 20
541.5
 30
0.0
 40
1.2
  1
B13
  7
ISO3098
 72
1
 11
470.25
 21
541.5
 31
0.0
100
AcDbText
 73
2
  0
LWPOLYLINE
  5
2F8
330
17
100
AcDbEntity
  8
A-EQUIPO-FINO
100
AcDbPolyline
 90
4
 70
1
 10
472.0
 20
567.0
 10
483.0
 20
567.0
 10
483.0
 20
573.0
 10
472.0
 20
573.0
  0
TEXT
  5
2F9
330
17
100
AcDbEntity
  8
A-TEXTO
100
AcDbText
 10
477.5
 20
570.0
 30
0.0
 40
1.2
  1
B09
  7
ISO3098
 72
1
 11
477.5
 21
570.0
 31
0.0
100
AcDbText
 73
2
  0
LWPOLYLINE
  5
2FA
330
17
100
AcDbEntity
  8
A-EQUIPO-FINO
100
AcDbPolyline
 90
4
 70
1
 10
472.0
 20
579.0
 10
483.0
 20
579.0
 10
483.0
 20
586.5
 10
472.0
 20
586.5
  0
TEXT
  5
2FB
330
17
100
AcDbEntity
  8
A-TEXTO
100
AcDbText
 10
477.5
 20
582.75
 30
0.0
 40
1.2
  1
B10
  7
ISO3098
 72
1
 11
477.5
 21
582.75
 31
0.0
100
AcDbText
 73
2
  0
LWPOLYLINE
  5
2FC
330
17
100
AcDbEntity
  8
A-EQUIPO-FINO
100
AcDbPolyline
 90
4
 70
1
 10
467.0
 20
605.0
 10
483.0
 20
605.0
 10
483.0
 20
627.5
 10
467.0
 20
627.5
  0
LINE
  5
2FD
330
17
100
AcDbEntity
  8
A-EQUIPO-FINO
100
AcDbLine
 10
467.0
 20
605.0
 30
0.0
 11
483.0
 21
627.5
 31
0.0
  0
LINE
  5
2FE
330
17
100
AcDbEntity
  8
A-EQUIPO-FINO
100
AcDbLine
 10
467.0
 20
627.5
 30
0.0
 11
483.0
 21
605.0
 31
0.0
  0
TEXT
  5
2FF
330
17
100
AcDbEntity
  8
A-TEXTO
100
AcDbText
 10
475.0
 20
616.25
 30
0.0
 40
1.2
  1
B11
  7
ISO3098
 72
1
 11
475.0
 21
616.25
 31
0.0
100
AcDbText
 73
2
  0
LWPOLYLINE
  5
300
330
17
100
AcDbEntity
  8
A-EQUIPO-FINO
100
AcDbPolyline
 90
4
 70
1
 10
497.0
 20
594.0
 10
522.0
 20
594.0
 10
522.0
 20
627.0
 10
497.0
 20
627.0
  0
TEXT
  5
301
330
17
100
AcDbEntity
  8
A-TEXTO
100
AcDbText
 10
509.5
 20
610.5
 30
0.0
 40
1.2
  1
P01
  7
ISO3098
 72
1
 11
509.5
 21
610.5
 31
0.0
100
AcDbText
 73
2
  0
LWPOLYLINE
  5
302
330
17
100
AcDbEntity
  8
A-EQUIPO-FINO
100
AcDbPolyline
 90
4
 70
1
 10
498.0
 20
546.0
 10
509.0
 20
546.0
 10
509.0
 20
588.0
 10
498.0
 20
588.0
  0
TEXT
  5
303
330
17
100
AcDbEntity
  8
A-TEXTO
100
AcDbText
 10
503.49999999999994
 20
567.0
 30
0.0
 40
1.2
  1
P02
 50
90.0
  7
ISO3098
 72
1
 11
503.49999999999994
 21
567.0
 31
0.0
100
AcDbText
 73
2
  0
LWPOLYLINE
  5
304
330
17
100
AcDbEntity
  8
A-EQUIPO-FINO
100
AcDbPolyline
 90
4
 70
1
 10
497.5
 20
510.0
 10
509.7
 20
510.0
 10
509.7
 20
540.0
 10
497.5
 20
540.0
  0
TEXT
  5
305
330
17
100
AcDbEntity
  8
A-TEXTO
100
AcDbText
 10
503.6
 20
525.0
 30
0.0
 40
1.2
  1
P03
 50
90.0
  7
ISO3098
 72
1
 11
503.6
 21
525.0
 31
0.0
100
AcDbText
 73
2
  0
LWPOLYLINE
  5
306
330
17
100
AcDbEntity
  8
A-EQUIPO-FINO
100
AcDbPolyline
 90
4
 70
1
 10
523.0
 20
489.0
 10
533.0
 20
489.0
 10
533.0
 20
496.5
 10
523.0
 20
496.5
  0
TEXT
  5
307
330
17
100
AcDbEntity
  8
A-TEXTO
100
AcDbText
 10
528.0
 20
492.75
 30
0.0
 40
1.2
  1
P04
  7
ISO3098
 72
1
 11
528.0
 21
492.75
 31
0.0
100
AcDbText
 73
2
  0
LWPOLYLINE
  5
308
330
17
100
AcDbEntity
  8
A-EQUIPO-FINO
100
AcDbPolyline
 90
4
 70
1
 10
536.0
 20
488.0
 10
549.0
 20
488.0
 10
549.0
 20
494.0
 10
536.0
 20
494.0
  0
TEXT
  5
309
330
17
100
AcDbEntity
  8
A-TEXTO
100
AcDbText
 10
542.5
 20
491.0
 30
0.0
 40
1.2
  1
P05
  7
ISO3098
 72
1
 11
542.5
 21
491.0
 31
0.0
100
AcDbText
 73
2
  0
LWPOLYLINE
  5
30A
330
17
100
AcDbEntity
  8
A-EQUIPO-FINO
100
AcDbPolyline
 90
4
 70
1
 10
561.0
 20
510.0
 10
573.2
 20
510.0
 10
573.2
 20
540.0
 10
561.0
 20
540.0
  0
TEXT
  5
30B
330
17
100
AcDbEntity
  8
A-TEXTO
100
AcDbText
 10
567.1
 20
525.0
 30
0.0
 40
1.2
  1
P06
 50
90.0
  7
ISO3098
 72
1
 11
567.1
 21
525.0
 31
0.0
100
AcDbText
 73
2
  0
LWPOLYLINE
  5
30C
330
17
100
AcDbEntity
  8
A-EQUIPO-FINO
100
AcDbPolyline
 90
4
 70
1
 10
561.0
 20
546.0
 10
573.2
 20
546.0
 10
573.2
 20
588.0
 10
561.0
 20
588.0
  0
TEXT
  5
30D
330
17
100
AcDbEntity
  8
A-TEXTO
100
AcDbText
 10
567.1
 20
567.0
 30
0.0
 40
1.2
  1
P07
 50
90.0
  7
ISO3098
 72
1
 11
567.1
 21
567.0
 31
0.0
100
AcDbText
 73
2
  0
LWPOLYLINE
  5
30E
330
17
100
AcDbEntity
  8
A-EQUIPO-FINO
100
AcDbPolyline
 90
4
 70
1
 10
547.0
 20
594.0
 10
574.0
 20
594.0
 10
574.0
 20
627.0
 10
547.0
 20
627.0
  0
TEXT
  5
30F
330
17
100
AcDbEntity
  8
A-TEXTO
100
AcDbText
 10
560.5
 20
610.5
 30
0.0
 40
1.2
  1
P08
  7
ISO3098
 72
1
 11
560.5
 21
610.5
 31
0.0
100
AcDbText
 73
2
  0
LWPOLYLINE
  5
310
330
17
100
AcDbEntity
  8
A-EQUIPO-FINO
100
AcDbPolyline
 90
4
 70
1
 10
529.0
 20
562.0
 10
541.0
 20
562.0
 10
541.0
 20
570.0
 10
529.0
 20
570.0
  0
TEXT
  5
311
330
17
100
AcDbEntity
  8
A-TEXTO
100
AcDbText
 10
535.0
 20
566.0
 30
0.0
 40
1.2
  1
P09
  7
ISO3098
 72
1
 11
535.0
 21
566.0
 31
0.0
100
AcDbText
 73
2
  0
LWPOLYLINE
  5
312
330
17
100
AcDbEntity
  8
A-EQUIPO-FINO
100
AcDbPolyline
 90
4
 70
1
 10
597.0
 20
598.0
 10
614.0
 20
598.0
 10
614.0
 20
613.0
 10
597.0
 20
613.0
  0
TEXT
  5
313
330
17
100
AcDbEntity
  8
A-TEXTO
100
AcDbText
 10
605.5
 20
605.5
 30
0.0
 40
1.2
  1
T01
  7
ISO3098
 72
1
 11
605.5
 21
605.5
 31
0.0
100
AcDbText
 73
2
  0
LWPOLYLINE
  5
314
330
17
100
AcDbEntity
  8
A-EQUIPO-FINO
100
AcDbPolyline
 90
4
 70
1
 10
584.0
 20
584.5
 10
596.0
 20
584.5
 10
596.0
 20
590.5
 10
584.0
 20
590.5
  0
TEXT
  5
315
330
17
100
AcDbEntity
  8
A-TEXTO
100
AcDbText
 10
590.0
 20
587.5
 30
0.0
 40
1.2
  1
T15
  7
ISO3098
 72
1
 11
590.0
 21
587.5
 31
0.0
100
AcDbText
 73
2
  0
LWPOLYLINE
  5
316
330
17
100
AcDbEntity
  8
A-EQUIPO-FINO
100
AcDbPolyline
 90
4
 70
1
 10
621.0
 20
605.0
 10
631.0
 20
605.0
 10
631.0
 20
610.0
 10
621.0
 20
610.0
  0
TEXT
  5
317
330
17
100
AcDbEntity
  8
A-TEXTO
100
AcDbText
 10
626.0
 20
607.5
 30
0.0
 40
1.2
  1
T03
  7
ISO3098
 72
1
 11
626.0
 21
607.5
 31
0.0
100
AcDbText
 73
2
  0
LWPOLYLINE
  5
318
330
17
100
AcDbEntity
  8
A-EQUIPO-FINO
100
AcDbPolyline
 90
4
 70
1
 10
621.0
 20
595.0
 10
631.0
 20
595.0
 10
631.0
 20
600.0
 10
621.0
 20
600.0
  0
TEXT
  5
319
330
17
100
AcDbEntity
  8
A-TEXTO
100
AcDbText
 10
626.0
 20
597.5
 30
0.0
 40
1.2
  1
T04
  7
ISO3098
 72
1
 11
626.0
 21
597.5
 31
0.0
100
AcDbText
 73
2
  0
LWPOLYLINE
  5
31A
330
17
100
AcDbEntity
  8
A-EQUIPO-FINO
100
AcDbPolyline
 90
4
 70
1
 10
635.0
 20
600.0
 10
642.5
 20
600.0
 10
642.5
 20
605.0
 10
635.0
 20
605.0
  0
TEXT
  5
31B
330
17
100
AcDbEntity
  8
A-TEXTO
100
AcDbText
 10
638.75
 20
602.5
 30
0.0
 40
1.2
  1
T05
  7
ISO3098
 72
1
 11
638.75
 21
602.5
 31
0.0
100
AcDbText
 73
2
  0
LWPOLYLINE
  5
31C
330
17
100
AcDbEntity
  8
A-EQUIPO-FINO
100
AcDbPolyline
 90
4
 70
1
 10
645.0
 20
600.0
 10
652.5
 20
600.0
 10
652.5
 20
605.0
 10
645.0
 20
605.0
  0
TEXT
  5
31D
330
17
100
AcDbEntity
  8
A-TEXTO
100
AcDbText
 10
648.75
 20
602.5
 30
0.0
 40
1.2
  1
T06
  7
ISO3098
 72
1
 11
648.75
 21
602.5
 31
0.0
100
AcDbText
 73
2
  0
LWPOLYLINE
  5
31E
330
17
100
AcDbEntity
  8
A-EQUIPO-FINO
100
AcDbPolyline
 90
4
 70
1
 10
655.0
 20
600.5
 10
662.5
 20
600.5
 10
662.5
 20
604.5
 10
655.0
 20
604.5
  0
TEXT
  5
31F
330
17
100
AcDbEntity
  8
A-TEXTO
100
AcDbText
 10
658.75
 20
602.5
 30
0.0
 40
1.2
  1
T07
  7
ISO3098
 72
1
 11
658.75
 21
602.5
 31
0.0
100
AcDbText
 73
2
  0
LWPOLYLINE
  5
320
330
17
100
AcDbEntity
  8
A-EQUIPO-FINO
100
AcDbPolyline
 90
4
 70
1
 10
664.5
 20
606.0
 10
674.5
 20
606.0
 10
674.5
 20
613.5
 10
664.5
 20
613.5
  0
TEXT
  5
321
330
17
100
AcDbEntity
  8
A-TEXTO
100
AcDbText
 10
669.5
 20
609.75
 30
0.0
 40
1.2
  1
T08
  7
ISO3098
 72
1
 11
669.5
 21
609.75
 31
0.0
100
AcDbText
 73
2
  0
LWPOLYLINE
  5
322
330
17
100
AcDbEntity
  8
A-EQUIPO-FINO
100
AcDbPolyline
 90
4
 70
1
 10
664.5
 20
593.0
 10
674.5
 20
593.0
 10
674.5
 20
600.5
 10
664.5
 20
600.5
  0
TEXT
  5
323
330
17
100
AcDbEntity
  8
A-TEXTO
100
AcDbText
 10
669.5
 20
596.75
 30
0.0
 40
1.2
  1
T09
  7
ISO3098
 72
1
 11
669.5
 21
596.75
 31
0.0
100
AcDbText
 73
2
  0
LWPOLYLINE
  5
324
330
17
100
AcDbEntity
  8
A-EQUIPO-FINO
100
AcDbPolyline
 90
4
 70
1
 10
664.5
 20
615.0
 10
674.5
 20
615.0
 10
674.5
 20
622.5
 10
664.5
 20
622.5
  0
TEXT
  5
325
330
17
100
AcDbEntity
  8
A-TEXTO
100
AcDbText
 10
669.5
 20
618.75
 30
0.0
 40
1.2
  1
T10
  7
ISO3098
 72
1
 11
669.5
 21
618.75
 31
0.0
100
AcDbText
 73
2
  0
LWPOLYLINE
  5
326
330
17
100
AcDbEntity
  8
A-EQUIPO-FINO
100
AcDbPolyline
 90
4
 70
1
 10
677.0
 20
604.0
 10
684.5
 20
604.0
 10
684.5
 20
619.0
 10
677.0
 20
619.0
  0
TEXT
  5
327
330
17
100
AcDbEntity
  8
A-TEXTO
100
AcDbText
 10
680.75
 20
611.5
 30
0.0
 40
1.2
  1
T11
 50
90.0
  7
ISO3098
 72
1
 11
680.75
 21
611.5
 31
0.0
100
AcDbText
 73
2
  0
LWPOLYLINE
  5
328
330
17
100
AcDbEntity
  8
A-EQUIPO-FINO
100
AcDbPolyline
 90
4
 70
1
 10
702.5
 20
565.0
 10
708.0
 20
565.0
 10
708.0
 20
646.0
 10
702.5
 20
646.0
  0
LINE
  5
329
330
17
100
AcDbEntity
  8
A-EQUIPO-FINO
100
AcDbLine
 10
702.5
 20
565.0
 30
0.0
 11
708.0
 21
646.0
 31
0.0
  0
LINE
  5
32A
330
17
100
AcDbEntity
  8
A-EQUIPO-FINO
100
AcDbLine
 10
702.5
 20
646.0
 30
0.0
 11
708.0
 21
565.0
 31
0.0
  0
TEXT
  5
32B
330
17
100
AcDbEntity
  8
A-TEXTO
100
AcDbText
 10
705.25
 20
605.5
 30
0.0
 40
1.2
  1
RK1
 50
90.0
  7
ISO3098
 72
1
 11
705.25
 21
605.5
 31
0.0
100
AcDbText
 73
2
  0
LWPOLYLINE
  5
32C
330
17
100
AcDbEntity
  8
A-EQUIPO-FINO
100
AcDbPolyline
 90
4
 70
1
 10
708.0
 20
565.0
 10
713.5
 20
565.0
 10
713.5
 20
646.0
 10
708.0
 20
646.0
  0
LINE
  5
32D
330
17
100
AcDbEntity
  8
A-EQUIPO-FINO
100
AcDbLine
 10
708.0
 20
565.0
 30
0.0
 11
713.5
 21
646.0
 31
0.0
  0
LINE
  5
32E
330
17
100
AcDbEntity
  8
A-EQUIPO-FINO
100
AcDbLine
 10
708.0
 20
646.0
 30
0.0
 11
713.5
 21
565.0
 31
0.0
  0
TEXT
  5
32F
330
17
100
AcDbEntity
  8
A-TEXTO
100
AcDbText
 10
710.7499999999999
 20
605.5
 30
0.0
 40
1.2
  1
RK2
 50
90.0
  7
ISO3098
 72
1
 11
710.7499999999999
 21
605.5
 31
0.0
100
AcDbText
 73
2
  0
LWPOLYLINE
  5
330
330
17
100
AcDbEntity
  8
A-EQUIPO-FINO
100
AcDbPolyline
 90
4
 70
1
 10
585.0
 20
511.0
 10
600.0
 20
511.0
 10
600.0
 20
524.0
 10
585.0
 20
524.0
  0
TEXT
  5
331
330
17
100
AcDbEntity
  8
A-TEXTO
100
AcDbText
 10
592.5
 20
517.5
 30
0.0
 40
1.2
  1
T02
  7
ISO3098
 72
1
 11
592.5
 21
517.5
 31
0.0
100
AcDbText
 73
2
  0
LWPOLYLINE
  5
332
330
17
100
AcDbEntity
  8
A-EQUIPO-FINO
100
AcDbPolyline
 90
4
 70
1
 10
585.0
 20
488.0
 10
603.0
 20
488.0
 10
603.0
 20
503.0
 10
585.0
 20
503.0
  0
TEXT
  5
333
330
17
100
AcDbEntity
  8
A-TEXTO
100
AcDbText
 10
594.0
 20
495.5
 30
0.0
 40
1.2
  1
Q01
  7
ISO3098
 72
1
 11
594.0
 21
495.5
 31
0.0
100
AcDbText
 73
2
  0
LWPOLYLINE
  5
334
330
17
100
AcDbEntity
  8
A-EQUIPO-FINO
100
AcDbPolyline
 90
4
 70
1
 10
620.0
 20
495.0
 10
635.0
 20
495.0
 10
635.0
 20
506.0
 10
620.0
 20
506.0
  0
TEXT
  5
335
330
17
100
AcDbEntity
  8
A-TEXTO
100
AcDbText
 10
627.5
 20
500.5
 30
0.0
 40
1.2
  1
T12
  7
ISO3098
 72
1
 11
627.5
 21
500.5
 31
0.0
100
AcDbText
 73
2
  0
LWPOLYLINE
  5
336
330
17
100
AcDbEntity
  8
A-EQUIPO-FINO
100
AcDbPolyline
 90
4
 70
1
 10
643.0
 20
495.0
 10
656.0
 20
495.0
 10
656.0
 20
506.0
 10
643.0
 20
506.0
  0
TEXT
  5
337
330
17
100
AcDbEntity
  8
A-TEXTO
100
AcDbText
 10
649.5
 20
500.5
 30
0.0
 40
1.2
  1
T13
  7
ISO3098
 72
1
 11
649.5
 21
500.5
 31
0.0
100
AcDbText
 73
2
  0
LWPOLYLINE
  5
338
330
17
100
AcDbEntity
  8
A-EQUIPO-FINO
100
AcDbPolyline
 90
4
 70
1
 10
660.0
 20
502.0
 10
675.0
 20
502.0
 10
675.0
 20
513.0
 10
660.0
 20
513.0
  0
LINE
  5
339
330
17
100
AcDbEntity
  8
A-EQUIPO-FINO
100
AcDbLine
 10
660.0
 20
502.0
 30
0.0
 11
675.0
 21
513.0
 31
0.0
  0
LINE
  5
33A
330
17
100
AcDbEntity
  8
A-EQUIPO-FINO
100
AcDbLine
 10
660.0
 20
513.0
 30
0.0
 11
675.0
 21
502.0
 31
0.0
  0
TEXT
  5
33B
330
17
100
AcDbEntity
  8
A-TEXTO
100
AcDbText
 10
667.5
 20
507.5
 30
0.0
 40
1.2
  1
T14
  7
ISO3098
 72
1
 11
667.5
 21
507.5
 31
0.0
100
AcDbText
 73
2
  0
HATCH
  5
33C
330
17
100
AcDbEntity
  8
A-MURO
 62
7
420
4605510
100
AcDbHatch
 10
0.0
 20
0.0
 30
0.0
210
0.0
220
0.0
230
1.0
  2
SOLID
 70
1
 71
0
 91
1
 92
3
 72
0
 73
1
 93
6
 10
255.0
 20
471.0
 10
255.0
 20
470.0
 10
153.0
 20
470.0
 10
153.0
 20
492.0
 10
154.0
 20
492.0
 10
154.0
 20
471.0
 97
0
 75
1
 76
1
 98
0
  0
LWPOLYLINE
  5
33D
330
17
100
AcDbEntity
  8
A-MURO
100
AcDbPolyline
 90
6
 70
1
 10
255.0
 20
471.0
 10
255.0
 20
470.0
 10
153.0
 20
470.0
 10
153.0
 20
492.0
 10
154.0
 20
492.0
 10
154.0
 20
471.0
  0
HATCH
  5
33E
330
17
100
AcDbEntity
  8
A-MURO
 62
7
420
4605510
100
AcDbHatch
 10
0.0
 20
0.0
 30
0.0
210
0.0
220
0.0
230
1.0
  2
SOLID
 70
1
 71
0
 91
1
 92
3
 72
0
 73
1
 93
4
 10
153.0
 20
512.0
 10
153.0
 20
523.0
 10
154.0
 20
523.0
 10
154.0
 20
512.0
 97
0
 75
1
 76
1
 98
0
  0
LWPOLYLINE
  5
33F
330
17
100
AcDbEntity
  8
A-MURO
100
AcDbPolyline
 90
4
 70
1
 10
153.0
 20
512.0
 10
153.0
 20
523.0
 10
154.0
 20
523.0
 10
154.0
 20
512.0
  0
HATCH
  5
340
330
17
100
AcDbEntity
  8
A-MURO
 62
7
420
4605510
100
AcDbHatch
 10
0.0
 20
0.0
 30
0.0
210
0.0
220
0.0
230
1.0
  2
SOLID
 70
1
 71
0
 91
1
 92
3
 72
0
 73
1
 93
4
 10
153.0
 20
539.0
 10
153.0
 20
544.0
 10
154.0
 20
544.0
 10
154.0
 20
539.0
 97
0
 75
1
 76
1
 98
0
  0
LWPOLYLINE
  5
341
330
17
100
AcDbEntity
  8
A-MURO
100
AcDbPolyline
 90
4
 70
1
 10
153.0
 20
539.0
 10
153.0
 20
544.0
 10
154.0
 20
544.0
 10
154.0
 20
539.0
  0
HATCH
  5
342
330
17
100
AcDbEntity
  8
A-MURO
 62
7
420
4605510
100
AcDbHatch
 10
0.0
 20
0.0
 30
0.0
210
0.0
220
0.0
230
1.0
  2
SOLID
 70
1
 71
0
 91
1
 92
3
 72
0
 73
1
 93
4
 10
153.0
 20
562.0
 10
153.0
 20
574.5
 10
154.0
 20
574.5
 10
154.0
 20
562.0
 97
0
 75
1
 76
1
 98
0
  0
LWPOLYLINE
  5
343
330
17
100
AcDbEntity
  8
A-MURO
100
AcDbPolyline
 90
4
 70
1
 10
153.0
 20
562.0
 10
153.0
 20
574.5
 10
154.0
 20
574.5
 10
154.0
 20
562.0
  0
HATCH
  5
344
330
17
100
AcDbEntity
  8
A-MURO
 62
7
420
4605510
100
AcDbHatch
 10
0.0
 20
0.0
 30
0.0
210
0.0
220
0.0
230
1.0
  2
SOLID
 70
1
 71
0
 91
1
 92
3
 72
0
 73
1
 93
6
 10
154.0
 20
653.0
 10
154.0
 20
580.0
 10
153.0
 20
580.0
 10
153.0
 20
654.0
 10
175.0
 20
654.0
 10
175.0
 20
653.0
 97
0
 75
1
 76
1
 98
0
  0
LWPOLYLINE
  5
345
330
17
100
AcDbEntity
  8
A-MURO
100
AcDbPolyline
 90
6
 70
1
 10
154.0
 20
653.0
 10
154.0
 20
580.0
 10
153.0
 20
580.0
 10
153.0
 20
654.0
 10
175.0
 20
654.0
 10
175.0
 20
653.0
  0
HATCH
  5
346
330
17
100
AcDbEntity
  8
A-MURO
 62
7
420
4605510
100
AcDbHatch
 10
0.0
 20
0.0
 30
0.0
210
0.0
220
0.0
230
1.0
  2
SOLID
 70
1
 71
0
 91
1
 92
3
 72
0
 73
1
 93
4
 10
200.0
 20
654.0
 10
219.5
 20
654.0
 10
219.5
 20
653.0
 10
200.0
 20
653.0
 97
0
 75
1
 76
1
 98
0
  0
LWPOLYLINE
  5
347
330
17
100
AcDbEntity
  8
A-MURO
100
AcDbPolyline
 90
4
 70
1
 10
200.0
 20
654.0
 10
219.5
 20
654.0
 10
219.5
 20
653.0
 10
200.0
 20
653.0
  0
HATCH
  5
348
330
17
100
AcDbEntity
  8
A-MURO
 62
7
420
4605510
100
AcDbHatch
 10
0.0
 20
0.0
 30
0.0
210
0.0
220
0.0
230
1.0
  2
SOLID
 70
1
 71
0
 91
1
 92
3
 72
0
 73
1
 93
4
 10
235.5
 20
654.0
 10
265.0
 20
654.0
 10
265.0
 20
653.0
 10
235.5
 20
653.0
 97
0
 75
1
 76
1
 98
0
  0
LWPOLYLINE
  5
349
330
17
100
AcDbEntity
  8
A-MURO
100
AcDbPolyline
 90
4
 70
1
 10
235.5
 20
654.0
 10
265.0
 20
654.0
 10
265.0
 20
653.0
 10
235.5
 20
653.0
  0
HATCH
  5
34A
330
17
100
AcDbEntity
  8
A-MURO
 62
7
420
4605510
100
AcDbHatch
 10
0.0
 20
0.0
 30
0.0
210
0.0
220
0.0
230
1.0
  2
SOLID
 70
1
 71
0
 91
1
 92
3
 72
0
 73
1
 93
4
 10
270.5
 20
654.0
 10
294.5
 20
654.0
 10
294.5
 20
653.0
 10
270.5
 20
653.0
 97
0
 75
1
 76
1
 98
0
  0
LWPOLYLINE
  5
34B
330
17
100
AcDbEntity
  8
A-MURO
100
AcDbPolyline
 90
4
 70
1
 10
270.5
 20
654.0
 10
294.5
 20
654.0
 10
294.5
 20
653.0
 10
270.5
 20
653.0
  0
HATCH
  5
34C
330
17
100
AcDbEntity
  8
A-MURO
 62
7
420
4605510
100
AcDbHatch
 10
0.0
 20
0.0
 30
0.0
210
0.0
220
0.0
230
1.0
  2
SOLID
 70
1
 71
0
 91
1
 92
3
 72
0
 73
1
 93
4
 10
308.0
 20
654.0
 10
385.0
 20
654.0
 10
385.0
 20
653.0
 10
308.0
 20
653.0
 97
0
 75
1
 76
1
 98
0
  0
LWPOLYLINE
  5
34D
330
17
100
AcDbEntity
  8
A-MURO
100
AcDbPolyline
 90
4
 70
1
 10
308.0
 20
654.0
 10
385.0
 20
654.0
 10
385.0
 20
653.0
 10
308.0
 20
653.0
  0
HATCH
  5
34E
330
17
100
AcDbEntity
  8
A-MURO
 62
7
420
4605510
100
AcDbHatch
 10
0.0
 20
0.0
 30
0.0
210
0.0
220
0.0
230
1.0
  2
SOLID
 70
1
 71
0
 91
1
 92
3
 72
0
 73
1
 93
4
 10
390.5
 20
654.0
 10
465.0
 20
654.0
 10
465.0
 20
653.0
 10
390.5
 20
653.0
 97
0
 75
1
 76
1
 98
0
  0
LWPOLYLINE
  5
34F
330
17
100
AcDbEntity
  8
A-MURO
100
AcDbPolyline
 90
4
 70
1
 10
390.5
 20
654.0
 10
465.0
 20
654.0
 10
465.0
 20
653.0
 10
390.5
 20
653.0
  0
HATCH
  5
350
330
17
100
AcDbEntity
  8
A-MURO
 62
7
420
4605510
100
AcDbHatch
 10
0.0
 20
0.0
 30
0.0
210
0.0
220
0.0
230
1.0
  2
SOLID
 70
1
 71
0
 91
1
 92
3
 72
0
 73
1
 93
4
 10
470.5
 20
654.0
 10
529.0
 20
654.0
 10
529.0
 20
653.0
 10
470.5
 20
653.0
 97
0
 75
1
 76
1
 98
0
  0
LWPOLYLINE
  5
351
330
17
100
AcDbEntity
  8
A-MURO
100
AcDbPolyline
 90
4
 70
1
 10
470.5
 20
654.0
 10
529.0
 20
654.0
 10
529.0
 20
653.0
 10
470.5
 20
653.0
  0
HATCH
  5
352
330
17
100
AcDbEntity
  8
A-MURO
 62
7
420
4605510
100
AcDbHatch
 10
0.0
 20
0.0
 30
0.0
210
0.0
220
0.0
230
1.0
  2
SOLID
 70
1
 71
0
 91
1
 92
3
 72
0
 73
1
 93
4
 10
544.0
 20
654.0
 10
560.0
 20
654.0
 10
560.0
 20
653.0
 10
544.0
 20
653.0
 97
0
 75
1
 76
1
 98
0
  0
LWPOLYLINE
  5
353
330
17
100
AcDbEntity
  8
A-MURO
100
AcDbPolyline
 90
4
 70
1
 10
544.0
 20
654.0
 10
560.0
 20
654.0
 10
560.0
 20
653.0
 10
544.0
 20
653.0
  0
HATCH
  5
354
330
17
100
AcDbEntity
  8
A-MURO
 62
7
420
4605510
100
AcDbHatch
 10
0.0
 20
0.0
 30
0.0
210
0.0
220
0.0
230
1.0
  2
SOLID
 70
1
 71
0
 91
1
 92
3
 72
0
 73
1
 93
4
 10
565.5
 20
654.0
 10
590.0
 20
654.0
 10
590.0
 20
653.0
 10
565.5
 20
653.0
 97
0
 75
1
 76
1
 98
0
  0
LWPOLYLINE
  5
355
330
17
100
AcDbEntity
  8
A-MURO
100
AcDbPolyline
 90
4
 70
1
 10
565.5
 20
654.0
 10
590.0
 20
654.0
 10
590.0
 20
653.0
 10
565.5
 20
653.0
  0
HATCH
  5
356
330
17
100
AcDbEntity
  8
A-MURO
 62
7
420
4605510
100
AcDbHatch
 10
0.0
 20
0.0
 30
0.0
210
0.0
220
0.0
230
1.0
  2
SOLID
 70
1
 71
0
 91
1
 92
3
 72
0
 73
1
 93
4
 10
610.0
 20
654.0
 10
635.0
 20
654.0
 10
635.0
 20
653.0
 10
610.0
 20
653.0
 97
0
 75
1
 76
1
 98
0
  0
LWPOLYLINE
  5
357
330
17
100
AcDbEntity
  8
A-MURO
100
AcDbPolyline
 90
4
 70
1
 10
610.0
 20
654.0
 10
635.0
 20
654.0
 10
635.0
 20
653.0
 10
610.0
 20
653.0
  0
HATCH
  5
358
330
17
100
AcDbEntity
  8
A-MURO
 62
7
420
4605510
100
AcDbHatch
 10
0.0
 20
0.0
 30
0.0
210
0.0
220
0.0
230
1.0
  2
SOLID
 70
1
 71
0
 91
1
 92
3
 72
0
 73
1
 93
4
 10
655.0
 20
654.0
 10
705.0
 20
654.0
 10
705.0
 20
653.0
 10
655.0
 20
653.0
 97
0
 75
1
 76
1
 98
0
  0
LWPOLYLINE
  5
359
330
17
100
AcDbEntity
  8
A-MURO
100
AcDbPolyline
 90
4
 70
1
 10
655.0
 20
654.0
 10
705.0
 20
654.0
 10
705.0
 20
653.0
 10
655.0
 20
653.0
  0
HATCH
  5
35A
330
17
100
AcDbEntity
  8
A-MURO
 62
7
420
4605510
100
AcDbHatch
 10
0.0
 20
0.0
 30
0.0
210
0.0
220
0.0
230
1.0
  2
SOLID
 70
1
 71
0
 91
1
 92
3
 72
0
 73
1
 93
6
 10
756.0
 20
653.0
 10
710.5
 20
653.0
 10
710.5
 20
654.0
 10
757.0
 20
654.0
 10
757.0
 20
642.5
 10
756.0
 20
642.5
 97
0
 75
1
 76
1
 98
0
  0
LWPOLYLINE
  5
35B
330
17
100
AcDbEntity
  8
A-MURO
100
AcDbPolyline
 90
6
 70
1
 10
756.0
 20
653.0
 10
710.5
 20
653.0
 10
710.5
 20
654.0
 10
757.0
 20
654.0
 10
757.0
 20
642.5
 10
756.0
 20
642.5
  0
HATCH
  5
35C
330
17
100
AcDbEntity
  8
A-MURO
 62
7
420
4605510
100
AcDbHatch
 10
0.0
 20
0.0
 30
0.0
210
0.0
220
0.0
230
1.0
  2
SOLID
 70
1
 71
0
 91
1
 92
3
 72
0
 73
1
 93
4
 10
757.0
 20
637.0
 10
757.0
 20
622.0
 10
756.0
 20
622.0
 10
756.0
 20
637.0
 97
0
 75
1
 76
1
 98
0
  0
LWPOLYLINE
  5
35D
330
17
100
AcDbEntity
  8
A-MURO
100
AcDbPolyline
 90
4
 70
1
 10
757.0
 20
637.0
 10
757.0
 20
622.0
 10
756.0
 20
622.0
 10
756.0
 20
637.0
  0
HATCH
  5
35E
330
17
100
AcDbEntity
  8
A-MURO
 62
7
420
4605510
100
AcDbHatch
 10
0.0
 20
0.0
 30
0.0
210
0.0
220
0.0
230
1.0
  2
SOLID
 70
1
 71
0
 91
1
 92
3
 72
0
 73
1
 93
4
 10
757.0
 20
607.0
 10
757.0
 20
587.0
 10
756.0
 20
587.0
 10
756.0
 20
607.0
 97
0
 75
1
 76
1
 98
0
  0
LWPOLYLINE
  5
35F
330
17
100
AcDbEntity
  8
A-MURO
100
AcDbPolyline
 90
4
 70
1
 10
757.0
 20
607.0
 10
757.0
 20
587.0
 10
756.0
 20
587.0
 10
756.0
 20
607.0
  0
HATCH
  5
360
330
17
100
AcDbEntity
  8
A-MURO
 62
7
420
4605510
100
AcDbHatch
 10
0.0
 20
0.0
 30
0.0
210
0.0
220
0.0
230
1.0
  2
SOLID
 70
1
 71
0
 91
1
 92
3
 72
0
 73
1
 93
4
 10
757.0
 20
572.0
 10
757.0
 20
552.0
 10
756.0
 20
552.0
 10
756.0
 20
572.0
 97
0
 75
1
 76
1
 98
0
  0
LWPOLYLINE
  5
361
330
17
100
AcDbEntity
  8
A-MURO
100
AcDbPolyline
 90
4
 70
1
 10
757.0
 20
572.0
 10
757.0
 20
552.0
 10
756.0
 20
552.0
 10
756.0
 20
572.0
  0
HATCH
  5
362
330
17
100
AcDbEntity
  8
A-MURO
 62
7
420
4605510
100
AcDbHatch
 10
0.0
 20
0.0
 30
0.0
210
0.0
220
0.0
230
1.0
  2
SOLID
 70
1
 71
0
 91
1
 92
3
 72
0
 73
1
 93
4
 10
757.0
 20
537.0
 10
757.0
 20
531.0
 10
756.0
 20
531.0
 10
756.0
 20
537.0
 97
0
 75
1
 76
1
 98
0
  0
LWPOLYLINE
  5
363
330
17
100
AcDbEntity
  8
A-MURO
100
AcDbPolyline
 90
4
 70
1
 10
757.0
 20
537.0
 10
757.0
 20
531.0
 10
756.0
 20
531.0
 10
756.0
 20
537.0
  0
HATCH
  5
364
330
17
100
AcDbEntity
  8
A-MURO
 62
7
420
4605510
100
AcDbHatch
 10
0.0
 20
0.0
 30
0.0
210
0.0
220
0.0
230
1.0
  2
SOLID
 70
1
 71
0
 91
1
 92
3
 72
0
 73
1
 93
4
 10
757.0
 20
515.0
 10
757.0
 20
509.0
 10
756.0
 20
509.0
 10
756.0
 20
515.0
 97
0
 75
1
 76
1
 98
0
  0
LWPOLYLINE
  5
365
330
17
100
AcDbEntity
  8
A-MURO
100
AcDbPolyline
 90
4
 70
1
 10
757.0
 20
515.0
 10
757.0
 20
509.0
 10
756.0
 20
509.0
 10
756.0
 20
515.0
  0
HATCH
  5
366
330
17
100
AcDbEntity
  8
A-MURO
 62
7
420
4605510
100
AcDbHatch
 10
0.0
 20
0.0
 30
0.0
210
0.0
220
0.0
230
1.0
  2
SOLID
 70
1
 71
0
 91
1
 92
3
 72
0
 73
1
 93
6
 10
756.0
 20
471.0
 10
756.0
 20
489.0
 10
757.0
 20
489.0
 10
757.0
 20
470.0
 10
665.5
 20
470.0
 10
665.5
 20
471.0
 97
0
 75
1
 76
1
 98
0
  0
LWPOLYLINE
  5
367
330
17
100
AcDbEntity
  8
A-MURO
100
AcDbPolyline
 90
6
 70
1
 10
756.0
 20
471.0
 10
756.0
 20
489.0
 10
757.0
 20
489.0
 10
757.0
 20
470.0
 10
665.5
 20
470.0
 10
665.5
 20
471.0
  0
HATCH
  5
368
330
17
100
AcDbEntity
  8
A-MURO
 62
7
420
4605510
100
AcDbHatch
 10
0.0
 20
0.0
 30
0.0
210
0.0
220
0.0
230
1.0
  2
SOLID
 70
1
 71
0
 91
1
 92
3
 72
0
 73
1
 93
8
 10
660.0
 20
470.0
 10
645.5
 20
470.0
 10
645.5
 20
467.0
 10
644.5
 20
467.0
 10
644.5
 20
470.0
 10
516.0
 20
470.0
 10
516.0
 20
471.0
 10
660.0
 20
471.0
 97
0
 75
1
 76
1
 98
0
  0
LWPOLYLINE
  5
369
330
17
100
AcDbEntity
  8
A-MURO
100
AcDbPolyline
 90
8
 70
1
 10
660.0
 20
470.0
 10
645.5
 20
470.0
 10
645.5
 20
467.0
 10
644.5
 20
467.0
 10
644.5
 20
470.0
 10
516.0
 20
470.0
 10
516.0
 20
471.0
 10
660.0
 20
471.0
  0
HATCH
  5
36A
330
17
100
AcDbEntity
  8
A-MURO
 62
7
420
4605510
100
AcDbHatch
 10
0.0
 20
0.0
 30
0.0
210
0.0
220
0.0
230
1.0
  2
SOLID
 70
1
 71
0
 91
1
 92
3
 72
0
 73
1
 93
4
 10
645.5
 20
412.0
 10
644.5
 20
412.0
 10
644.5
 20
447.0
 10
645.5
 20
447.0
 97
0
 75
1
 76
1
 98
0
  0
LWPOLYLINE
  5
36B
330
17
100
AcDbEntity
  8
A-MURO
100
AcDbPolyline
 90
4
 70
1
 10
645.5
 20
412.0
 10
644.5
 20
412.0
 10
644.5
 20
447.0
 10
645.5
 20
447.0
  0
HATCH
  5
36C
330
17
100
AcDbEntity
  8
A-MURO
 62
7
420
4605510
100
AcDbHatch
 10
0.0
 20
0.0
 30
0.0
210
0.0
220
0.0
230
1.0
  2
SOLID
 70
1
 71
0
 91
1
 92
3
 72
0
 73
1
 93
6
 10
645.5
 20
386.5
 10
625.0
 20
386.5
 10
625.0
 20
387.5
 10
644.5
 20
387.5
 10
644.5
 20
392.0
 10
645.5
 20
392.0
 97
0
 75
1
 76
1
 98
0
  0
LWPOLYLINE
  5
36D
330
17
100
AcDbEntity
  8
A-MURO
100
AcDbPolyline
 90
6
 70
1
 10
645.5
 20
386.5
 10
625.0
 20
386.5
 10
625.0
 20
387.5
 10
644.5
 20
387.5
 10
644.5
 20
392.0
 10
645.5
 20
392.0
  0
HATCH
  5
36E
330
17
100
AcDbEntity
  8
A-MURO
 62
7
420
4605510
100
AcDbHatch
 10
0.0
 20
0.0
 30
0.0
210
0.0
220
0.0
230
1.0
  2
SOLID
 70
1
 71
0
 91
1
 92
3
 72
0
 73
1
 93
6
 10
504.5
 20
386.5
 10
504.5
 20
425.0
 10
505.5
 20
425.0
 10
505.5
 20
387.5
 10
615.0
 20
387.5
 10
615.0
 20
386.5
 97
0
 75
1
 76
1
 98
0
  0
LWPOLYLINE
  5
36F
330
17
100
AcDbEntity
  8
A-MURO
100
AcDbPolyline
 90
6
 70
1
 10
504.5
 20
386.5
 10
504.5
 20
425.0
 10
505.5
 20
425.0
 10
505.5
 20
387.5
 10
615.0
 20
387.5
 10
615.0
 20
386.5
  0
HATCH
  5
370
330
17
100
AcDbEntity
  8
A-MURO
 62
7
420
4605510
100
AcDbHatch
 10
0.0
 20
0.0
 30
0.0
210
0.0
220
0.0
230
1.0
  2
SOLID
 70
1
 71
0
 91
1
 92
3
 72
0
 73
1
 93
8
 10
504.5
 20
470.0
 10
497.5
 20
470.0
 10
497.5
 20
471.0
 10
510.0
 20
471.0
 10
510.0
 20
470.0
 10
505.5
 20
470.0
 10
505.5
 20
431.0
 10
504.5
 20
431.0
 97
0
 75
1
 76
1
 98
0
  0
LWPOLYLINE
  5
371
330
17
100
AcDbEntity
  8
A-MURO
100
AcDbPolyline
 90
8
 70
1
 10
504.5
 20
470.0
 10
497.5
 20
470.0
 10
497.5
 20
471.0
 10
510.0
 20
471.0
 10
510.0
 20
470.0
 10
505.5
 20
470.0
 10
505.5
 20
431.0
 10
504.5
 20
431.0
  0
HATCH
  5
372
330
17
100
AcDbEntity
  8
A-MURO
 62
7
420
4605510
100
AcDbHatch
 10
0.0
 20
0.0
 30
0.0
210
0.0
220
0.0
230
1.0
  2
SOLID
 70
1
 71
0
 91
1
 92
3
 72
0
 73
1
 93
14
 10
492.0
 20
470.0
 10
485.5
 20
470.0
 10
485.5
 20
406.5
 10
361.0
 20
406.5
 10
361.0
 20
407.5
 10
484.5
 20
407.5
 10
484.5
 20
437.0
 10
485.0
 20
437.0
 10
485.0
 20
441.0
 10
484.5
 20
441.0
 10
484.5
 20
470.0
 10
417.0
 20
470.0
 10
417.0
 20
471.0
 10
492.0
 20
471.0
 97
0
 75
1
 76
1
 98
0
  0
LWPOLYLINE
  5
373
330
17
100
AcDbEntity
  8
A-MURO
100
AcDbPolyline
 90
14
 70
1
 10
492.0
 20
470.0
 10
485.5
 20
470.0
 10
485.5
 20
406.5
 10
361.0
 20
406.5
 10
361.0
 20
407.5
 10
484.5
 20
407.5
 10
484.5
 20
437.0
 10
485.0
 20
437.0
 10
485.0
 20
441.0
 10
484.5
 20
441.0
 10
484.5
 20
470.0
 10
417.0
 20
470.0
 10
417.0
 20
471.0
 10
492.0
 20
471.0
  0
HATCH
  5
374
330
17
100
AcDbEntity
  8
A-MURO
 62
7
420
4605510
100
AcDbHatch
 10
0.0
 20
0.0
 30
0.0
210
0.0
220
0.0
230
1.0
  2
SOLID
 70
1
 71
0
 91
1
 92
3
 72
0
 73
1
 93
10
 10
344.5
 20
406.5
 10
344.5
 20
470.0
 10
260.5
 20
470.0
 10
260.5
 20
471.0
 10
407.0
 20
471.0
 10
407.0
 20
470.0
 10
345.5
 20
470.0
 10
345.5
 20
407.5
 10
351.0
 20
407.5
 10
351.0
 20
406.5
 97
0
 75
1
 76
1
 98
0
  0
LWPOLYLINE
  5
375
330
17
100
AcDbEntity
  8
A-MURO
100
AcDbPolyline
 90
10
 70
1
 10
344.5
 20
406.5
 10
344.5
 20
470.0
 10
260.5
 20
470.0
 10
260.5
 20
471.0
 10
407.0
 20
471.0
 10
407.0
 20
470.0
 10
345.5
 20
470.0
 10
345.5
 20
407.5
 10
351.0
 20
407.5
 10
351.0
 20
406.5
  0
HATCH
  5
376
330
17
100
AcDbEntity
  8
A-MURO
 62
7
420
4605510
100
AcDbHatch
 10
0.0
 20
0.0
 30
0.0
210
0.0
220
0.0
230
1.0
  2
SOLID
 70
1
 71
0
 91
1
 92
3
 72
0
 73
1
 93
8
 10
475.5
 20
682.5
 10
475.5
 20
657.0
 10
474.5
 20
657.0
 10
474.5
 20
681.5
 10
415.5
 20
681.5
 10
415.5
 20
657.0
 10
414.5
 20
657.0
 10
414.5
 20
682.5
 97
0
 75
1
 76
1
 98
0
  0
LWPOLYLINE
  5
377
330
17
100
AcDbEntity
  8
A-MURO
100
AcDbPolyline
 90
8
 70
1
 10
475.5
 20
682.5
 10
475.5
 20
657.0
 10
474.5
 20
657.0
 10
474.5
 20
681.5
 10
415.5
 20
681.5
 10
415.5
 20
657.0
 10
414.5
 20
657.0
 10
414.5
 20
682.5
  0
HATCH
  5
378
330
17
100
AcDbEntity
  8
A-COLUMNA
 62
7
420
0
100
AcDbHatch
 10
0.0
 20
0.0
 30
0.0
210
0.0
220
0.0
230
1.0
  2
SOLID
 70
1
 71
0
 91
1
 92
3
 72
0
 73
1
 93
4
 10
154.0
 20
471.0
 10
156.0
 20
471.0
 10
156.0
 20
473.0
 10
154.0
 20
473.0
 97
0
 75
1
 76
1
 98
0
  0
HATCH
  5
379
330
17
100
AcDbEntity
  8
A-COLUMNA
 62
7
420
0
100
AcDbHatch
 10
0.0
 20
0.0
 30
0.0
210
0.0
220
0.0
230
1.0
  2
SOLID
 70
1
 71
0
 91
1
 92
3
 72
0
 73
1
 93
4
 10
154.0
 20
651.0
 10
156.0
 20
651.0
 10
156.0
 20
653.0
 10
154.0
 20
653.0
 97
0
 75
1
 76
1
 98
0
  0
HATCH
  5
37A
330
17
100
AcDbEntity
  8
A-COLUMNA
 62
7
420
0
100
AcDbHatch
 10
0.0
 20
0.0
 30
0.0
210
0.0
220
0.0
230
1.0
  2
SOLID
 70
1
 71
0
 91
1
 92
3
 72
0
 73
1
 93
4
 10
194.0
 20
471.0
 10
196.0
 20
471.0
 10
196.0
 20
473.0
 10
194.0
 20
473.0
 97
0
 75
1
 76
1
 98
0
  0
HATCH
  5
37B
330
17
100
AcDbEntity
  8
A-COLUMNA
 62
7
420
0
100
AcDbHatch
 10
0.0
 20
0.0
 30
0.0
210
0.0
220
0.0
230
1.0
  2
SOLID
 70
1
 71
0
 91
1
 92
3
 72
0
 73
1
 93
4
 10
194.0
 20
651.0
 10
196.0
 20
651.0
 10
196.0
 20
653.0
 10
194.0
 20
653.0
 97
0
 75
1
 76
1
 98
0
  0
HATCH
  5
37C
330
17
100
AcDbEntity
  8
A-COLUMNA
 62
7
420
0
100
AcDbHatch
 10
0.0
 20
0.0
 30
0.0
210
0.0
220
0.0
230
1.0
  2
SOLID
 70
1
 71
0
 91
1
 92
3
 72
0
 73
1
 93
4
 10
234.0
 20
471.0
 10
236.0
 20
471.0
 10
236.0
 20
473.0
 10
234.0
 20
473.0
 97
0
 75
1
 76
1
 98
0
  0
HATCH
  5
37D
330
17
100
AcDbEntity
  8
A-COLUMNA
 62
7
420
0
100
AcDbHatch
 10
0.0
 20
0.0
 30
0.0
210
0.0
220
0.0
230
1.0
  2
SOLID
 70
1
 71
0
 91
1
 92
3
 72
0
 73
1
 93
4
 10
234.0
 20
651.0
 10
236.0
 20
651.0
 10
236.0
 20
653.0
 10
234.0
 20
653.0
 97
0
 75
1
 76
1
 98
0
  0
HATCH
  5
37E
330
17
100
AcDbEntity
  8
A-COLUMNA
 62
7
420
0
100
AcDbHatch
 10
0.0
 20
0.0
 30
0.0
210
0.0
220
0.0
230
1.0
  2
SOLID
 70
1
 71
0
 91
1
 92
3
 72
0
 73
1
 93
4
 10
274.0
 20
471.0
 10
276.0
 20
471.0
 10
276.0
 20
473.0
 10
274.0
 20
473.0
 97
0
 75
1
 76
1
 98
0
  0
HATCH
  5
37F
330
17
100
AcDbEntity
  8
A-COLUMNA
 62
7
420
0
100
AcDbHatch
 10
0.0
 20
0.0
 30
0.0
210
0.0
220
0.0
230
1.0
  2
SOLID
 70
1
 71
0
 91
1
 92
3
 72
0
 73
1
 93
4
 10
274.0
 20
651.0
 10
276.0
 20
651.0
 10
276.0
 20
653.0
 10
274.0
 20
653.0
 97
0
 75
1
 76
1
 98
0
  0
HATCH
  5
380
330
17
100
AcDbEntity
  8
A-COLUMNA
 62
7
420
0
100
AcDbHatch
 10
0.0
 20
0.0
 30
0.0
210
0.0
220
0.0
230
1.0
  2
SOLID
 70
1
 71
0
 91
1
 92
3
 72
0
 73
1
 93
4
 10
314.0
 20
471.0
 10
316.0
 20
471.0
 10
316.0
 20
473.0
 10
314.0
 20
473.0
 97
0
 75
1
 76
1
 98
0
  0
HATCH
  5
381
330
17
100
AcDbEntity
  8
A-COLUMNA
 62
7
420
0
100
AcDbHatch
 10
0.0
 20
0.0
 30
0.0
210
0.0
220
0.0
230
1.0
  2
SOLID
 70
1
 71
0
 91
1
 92
3
 72
0
 73
1
 93
4
 10
314.0
 20
651.0
 10
316.0
 20
651.0
 10
316.0
 20
653.0
 10
314.0
 20
653.0
 97
0
 75
1
 76
1
 98
0
  0
HATCH
  5
382
330
17
100
AcDbEntity
  8
A-COLUMNA
 62
7
420
0
100
AcDbHatch
 10
0.0
 20
0.0
 30
0.0
210
0.0
220
0.0
230
1.0
  2
SOLID
 70
1
 71
0
 91
1
 92
3
 72
0
 73
1
 93
4
 10
354.0
 20
471.0
 10
356.0
 20
471.0
 10
356.0
 20
473.0
 10
354.0
 20
473.0
 97
0
 75
1
 76
1
 98
0
  0
HATCH
  5
383
330
17
100
AcDbEntity
  8
A-COLUMNA
 62
7
420
0
100
AcDbHatch
 10
0.0
 20
0.0
 30
0.0
210
0.0
220
0.0
230
1.0
  2
SOLID
 70
1
 71
0
 91
1
 92
3
 72
0
 73
1
 93
4
 10
354.0
 20
651.0
 10
356.0
 20
651.0
 10
356.0
 20
653.0
 10
354.0
 20
653.0
 97
0
 75
1
 76
1
 98
0
  0
HATCH
  5
384
330
17
100
AcDbEntity
  8
A-COLUMNA
 62
7
420
0
100
AcDbHatch
 10
0.0
 20
0.0
 30
0.0
210
0.0
220
0.0
230
1.0
  2
SOLID
 70
1
 71
0
 91
1
 92
3
 72
0
 73
1
 93
4
 10
394.0
 20
471.0
 10
396.0
 20
471.0
 10
396.0
 20
473.0
 10
394.0
 20
473.0
 97
0
 75
1
 76
1
 98
0
  0
HATCH
  5
385
330
17
100
AcDbEntity
  8
A-COLUMNA
 62
7
420
0
100
AcDbHatch
 10
0.0
 20
0.0
 30
0.0
210
0.0
220
0.0
230
1.0
  2
SOLID
 70
1
 71
0
 91
1
 92
3
 72
0
 73
1
 93
4
 10
394.0
 20
651.0
 10
396.0
 20
651.0
 10
396.0
 20
653.0
 10
394.0
 20
653.0
 97
0
 75
1
 76
1
 98
0
  0
HATCH
  5
386
330
17
100
AcDbEntity
  8
A-COLUMNA
 62
7
420
0
100
AcDbHatch
 10
0.0
 20
0.0
 30
0.0
210
0.0
220
0.0
230
1.0
  2
SOLID
 70
1
 71
0
 91
1
 92
3
 72
0
 73
1
 93
4
 10
434.0
 20
471.0
 10
436.0
 20
471.0
 10
436.0
 20
473.0
 10
434.0
 20
473.0
 97
0
 75
1
 76
1
 98
0
  0
HATCH
  5
387
330
17
100
AcDbEntity
  8
A-COLUMNA
 62
7
420
0
100
AcDbHatch
 10
0.0
 20
0.0
 30
0.0
210
0.0
220
0.0
230
1.0
  2
SOLID
 70
1
 71
0
 91
1
 92
3
 72
0
 73
1
 93
4
 10
434.0
 20
651.0
 10
436.0
 20
651.0
 10
436.0
 20
653.0
 10
434.0
 20
653.0
 97
0
 75
1
 76
1
 98
0
  0
HATCH
  5
388
330
17
100
AcDbEntity
  8
A-COLUMNA
 62
7
420
0
100
AcDbHatch
 10
0.0
 20
0.0
 30
0.0
210
0.0
220
0.0
230
1.0
  2
SOLID
 70
1
 71
0
 91
1
 92
3
 72
0
 73
1
 93
4
 10
474.0
 20
471.0
 10
476.0
 20
471.0
 10
476.0
 20
473.0
 10
474.0
 20
473.0
 97
0
 75
1
 76
1
 98
0
  0
HATCH
  5
389
330
17
100
AcDbEntity
  8
A-COLUMNA
 62
7
420
0
100
AcDbHatch
 10
0.0
 20
0.0
 30
0.0
210
0.0
220
0.0
230
1.0
  2
SOLID
 70
1
 71
0
 91
1
 92
3
 72
0
 73
1
 93
4
 10
474.0
 20
651.0
 10
476.0
 20
651.0
 10
476.0
 20
653.0
 10
474.0
 20
653.0
 97
0
 75
1
 76
1
 98
0
  0
HATCH
  5
38A
330
17
100
AcDbEntity
  8
A-COLUMNA
 62
7
420
0
100
AcDbHatch
 10
0.0
 20
0.0
 30
0.0
210
0.0
220
0.0
230
1.0
  2
SOLID
 70
1
 71
0
 91
1
 92
3
 72
0
 73
1
 93
4
 10
514.0
 20
471.0
 10
516.0
 20
471.0
 10
516.0
 20
473.0
 10
514.0
 20
473.0
 97
0
 75
1
 76
1
 98
0
  0
HATCH
  5
38B
330
17
100
AcDbEntity
  8
A-COLUMNA
 62
7
420
0
100
AcDbHatch
 10
0.0
 20
0.0
 30
0.0
210
0.0
220
0.0
230
1.0
  2
SOLID
 70
1
 71
0
 91
1
 92
3
 72
0
 73
1
 93
4
 10
514.0
 20
651.0
 10
516.0
 20
651.0
 10
516.0
 20
653.0
 10
514.0
 20
653.0
 97
0
 75
1
 76
1
 98
0
  0
HATCH
  5
38C
330
17
100
AcDbEntity
  8
A-COLUMNA
 62
7
420
0
100
AcDbHatch
 10
0.0
 20
0.0
 30
0.0
210
0.0
220
0.0
230
1.0
  2
SOLID
 70
1
 71
0
 91
1
 92
3
 72
0
 73
1
 93
4
 10
554.0
 20
471.0
 10
556.0
 20
471.0
 10
556.0
 20
473.0
 10
554.0
 20
473.0
 97
0
 75
1
 76
1
 98
0
  0
HATCH
  5
38D
330
17
100
AcDbEntity
  8
A-COLUMNA
 62
7
420
0
100
AcDbHatch
 10
0.0
 20
0.0
 30
0.0
210
0.0
220
0.0
230
1.0
  2
SOLID
 70
1
 71
0
 91
1
 92
3
 72
0
 73
1
 93
4
 10
554.0
 20
651.0
 10
556.0
 20
651.0
 10
556.0
 20
653.0
 10
554.0
 20
653.0
 97
0
 75
1
 76
1
 98
0
  0
HATCH
  5
38E
330
17
100
AcDbEntity
  8
A-COLUMNA
 62
7
420
0
100
AcDbHatch
 10
0.0
 20
0.0
 30
0.0
210
0.0
220
0.0
230
1.0
  2
SOLID
 70
1
 71
0
 91
1
 92
3
 72
0
 73
1
 93
4
 10
594.0
 20
471.0
 10
596.0
 20
471.0
 10
596.0
 20
473.0
 10
594.0
 20
473.0
 97
0
 75
1
 76
1
 98
0
  0
HATCH
  5
38F
330
17
100
AcDbEntity
  8
A-COLUMNA
 62
7
420
0
100
AcDbHatch
 10
0.0
 20
0.0
 30
0.0
210
0.0
220
0.0
230
1.0
  2
SOLID
 70
1
 71
0
 91
1
 92
3
 72
0
 73
1
 93
4
 10
594.0
 20
651.0
 10
596.0
 20
651.0
 10
596.0
 20
653.0
 10
594.0
 20
653.0
 97
0
 75
1
 76
1
 98
0
  0
HATCH
  5
390
330
17
100
AcDbEntity
  8
A-COLUMNA
 62
7
420
0
100
AcDbHatch
 10
0.0
 20
0.0
 30
0.0
210
0.0
220
0.0
230
1.0
  2
SOLID
 70
1
 71
0
 91
1
 92
3
 72
0
 73
1
 93
4
 10
634.0
 20
471.0
 10
636.0
 20
471.0
 10
636.0
 20
473.0
 10
634.0
 20
473.0
 97
0
 75
1
 76
1
 98
0
  0
HATCH
  5
391
330
17
100
AcDbEntity
  8
A-COLUMNA
 62
7
420
0
100
AcDbHatch
 10
0.0
 20
0.0
 30
0.0
210
0.0
220
0.0
230
1.0
  2
SOLID
 70
1
 71
0
 91
1
 92
3
 72
0
 73
1
 93
4
 10
634.0
 20
651.0
 10
636.0
 20
651.0
 10
636.0
 20
653.0
 10
634.0
 20
653.0
 97
0
 75
1
 76
1
 98
0
  0
HATCH
  5
392
330
17
100
AcDbEntity
  8
A-COLUMNA
 62
7
420
0
100
AcDbHatch
 10
0.0
 20
0.0
 30
0.0
210
0.0
220
0.0
230
1.0
  2
SOLID
 70
1
 71
0
 91
1
 92
3
 72
0
 73
1
 93
4
 10
674.0
 20
471.0
 10
676.0
 20
471.0
 10
676.0
 20
473.0
 10
674.0
 20
473.0
 97
0
 75
1
 76
1
 98
0
  0
HATCH
  5
393
330
17
100
AcDbEntity
  8
A-COLUMNA
 62
7
420
0
100
AcDbHatch
 10
0.0
 20
0.0
 30
0.0
210
0.0
220
0.0
230
1.0
  2
SOLID
 70
1
 71
0
 91
1
 92
3
 72
0
 73
1
 93
4
 10
674.0
 20
651.0
 10
676.0
 20
651.0
 10
676.0
 20
653.0
 10
674.0
 20
653.0
 97
0
 75
1
 76
1
 98
0
  0
HATCH
  5
394
330
17
100
AcDbEntity
  8
A-COLUMNA
 62
7
420
0
100
AcDbHatch
 10
0.0
 20
0.0
 30
0.0
210
0.0
220
0.0
230
1.0
  2
SOLID
 70
1
 71
0
 91
1
 92
3
 72
0
 73
1
 93
4
 10
714.0
 20
471.0
 10
716.0
 20
471.0
 10
716.0
 20
473.0
 10
714.0
 20
473.0
 97
0
 75
1
 76
1
 98
0
  0
HATCH
  5
395
330
17
100
AcDbEntity
  8
A-COLUMNA
 62
7
420
0
100
AcDbHatch
 10
0.0
 20
0.0
 30
0.0
210
0.0
220
0.0
230
1.0
  2
SOLID
 70
1
 71
0
 91
1
 92
3
 72
0
 73
1
 93
4
 10
714.0
 20
651.0
 10
716.0
 20
651.0
 10
716.0
 20
653.0
 10
714.0
 20
653.0
 97
0
 75
1
 76
1
 98
0
  0
HATCH
  5
396
330
17
100
AcDbEntity
  8
A-COLUMNA
 62
7
420
0
100
AcDbHatch
 10
0.0
 20
0.0
 30
0.0
210
0.0
220
0.0
230
1.0
  2
SOLID
 70
1
 71
0
 91
1
 92
3
 72
0
 73
1
 93
4
 10
754.0
 20
471.0
 10
756.0
 20
471.0
 10
756.0
 20
473.0
 10
754.0
 20
473.0
 97
0
 75
1
 76
1
 98
0
  0
HATCH
  5
397
330
17
100
AcDbEntity
  8
A-COLUMNA
 62
7
420
0
100
AcDbHatch
 10
0.0
 20
0.0
 30
0.0
210
0.0
220
0.0
230
1.0
  2
SOLID
 70
1
 71
0
 91
1
 92
3
 72
0
 73
1
 93
4
 10
754.0
 20
651.0
 10
756.0
 20
651.0
 10
756.0
 20
653.0
 10
754.0
 20
653.0
 97
0
 75
1
 76
1
 98
0
  0
HATCH
  5
398
330
17
100
AcDbEntity
  8
A-COLUMNA
 62
7
420
0
100
AcDbHatch
 10
0.0
 20
0.0
 30
0.0
210
0.0
220
0.0
230
1.0
  2
SOLID
 70
1
 71
0
 91
1
 92
3
 72
0
 73
1
 93
4
 10
154.25
 20
501.25
 10
155.75
 20
501.25
 10
155.75
 20
502.75
 10
154.25
 20
502.75
 97
0
 75
1
 76
1
 98
0
  0
HATCH
  5
399
330
17
100
AcDbEntity
  8
A-COLUMNA
 62
7
420
0
100
AcDbHatch
 10
0.0
 20
0.0
 30
0.0
210
0.0
220
0.0
230
1.0
  2
SOLID
 70
1
 71
0
 91
1
 92
3
 72
0
 73
1
 93
4
 10
154.25
 20
531.25
 10
155.75
 20
531.25
 10
155.75
 20
532.75
 10
154.25
 20
532.75
 97
0
 75
1
 76
1
 98
0
  0
HATCH
  5
39A
330
17
100
AcDbEntity
  8
A-COLUMNA
 62
7
420
0
100
AcDbHatch
 10
0.0
 20
0.0
 30
0.0
210
0.0
220
0.0
230
1.0
  2
SOLID
 70
1
 71
0
 91
1
 92
3
 72
0
 73
1
 93
4
 10
154.25
 20
561.25
 10
155.75
 20
561.25
 10
155.75
 20
562.75
 10
154.25
 20
562.75
 97
0
 75
1
 76
1
 98
0
  0
HATCH
  5
39B
330
17
100
AcDbEntity
  8
A-COLUMNA
 62
7
420
0
100
AcDbHatch
 10
0.0
 20
0.0
 30
0.0
210
0.0
220
0.0
230
1.0
  2
SOLID
 70
1
 71
0
 91
1
 92
3
 72
0
 73
1
 93
4
 10
154.25
 20
591.25
 10
155.75
 20
591.25
 10
155.75
 20
592.75
 10
154.25
 20
592.75
 97
0
 75
1
 76
1
 98
0
  0
HATCH
  5
39C
330
17
100
AcDbEntity
  8
A-COLUMNA
 62
7
420
0
100
AcDbHatch
 10
0.0
 20
0.0
 30
0.0
210
0.0
220
0.0
230
1.0
  2
SOLID
 70
1
 71
0
 91
1
 92
3
 72
0
 73
1
 93
4
 10
154.25
 20
621.25
 10
155.75
 20
621.25
 10
155.75
 20
622.75
 10
154.25
 20
622.75
 97
0
 75
1
 76
1
 98
0
  0
HATCH
  5
39D
330
17
100
AcDbEntity
  8
A-COLUMNA
 62
7
420
0
100
AcDbHatch
 10
0.0
 20
0.0
 30
0.0
210
0.0
220
0.0
230
1.0
  2
SOLID
 70
1
 71
0
 91
1
 92
3
 72
0
 73
1
 93
4
 10
754.25
 20
501.25
 10
755.75
 20
501.25
 10
755.75
 20
502.75
 10
754.25
 20
502.75
 97
0
 75
1
 76
1
 98
0
  0
HATCH
  5
39E
330
17
100
AcDbEntity
  8
A-COLUMNA
 62
7
420
0
100
AcDbHatch
 10
0.0
 20
0.0
 30
0.0
210
0.0
220
0.0
230
1.0
  2
SOLID
 70
1
 71
0
 91
1
 92
3
 72
0
 73
1
 93
4
 10
754.25
 20
531.25
 10
755.75
 20
531.25
 10
755.75
 20
532.75
 10
754.25
 20
532.75
 97
0
 75
1
 76
1
 98
0
  0
HATCH
  5
39F
330
17
100
AcDbEntity
  8
A-COLUMNA
 62
7
420
0
100
AcDbHatch
 10
0.0
 20
0.0
 30
0.0
210
0.0
220
0.0
230
1.0
  2
SOLID
 70
1
 71
0
 91
1
 92
3
 72
0
 73
1
 93
4
 10
754.25
 20
561.25
 10
755.75
 20
561.25
 10
755.75
 20
562.75
 10
754.25
 20
562.75
 97
0
 75
1
 76
1
 98
0
  0
HATCH
  5
3A0
330
17
100
AcDbEntity
  8
A-COLUMNA
 62
7
420
0
100
AcDbHatch
 10
0.0
 20
0.0
 30
0.0
210
0.0
220
0.0
230
1.0
  2
SOLID
 70
1
 71
0
 91
1
 92
3
 72
0
 73
1
 93
4
 10
754.25
 20
591.25
 10
755.75
 20
591.25
 10
755.75
 20
592.75
 10
754.25
 20
592.75
 97
0
 75
1
 76
1
 98
0
  0
HATCH
  5
3A1
330
17
100
AcDbEntity
  8
A-COLUMNA
 62
7
420
0
100
AcDbHatch
 10
0.0
 20
0.0
 30
0.0
210
0.0
220
0.0
230
1.0
  2
SOLID
 70
1
 71
0
 91
1
 92
3
 72
0
 73
1
 93
4
 10
754.25
 20
621.25
 10
755.75
 20
621.25
 10
755.75
 20
622.75
 10
754.25
 20
622.75
 97
0
 75
1
 76
1
 98
0
  0
LINE
  5
3A2
330
17
100
AcDbEntity
  8
A-ABERTURA
100
AcDbLine
 10
175.0
 20
653.5
 30
0.0
 11
200.0
 21
653.5
 31
0.0
  0
LINE
  5
3A3
330
17
100
AcDbEntity
  8
A-ABERTURA
100
AcDbLine
 10
175.0
 20
656.5
 30
0.0
 11
200.0
 21
656.5
 31
0.0
  0
TEXT
  5
3A4
330
17
100
AcDbEntity
  8
A-TEXTO
100
AcDbText
 10
187.5
 20
660.0
 30
0.0
 40
1.6
  1
P1
  7
ISO3098
 72
1
 11
187.5
 21
660.0
 31
0.0
100
AcDbText
 73
2
  0
LINE
  5
3A5
330
17
100
AcDbEntity
  8
A-ABERTURA
100
AcDbLine
 10
219.5
 20
653.5
 30
0.0
 11
235.5
 21
653.5
 31
0.0
  0
LINE
  5
3A6
330
17
100
AcDbEntity
  8
A-ABERTURA
100
AcDbLine
 10
219.5
 20
656.5
 30
0.0
 11
235.5
 21
656.5
 31
0.0
  0
TEXT
  5
3A7
330
17
100
AcDbEntity
  8
A-TEXTO
100
AcDbText
 10
227.5
 20
660.0
 30
0.0
 40
1.6
  1
P1b
  7
ISO3098
 72
1
 11
227.5
 21
660.0
 31
0.0
100
AcDbText
 73
2
  0
LINE
  5
3A8
330
17
100
AcDbEntity
  8
A-ABERTURA
100
AcDbLine
 10
153.5
 20
544.0
 30
0.0
 11
153.5
 21
562.0
 31
0.0
  0
LINE
  5
3A9
330
17
100
AcDbEntity
  8
A-ABERTURA
100
AcDbLine
 10
150.5
 20
544.0
 30
0.0
 11
150.5
 21
562.0
 31
0.0
  0
TEXT
  5
3AA
330
17
100
AcDbEntity
  8
A-TEXTO
100
AcDbText
 10
142.5
 20
553.0
 30
0.0
 40
1.6
  1
P2
  7
ISO3098
 72
1
 11
142.5
 21
553.0
 31
0.0
100
AcDbText
 73
2
  0
LINE
  5
3AB
330
17
100
AcDbEntity
  8
A-ABERTURA
100
AcDbLine
 10
294.5
 20
653.5
 30
0.0
 11
308.0
 21
653.5
 31
0.0
  0
LINE
  5
3AC
330
17
100
AcDbEntity
  8
A-ABERTURA
100
AcDbLine
 10
294.5
 20
656.5
 30
0.0
 11
308.0
 21
656.5
 31
0.0
  0
TEXT
  5
3AD
330
17
100
AcDbEntity
  8
A-TEXTO
100
AcDbText
 10
301.25
 20
660.0
 30
0.0
 40
1.6
  1
P2b
  7
ISO3098
 72
1
 11
301.25
 21
660.0
 31
0.0
100
AcDbText
 73
2
  0
LINE
  5
3AE
330
17
100
AcDbEntity
  8
A-ABERTURA
100
AcDbLine
 10
153.5
 20
492.0
 30
0.0
 11
153.5
 21
512.0
 31
0.0
  0
LINE
  5
3AF
330
17
100
AcDbEntity
  8
A-ABERTURA
100
AcDbLine
 10
150.5
 20
492.0
 30
0.0
 11
150.5
 21
512.0
 31
0.0
  0
TEXT
  5
3B0
330
17
100
AcDbEntity
  8
A-TEXTO
100
AcDbText
 10
142.5
 20
502.0
 30
0.0
 40
1.6
  1
P6
  7
ISO3098
 72
1
 11
142.5
 21
502.0
 31
0.0
100
AcDbText
 73
2
  0
LINE
  5
3B1
330
17
100
AcDbEntity
  8
A-ABERTURA
100
AcDbLine
 10
153.5
 20
523.0
 30
0.0
 11
153.5
 21
539.0
 31
0.0
  0
LINE
  5
3B2
330
17
100
AcDbEntity
  8
A-ABERTURA
100
AcDbLine
 10
150.5
 20
523.0
 30
0.0
 11
150.5
 21
539.0
 31
0.0
  0
TEXT
  5
3B3
330
17
100
AcDbEntity
  8
A-TEXTO
100
AcDbText
 10
142.5
 20
531.0
 30
0.0
 40
1.6
  1
P7
  7
ISO3098
 72
1
 11
142.5
 21
531.0
 31
0.0
100
AcDbText
 73
2
  0
LINE
  5
3B4
330
17
100
AcDbEntity
  8
A-ABERTURA
100
AcDbLine
 10
529.0
 20
653.5
 30
0.0
 11
544.0
 21
653.5
 31
0.0
  0
LINE
  5
3B5
330
17
100
AcDbEntity
  8
A-ABERTURA
100
AcDbLine
 10
529.0
 20
656.5
 30
0.0
 11
544.0
 21
656.5
 31
0.0
  0
TEXT
  5
3B6
330
17
100
AcDbEntity
  8
A-TEXTO
100
AcDbText
 10
536.5
 20
660.0
 30
0.0
 40
1.6
  1
P3
  7
ISO3098
 72
1
 11
536.5
 21
660.0
 31
0.0
100
AcDbText
 73
2
  0
LINE
  5
3B7
330
17
100
AcDbEntity
  8
A-ABERTURA
100
AcDbLine
 10
590.0
 20
653.5
 30
0.0
 11
610.0
 21
653.5
 31
0.0
  0
LINE
  5
3B8
330
17
100
AcDbEntity
  8
A-ABERTURA
100
AcDbLine
 10
590.0
 20
656.5
 30
0.0
 11
610.0
 21
656.5
 31
0.0
  0
TEXT
  5
3B9
330
17
100
AcDbEntity
  8
A-TEXTO
100
AcDbText
 10
600.0
 20
660.0
 30
0.0
 40
1.6
  1
P4
  7
ISO3098
 72
1
 11
600.0
 21
660.0
 31
0.0
100
AcDbText
 73
2
  0
LINE
  5
3BA
330
17
100
AcDbEntity
  8
A-ABERTURA
100
AcDbLine
 10
635.0
 20
653.5
 30
0.0
 11
655.0
 21
653.5
 31
0.0
  0
LINE
  5
3BB
330
17
100
AcDbEntity
  8
A-ABERTURA
100
AcDbLine
 10
635.0
 20
656.5
 30
0.0
 11
655.0
 21
656.5
 31
0.0
  0
TEXT
  5
3BC
330
17
100
AcDbEntity
  8
A-TEXTO
100
AcDbText
 10
645.0
 20
660.0
 30
0.0
 40
1.6
  1
P5
  7
ISO3098
 72
1
 11
645.0
 21
660.0
 31
0.0
100
AcDbText
 73
2
  0
LINE
  5
3BD
330
17
100
AcDbEntity
  8
A-ABERTURA
100
AcDbLine
 10
756.5
 20
515.0
 30
0.0
 11
756.5
 21
531.0
 31
0.0
  0
LINE
  5
3BE
330
17
100
AcDbEntity
  8
A-ABERTURA
100
AcDbLine
 10
759.4999999999999
 20
515.0
 30
0.0
 11
759.4999999999999
 21
531.0
 31
0.0
  0
TEXT
  5
3BF
330
17
100
AcDbEntity
  8
A-TEXTO
100
AcDbText
 10
767.5
 20
523.0
 30
0.0
 40
1.6
  1
P8
  7
ISO3098
 72
1
 11
767.5
 21
523.0
 31
0.0
100
AcDbText
 73
2
  0
LINE
  5
3C0
330
17
100
AcDbEntity
  8
A-ABERTURA
100
AcDbLine
 10
756.5
 20
489.0
 30
0.0
 11
756.5
 21
509.0
 31
0.0
  0
LINE
  5
3C1
330
17
100
AcDbEntity
  8
A-ABERTURA
100
AcDbLine
 10
759.4999999999999
 20
489.0
 30
0.0
 11
759.4999999999999
 21
509.0
 31
0.0
  0
TEXT
  5
3C2
330
17
100
AcDbEntity
  8
A-TEXTO
100
AcDbText
 10
767.5
 20
499.0
 30
0.0
 40
1.6
  1
P9
  7
ISO3098
 72
1
 11
767.5
 21
499.0
 31
0.0
100
AcDbText
 73
2
  0
LINE
  5
3C3
330
17
100
AcDbEntity
  8
A-ABERTURA
100
AcDbLine
 10
756.5
 20
607.0
 30
0.0
 11
756.5
 21
622.0
 31
0.0
  0
LINE
  5
3C4
330
17
100
AcDbEntity
  8
A-ABERTURA
100
AcDbLine
 10
759.4999999999999
 20
607.0
 30
0.0
 11
759.4999999999999
 21
622.0
 31
0.0
  0
LWPOLYLINE
  5
3C5
330
17
100
AcDbEntity
  8
A-ABERTURA
100
AcDbPolyline
 90
4
 70
1
 10
740.0
 20
609.0
 10
754.0
 20
609.0
 10
754.0
 20
620.0
 10
740.0
 20
620.0
  0
LWPOLYLINE
  5
3C6
330
17
100
AcDbEntity
  8
A-ABERTURA
100
AcDbPolyline
 90
4
 70
1
 10
756.0
 20
605.5
 10
759.0
 20
605.5
 10
759.0
 20
623.5
 10
756.0
 20
623.5
  0
TEXT
  5
3C7
330
17
100
AcDbEntity
  8
A-TEXTO
100
AcDbText
 10
767.5
 20
614.5
 30
0.0
 40
1.6
  1
M1
  7
ISO3098
 72
1
 11
767.5
 21
614.5
 31
0.0
100
AcDbText
 73
2
  0
LINE
  5
3C8
330
17
100
AcDbEntity
  8
A-ABERTURA
100
AcDbLine
 10
756.5
 20
572.0
 30
0.0
 11
756.5
 21
587.0
 31
0.0
  0
LINE
  5
3C9
330
17
100
AcDbEntity
  8
A-ABERTURA
100
AcDbLine
 10
759.4999999999999
 20
572.0
 30
0.0
 11
759.4999999999999
 21
587.0
 31
0.0
  0
LWPOLYLINE
  5
3CA
330
17
100
AcDbEntity
  8
A-ABERTURA
100
AcDbPolyline
 90
4
 70
1
 10
740.0
 20
574.0
 10
754.0
 20
574.0
 10
754.0
 20
585.0
 10
740.0
 20
585.0
  0
LWPOLYLINE
  5
3CB
330
17
100
AcDbEntity
  8
A-ABERTURA
100
AcDbPolyline
 90
4
 70
1
 10
756.0
 20
570.5
 10
759.0
 20
570.5
 10
759.0
 20
588.5
 10
756.0
 20
588.5
  0
TEXT
  5
3CC
330
17
100
AcDbEntity
  8
A-TEXTO
100
AcDbText
 10
767.5
 20
579.5
 30
0.0
 40
1.6
  1
M2
  7
ISO3098
 72
1
 11
767.5
 21
579.5
 31
0.0
100
AcDbText
 73
2
  0
LINE
  5
3CD
330
17
100
AcDbEntity
  8
A-ABERTURA
100
AcDbLine
 10
756.5
 20
537.0
 30
0.0
 11
756.5
 21
552.0
 31
0.0
  0
LINE
  5
3CE
330
17
100
AcDbEntity
  8
A-ABERTURA
100
AcDbLine
 10
759.4999999999999
 20
537.0
 30
0.0
 11
759.4999999999999
 21
552.0
 31
0.0
  0
LWPOLYLINE
  5
3CF
330
17
100
AcDbEntity
  8
A-ABERTURA
100
AcDbPolyline
 90
4
 70
1
 10
740.0
 20
539.0
 10
754.0
 20
539.0
 10
754.0
 20
550.0
 10
740.0
 20
550.0
  0
LWPOLYLINE
  5
3D0
330
17
100
AcDbEntity
  8
A-ABERTURA
100
AcDbPolyline
 90
4
 70
1
 10
756.0
 20
535.5
 10
759.0
 20
535.5
 10
759.0
 20
553.5
 10
756.0
 20
553.5
  0
TEXT
  5
3D1
330
17
100
AcDbEntity
  8
A-TEXTO
100
AcDbText
 10
767.5
 20
544.5
 30
0.0
 40
1.6
  1
M3
  7
ISO3098
 72
1
 11
767.5
 21
544.5
 31
0.0
100
AcDbText
 73
2
  0
LINE
  5
3D2
330
17
100
AcDbEntity
  8
A-ABERTURA
100
AcDbLine
 10
153.5
 20
574.5
 30
0.0
 11
148.0
 21
574.5
 31
0.0
  0
ARC
  5
3D3
330
17
100
AcDbEntity
  8
A-ABERTURA
100
AcDbCircle
 10
153.5
 20
574.5
 30
0.0
 40
5.500000000000007
100
AcDbArc
 50
90.0
 51
180.0
  0
TEXT
  5
3D4
330
17
100
AcDbEntity
  8
S-ESCAPE
100
AcDbText
 10
142.0
 20
577.25
 30
0.0
 40
1.6
  1
SE-1
  7
ISO3098
 72
1
 11
142.0
 21
577.25
 31
0.0
100
AcDbText
 73
2
  0
LINE
  5
3D5
330
17
100
AcDbEntity
  8
A-ABERTURA
100
AcDbLine
 10
265.0
 20
653.5
 30
0.0
 11
265.0
 21
659.0
 31
0.0
  0
ARC
  5
3D6
330
17
100
AcDbEntity
  8
A-ABERTURA
100
AcDbCircle
 10
265.0
 20
653.5
 30
0.0
 40
5.500000000000007
100
AcDbArc
 50
0.0
 51
90.0
  0
TEXT
  5
3D7
330
17
100
AcDbEntity
  8
S-ESCAPE
100
AcDbText
 10
267.75
 20
663.5
 30
0.0
 40
1.6
  1
SE-2
  7
ISO3098
 72
1
 11
267.75
 21
663.5
 31
0.0
100
AcDbText
 73
2
  0
LINE
  5
3D8
330
17
100
AcDbEntity
  8
A-ABERTURA
100
AcDbLine
 10
385.0
 20
653.5
 30
0.0
 11
385.0
 21
659.0
 31
0.0
  0
ARC
  5
3D9
330
17
100
AcDbEntity
  8
A-ABERTURA
100
AcDbCircle
 10
385.0
 20
653.5
 30
0.0
 40
5.500000000000007
100
AcDbArc
 50
0.0
 51
90.0
  0
TEXT
  5
3DA
330
17
100
AcDbEntity
  8
S-ESCAPE
100
AcDbText
 10
387.75
 20
663.5
 30
0.0
 40
1.6
  1
SE-3
  7
ISO3098
 72
1
 11
387.75
 21
663.5
 31
0.0
100
AcDbText
 73
2
  0
LINE
  5
3DB
330
17
100
AcDbEntity
  8
A-ABERTURA
100
AcDbLine
 10
465.0
 20
653.5
 30
0.0
 11
465.0
 21
659.0
 31
0.0
  0
ARC
  5
3DC
330
17
100
AcDbEntity
  8
A-ABERTURA
100
AcDbCircle
 10
465.0
 20
653.5
 30
0.0
 40
5.500000000000007
100
AcDbArc
 50
0.0
 51
90.0
  0
TEXT
  5
3DD
330
17
100
AcDbEntity
  8
S-ESCAPE
100
AcDbText
 10
467.75
 20
663.5
 30
0.0
 40
1.6
  1
SE-4
  7
ISO3098
 72
1
 11
467.75
 21
663.5
 31
0.0
100
AcDbText
 73
2
  0
LINE
  5
3DE
330
17
100
AcDbEntity
  8
A-ABERTURA
100
AcDbLine
 10
560.0
 20
653.5
 30
0.0
 11
560.0
 21
659.0
 31
0.0
  0
ARC
  5
3DF
330
17
100
AcDbEntity
  8
A-ABERTURA
100
AcDbCircle
 10
560.0
 20
653.5
 30
0.0
 40
5.499999999999972
100
AcDbArc
 50
0.0
 51
90.0
  0
TEXT
  5
3E0
330
17
100
AcDbEntity
  8
S-ESCAPE
100
AcDbText
 10
562.75
 20
663.4999999999999
 30
0.0
 40
1.6
  1
SE-5
  7
ISO3098
 72
1
 11
562.75
 21
663.4999999999999
 31
0.0
100
AcDbText
 73
2
  0
LINE
  5
3E1
330
17
100
AcDbEntity
  8
A-ABERTURA
100
AcDbLine
 10
705.0
 20
653.5
 30
0.0
 11
705.0
 21
659.0
 31
0.0
  0
ARC
  5
3E2
330
17
100
AcDbEntity
  8
A-ABERTURA
100
AcDbCircle
 10
705.0
 20
653.5
 30
0.0
 40
5.499999999999972
100
AcDbArc
 50
0.0
 51
90.0
  0
TEXT
  5
3E3
330
17
100
AcDbEntity
  8
S-ESCAPE
100
AcDbText
 10
707.75
 20
663.4999999999999
 30
0.0
 40
1.6
  1
SE-6
  7
ISO3098
 72
1
 11
707.75
 21
663.4999999999999
 31
0.0
100
AcDbText
 73
2
  0
LINE
  5
3E4
330
17
100
AcDbEntity
  8
A-ABERTURA
100
AcDbLine
 10
255.0
 20
470.5
 30
0.0
 11
255.0
 21
465.0
 31
0.0
  0
ARC
  5
3E5
330
17
100
AcDbEntity
  8
A-ABERTURA
100
AcDbCircle
 10
255.0
 20
470.5
 30
0.0
 40
5.500000000000007
100
AcDbArc
 50
270.0
 51
360.0
  0
TEXT
  5
3E6
330
17
100
AcDbEntity
  8
S-ESCAPE
100
AcDbText
 10
257.75
 20
460.5
 30
0.0
 40
1.6
  1
SE-7
  7
ISO3098
 72
1
 11
257.75
 21
460.5
 31
0.0
100
AcDbText
 73
2
  0
LINE
  5
3E7
330
17
100
AcDbEntity
  8
A-ABERTURA
100
AcDbLine
 10
492.0
 20
470.5
 30
0.0
 11
492.0
 21
465.00000000000006
 31
0.0
  0
ARC
  5
3E8
330
17
100
AcDbEntity
  8
A-ABERTURA
100
AcDbCircle
 10
492.0
 20
470.5
 30
0.0
 40
5.499999999999972
100
AcDbArc
 50
270.0
 51
360.0
  0
TEXT
  5
3E9
330
17
100
AcDbEntity
  8
S-ESCAPE
100
AcDbText
 10
494.75
 20
460.5
 30
0.0
 40
1.6
  1
SE-8
  7
ISO3098
 72
1
 11
494.75
 21
460.5
 31
0.0
100
AcDbText
 73
2
  0
LINE
  5
3EA
330
17
100
AcDbEntity
  8
A-ABERTURA
100
AcDbLine
 10
660.0
 20
470.5
 30
0.0
 11
660.0
 21
465.00000000000006
 31
0.0
  0
ARC
  5
3EB
330
17
100
AcDbEntity
  8
A-ABERTURA
100
AcDbCircle
 10
660.0
 20
470.5
 30
0.0
 40
5.499999999999972
100
AcDbArc
 50
270.0
 51
360.0
  0
TEXT
  5
3EC
330
17
100
AcDbEntity
  8
S-ESCAPE
100
AcDbText
 10
662.75
 20
460.5
 30
0.0
 40
1.6
  1
SE-9
  7
ISO3098
 72
1
 11
662.75
 21
460.5
 31
0.0
100
AcDbText
 73
2
  0
LINE
  5
3ED
330
17
100
AcDbEntity
  8
A-ABERTURA
100
AcDbLine
 10
756.5
 20
637.0
 30
0.0
 11
762.0
 21
637.0
 31
0.0
  0
ARC
  5
3EE
330
17
100
AcDbEntity
  8
A-ABERTURA
100
AcDbCircle
 10
756.5
 20
637.0
 30
0.0
 40
5.500000000000007
100
AcDbArc
 50
0.0
 51
90.0
  0
TEXT
  5
3EF
330
17
100
AcDbEntity
  8
S-ESCAPE
100
AcDbText
 10
768.0
 20
639.75
 30
0.0
 40
1.6
  1
SE-10
  7
ISO3098
 72
1
 11
768.0
 21
639.75
 31
0.0
100
AcDbText
 73
2
  0
LINE
  5
3F0
330
17
100
AcDbEntity
  8
A-ABERTURA
100
AcDbLine
 10
407.0
 20
470.5
 30
0.0
 11
407.0
 21
460.5
 31
0.0
  0
ARC
  5
3F1
330
17
100
AcDbEntity
  8
A-ABERTURA
100
AcDbCircle
 10
407.0
 20
470.5
 30
0.0
 40
10.0
100
AcDbArc
 50
270.0
 51
360.0
  0
TEXT
  5
3F2
330
17
100
AcDbEntity
  8
A-TEXTO
100
AcDbText
 10
412.0
 20
464.0
 30
0.0
 40
1.6
  1
PP-1
  7
ISO3098
 72
1
 11
412.0
 21
464.0
 31
0.0
100
AcDbText
 73
2
  0
LINE
  5
3F3
330
17
100
AcDbEntity
  8
A-ABERTURA
100
AcDbLine
 10
510.0
 20
470.5
 30
0.0
 11
510.0
 21
464.5
 31
0.0
  0
ARC
  5
3F4
330
17
100
AcDbEntity
  8
A-ABERTURA
100
AcDbCircle
 10
510.0
 20
470.5
 30
0.0
 40
6.000000000000014
100
AcDbArc
 50
270.0
 51
360.0
  0
TEXT
  5
3F5
330
17
100
AcDbEntity
  8
A-TEXTO
100
AcDbText
 10
513.0
 20
464.0
 30
0.0
 40
1.6
  1
PP-3
  7
ISO3098
 72
1
 11
513.0
 21
464.0
 31
0.0
100
AcDbText
 73
2
  0
LINE
  5
3F6
330
17
100
AcDbEntity
  8
A-ABERTURA
100
AcDbLine
 10
351.0
 20
407.0
 30
0.0
 11
351.0
 21
397.0
 31
0.0
  0
ARC
  5
3F7
330
17
100
AcDbEntity
  8
A-ABERTURA
100
AcDbCircle
 10
351.0
 20
407.0
 30
0.0
 40
10.0
100
AcDbArc
 50
270.0
 51
360.0
  0
TEXT
  5
3F8
330
17
100
AcDbEntity
  8
A-TEXTO
100
AcDbText
 10
356.0
 20
400.0
 30
0.0
 40
1.4400000000000002
  1
SV-1
  7
ISO3098
 72
1
 11
356.0
 21
400.0
 31
0.0
100
AcDbText
 73
2
  0
LINE
  5
3F9
330
17
100
AcDbEntity
  8
A-ABERTURA
100
AcDbLine
 10
484.0
 20
439.0
 30
0.0
 11
484.0
 21
438.0
 31
0.0
  0
ARC
  5
3FA
330
17
100
AcDbEntity
  8
A-ABERTURA
100
AcDbCircle
 10
484.0
 20
439.0
 30
0.0
 40
1.0000000000000142
100
AcDbArc
 50
270.0
 51
360.0
  0
TEXT
  5
3FB
330
17
100
AcDbEntity
  8
A-TEXTO
100
AcDbText
 10
484.5
 20
432.0
 30
0.0
 40
1.4400000000000002
  1
SV-2
  7
ISO3098
 72
1
 11
484.5
 21
432.0
 31
0.0
100
AcDbText
 73
2
  0
LINE
  5
3FC
330
17
100
AcDbEntity
  8
A-ABERTURA
100
AcDbLine
 10
645.0
 20
392.0
 30
0.0
 11
645.0
 21
412.0
 31
0.0
  0
TEXT
  5
3FD
330
17
100
AcDbEntity
  8
A-TEXTO
100
AcDbText
 10
653.0
 20
402.0
 30
0.0
 40
1.4400000000000002
  1
RC-1
  7
ISO3098
 72
1
 11
653.0
 21
402.0
 31
0.0
100
AcDbText
 73
2
  0
LINE
  5
3FE
330
17
100
AcDbEntity
  8
A-ABERTURA
100
AcDbLine
 10
645.0
 20
447.0
 30
0.0
 11
645.0
 21
467.0
 31
0.0
  0
TEXT
  5
3FF
330
17
100
AcDbEntity
  8
A-TEXTO
100
AcDbText
 10
653.0
 20
457.0
 30
0.0
 40
1.4400000000000002
  1
RC-2
  7
ISO3098
 72
1
 11
653.0
 21
457.0
 31
0.0
100
AcDbText
 73
2
  0
LINE
  5
400
330
17
100
AcDbEntity
  8
A-ABERTURA
100
AcDbLine
 10
615.0
 20
387.0
 30
0.0
 11
615.0
 21
377.0
 31
0.0
  0
ARC
  5
401
330
17
100
AcDbEntity
  8
A-ABERTURA
100
AcDbCircle
 10
615.0
 20
387.0
 30
0.0
 40
10.0
100
AcDbArc
 50
270.0
 51
360.0
  0
TEXT
  5
402
330
17
100
AcDbEntity
  8
A-TEXTO
100
AcDbText
 10
620.0
 20
380.0
 30
0.0
 40
1.4400000000000002
  1
RC-3
  7
ISO3098
 72
1
 11
620.0
 21
380.0
 31
0.0
100
AcDbText
 73
2
  0
LINE
  5
403
330
17
100
AcDbEntity
  8
A-ABERTURA
100
AcDbLine
 10
505.0
 20
425.0
 30
0.0
 11
511.0
 21
425.0
 31
0.0
  0
ARC
  5
404
330
17
100
AcDbEntity
  8
A-ABERTURA
100
AcDbCircle
 10
505.0
 20
425.0
 30
0.0
 40
6.000000000000005
100
AcDbArc
 50
0.0
 51
90.0
  0
TEXT
  5
405
330
17
100
AcDbEntity
  8
A-TEXTO
100
AcDbText
 10
513.0
 20
428.0
 30
0.0
 40
1.4400000000000002
  1
RC-4
  7
ISO3098
 72
1
 11
513.0
 21
428.0
 31
0.0
100
AcDbText
 73
2
  0
LINE
  5
406
330
17
100
AcDbEntity
  8
A-EJE
100
AcDbLine
 10
155.0
 20
654.0
 30
0.0
 11
155.0
 21
660.0
 31
0.0
  0
CIRCLE
  5
407
330
17
100
AcDbEntity
  8
A-EJE
100
AcDbCircle
 10
155.0
 20
662.6
 30
0.0
 40
2.6
  0
TEXT
  5
408
330
17
100
AcDbEntity
  8
A-TEXTO
100
AcDbText
 10
155.0
 20
662.6
 30
0.0
 40
2.3400000000000003
  1
1
  7
ISO3098
 72
1
 11
155.0
 21
662.6
 31
0.0
100
AcDbText
 73
2
  0
LINE
  5
409
330
17
100
AcDbEntity
  8
A-EJE
100
AcDbLine
 10
195.0
 20
654.0
 30
0.0
 11
195.0
 21
660.0
 31
0.0
  0
CIRCLE
  5
40A
330
17
100
AcDbEntity
  8
A-EJE
100
AcDbCircle
 10
195.0
 20
662.6
 30
0.0
 40
2.6
  0
TEXT
  5
40B
330
17
100
AcDbEntity
  8
A-TEXTO
100
AcDbText
 10
195.0
 20
662.6
 30
0.0
 40
2.3400000000000003
  1
2
  7
ISO3098
 72
1
 11
195.0
 21
662.6
 31
0.0
100
AcDbText
 73
2
  0
LINE
  5
40C
330
17
100
AcDbEntity
  8
A-EJE
100
AcDbLine
 10
235.0
 20
654.0
 30
0.0
 11
235.0
 21
660.0
 31
0.0
  0
CIRCLE
  5
40D
330
17
100
AcDbEntity
  8
A-EJE
100
AcDbCircle
 10
235.0
 20
662.6
 30
0.0
 40
2.6
  0
TEXT
  5
40E
330
17
100
AcDbEntity
  8
A-TEXTO
100
AcDbText
 10
235.0
 20
662.6
 30
0.0
 40
2.3400000000000003
  1
3
  7
ISO3098
 72
1
 11
235.0
 21
662.6
 31
0.0
100
AcDbText
 73
2
  0
LINE
  5
40F
330
17
100
AcDbEntity
  8
A-EJE
100
AcDbLine
 10
275.0
 20
654.0
 30
0.0
 11
275.0
 21
660.0
 31
0.0
  0
CIRCLE
  5
410
330
17
100
AcDbEntity
  8
A-EJE
100
AcDbCircle
 10
275.0
 20
662.6
 30
0.0
 40
2.6
  0
TEXT
  5
411
330
17
100
AcDbEntity
  8
A-TEXTO
100
AcDbText
 10
275.0
 20
662.6
 30
0.0
 40
2.3400000000000003
  1
4
  7
ISO3098
 72
1
 11
275.0
 21
662.6
 31
0.0
100
AcDbText
 73
2
  0
LINE
  5
412
330
17
100
AcDbEntity
  8
A-EJE
100
AcDbLine
 10
315.0
 20
654.0
 30
0.0
 11
315.0
 21
660.0
 31
0.0
  0
CIRCLE
  5
413
330
17
100
AcDbEntity
  8
A-EJE
100
AcDbCircle
 10
315.0
 20
662.6
 30
0.0
 40
2.6
  0
TEXT
  5
414
330
17
100
AcDbEntity
  8
A-TEXTO
100
AcDbText
 10
315.0
 20
662.6
 30
0.0
 40
2.3400000000000003
  1
5
  7
ISO3098
 72
1
 11
315.0
 21
662.6
 31
0.0
100
AcDbText
 73
2
  0
LINE
  5
415
330
17
100
AcDbEntity
  8
A-EJE
100
AcDbLine
 10
355.0
 20
654.0
 30
0.0
 11
355.0
 21
660.0
 31
0.0
  0
CIRCLE
  5
416
330
17
100
AcDbEntity
  8
A-EJE
100
AcDbCircle
 10
355.0
 20
662.6
 30
0.0
 40
2.6
  0
TEXT
  5
417
330
17
100
AcDbEntity
  8
A-TEXTO
100
AcDbText
 10
355.0
 20
662.6
 30
0.0
 40
2.3400000000000003
  1
6
  7
ISO3098
 72
1
 11
355.0
 21
662.6
 31
0.0
100
AcDbText
 73
2
  0
LINE
  5
418
330
17
100
AcDbEntity
  8
A-EJE
100
AcDbLine
 10
395.0
 20
654.0
 30
0.0
 11
395.0
 21
660.0
 31
0.0
  0
CIRCLE
  5
419
330
17
100
AcDbEntity
  8
A-EJE
100
AcDbCircle
 10
395.0
 20
662.6
 30
0.0
 40
2.6
  0
TEXT
  5
41A
330
17
100
AcDbEntity
  8
A-TEXTO
100
AcDbText
 10
395.0
 20
662.6
 30
0.0
 40
2.3400000000000003
  1
7
  7
ISO3098
 72
1
 11
395.0
 21
662.6
 31
0.0
100
AcDbText
 73
2
  0
LINE
  5
41B
330
17
100
AcDbEntity
  8
A-EJE
100
AcDbLine
 10
435.0
 20
654.0
 30
0.0
 11
435.0
 21
660.0
 31
0.0
  0
CIRCLE
  5
41C
330
17
100
AcDbEntity
  8
A-EJE
100
AcDbCircle
 10
435.0
 20
662.6
 30
0.0
 40
2.6
  0
TEXT
  5
41D
330
17
100
AcDbEntity
  8
A-TEXTO
100
AcDbText
 10
435.0
 20
662.6
 30
0.0
 40
2.3400000000000003
  1
8
  7
ISO3098
 72
1
 11
435.0
 21
662.6
 31
0.0
100
AcDbText
 73
2
  0
LINE
  5
41E
330
17
100
AcDbEntity
  8
A-EJE
100
AcDbLine
 10
475.0
 20
654.0
 30
0.0
 11
475.0
 21
660.0
 31
0.0
  0
CIRCLE
  5
41F
330
17
100
AcDbEntity
  8
A-EJE
100
AcDbCircle
 10
475.0
 20
662.6
 30
0.0
 40
2.6
  0
TEXT
  5
420
330
17
100
AcDbEntity
  8
A-TEXTO
100
AcDbText
 10
475.0
 20
662.6
 30
0.0
 40
2.3400000000000003
  1
9
  7
ISO3098
 72
1
 11
475.0
 21
662.6
 31
0.0
100
AcDbText
 73
2
  0
LINE
  5
421
330
17
100
AcDbEntity
  8
A-EJE
100
AcDbLine
 10
515.0
 20
654.0
 30
0.0
 11
515.0
 21
660.0
 31
0.0
  0
CIRCLE
  5
422
330
17
100
AcDbEntity
  8
A-EJE
100
AcDbCircle
 10
515.0
 20
662.6
 30
0.0
 40
2.6
  0
TEXT
  5
423
330
17
100
AcDbEntity
  8
A-TEXTO
100
AcDbText
 10
515.0
 20
662.6
 30
0.0
 40
2.3400000000000003
  1
10
  7
ISO3098
 72
1
 11
515.0
 21
662.6
 31
0.0
100
AcDbText
 73
2
  0
LINE
  5
424
330
17
100
AcDbEntity
  8
A-EJE
100
AcDbLine
 10
555.0
 20
654.0
 30
0.0
 11
555.0
 21
660.0
 31
0.0
  0
CIRCLE
  5
425
330
17
100
AcDbEntity
  8
A-EJE
100
AcDbCircle
 10
555.0
 20
662.6
 30
0.0
 40
2.6
  0
TEXT
  5
426
330
17
100
AcDbEntity
  8
A-TEXTO
100
AcDbText
 10
555.0
 20
662.6
 30
0.0
 40
2.3400000000000003
  1
11
  7
ISO3098
 72
1
 11
555.0
 21
662.6
 31
0.0
100
AcDbText
 73
2
  0
LINE
  5
427
330
17
100
AcDbEntity
  8
A-EJE
100
AcDbLine
 10
595.0
 20
654.0
 30
0.0
 11
595.0
 21
660.0
 31
0.0
  0
CIRCLE
  5
428
330
17
100
AcDbEntity
  8
A-EJE
100
AcDbCircle
 10
595.0
 20
662.6
 30
0.0
 40
2.6
  0
TEXT
  5
429
330
17
100
AcDbEntity
  8
A-TEXTO
100
AcDbText
 10
595.0
 20
662.6
 30
0.0
 40
2.3400000000000003
  1
12
  7
ISO3098
 72
1
 11
595.0
 21
662.6
 31
0.0
100
AcDbText
 73
2
  0
LINE
  5
42A
330
17
100
AcDbEntity
  8
A-EJE
100
AcDbLine
 10
635.0
 20
654.0
 30
0.0
 11
635.0
 21
660.0
 31
0.0
  0
CIRCLE
  5
42B
330
17
100
AcDbEntity
  8
A-EJE
100
AcDbCircle
 10
635.0
 20
662.6
 30
0.0
 40
2.6
  0
TEXT
  5
42C
330
17
100
AcDbEntity
  8
A-TEXTO
100
AcDbText
 10
635.0
 20
662.6
 30
0.0
 40
2.3400000000000003
  1
13
  7
ISO3098
 72
1
 11
635.0
 21
662.6
 31
0.0
100
AcDbText
 73
2
  0
LINE
  5
42D
330
17
100
AcDbEntity
  8
A-EJE
100
AcDbLine
 10
675.0
 20
654.0
 30
0.0
 11
675.0
 21
660.0
 31
0.0
  0
CIRCLE
  5
42E
330
17
100
AcDbEntity
  8
A-EJE
100
AcDbCircle
 10
675.0
 20
662.6
 30
0.0
 40
2.6
  0
TEXT
  5
42F
330
17
100
AcDbEntity
  8
A-TEXTO
100
AcDbText
 10
675.0
 20
662.6
 30
0.0
 40
2.3400000000000003
  1
14
  7
ISO3098
 72
1
 11
675.0
 21
662.6
 31
0.0
100
AcDbText
 73
2
  0
LINE
  5
430
330
17
100
AcDbEntity
  8
A-EJE
100
AcDbLine
 10
715.0
 20
654.0
 30
0.0
 11
715.0
 21
660.0
 31
0.0
  0
CIRCLE
  5
431
330
17
100
AcDbEntity
  8
A-EJE
100
AcDbCircle
 10
715.0
 20
662.6
 30
0.0
 40
2.6
  0
TEXT
  5
432
330
17
100
AcDbEntity
  8
A-TEXTO
100
AcDbText
 10
715.0
 20
662.6
 30
0.0
 40
2.3400000000000003
  1
15
  7
ISO3098
 72
1
 11
715.0
 21
662.6
 31
0.0
100
AcDbText
 73
2
  0
LINE
  5
433
330
17
100
AcDbEntity
  8
A-EJE
100
AcDbLine
 10
755.0
 20
654.0
 30
0.0
 11
755.0
 21
660.0
 31
0.0
  0
CIRCLE
  5
434
330
17
100
AcDbEntity
  8
A-EJE
100
AcDbCircle
 10
755.0
 20
662.6
 30
0.0
 40
2.6
  0
TEXT
  5
435
330
17
100
AcDbEntity
  8
A-TEXTO
100
AcDbText
 10
755.0
 20
662.6
 30
0.0
 40
2.3400000000000003
  1
16
  7
ISO3098
 72
1
 11
755.0
 21
662.6
 31
0.0
100
AcDbText
 73
2
  0
LWPOLYLINE
  5
436
330
17
100
AcDbEntity
  8
F-RET
100
AcDbPolyline
 90
7
 70
0
 10
187.5
 20
692.0
 10
187.5
 20
652.0
 10
187.5
 20
607.0
 10
218.0
 20
598.0
 10
221.0
 20
598.0
 10
221.0
 20
566.5
 10
218.0
 20
566.5
  0
LWPOLYLINE
  5
437
330
17
100
AcDbEntity
  8
F-RET
100
AcDbPolyline
 90
2
 70
0
 10
218.0
 20
550.0
 10
238.0
 20
550.0
  0
LWPOLYLINE
  5
438
330
17
100
AcDbEntity
  8
F-RET
100
AcDbPolyline
 90
7
 70
0
 10
195.0
 20
692.0
 10
195.0
 20
652.0
 10
195.0
 20
619.5
 10
218.0
 20
619.5
 10
230.0
 20
603.5
 10
230.0
 20
577.5
 10
237.0
 20
577.5
  0
LWPOLYLINE
  5
439
330
17
100
AcDbEntity
  8
F-RET
100
AcDbPolyline
 90
2
 70
0
 10
245.0
 20
577.5
 10
249.0
 20
577.5
  0
LWPOLYLINE
  5
43A
330
17
100
AcDbEntity
  8
F-RET
100
AcDbPolyline
 90
5
 70
0
 10
226.0
 20
692.0
 10
226.0
 20
652.0
 10
226.0
 20
641.0
 10
262.5
 20
641.0
 10
262.5
 20
633.0
  0
LWPOLYLINE
  5
43B
330
17
100
AcDbEntity
  8
F-RET
100
AcDbPolyline
 90
4
 70
0
 10
238.0
 20
629.5
 10
233.0
 20
629.5
 10
233.0
 20
621.0
 10
238.0
 20
621.0
  0
LWPOLYLINE
  5
43C
330
17
100
AcDbEntity
  8
F-RET
100
AcDbPolyline
 90
5
 70
0
 10
178.0
 20
692.0
 10
178.0
 20
652.0
 10
178.0
 20
622.0
 10
170.0
 20
612.0
 10
170.0
 20
591.0
  0
LWPOLYLINE
  5
43D
330
17
100
AcDbEntity
  8
F-RET
100
AcDbPolyline
 90
4
 70
0
 10
125.0
 20
531.0
 10
155.0
 20
531.0
 10
230.0
 20
531.0
 10
230.0
 20
520.5
  0
LWPOLYLINE
  5
43E
330
17
100
AcDbEntity
  8
F-RET
100
AcDbPolyline
 90
2
 70
0
 10
230.0
 20
513.5
 10
234.5
 20
503.0
  0
LWPOLYLINE
  5
43F
330
17
100
AcDbEntity
  8
F-RET
100
AcDbPolyline
 90
4
 70
0
 10
600.0
 20
692.0
 10
600.0
 20
652.0
 10
600.0
 20
624.0
 10
605.5
 20
613.0
  0
LWPOLYLINE
  5
440
330
17
100
AcDbEntity
  8
F-RET
100
AcDbPolyline
 90
4
 70
0
 10
645.0
 20
692.0
 10
645.0
 20
652.0
 10
645.0
 20
624.0
 10
626.0
 20
610.0
  0
LWPOLYLINE
  5
441
330
17
100
AcDbEntity
  8
F-RET
100
AcDbPolyline
 90
3
 70
0
 10
536.5
 20
692.0
 10
536.5
 20
652.0
 10
536.5
 20
629.5
  0
LWPOLYLINE
  5
442
330
17
100
AcDbEntity
  8
F-RET
100
AcDbPolyline
 90
3
 70
0
 10
536.5
 20
629.5
 10
536.5
 20
592.0
 10
512.0
 20
567.0
  0
LWPOLYLINE
  5
443
330
17
100
AcDbEntity
  8
F-RET
100
AcDbPolyline
 90
3
 70
0
 10
536.5
 20
592.0
 10
536.5
 20
572.0
 10
528.0
 20
496.5
  0
LWPOLYLINE
  5
444
330
17
100
AcDbEntity
  8
F-RET
100
AcDbPolyline
 90
4
 70
0
 10
795.0
 20
517.0
 10
753.5
 20
517.0
 10
667.5
 20
517.0
 10
667.5
 20
513.0
  0
LWPOLYLINE
  5
445
330
17
100
AcDbEntity
  8
F-RET
100
AcDbPolyline
 90
4
 70
0
 10
795.0
 20
526.0
 10
753.5
 20
526.0
 10
615.0
 20
526.0
 10
611.0
 20
526.0
  0
LWPOLYLINE
  5
446
330
17
100
AcDbEntity
  8
F-RET
100
AcDbPolyline
 90
3
 70
0
 10
795.0
 20
544.5
 10
753.5
 20
544.5
 10
735.0
 20
544.5
  0
LWPOLYLINE
  5
447
330
17
100
AcDbEntity
  8
F-RET
100
AcDbPolyline
 90
3
 70
0
 10
268.0
 20
552.0
 10
284.0
 20
552.0
 10
309.0
 20
552.0
  0
LWPOLYLINE
  5
448
330
17
100
AcDbEntity
  8
F-RET
100
AcDbPolyline
 90
2
 70
0
 10
319.0
 20
541.5
 10
319.0
 20
502.0
  0
LWPOLYLINE
  5
449
330
17
100
AcDbEntity
  8
F-RET
100
AcDbPolyline
 90
11
 70
0
 10
319.0
 20
498.5
 10
301.5
 20
498.5
 10
285.5
 20
498.5
 10
267.0
 20
498.5
 10
246.0
 20
498.5
 10
226.5
 20
498.5
 10
210.0
 20
498.5
 10
187.5
 20
497.0
 10
176.0
 20
500.0
 10
155.0
 20
500.0
 10
125.0
 20
500.0
  0
LWPOLYLINE
  5
44A
330
17
100
AcDbEntity
  8
F-RET
100
AcDbPolyline
 90
2
 70
0
 10
334.0
 20
558.0
 10
340.0
 20
558.0
  0
LWPOLYLINE
  5
44B
330
17
100
AcDbEntity
  8
F-RET
100
AcDbPolyline
 90
2
 70
0
 10
251.0
 20
599.25
 10
251.0
 20
599.75
  0
LWPOLYLINE
  5
44C
330
17
100
AcDbEntity
  8
F-RET
100
AcDbPolyline
 90
2
 70
0
 10
261.0
 20
599.25
 10
261.0
 20
599.75
  0
LWPOLYLINE
  5
44D
330
17
100
AcDbEntity
  8
F-RET
100
AcDbPolyline
 90
3
 70
0
 10
266.0
 20
601.75
 10
335.0
 20
601.75
 10
340.0
 20
601.75
  0
LWPOLYLINE
  5
44E
330
17
100
AcDbEntity
  8
F-RET
100
AcDbPolyline
 90
6
 70
0
 10
250.0
 20
615.0
 10
258.5
 20
615.0
 10
273.5
 20
615.0
 10
277.0
 20
615.0
 10
294.0
 20
615.0
 10
309.5
 20
615.0
  0
LWPOLYLINE
  5
44F
330
17
100
AcDbEntity
  8
F-RET
100
AcDbPolyline
 90
2
 70
0
 10
334.0
 20
615.0
 10
340.0
 20
615.0
  0
LWPOLYLINE
  5
450
330
17
100
AcDbEntity
  8
F-RET
100
AcDbPolyline
 90
6
 70
0
 10
340.0
 20
645.0
 10
340.0
 20
545.0
 10
351.0
 20
545.0
 10
351.0
 20
633.0
 10
514.0
 20
633.0
 10
514.0
 20
645.0
  0
LWPOLYLINE
  5
451
330
17
100
AcDbEntity
  8
F-RET
100
AcDbPolyline
 90
2
 70
0
 10
514.0
 20
645.0
 10
340.0
 20
645.0
  0
LWPOLYLINE
  5
452
330
17
100
AcDbEntity
  8
F-RET
100
AcDbPolyline
 90
2
 70
0
 10
369.0
 20
633.0
 10
369.0
 20
627.0
  0
LWPOLYLINE
  5
453
330
17
100
AcDbEntity
  8
F-RET
100
AcDbPolyline
 90
12
 70
0
 10
367.0
 20
609.0
 10
367.0
 20
604.0
 10
367.0
 20
593.0
 10
367.0
 20
583.0
 10
367.0
 20
573.0
 10
367.0
 20
535.0
 10
413.5
 20
535.0
 10
413.5
 20
539.0
 10
413.5
 20
549.0
 10
413.5
 20
568.0
 10
413.5
 20
600.0
 10
413.5
 20
605.0
  0
LWPOLYLINE
  5
454
330
17
100
AcDbEntity
  8
F-RET
100
AcDbPolyline
 90
2
 70
0
 10
413.5
 20
627.5
 10
413.5
 20
633.0
  0
LWPOLYLINE
  5
455
330
17
100
AcDbEntity
  8
F-RET
100
AcDbPolyline
 90
2
 70
0
 10
433.0
 20
633.0
 10
433.0
 20
627.5
  0
LWPOLYLINE
  5
456
330
17
100
AcDbEntity
  8
F-RET
100
AcDbPolyline
 90
14
 70
0
 10
431.0
 20
611.0
 10
431.0
 20
607.0
 10
431.0
 20
597.5
 10
431.0
 20
584.0
 10
431.0
 20
566.5
 10
431.0
 20
557.0
 10
431.0
 20
535.75
 10
442.0
 20
535.75
 10
457.0
 20
535.75
 10
478.25
 20
537.0
 10
478.25
 20
559.5
 10
477.5
 20
567.0
 10
477.5
 20
586.5
 10
475.0
 20
605.0
  0
LWPOLYLINE
  5
457
330
17
100
AcDbEntity
  8
F-RET
100
AcDbPolyline
 90
2
 70
0
 10
475.0
 20
627.5
 10
475.0
 20
633.0
  0
LWPOLYLINE
  5
458
330
17
100
AcDbEntity
  8
F-RET
100
AcDbPolyline
 90
2
 70
0
 10
509.5
 20
633.0
 10
509.5
 20
627.0
  0
LWPOLYLINE
  5
459
330
17
100
AcDbEntity
  8
F-RET
100
AcDbPolyline
 90
14
 70
0
 10
503.5
 20
594.0
 10
503.5
 20
588.0
 10
503.5
 20
546.0
 10
503.5
 20
540.0
 10
503.5
 20
510.0
 10
503.5
 20
499.0
 10
523.0
 20
493.0
 10
533.0
 20
493.0
 10
567.0
 20
499.0
 10
567.0
 20
510.0
 10
567.0
 20
540.0
 10
567.0
 20
546.0
 10
567.0
 20
588.0
 10
560.5
 20
594.0
  0
LWPOLYLINE
  5
45A
330
17
100
AcDbEntity
  8
F-RET
100
AcDbPolyline
 90
3
 70
0
 10
574.0
 20
608.0
 10
582.5
 20
608.0
 10
597.0
 20
605.5
  0
LWPOLYLINE
  5
45B
330
17
100
AcDbEntity
  8
F-RET
100
AcDbPolyline
 90
3
 70
0
 10
614.0
 20
605.5
 10
618.5
 20
603.0
 10
621.0
 20
607.5
  0
LWPOLYLINE
  5
45C
330
17
100
AcDbEntity
  8
F-RET
100
AcDbPolyline
 90
2
 70
0
 10
618.5
 20
603.0
 10
621.0
 20
597.5
  0
LWPOLYLINE
  5
45D
330
17
100
AcDbEntity
  8
F-RET
100
AcDbPolyline
 90
8
 70
0
 10
631.0
 20
602.5
 10
635.0
 20
602.5
 10
642.5
 20
602.5
 10
645.0
 20
602.5
 10
652.5
 20
602.5
 10
655.0
 20
602.5
 10
662.5
 20
602.5
 10
664.5
 20
609.5
  0
LWPOLYLINE
  5
45E
330
17
100
AcDbEntity
  8
F-RET
100
AcDbPolyline
 90
2
 70
0
 10
662.5
 20
602.5
 10
664.5
 20
597.0
  0
LWPOLYLINE
  5
45F
330
17
100
AcDbEntity
  8
F-RET
100
AcDbPolyline
 90
2
 70
0
 10
662.5
 20
602.5
 10
664.5
 20
618.5
  0
LWPOLYLINE
  5
460
330
17
100
AcDbEntity
  8
F-RET
100
AcDbPolyline
 90
4
 70
0
 10
795.0
 20
521.0
 10
753.5
 20
521.0
 10
615.0
 20
521.0
 10
600.0
 20
521.0
  0
LWPOLYLINE
  5
461
330
17
100
AcDbEntity
  8
F-RET
100
AcDbPolyline
 90
8
 70
0
 10
592.5
 20
511.0
 10
592.5
 20
508.5
 10
610.0
 20
508.5
 10
610.0
 20
500.5
 10
615.0
 20
500.5
 10
620.0
 20
500.5
 10
635.0
 20
500.5
 10
643.0
 20
500.5
  0
LWPOLYLINE
  5
462
330
17
100
AcDbEntity
  8
F-RET
100
AcDbPolyline
 90
2
 70
0
 10
674.5
 20
609.75
 10
677.0
 20
611.5
  0
LWPOLYLINE
  5
463
330
17
100
AcDbEntity
  8
F-RET
100
AcDbPolyline
 90
2
 70
0
 10
674.5
 20
596.75
 10
677.0
 20
606.0
  0
LWPOLYLINE
  5
464
330
17
100
AcDbEntity
  8
F-RET
100
AcDbPolyline
 90
2
 70
0
 10
674.5
 20
618.75
 10
677.0
 20
617.0
  0
LWPOLYLINE
  5
465
330
17
100
AcDbEntity
  8
F-RET
100
AcDbPolyline
 90
4
 70
0
 10
684.5
 20
611.5
 10
693.75
 20
611.5
 10
693.75
 20
602.0
 10
702.5
 20
602.0
  0
LWPOLYLINE
  5
466
330
17
100
AcDbEntity
  8
F-RET
100
AcDbPolyline
 90
4
 70
0
 10
713.5
 20
614.5
 10
722.25
 20
614.5
 10
753.5
 20
614.5
 10
785.0
 20
614.5
  0
LWPOLYLINE
  5
467
330
17
100
AcDbEntity
  8
F-RET
100
AcDbPolyline
 90
4
 70
0
 10
713.5
 20
579.5
 10
722.25
 20
579.5
 10
753.5
 20
579.5
 10
785.0
 20
579.5
  0
LWPOLYLINE
  5
468
330
17
100
AcDbEntity
  8
F-RET
100
AcDbPolyline
 90
4
 70
0
 10
656.0
 20
500.5
 10
676.0
 20
500.5
 10
753.5
 20
499.0
 10
795.0
 20
499.0
  0
LWPOLYLINE
  5
469
330
17
100
AcDbEntity
  8
F-RET
100
AcDbPolyline
 90
3
 70
0
 10
735.0
 20
556.0
 10
735.0
 20
569.5
 10
753.5
 20
575.0
  0
LWPOLYLINE
  5
46A
330
17
100
AcDbEntity
  8
F-RET
100
AcDbPolyline
 90
4
 70
0
 10
262.0
 20
541.75
 10
262.0
 20
537.0
 10
182.5
 20
537.0
 10
182.5
 20
541.5
  0
LWPOLYLINE
  5
46B
330
17
100
AcDbEntity
  8
F-RET
100
AcDbPolyline
 90
3
 70
0
 10
182.5
 20
553.0
 10
155.0
 20
553.0
 10
120.0
 20
553.0
  0
LWPOLYLINE
  5
46C
330
17
100
AcDbEntity
  8
F-RET
100
AcDbPolyline
 90
4
 70
0
 10
273.5
 20
623.0
 10
273.5
 20
625.5
 10
301.0
 20
625.5
 10
301.0
 20
629.0
  0
LWPOLYLINE
  5
46D
330
17
100
AcDbEntity
  8
F-RET
100
AcDbPolyline
 90
3
 70
0
 10
301.0
 20
650.5
 10
301.0
 20
652.0
 10
301.0
 20
677.0
  0
TEXT
  5
46E
330
17
100
AcDbEntity
  8
A-TEXTO
100
AcDbText
 10
361.0
 20
457.5
 30
0.0
 40
1.3
  1
SV-VH
  7
ISO3098
 72
1
 11
361.0
 21
457.5
 31
0.0
100
AcDbText
 73
2
  0
TEXT
  5
46F
330
17
100
AcDbEntity
  8
A-TEXTO
100
AcDbText
 10
391.5
 20
457.5
 30
0.0
 40
1.3
  1
SV-SH
  7
ISO3098
 72
1
 11
391.5
 21
457.5
 31
0.0
100
AcDbText
 73
2
  0
TEXT
  5
470
330
17
100
AcDbEntity
  8
A-TEXTO
100
AcDbText
 10
412.0
 20
457.5
 30
0.0
 40
1.3
  1
SV-PS
  7
ISO3098
 72
1
 11
412.0
 21
457.5
 31
0.0
100
AcDbText
 73
2
  0
TEXT
  5
471
330
17
100
AcDbEntity
  8
A-TEXTO
100
AcDbText
 10
431.0
 20
457.5
 30
0.0
 40
1.3
  1
SV-VM
  7
ISO3098
 72
1
 11
431.0
 21
457.5
 31
0.0
100
AcDbText
 73
2
  0
TEXT
  5
472
330
17
100
AcDbEntity
  8
A-TEXTO
100
AcDbText
 10
451.0
 20
464.5
 30
0.0
 40
1.3
  1
SV-AC
  7
ISO3098
 72
1
 11
451.0
 21
464.5
 31
0.0
100
AcDbText
 73
2
  0
TEXT
  5
473
330
17
100
AcDbEntity
  8
A-TEXTO
100
AcDbText
 10
451.0
 20
450.5
 30
0.0
 40
1.3
  1
SV-LA
  7
ISO3098
 72
1
 11
451.0
 21
450.5
 31
0.0
100
AcDbText
 73
2
  0
TEXT
  5
474
330
17
100
AcDbEntity
  8
A-TEXTO
100
AcDbText
 10
466.5
 20
457.5
 30
0.0
 40
1.3
  1
SV-PA
  7
ISO3098
 72
1
 11
466.5
 21
457.5
 31
0.0
100
AcDbText
 73
2
  0
TEXT
  5
475
330
17
100
AcDbEntity
  8
A-TEXTO
100
AcDbText
 10
480.0
 20
457.5
 30
0.0
 40
1.3
  1
SV-LI
  7
ISO3098
 72
1
 11
480.0
 21
457.5
 31
0.0
100
AcDbText
 73
2
  0
TEXT
  5
476
330
17
100
AcDbEntity
  8
A-TEXTO
100
AcDbText
 10
415.0
 20
439.0
 30
0.0
 40
1.3
  1
SV-CO
  7
ISO3098
 72
1
 11
415.0
 21
439.0
 31
0.0
100
AcDbText
 73
2
  0
TEXT
  5
477
330
17
100
AcDbEntity
  8
A-TEXTO
100
AcDbText
 10
358.5
 20
421.0
 30
0.0
 40
1.3
  1
SV-HA
  7
ISO3098
 72
1
 11
358.5
 21
421.0
 31
0.0
100
AcDbText
 73
2
  0
TEXT
  5
478
330
17
100
AcDbEntity
  8
A-TEXTO
100
AcDbText
 10
392.0
 20
421.0
 30
0.0
 40
1.3
  1
SV-OF
  7
ISO3098
 72
1
 11
392.0
 21
421.0
 31
0.0
100
AcDbText
 73
2
  0
TEXT
  5
479
330
17
100
AcDbEntity
  8
A-TEXTO
100
AcDbText
 10
417.75
 20
421.0
 30
0.0
 40
1.3
  1
SV-JP
  7
ISO3098
 72
1
 11
417.75
 21
421.0
 31
0.0
100
AcDbText
 73
2
  0
TEXT
  5
47A
330
17
100
AcDbEntity
  8
A-TEXTO
100
AcDbText
 10
428.25
 20
421.0
 30
0.0
 40
1.3
  1
SV-RE
  7
ISO3098
 72
1
 11
428.25
 21
421.0
 31
0.0
100
AcDbText
 73
2
  0
TEXT
  5
47B
330
17
100
AcDbEntity
  8
A-TEXTO
100
AcDbText
 10
459.0
 20
421.0
 30
0.0
 40
1.3
  1
SV-CM
  7
ISO3098
 72
1
 11
459.0
 21
421.0
 31
0.0
100
AcDbText
 73
2
  0
TEXT
  5
47C
330
17
100
AcDbEntity
  8
A-TEXTO
100
AcDbText
 10
520.5
 20
457.0
 30
0.0
 40
1.3
  1
RC-NS
  7
ISO3098
 72
1
 11
520.5
 21
457.0
 31
0.0
100
AcDbText
 73
2
  0
TEXT
  5
47D
330
17
100
AcDbEntity
  8
A-TEXTO
100
AcDbText
 10
625.0
 20
401.0
 30
0.0
 40
1.3
  1
RC-MO
  7
ISO3098
 72
1
 11
625.0
 21
401.0
 31
0.0
100
AcDbText
 73
2
  0
TEXT
  5
47E
330
17
100
AcDbEntity
  8
A-TEXTO
100
AcDbText
 10
588.0
 20
401.0
 30
0.0
 40
1.3
  1
RC-DE
  7
ISO3098
 72
1
 11
588.0
 21
401.0
 31
0.0
100
AcDbText
 73
2
  0
TEXT
  5
47F
330
17
100
AcDbEntity
  8
A-TEXTO
100
AcDbText
 10
553.0
 20
401.0
 30
0.0
 40
1.3
  1
RC-DC
  7
ISO3098
 72
1
 11
553.0
 21
401.0
 31
0.0
100
AcDbText
 73
2
  0
TEXT
  5
480
330
17
100
AcDbEntity
  8
A-TEXTO
100
AcDbText
 10
520.5
 20
401.0
 30
0.0
 40
1.3
  1
RC-IR
  7
ISO3098
 72
1
 11
520.5
 21
401.0
 31
0.0
100
AcDbText
 73
2
  0
TEXT
  5
481
330
17
100
AcDbEntity
  8
A-TEXTO
100
AcDbText
 10
520.5
 20
428.5
 30
0.0
 40
1.3
  1
RC-PH
  7
ISO3098
 72
1
 11
520.5
 21
428.5
 31
0.0
100
AcDbText
 73
2
  0
TEXT
  5
482
330
17
100
AcDbEntity
  8
A-TEXTO
100
AcDbText
 10
551.5
 20
428.5
 30
0.0
 40
1.3
  1
RC-PV
  7
ISO3098
 72
1
 11
551.5
 21
428.5
 31
0.0
100
AcDbText
 73
2
  0
TEXT
  5
483
330
17
100
AcDbEntity
  8
A-TEXTO
100
AcDbText
 10
577.5
 20
428.5
 30
0.0
 40
1.3
  1
RC-GA
  7
ISO3098
 72
1
 11
577.5
 21
428.5
 31
0.0
100
AcDbText
 73
2
  0
TEXT
  5
484
330
17
100
AcDbEntity
  8
A-TEXTO
100
AcDbText
 10
596.5
 20
428.5
 30
0.0
 40
1.3
  1
RC-LQ
  7
ISO3098
 72
1
 11
596.5
 21
428.5
 31
0.0
100
AcDbText
 73
2
  0
TEXT
  5
485
330
17
100
AcDbEntity
  8
A-TEXTO
100
AcDbText
 10
625.0
 20
428.5
 30
0.0
 40
1.3
  1
RC-EN
  7
ISO3098
 72
1
 11
625.0
 21
428.5
 31
0.0
100
AcDbText
 73
2
  0
TEXT
  5
486
330
17
100
AcDbEntity
  8
A-TEXTO
100
AcDbText
 10
555.5
 20
457.0
 30
0.0
 40
1.3
  1
RC-FI
  7
ISO3098
 72
1
 11
555.5
 21
457.0
 31
0.0
100
AcDbText
 73
2
  0
TEXT
  5
487
330
17
100
AcDbEntity
  8
A-TEXTO
100
AcDbText
 10
593.0
 20
457.0
 30
0.0
 40
1.3
  1
RC-RP
  7
ISO3098
 72
1
 11
593.0
 21
457.0
 31
0.0
100
AcDbText
 73
2
  0
TEXT
  5
488
330
17
100
AcDbEntity
  8
A-TEXTO
100
AcDbText
 10
627.5
 20
457.0
 30
0.0
 40
1.3
  1
RC-DP
  7
ISO3098
 72
1
 11
627.5
 21
457.0
 31
0.0
100
AcDbText
 73
2
  0
LWPOLYLINE
  5
489
330
17
100
AcDbEntity
  8
F-PERSONAL
100
AcDbPolyline
 90
12
 70
0
 10
267.5
 20
172.0
 10
267.5
 20
252.0
 10
340.0
 20
252.0
 10
340.0
 20
397.0
 10
356.0
 20
407.0
 10
358.5
 20
424.5
 10
359.5
 20
439.0
 10
361.0
 20
457.0
 10
391.5
 20
457.0
 10
391.5
 20
439.0
 10
412.0
 20
439.0
 10
412.0
 20
472.0
  0
LWPOLYLINE
  5
48A
330
17
100
AcDbEntity
  8
F-PERSONAL
100
AcDbPolyline
 90
7
 70
0
 10
359.5
 20
439.0
 10
412.0
 20
437.5
 10
431.0
 20
437.5
 10
431.0
 20
457.0
 10
431.0
 20
440.5
 10
414.5
 20
440.5
 10
414.5
 20
472.0
  0
LWPOLYLINE
  5
48B
330
17
100
AcDbEntity
  8
F-PERSONAL
100
AcDbPolyline
 90
3
 70
0
 10
412.0
 20
439.0
 10
459.0
 20
439.0
 10
459.0
 20
421.0
  0
LWPOLYLINE
  5
48C
330
17
100
AcDbEntity
  8
F-PERSONAL
100
AcDbPolyline
 90
6
 70
0
 10
412.0
 20
439.0
 10
484.5
 20
439.0
 10
495.0
 20
439.0
 10
495.0
 20
428.0
 10
505.0
 20
428.0
 10
520.0
 20
428.0
  0
LWPOLYLINE
  5
48D
330
17
100
AcDbEntity
  8
F-PERSONAL
100
AcDbPolyline
 90
3
 70
0
 10
359.5
 20
439.0
 10
392.0
 20
434.0
 10
392.0
 20
421.0
  0
LWPOLYLINE
  5
48E
330
17
100
AcDbEntity
  8
F-PERSONAL
100
AcDbPolyline
 90
3
 70
0
 10
412.0
 20
472.0
 10
412.0
 20
479.5
 10
175.0
 20
479.5
  0
LWPOLYLINE
  5
48F
330
17
100
AcDbEntity
  8
F-PERSONAL
100
AcDbPolyline
 90
2
 70
0
 10
320.0
 20
479.5
 10
320.0
 20
493.5
  0
HATCH
  5
490
330
17
100
AcDbEntity
  8
F-PERSONAL
 62
7
420
13107370
100
AcDbHatch
 10
0.0
 20
0.0
 30
0.0
210
0.0
220
0.0
230
1.0
  2
SOLID
 70
1
 71
0
 91
1
 92
3
 72
0
 73
1
 93
16
 10
321.75
 20
493.5
 10
321.6167891818948
 20
494.1696960066389
 10
321.23743686707644
 20
494.73743686707644
 10
320.6696960066389
 20
495.1167891818947
 10
320.0
 20
495.25
 10
319.3303039933611
 20
495.1167891818947
 10
318.76256313292356
 20
494.73743686707644
 10
318.3832108181052
 20
494.1696960066389
 10
318.25
 20
493.5
 10
318.3832108181052
 20
492.8303039933611
 10
318.76256313292356
 20
492.2625631329235
 10
319.3303039933611
 20
491.8832108181052
 10
320.0
 20
491.75
 10
320.6696960066389
 20
491.8832108181052
 10
321.23743686707644
 20
492.2625631329235
 10
321.6167891818948
 20
492.8303039933611
 97
0
 75
1
 76
1
 98
0
  0
LWPOLYLINE
  5
491
330
17
100
AcDbEntity
  8
F-PERSONAL
100
AcDbPolyline
 90
2
 70
0
 10
295.0
 20
479.5
 10
295.0
 20
493.5
  0
HATCH
  5
492
330
17
100
AcDbEntity
  8
F-PERSONAL
 62
7
420
13107370
100
AcDbHatch
 10
0.0
 20
0.0
 30
0.0
210
0.0
220
0.0
230
1.0
  2
SOLID
 70
1
 71
0
 91
1
 92
3
 72
0
 73
1
 93
16
 10
296.75
 20
493.5
 10
296.6167891818947
 20
494.1696960066389
 10
296.2374368670765
 20
494.73743686707644
 10
295.6696960066389
 20
495.1167891818947
 10
295.0
 20
495.25
 10
294.3303039933611
 20
495.1167891818947
 10
293.7625631329235
 20
494.73743686707644
 10
293.3832108181053
 20
494.1696960066389
 10
293.25
 20
493.5
 10
293.3832108181053
 20
492.8303039933611
 10
293.7625631329235
 20
492.2625631329235
 10
294.3303039933611
 20
491.8832108181052
 10
295.0
 20
491.75
 10
295.6696960066389
 20
491.8832108181052
 10
296.2374368670765
 20
492.2625631329235
 10
296.6167891818947
 20
492.8303039933611
 97
0
 75
1
 76
1
 98
0
  0
LWPOLYLINE
  5
493
330
17
100
AcDbEntity
  8
F-PERSONAL
100
AcDbPolyline
 90
2
 70
0
 10
279.0
 20
479.5
 10
279.0
 20
493.5
  0
HATCH
  5
494
330
17
100
AcDbEntity
  8
F-PERSONAL
 62
7
420
13107370
100
AcDbHatch
 10
0.0
 20
0.0
 30
0.0
210
0.0
220
0.0
230
1.0
  2
SOLID
 70
1
 71
0
 91
1
 92
3
 72
0
 73
1
 93
16
 10
280.75
 20
493.5
 10
280.6167891818948
 20
494.1696960066389
 10
280.23743686707644
 20
494.73743686707644
 10
279.6696960066389
 20
495.1167891818947
 10
279.0
 20
495.25
 10
278.3303039933611
 20
495.1167891818947
 10
277.76256313292356
 20
494.73743686707644
 10
277.3832108181052
 20
494.1696960066389
 10
277.25
 20
493.5
 10
277.3832108181052
 20
492.8303039933611
 10
277.76256313292356
 20
492.2625631329235
 10
278.3303039933611
 20
491.8832108181052
 10
279.0
 20
491.75
 10
279.6696960066389
 20
491.8832108181052
 10
280.23743686707644
 20
492.2625631329235
 10
280.6167891818948
 20
492.8303039933611
 97
0
 75
1
 76
1
 98
0
  0
LWPOLYLINE
  5
495
330
17
100
AcDbEntity
  8
F-PERSONAL
100
AcDbPolyline
 90
2
 70
0
 10
259.5
 20
479.5
 10
259.5
 20
492.5
  0
HATCH
  5
496
330
17
100
AcDbEntity
  8
F-PERSONAL
 62
7
420
13107370
100
AcDbHatch
 10
0.0
 20
0.0
 30
0.0
210
0.0
220
0.0
230
1.0
  2
SOLID
 70
1
 71
0
 91
1
 92
3
 72
0
 73
1
 93
16
 10
261.25
 20
492.5
 10
261.1167891818948
 20
493.1696960066389
 10
260.73743686707644
 20
493.73743686707644
 10
260.1696960066389
 20
494.1167891818948
 10
259.5
 20
494.25
 10
258.8303039933611
 20
494.1167891818948
 10
258.26256313292356
 20
493.73743686707644
 10
257.8832108181052
 20
493.1696960066389
 10
257.75
 20
492.5
 10
257.8832108181052
 20
491.8303039933611
 10
258.26256313292356
 20
491.26256313292356
 10
258.8303039933611
 20
490.8832108181052
 10
259.5
 20
490.75
 10
260.1696960066389
 20
490.8832108181052
 10
260.73743686707644
 20
491.26256313292356
 10
261.1167891818948
 20
491.8303039933611
 97
0
 75
1
 76
1
 98
0
  0
LWPOLYLINE
  5
497
330
17
100
AcDbEntity
  8
F-PERSONAL
100
AcDbPolyline
 90
2
 70
0
 10
238.5
 20
479.5
 10
238.5
 20
493.0
  0
HATCH
  5
498
330
17
100
AcDbEntity
  8
F-PERSONAL
 62
7
420
13107370
100
AcDbHatch
 10
0.0
 20
0.0
 30
0.0
210
0.0
220
0.0
230
1.0
  2
SOLID
 70
1
 71
0
 91
1
 92
3
 72
0
 73
1
 93
16
 10
240.25
 20
493.0
 10
240.11678918189475
 20
493.6696960066389
 10
239.73743686707647
 20
494.2374368670765
 10
239.1696960066389
 20
494.6167891818948
 10
238.5
 20
494.75
 10
237.8303039933611
 20
494.6167891818948
 10
237.26256313292353
 20
494.2374368670765
 10
236.88321081810525
 20
493.6696960066389
 10
236.74999999999997
 20
493.0
 10
236.88321081810525
 20
492.3303039933611
 10
237.26256313292353
 20
491.76256313292356
 10
237.8303039933611
 20
491.3832108181053
 10
238.5
 20
491.25
 10
239.1696960066389
 20
491.3832108181053
 10
239.73743686707647
 20
491.76256313292356
 10
240.11678918189475
 20
492.3303039933611
 97
0
 75
1
 76
1
 98
0
  0
LWPOLYLINE
  5
499
330
17
100
AcDbEntity
  8
F-PERSONAL
100
AcDbPolyline
 90
2
 70
0
 10
220.0
 20
479.5
 10
220.0
 20
493.5
  0
HATCH
  5
49A
330
17
100
AcDbEntity
  8
F-PERSONAL
 62
7
420
13107370
100
AcDbHatch
 10
0.0
 20
0.0
 30
0.0
210
0.0
220
0.0
230
1.0
  2
SOLID
 70
1
 71
0
 91
1
 92
3
 72
0
 73
1
 93
16
 10
221.75
 20
493.5
 10
221.61678918189472
 20
494.1696960066389
 10
221.23743686707644
 20
494.73743686707644
 10
220.6696960066389
 20
495.1167891818947
 10
220.0
 20
495.25
 10
219.3303039933611
 20
495.1167891818947
 10
218.76256313292356
 20
494.73743686707644
 10
218.38321081810528
 20
494.1696960066389
 10
218.25
 20
493.5
 10
218.38321081810528
 20
492.8303039933611
 10
218.76256313292356
 20
492.2625631329235
 10
219.3303039933611
 20
491.8832108181052
 10
220.0
 20
491.75
 10
220.6696960066389
 20
491.8832108181052
 10
221.23743686707644
 20
492.2625631329235
 10
221.61678918189472
 20
492.8303039933611
 97
0
 75
1
 76
1
 98
0
  0
LWPOLYLINE
  5
49B
330
17
100
AcDbEntity
  8
F-PERSONAL
100
AcDbPolyline
 90
2
 70
0
 10
201.0
 20
479.5
 10
201.0
 20
491.0
  0
HATCH
  5
49C
330
17
100
AcDbEntity
  8
F-PERSONAL
 62
7
420
13107370
100
AcDbHatch
 10
0.0
 20
0.0
 30
0.0
210
0.0
220
0.0
230
1.0
  2
SOLID
 70
1
 71
0
 91
1
 92
3
 72
0
 73
1
 93
16
 10
202.75
 20
491.0
 10
202.61678918189475
 20
491.6696960066389
 10
202.23743686707647
 20
492.23743686707644
 10
201.6696960066389
 20
492.6167891818947
 10
201.0
 20
492.75
 10
200.3303039933611
 20
492.6167891818947
 10
199.76256313292353
 20
492.23743686707644
 10
199.38321081810525
 20
491.6696960066389
 10
199.25
 20
491.0
 10
199.38321081810525
 20
490.3303039933611
 10
199.76256313292353
 20
489.76256313292356
 10
200.3303039933611
 20
489.3832108181052
 10
201.0
 20
489.25
 10
201.6696960066389
 20
489.3832108181052
 10
202.23743686707647
 20
489.76256313292356
 10
202.61678918189475
 20
490.3303039933611
 97
0
 75
1
 76
1
 98
0
  0
LWPOLYLINE
  5
49D
330
17
100
AcDbEntity
  8
F-PERSONAL
100
AcDbPolyline
 90
6
 70
0
 10
412.0
 20
472.0
 10
412.0
 20
479.5
 10
359.0
 20
479.5
 10
359.0
 20
587.0
 10
335.0
 20
587.0
 10
267.0
 20
587.0
  0
LWPOLYLINE
  5
49E
330
17
100
AcDbEntity
  8
F-PERSONAL
100
AcDbPolyline
 90
2
 70
0
 10
281.0
 20
587.0
 10
281.0
 20
582.0
  0
HATCH
  5
49F
330
17
100
AcDbEntity
  8
F-PERSONAL
 62
7
420
13107370
100
AcDbHatch
 10
0.0
 20
0.0
 30
0.0
210
0.0
220
0.0
230
1.0
  2
SOLID
 70
1
 71
0
 91
1
 92
3
 72
0
 73
1
 93
16
 10
282.75
 20
582.0
 10
282.6167891818948
 20
582.6696960066389
 10
282.23743686707644
 20
583.2374368670764
 10
281.6696960066389
 20
583.6167891818948
 10
281.0
 20
583.75
 10
280.3303039933611
 20
583.6167891818948
 10
279.76256313292356
 20
583.2374368670764
 10
279.3832108181052
 20
582.6696960066389
 10
279.25
 20
582.0
 10
279.3832108181052
 20
581.3303039933611
 10
279.76256313292356
 20
580.7625631329236
 10
280.3303039933611
 20
580.3832108181052
 10
281.0
 20
580.25
 10
281.6696960066389
 20
580.3832108181052
 10
282.23743686707644
 20
580.7625631329236
 10
282.6167891818948
 20
581.3303039933611
 97
0
 75
1
 76
1
 98
0
  0
LWPOLYLINE
  5
4A0
330
17
100
AcDbEntity
  8
F-PERSONAL
100
AcDbPolyline
 90
2
 70
0
 10
267.0
 20
587.0
 10
267.0
 20
562.0
  0
HATCH
  5
4A1
330
17
100
AcDbEntity
  8
F-PERSONAL
 62
7
420
13107370
100
AcDbHatch
 10
0.0
 20
0.0
 30
0.0
210
0.0
220
0.0
230
1.0
  2
SOLID
 70
1
 71
0
 91
1
 92
3
 72
0
 73
1
 93
16
 10
268.75
 20
562.0
 10
268.6167891818948
 20
562.6696960066389
 10
268.23743686707644
 20
563.2374368670764
 10
267.6696960066389
 20
563.6167891818948
 10
267.0
 20
563.75
 10
266.3303039933611
 20
563.6167891818948
 10
265.76256313292356
 20
563.2374368670764
 10
265.3832108181052
 20
562.6696960066389
 10
265.25
 20
562.0
 10
265.3832108181052
 20
561.3303039933611
 10
265.76256313292356
 20
560.7625631329236
 10
266.3303039933611
 20
560.3832108181052
 10
267.0
 20
560.25
 10
267.6696960066389
 20
560.3832108181052
 10
268.23743686707644
 20
560.7625631329236
 10
268.6167891818948
 20
561.3303039933611
 97
0
 75
1
 76
1
 98
0
  0
LWPOLYLINE
  5
4A2
330
17
100
AcDbEntity
  8
F-PERSONAL
100
AcDbPolyline
 90
2
 70
0
 10
267.0
 20
562.0
 10
248.0
 20
562.0
  0
HATCH
  5
4A3
330
17
100
AcDbEntity
  8
F-PERSONAL
 62
7
420
13107370
100
AcDbHatch
 10
0.0
 20
0.0
 30
0.0
210
0.0
220
0.0
230
1.0
  2
SOLID
 70
1
 71
0
 91
1
 92
3
 72
0
 73
1
 93
16
 10
249.75
 20
562.0
 10
249.61678918189477
 20
562.6696960066389
 10
249.23743686707644
 20
563.2374368670764
 10
248.66969600663893
 20
563.6167891818948
 10
248.0
 20
563.75
 10
247.3303039933611
 20
563.6167891818948
 10
246.76256313292356
 20
563.2374368670764
 10
246.38321081810523
 20
562.6696960066389
 10
246.25
 20
562.0
 10
246.38321081810523
 20
561.3303039933611
 10
246.76256313292356
 20
560.7625631329236
 10
247.3303039933611
 20
560.3832108181052
 10
248.0
 20
560.25
 10
248.66969600663893
 20
560.3832108181052
 10
249.23743686707644
 20
560.7625631329236
 10
249.61678918189477
 20
561.3303039933611
 97
0
 75
1
 76
1
 98
0
  0
LWPOLYLINE
  5
4A4
330
17
100
AcDbEntity
  8
F-PERSONAL
100
AcDbPolyline
 90
4
 70
0
 10
359.0
 20
587.0
 10
359.0
 20
606.0
 10
335.0
 20
606.0
 10
244.0
 20
606.0
  0
LWPOLYLINE
  5
4A5
330
17
100
AcDbEntity
  8
F-PERSONAL
100
AcDbPolyline
 90
2
 70
0
 10
266.0
 20
606.0
 10
266.0
 20
610.0
  0
HATCH
  5
4A6
330
17
100
AcDbEntity
  8
F-PERSONAL
 62
7
420
13107370
100
AcDbHatch
 10
0.0
 20
0.0
 30
0.0
210
0.0
220
0.0
230
1.0
  2
SOLID
 70
1
 71
0
 91
1
 92
3
 72
0
 73
1
 93
16
 10
267.75
 20
610.0
 10
267.6167891818948
 20
610.6696960066389
 10
267.23743686707644
 20
611.2374368670764
 10
266.6696960066389
 20
611.6167891818948
 10
266.0
 20
611.75
 10
265.3303039933611
 20
611.6167891818948
 10
264.76256313292356
 20
611.2374368670764
 10
264.3832108181052
 20
610.6696960066389
 10
264.25
 20
610.0
 10
264.3832108181052
 20
609.3303039933611
 10
264.76256313292356
 20
608.7625631329236
 10
265.3303039933611
 20
608.3832108181052
 10
266.0
 20
608.25
 10
266.6696960066389
 20
608.3832108181052
 10
267.23743686707644
 20
608.7625631329236
 10
267.6167891818948
 20
609.3303039933611
 97
0
 75
1
 76
1
 98
0
  0
LWPOLYLINE
  5
4A7
330
17
100
AcDbEntity
  8
F-PERSONAL
100
AcDbPolyline
 90
2
 70
0
 10
280.0
 20
606.0
 10
280.0
 20
610.5
  0
HATCH
  5
4A8
330
17
100
AcDbEntity
  8
F-PERSONAL
 62
7
420
13107370
100
AcDbHatch
 10
0.0
 20
0.0
 30
0.0
210
0.0
220
0.0
230
1.0
  2
SOLID
 70
1
 71
0
 91
1
 92
3
 72
0
 73
1
 93
16
 10
281.75
 20
610.5
 10
281.6167891818947
 20
611.1696960066389
 10
281.2374368670765
 20
611.7374368670764
 10
280.6696960066389
 20
612.1167891818948
 10
280.0
 20
612.25
 10
279.3303039933611
 20
612.1167891818948
 10
278.7625631329235
 20
611.7374368670764
 10
278.3832108181053
 20
611.1696960066389
 10
278.25
 20
610.5
 10
278.3832108181053
 20
609.8303039933611
 10
278.7625631329235
 20
609.2625631329236
 10
279.3303039933611
 20
608.8832108181052
 10
280.0
 20
608.75
 10
280.6696960066389
 20
608.8832108181052
 10
281.2374368670765
 20
609.2625631329236
 10
281.6167891818947
 20
609.8303039933611
 97
0
 75
1
 76
1
 98
0
  0
LWPOLYLINE
  5
4A9
330
17
100
AcDbEntity
  8
F-PERSONAL
100
AcDbPolyline
 90
2
 70
0
 10
290.0
 20
606.0
 10
290.0
 20
610.0
  0
HATCH
  5
4AA
330
17
100
AcDbEntity
  8
F-PERSONAL
 62
7
420
13107370
100
AcDbHatch
 10
0.0
 20
0.0
 30
0.0
210
0.0
220
0.0
230
1.0
  2
SOLID
 70
1
 71
0
 91
1
 92
3
 72
0
 73
1
 93
16
 10
291.75
 20
610.0
 10
291.6167891818947
 20
610.6696960066389
 10
291.2374368670765
 20
611.2374368670764
 10
290.6696960066389
 20
611.6167891818948
 10
290.0
 20
611.75
 10
289.3303039933611
 20
611.6167891818948
 10
288.7625631329235
 20
611.2374368670764
 10
288.3832108181053
 20
610.6696960066389
 10
288.25
 20
610.0
 10
288.3832108181053
 20
609.3303039933611
 10
288.7625631329235
 20
608.7625631329236
 10
289.3303039933611
 20
608.3832108181052
 10
290.0
 20
608.25
 10
290.6696960066389
 20
608.3832108181052
 10
291.2374368670765
 20
608.7625631329236
 10
291.6167891818947
 20
609.3303039933611
 97
0
 75
1
 76
1
 98
0
  0
LWPOLYLINE
  5
4AB
330
17
100
AcDbEntity
  8
F-PERSONAL
100
AcDbPolyline
 90
2
 70
0
 10
244.0
 20
606.0
 10
244.0
 20
610.0
  0
HATCH
  5
4AC
330
17
100
AcDbEntity
  8
F-PERSONAL
 62
7
420
13107370
100
AcDbHatch
 10
0.0
 20
0.0
 30
0.0
210
0.0
220
0.0
230
1.0
  2
SOLID
 70
1
 71
0
 91
1
 92
3
 72
0
 73
1
 93
16
 10
245.75000000000003
 20
610.0
 10
245.61678918189475
 20
610.6696960066389
 10
245.23743686707647
 20
611.2374368670764
 10
244.6696960066389
 20
611.6167891818948
 10
244.0
 20
611.75
 10
243.3303039933611
 20
611.6167891818948
 10
242.76256313292353
 20
611.2374368670764
 10
242.38321081810525
 20
610.6696960066389
 10
242.25
 20
610.0
 10
242.38321081810525
 20
609.3303039933611
 10
242.76256313292353
 20
608.7625631329236
 10
243.3303039933611
 20
608.3832108181052
 10
244.0
 20
608.25
 10
244.6696960066389
 20
608.3832108181052
 10
245.23743686707647
 20
608.7625631329236
 10
245.61678918189475
 20
609.3303039933611
 97
0
 75
1
 76
1
 98
0
  0
LWPOLYLINE
  5
4AD
330
17
100
AcDbEntity
  8
F-PERSONAL
100
AcDbPolyline
 90
3
 70
0
 10
412.0
 20
479.5
 10
359.0
 20
479.5
 10
359.0
 20
602.0
  0
LWPOLYLINE
  5
4AE
330
17
100
AcDbEntity
  8
F-PERSONAL
100
AcDbPolyline
 90
2
 70
0
 10
359.0
 20
602.0
 10
364.0
 20
602.0
  0
HATCH
  5
4AF
330
17
100
AcDbEntity
  8
F-PERSONAL
 62
7
420
13107370
100
AcDbHatch
 10
0.0
 20
0.0
 30
0.0
210
0.0
220
0.0
230
1.0
  2
SOLID
 70
1
 71
0
 91
1
 92
3
 72
0
 73
1
 93
16
 10
365.75
 20
602.0
 10
365.6167891818947
 20
602.6696960066389
 10
365.23743686707644
 20
603.2374368670764
 10
364.6696960066389
 20
603.6167891818948
 10
364.0
 20
603.75
 10
363.3303039933611
 20
603.6167891818948
 10
362.7625631329235
 20
603.2374368670764
 10
362.3832108181052
 20
602.6696960066389
 10
362.24999999999994
 20
602.0
 10
362.3832108181052
 20
601.3303039933611
 10
362.7625631329235
 20
600.7625631329236
 10
363.3303039933611
 20
600.3832108181052
 10
364.0
 20
600.25
 10
364.6696960066389
 20
600.3832108181052
 10
365.23743686707644
 20
600.7625631329236
 10
365.6167891818947
 20
601.3303039933611
 97
0
 75
1
 76
1
 98
0
  0
LWPOLYLINE
  5
4B0
330
17
100
AcDbEntity
  8
F-PERSONAL
100
AcDbPolyline
 90
2
 70
0
 10
359.0
 20
590.5
 10
364.0
 20
590.5
  0
HATCH
  5
4B1
330
17
100
AcDbEntity
  8
F-PERSONAL
 62
7
420
13107370
100
AcDbHatch
 10
0.0
 20
0.0
 30
0.0
210
0.0
220
0.0
230
1.0
  2
SOLID
 70
1
 71
0
 91
1
 92
3
 72
0
 73
1
 93
16
 10
365.75
 20
590.5
 10
365.6167891818947
 20
591.1696960066389
 10
365.23743686707644
 20
591.7374368670764
 10
364.6696960066389
 20
592.1167891818948
 10
364.0
 20
592.25
 10
363.3303039933611
 20
592.1167891818948
 10
362.7625631329235
 20
591.7374368670764
 10
362.3832108181052
 20
591.1696960066389
 10
362.24999999999994
 20
590.5
 10
362.3832108181052
 20
589.8303039933611
 10
362.7625631329235
 20
589.2625631329236
 10
363.3303039933611
 20
588.8832108181052
 10
364.0
 20
588.75
 10
364.6696960066389
 20
588.8832108181052
 10
365.23743686707644
 20
589.2625631329236
 10
365.6167891818947
 20
589.8303039933611
 97
0
 75
1
 76
1
 98
0
  0
LWPOLYLINE
  5
4B2
330
17
100
AcDbEntity
  8
F-PERSONAL
100
AcDbPolyline
 90
2
 70
0
 10
359.0
 20
580.5
 10
364.0
 20
580.5
  0
HATCH
  5
4B3
330
17
100
AcDbEntity
  8
F-PERSONAL
 62
7
420
13107370
100
AcDbHatch
 10
0.0
 20
0.0
 30
0.0
210
0.0
220
0.0
230
1.0
  2
SOLID
 70
1
 71
0
 91
1
 92
3
 72
0
 73
1
 93
16
 10
365.75
 20
580.5
 10
365.6167891818947
 20
581.1696960066389
 10
365.23743686707644
 20
581.7374368670764
 10
364.6696960066389
 20
582.1167891818948
 10
364.0
 20
582.25
 10
363.3303039933611
 20
582.1167891818948
 10
362.7625631329235
 20
581.7374368670764
 10
362.3832108181052
 20
581.1696960066389
 10
362.24999999999994
 20
580.5
 10
362.3832108181052
 20
579.8303039933611
 10
362.7625631329235
 20
579.2625631329236
 10
363.3303039933611
 20
578.8832108181052
 10
364.0
 20
578.75
 10
364.6696960066389
 20
578.8832108181052
 10
365.23743686707644
 20
579.2625631329236
 10
365.6167891818947
 20
579.8303039933611
 97
0
 75
1
 76
1
 98
0
  0
LWPOLYLINE
  5
4B4
330
17
100
AcDbEntity
  8
F-PERSONAL
100
AcDbPolyline
 90
3
 70
0
 10
412.0
 20
479.5
 10
422.0
 20
479.5
 10
422.0
 20
602.0
  0
LWPOLYLINE
  5
4B5
330
17
100
AcDbEntity
  8
F-PERSONAL
100
AcDbPolyline
 90
2
 70
0
 10
422.0
 20
544.0
 10
417.5
 20
544.0
  0
HATCH
  5
4B6
330
17
100
AcDbEntity
  8
F-PERSONAL
 62
7
420
13107370
100
AcDbHatch
 10
0.0
 20
0.0
 30
0.0
210
0.0
220
0.0
230
1.0
  2
SOLID
 70
1
 71
0
 91
1
 92
3
 72
0
 73
1
 93
16
 10
419.25
 20
544.0
 10
419.1167891818948
 20
544.6696960066389
 10
418.73743686707644
 20
545.2374368670764
 10
418.16969600663896
 20
545.6167891818948
 10
417.5
 20
545.75
 10
416.83030399336104
 20
545.6167891818948
 10
416.26256313292356
 20
545.2374368670764
 10
415.8832108181052
 20
544.6696960066389
 10
415.75
 20
544.0
 10
415.8832108181052
 20
543.3303039933611
 10
416.26256313292356
 20
542.7625631329236
 10
416.83030399336104
 20
542.3832108181052
 10
417.5
 20
542.25
 10
418.16969600663896
 20
542.3832108181052
 10
418.73743686707644
 20
542.7625631329236
 10
419.1167891818948
 20
543.3303039933611
 97
0
 75
1
 76
1
 98
0
  0
LWPOLYLINE
  5
4B7
330
17
100
AcDbEntity
  8
F-PERSONAL
100
AcDbPolyline
 90
2
 70
0
 10
422.0
 20
560.5
 10
417.0
 20
560.5
  0
HATCH
  5
4B8
330
17
100
AcDbEntity
  8
F-PERSONAL
 62
7
420
13107370
100
AcDbHatch
 10
0.0
 20
0.0
 30
0.0
210
0.0
220
0.0
230
1.0
  2
SOLID
 70
1
 71
0
 91
1
 92
3
 72
0
 73
1
 93
16
 10
418.75
 20
560.5
 10
418.6167891818948
 20
561.1696960066389
 10
418.23743686707644
 20
561.7374368670764
 10
417.6696960066389
 20
562.1167891818948
 10
417.0
 20
562.25
 10
416.3303039933611
 20
562.1167891818948
 10
415.76256313292356
 20
561.7374368670764
 10
415.3832108181052
 20
561.1696960066389
 10
415.25
 20
560.5
 10
415.3832108181052
 20
559.8303039933611
 10
415.76256313292356
 20
559.2625631329236
 10
416.3303039933611
 20
558.8832108181052
 10
417.0
 20
558.75
 10
417.6696960066389
 20
558.8832108181052
 10
418.23743686707644
 20
559.2625631329236
 10
418.6167891818948
 20
559.8303039933611
 97
0
 75
1
 76
1
 98
0
  0
LWPOLYLINE
  5
4B9
330
17
100
AcDbEntity
  8
F-PERSONAL
100
AcDbPolyline
 90
2
 70
0
 10
422.0
 20
602.0
 10
428.0
 20
605.0
  0
HATCH
  5
4BA
330
17
100
AcDbEntity
  8
F-PERSONAL
 62
7
420
13107370
100
AcDbHatch
 10
0.0
 20
0.0
 30
0.0
210
0.0
220
0.0
230
1.0
  2
SOLID
 70
1
 71
0
 91
1
 92
3
 72
0
 73
1
 93
16
 10
429.75
 20
605.0
 10
429.6167891818948
 20
605.6696960066389
 10
429.23743686707644
 20
606.2374368670764
 10
428.6696960066389
 20
606.6167891818948
 10
428.0
 20
606.75
 10
427.3303039933611
 20
606.6167891818948
 10
426.76256313292356
 20
606.2374368670764
 10
426.3832108181052
 20
605.6696960066389
 10
426.25
 20
605.0
 10
426.3832108181052
 20
604.3303039933611
 10
426.76256313292356
 20
603.7625631329236
 10
427.3303039933611
 20
603.3832108181052
 10
428.0
 20
603.25
 10
428.6696960066389
 20
603.3832108181052
 10
429.23743686707644
 20
603.7625631329236
 10
429.6167891818948
 20
604.3303039933611
 97
0
 75
1
 76
1
 98
0
  0
LWPOLYLINE
  5
4BB
330
17
100
AcDbEntity
  8
F-PERSONAL
100
AcDbPolyline
 90
2
 70
0
 10
422.0
 20
593.0
 10
429.0
 20
593.0
  0
HATCH
  5
4BC
330
17
100
AcDbEntity
  8
F-PERSONAL
 62
7
420
13107370
100
AcDbHatch
 10
0.0
 20
0.0
 30
0.0
210
0.0
220
0.0
230
1.0
  2
SOLID
 70
1
 71
0
 91
1
 92
3
 72
0
 73
1
 93
16
 10
430.75
 20
593.0
 10
430.6167891818947
 20
593.6696960066389
 10
430.23743686707644
 20
594.2374368670764
 10
429.6696960066389
 20
594.6167891818948
 10
429.0
 20
594.75
 10
428.3303039933611
 20
594.6167891818948
 10
427.7625631329235
 20
594.2374368670764
 10
427.3832108181052
 20
593.6696960066389
 10
427.24999999999994
 20
593.0
 10
427.3832108181052
 20
592.3303039933611
 10
427.7625631329235
 20
591.7625631329236
 10
428.3303039933611
 20
591.3832108181052
 10
429.0
 20
591.25
 10
429.6696960066389
 20
591.3832108181052
 10
430.23743686707644
 20
591.7625631329236
 10
430.6167891818947
 20
592.3303039933611
 97
0
 75
1
 76
1
 98
0
  0
LWPOLYLINE
  5
4BD
330
17
100
AcDbEntity
  8
F-PERSONAL
100
AcDbPolyline
 90
2
 70
0
 10
422.0
 20
578.5
 10
427.0
 20
578.5
  0
HATCH
  5
4BE
330
17
100
AcDbEntity
  8
F-PERSONAL
 62
7
420
13107370
100
AcDbHatch
 10
0.0
 20
0.0
 30
0.0
210
0.0
220
0.0
230
1.0
  2
SOLID
 70
1
 71
0
 91
1
 92
3
 72
0
 73
1
 93
16
 10
428.75
 20
578.5
 10
428.6167891818948
 20
579.1696960066389
 10
428.23743686707644
 20
579.7374368670764
 10
427.6696960066389
 20
580.1167891818948
 10
427.0
 20
580.25
 10
426.3303039933611
 20
580.1167891818948
 10
425.76256313292356
 20
579.7374368670764
 10
425.3832108181052
 20
579.1696960066389
 10
425.25
 20
578.5
 10
425.3832108181052
 20
577.8303039933611
 10
425.76256313292356
 20
577.2625631329236
 10
426.3303039933611
 20
576.8832108181052
 10
427.0
 20
576.75
 10
427.6696960066389
 20
576.8832108181052
 10
428.23743686707644
 20
577.2625631329236
 10
428.6167891818948
 20
577.8303039933611
 97
0
 75
1
 76
1
 98
0
  0
LWPOLYLINE
  5
4BF
330
17
100
AcDbEntity
  8
F-PERSONAL
100
AcDbPolyline
 90
2
 70
0
 10
422.0
 20
564.0
 10
428.0
 20
564.0
  0
HATCH
  5
4C0
330
17
100
AcDbEntity
  8
F-PERSONAL
 62
7
420
13107370
100
AcDbHatch
 10
0.0
 20
0.0
 30
0.0
210
0.0
220
0.0
230
1.0
  2
SOLID
 70
1
 71
0
 91
1
 92
3
 72
0
 73
1
 93
16
 10
429.75
 20
564.0
 10
429.6167891818948
 20
564.6696960066389
 10
429.23743686707644
 20
565.2374368670764
 10
428.6696960066389
 20
565.6167891818948
 10
428.0
 20
565.75
 10
427.3303039933611
 20
565.6167891818948
 10
426.76256313292356
 20
565.2374368670764
 10
426.3832108181052
 20
564.6696960066389
 10
426.25
 20
564.0
 10
426.3832108181052
 20
563.3303039933611
 10
426.76256313292356
 20
562.7625631329236
 10
427.3303039933611
 20
562.3832108181052
 10
428.0
 20
562.25
 10
428.6696960066389
 20
562.3832108181052
 10
429.23743686707644
 20
562.7625631329236
 10
429.6167891818948
 20
563.3303039933611
 97
0
 75
1
 76
1
 98
0
  0
LWPOLYLINE
  5
4C1
330
17
100
AcDbEntity
  8
F-PERSONAL
100
AcDbPolyline
 90
2
 70
0
 10
422.0
 20
554.5
 10
428.0
 20
554.5
  0
HATCH
  5
4C2
330
17
100
AcDbEntity
  8
F-PERSONAL
 62
7
420
13107370
100
AcDbHatch
 10
0.0
 20
0.0
 30
0.0
210
0.0
220
0.0
230
1.0
  2
SOLID
 70
1
 71
0
 91
1
 92
3
 72
0
 73
1
 93
16
 10
429.75
 20
554.5
 10
429.6167891818948
 20
555.1696960066389
 10
429.23743686707644
 20
555.7374368670764
 10
428.6696960066389
 20
556.1167891818948
 10
428.0
 20
556.25
 10
427.3303039933611
 20
556.1167891818948
 10
426.76256313292356
 20
555.7374368670764
 10
426.3832108181052
 20
555.1696960066389
 10
426.25
 20
554.5
 10
426.3832108181052
 20
553.8303039933611
 10
426.76256313292356
 20
553.2625631329236
 10
427.3303039933611
 20
552.8832108181052
 10
428.0
 20
552.75
 10
428.6696960066389
 20
552.8832108181052
 10
429.23743686707644
 20
553.2625631329236
 10
429.6167891818948
 20
553.8303039933611
 97
0
 75
1
 76
1
 98
0
  0
LWPOLYLINE
  5
4C3
330
17
100
AcDbEntity
  8
F-PERSONAL
100
AcDbPolyline
 90
2
 70
0
 10
422.0
 20
541.5
 10
427.0
 20
541.5
  0
HATCH
  5
4C4
330
17
100
AcDbEntity
  8
F-PERSONAL
 62
7
420
13107370
100
AcDbHatch
 10
0.0
 20
0.0
 30
0.0
210
0.0
220
0.0
230
1.0
  2
SOLID
 70
1
 71
0
 91
1
 92
3
 72
0
 73
1
 93
16
 10
428.75
 20
541.5
 10
428.6167891818948
 20
542.1696960066389
 10
428.23743686707644
 20
542.7374368670764
 10
427.6696960066389
 20
543.1167891818948
 10
427.0
 20
543.25
 10
426.3303039933611
 20
543.1167891818948
 10
425.76256313292356
 20
542.7374368670764
 10
425.3832108181052
 20
542.1696960066389
 10
425.25
 20
541.5
 10
425.3832108181052
 20
540.8303039933611
 10
425.76256313292356
 20
540.2625631329236
 10
426.3303039933611
 20
539.8832108181052
 10
427.0
 20
539.75
 10
427.6696960066389
 20
539.8832108181052
 10
428.23743686707644
 20
540.2625631329236
 10
428.6167891818948
 20
540.8303039933611
 97
0
 75
1
 76
1
 98
0
  0
LWPOLYLINE
  5
4C5
330
17
100
AcDbEntity
  8
F-PERSONAL
100
AcDbPolyline
 90
3
 70
0
 10
422.0
 20
479.5
 10
449.5
 20
479.5
 10
449.5
 20
529.0
  0
HATCH
  5
4C6
330
17
100
AcDbEntity
  8
F-PERSONAL
 62
7
420
13107370
100
AcDbHatch
 10
0.0
 20
0.0
 30
0.0
210
0.0
220
0.0
230
1.0
  2
SOLID
 70
1
 71
0
 91
1
 92
3
 72
0
 73
1
 93
16
 10
451.25
 20
529.0
 10
451.1167891818948
 20
529.6696960066389
 10
450.73743686707644
 20
530.2374368670764
 10
450.1696960066389
 20
530.6167891818948
 10
449.5
 20
530.75
 10
448.8303039933611
 20
530.6167891818948
 10
448.26256313292356
 20
530.2374368670764
 10
447.8832108181052
 20
529.6696960066389
 10
447.75
 20
529.0
 10
447.8832108181052
 20
528.3303039933611
 10
448.26256313292356
 20
527.7625631329236
 10
448.8303039933611
 20
527.3832108181052
 10
449.5
 20
527.25
 10
450.1696960066389
 20
527.3832108181052
 10
450.73743686707644
 20
527.7625631329236
 10
451.1167891818948
 20
528.3303039933611
 97
0
 75
1
 76
1
 98
0
  0
LWPOLYLINE
  5
4C7
330
17
100
AcDbEntity
  8
F-PERSONAL
100
AcDbPolyline
 90
3
 70
0
 10
422.0
 20
479.5
 10
487.0
 20
479.5
 10
487.0
 20
591.0
  0
LWPOLYLINE
  5
4C8
330
17
100
AcDbEntity
  8
F-PERSONAL
100
AcDbPolyline
 90
2
 70
0
 10
487.0
 20
548.0
 10
481.5
 20
548.0
  0
HATCH
  5
4C9
330
17
100
AcDbEntity
  8
F-PERSONAL
 62
7
420
13107370
100
AcDbHatch
 10
0.0
 20
0.0
 30
0.0
210
0.0
220
0.0
230
1.0
  2
SOLID
 70
1
 71
0
 91
1
 92
3
 72
0
 73
1
 93
16
 10
483.24999999999994
 20
548.0
 10
483.1167891818947
 20
548.6696960066389
 10
482.73743686707644
 20
549.2374368670764
 10
482.1696960066389
 20
549.6167891818948
 10
481.5
 20
549.75
 10
480.8303039933611
 20
549.6167891818948
 10
480.2625631329235
 20
549.2374368670764
 10
479.8832108181052
 20
548.6696960066389
 10
479.75
 20
548.0
 10
479.8832108181052
 20
547.3303039933611
 10
480.2625631329235
 20
546.7625631329236
 10
480.8303039933611
 20
546.3832108181052
 10
481.5
 20
546.25
 10
482.1696960066389
 20
546.3832108181052
 10
482.73743686707644
 20
546.7625631329236
 10
483.1167891818947
 20
547.3303039933611
 97
0
 75
1
 76
1
 98
0
  0
LWPOLYLINE
  5
4CA
330
17
100
AcDbEntity
  8
F-PERSONAL
100
AcDbPolyline
 90
2
 70
0
 10
487.0
 20
570.0
 10
483.0
 20
570.0
  0
HATCH
  5
4CB
330
17
100
AcDbEntity
  8
F-PERSONAL
 62
7
420
13107370
100
AcDbHatch
 10
0.0
 20
0.0
 30
0.0
210
0.0
220
0.0
230
1.0
  2
SOLID
 70
1
 71
0
 91
1
 92
3
 72
0
 73
1
 93
16
 10
484.74999999999994
 20
570.0
 10
484.6167891818947
 20
570.6696960066389
 10
484.23743686707644
 20
571.2374368670764
 10
483.66969600663884
 20
571.6167891818948
 10
483.0
 20
571.75
 10
482.3303039933611
 20
571.6167891818948
 10
481.7625631329235
 20
571.2374368670764
 10
481.3832108181052
 20
570.6696960066389
 10
481.25
 20
570.0
 10
481.3832108181052
 20
569.3303039933611
 10
481.7625631329235
 20
568.7625631329236
 10
482.3303039933611
 20
568.3832108181052
 10
483.0
 20
568.25
 10
483.66969600663884
 20
568.3832108181052
 10
484.23743686707644
 20
568.7625631329236
 10
484.6167891818947
 20
569.3303039933611
 97
0
 75
1
 76
1
 98
0
  0
LWPOLYLINE
  5
4CC
330
17
100
AcDbEntity
  8
F-PERSONAL
100
AcDbPolyline
 90
2
 70
0
 10
487.0
 20
582.5
 10
483.0
 20
582.5
  0
HATCH
  5
4CD
330
17
100
AcDbEntity
  8
F-PERSONAL
 62
7
420
13107370
100
AcDbHatch
 10
0.0
 20
0.0
 30
0.0
210
0.0
220
0.0
230
1.0
  2
SOLID
 70
1
 71
0
 91
1
 92
3
 72
0
 73
1
 93
16
 10
484.74999999999994
 20
582.5
 10
484.6167891818947
 20
583.1696960066389
 10
484.23743686707644
 20
583.7374368670764
 10
483.66969600663884
 20
584.1167891818948
 10
483.0
 20
584.25
 10
482.3303039933611
 20
584.1167891818948
 10
481.7625631329235
 20
583.7374368670764
 10
481.3832108181052
 20
583.1696960066389
 10
481.25
 20
582.5
 10
481.3832108181052
 20
581.8303039933611
 10
481.7625631329235
 20
581.2625631329236
 10
482.3303039933611
 20
580.8832108181052
 10
483.0
 20
580.75
 10
483.66969600663884
 20
580.8832108181052
 10
484.23743686707644
 20
581.2625631329236
 10
484.6167891818947
 20
581.8303039933611
 97
0
 75
1
 76
1
 98
0
  0
LWPOLYLINE
  5
4CE
330
17
100
AcDbEntity
  8
F-PERSONAL
100
AcDbPolyline
 90
2
 70
0
 10
487.0
 20
591.0
 10
497.0
 20
596.0
  0
HATCH
  5
4CF
330
17
100
AcDbEntity
  8
F-PERSONAL
 62
7
420
13107370
100
AcDbHatch
 10
0.0
 20
0.0
 30
0.0
210
0.0
220
0.0
230
1.0
  2
SOLID
 70
1
 71
0
 91
1
 92
3
 72
0
 73
1
 93
16
 10
498.75
 20
596.0
 10
498.6167891818948
 20
596.6696960066389
 10
498.2374368670765
 20
597.2374368670764
 10
497.6696960066389
 20
597.6167891818948
 10
497.0
 20
597.75
 10
496.33030399336116
 20
597.6167891818948
 10
495.76256313292356
 20
597.2374368670764
 10
495.3832108181053
 20
596.6696960066389
 10
495.25000000000006
 20
596.0
 10
495.3832108181053
 20
595.3303039933611
 10
495.76256313292356
 20
594.7625631329236
 10
496.33030399336116
 20
594.3832108181052
 10
497.0
 20
594.25
 10
497.6696960066389
 20
594.3832108181052
 10
498.2374368670765
 20
594.7625631329236
 10
498.6167891818948
 20
595.3303039933611
 97
0
 75
1
 76
1
 98
0
  0
LWPOLYLINE
  5
4D0
330
17
100
AcDbEntity
  8
F-PERSONAL
100
AcDbPolyline
 90
3
 70
0
 10
487.0
 20
479.5
 10
528.0
 20
479.5
 10
528.0
 20
489.0
  0
HATCH
  5
4D1
330
17
100
AcDbEntity
  8
F-PERSONAL
 62
7
420
13107370
100
AcDbHatch
 10
0.0
 20
0.0
 30
0.0
210
0.0
220
0.0
230
1.0
  2
SOLID
 70
1
 71
0
 91
1
 92
3
 72
0
 73
1
 93
16
 10
529.75
 20
489.0
 10
529.6167891818948
 20
489.6696960066389
 10
529.2374368670764
 20
490.23743686707644
 10
528.6696960066388
 20
490.6167891818948
 10
528.0
 20
490.75
 10
527.3303039933611
 20
490.6167891818948
 10
526.7625631329236
 20
490.23743686707644
 10
526.3832108181052
 20
489.6696960066389
 10
526.25
 20
489.0
 10
526.3832108181052
 20
488.3303039933611
 10
526.7625631329236
 20
487.76256313292356
 10
527.3303039933611
 20
487.3832108181052
 10
528.0
 20
487.25
 10
528.6696960066388
 20
487.3832108181052
 10
529.2374368670764
 20
487.76256313292356
 10
529.6167891818948
 20
488.3303039933611
 97
0
 75
1
 76
1
 98
0
  0
LWPOLYLINE
  5
4D2
330
17
100
AcDbEntity
  8
F-PERSONAL
100
AcDbPolyline
 90
4
 70
0
 10
487.0
 20
479.5
 10
578.5
 20
479.5
 10
578.5
 20
579.0
 10
670.0
 20
579.0
  0
LWPOLYLINE
  5
4D3
330
17
100
AcDbEntity
  8
F-PERSONAL
100
AcDbPolyline
 90
2
 70
0
 10
578.5
 20
579.0
 10
570.0
 20
594.0
  0
HATCH
  5
4D4
330
17
100
AcDbEntity
  8
F-PERSONAL
 62
7
420
13107370
100
AcDbHatch
 10
0.0
 20
0.0
 30
0.0
210
0.0
220
0.0
230
1.0
  2
SOLID
 70
1
 71
0
 91
1
 92
3
 72
0
 73
1
 93
16
 10
571.75
 20
594.0
 10
571.6167891818948
 20
594.6696960066389
 10
571.2374368670764
 20
595.2374368670764
 10
570.6696960066389
 20
595.6167891818948
 10
570.0
 20
595.75
 10
569.3303039933611
 20
595.6167891818948
 10
568.7625631329236
 20
595.2374368670764
 10
568.3832108181052
 20
594.6696960066389
 10
568.25
 20
594.0
 10
568.3832108181052
 20
593.3303039933611
 10
568.7625631329236
 20
592.7625631329236
 10
569.3303039933611
 20
592.3832108181052
 10
570.0
 20
592.25
 10
570.6696960066389
 20
592.3832108181052
 10
571.2374368670764
 20
592.7625631329236
 10
571.6167891818948
 20
593.3303039933611
 97
0
 75
1
 76
1
 98
0
  0
LWPOLYLINE
  5
4D5
330
17
100
AcDbEntity
  8
F-PERSONAL
100
AcDbPolyline
 90
2
 70
0
 10
586.0
 20
579.0
 10
586.0
 20
583.0
  0
HATCH
  5
4D6
330
17
100
AcDbEntity
  8
F-PERSONAL
 62
7
420
13107370
100
AcDbHatch
 10
0.0
 20
0.0
 30
0.0
210
0.0
220
0.0
230
1.0
  2
SOLID
 70
1
 71
0
 91
1
 92
3
 72
0
 73
1
 93
16
 10
587.75
 20
583.0
 10
587.6167891818948
 20
583.6696960066389
 10
587.2374368670764
 20
584.2374368670764
 10
586.6696960066389
 20
584.6167891818948
 10
586.0
 20
584.75
 10
585.3303039933611
 20
584.6167891818948
 10
584.7625631329236
 20
584.2374368670764
 10
584.3832108181052
 20
583.6696960066389
 10
584.25
 20
583.0
 10
584.3832108181052
 20
582.3303039933611
 10
584.7625631329236
 20
581.7625631329236
 10
585.3303039933611
 20
581.3832108181052
 10
586.0
 20
581.25
 10
586.6696960066389
 20
581.3832108181052
 10
587.2374368670764
 20
581.7625631329236
 10
587.6167891818948
 20
582.3303039933611
 97
0
 75
1
 76
1
 98
0
  0
LWPOLYLINE
  5
4D7
330
17
100
AcDbEntity
  8
F-PERSONAL
100
AcDbPolyline
 90
2
 70
0
 10
605.0
 20
579.0
 10
605.0
 20
583.0
  0
HATCH
  5
4D8
330
17
100
AcDbEntity
  8
F-PERSONAL
 62
7
420
13107370
100
AcDbHatch
 10
0.0
 20
0.0
 30
0.0
210
0.0
220
0.0
230
1.0
  2
SOLID
 70
1
 71
0
 91
1
 92
3
 72
0
 73
1
 93
16
 10
606.75
 20
583.0
 10
606.6167891818948
 20
583.6696960066389
 10
606.2374368670764
 20
584.2374368670764
 10
605.6696960066389
 20
584.6167891818948
 10
605.0
 20
584.75
 10
604.3303039933611
 20
584.6167891818948
 10
603.7625631329236
 20
584.2374368670764
 10
603.3832108181052
 20
583.6696960066389
 10
603.25
 20
583.0
 10
603.3832108181052
 20
582.3303039933611
 10
603.7625631329236
 20
581.7625631329236
 10
604.3303039933611
 20
581.3832108181052
 10
605.0
 20
581.25
 10
605.6696960066389
 20
581.3832108181052
 10
606.2374368670764
 20
581.7625631329236
 10
606.6167891818948
 20
582.3303039933611
 97
0
 75
1
 76
1
 98
0
  0
LWPOLYLINE
  5
4D9
330
17
100
AcDbEntity
  8
F-PERSONAL
100
AcDbPolyline
 90
2
 70
0
 10
626.0
 20
579.0
 10
626.0
 20
595.0
  0
HATCH
  5
4DA
330
17
100
AcDbEntity
  8
F-PERSONAL
 62
7
420
13107370
100
AcDbHatch
 10
0.0
 20
0.0
 30
0.0
210
0.0
220
0.0
230
1.0
  2
SOLID
 70
1
 71
0
 91
1
 92
3
 72
0
 73
1
 93
16
 10
627.75
 20
595.0
 10
627.6167891818948
 20
595.6696960066389
 10
627.2374368670764
 20
596.2374368670764
 10
626.6696960066389
 20
596.6167891818948
 10
626.0
 20
596.75
 10
625.3303039933611
 20
596.6167891818948
 10
624.7625631329236
 20
596.2374368670764
 10
624.3832108181052
 20
595.6696960066389
 10
624.25
 20
595.0
 10
624.3832108181052
 20
594.3303039933611
 10
624.7625631329236
 20
593.7625631329236
 10
625.3303039933611
 20
593.3832108181052
 10
626.0
 20
593.25
 10
626.6696960066389
 20
593.3832108181052
 10
627.2374368670764
 20
593.7625631329236
 10
627.6167891818948
 20
594.3303039933611
 97
0
 75
1
 76
1
 98
0
  0
LWPOLYLINE
  5
4DB
330
17
100
AcDbEntity
  8
F-PERSONAL
100
AcDbPolyline
 90
2
 70
0
 10
639.0
 20
579.0
 10
639.0
 20
600.0
  0
HATCH
  5
4DC
330
17
100
AcDbEntity
  8
F-PERSONAL
 62
7
420
13107370
100
AcDbHatch
 10
0.0
 20
0.0
 30
0.0
210
0.0
220
0.0
230
1.0
  2
SOLID
 70
1
 71
0
 91
1
 92
3
 72
0
 73
1
 93
16
 10
640.75
 20
600.0
 10
640.6167891818948
 20
600.6696960066389
 10
640.2374368670764
 20
601.2374368670764
 10
639.6696960066389
 20
601.6167891818948
 10
639.0
 20
601.75
 10
638.3303039933611
 20
601.6167891818948
 10
637.7625631329236
 20
601.2374368670764
 10
637.3832108181052
 20
600.6696960066389
 10
637.25
 20
600.0
 10
637.3832108181052
 20
599.3303039933611
 10
637.7625631329236
 20
598.7625631329236
 10
638.3303039933611
 20
598.3832108181052
 10
639.0
 20
598.25
 10
639.6696960066389
 20
598.3832108181052
 10
640.2374368670764
 20
598.7625631329236
 10
640.6167891818948
 20
599.3303039933611
 97
0
 75
1
 76
1
 98
0
  0
LWPOLYLINE
  5
4DD
330
17
100
AcDbEntity
  8
F-PERSONAL
100
AcDbPolyline
 90
2
 70
0
 10
659.0
 20
579.0
 10
659.0
 20
600.5
  0
HATCH
  5
4DE
330
17
100
AcDbEntity
  8
F-PERSONAL
 62
7
420
13107370
100
AcDbHatch
 10
0.0
 20
0.0
 30
0.0
210
0.0
220
0.0
230
1.0
  2
SOLID
 70
1
 71
0
 91
1
 92
3
 72
0
 73
1
 93
16
 10
660.75
 20
600.5
 10
660.6167891818948
 20
601.1696960066389
 10
660.2374368670764
 20
601.7374368670764
 10
659.6696960066389
 20
602.1167891818948
 10
659.0
 20
602.25
 10
658.3303039933611
 20
602.1167891818948
 10
657.7625631329236
 20
601.7374368670764
 10
657.3832108181052
 20
601.1696960066389
 10
657.25
 20
600.5
 10
657.3832108181052
 20
599.8303039933611
 10
657.7625631329236
 20
599.2625631329236
 10
658.3303039933611
 20
598.8832108181052
 10
659.0
 20
598.75
 10
659.6696960066389
 20
598.8832108181052
 10
660.2374368670764
 20
599.2625631329236
 10
660.6167891818948
 20
599.8303039933611
 97
0
 75
1
 76
1
 98
0
  0
LWPOLYLINE
  5
4DF
330
17
100
AcDbEntity
  8
F-PERSONAL
100
AcDbPolyline
 90
2
 70
0
 10
670.0
 20
579.0
 10
670.0
 20
593.0
  0
HATCH
  5
4E0
330
17
100
AcDbEntity
  8
F-PERSONAL
 62
7
420
13107370
100
AcDbHatch
 10
0.0
 20
0.0
 30
0.0
210
0.0
220
0.0
230
1.0
  2
SOLID
 70
1
 71
0
 91
1
 92
3
 72
0
 73
1
 93
16
 10
671.75
 20
593.0
 10
671.6167891818948
 20
593.6696960066389
 10
671.2374368670764
 20
594.2374368670764
 10
670.6696960066389
 20
594.6167891818948
 10
670.0
 20
594.75
 10
669.3303039933611
 20
594.6167891818948
 10
668.7625631329236
 20
594.2374368670764
 10
668.3832108181052
 20
593.6696960066389
 10
668.25
 20
593.0
 10
668.3832108181052
 20
592.3303039933611
 10
668.7625631329236
 20
591.7625631329236
 10
669.3303039933611
 20
591.3832108181052
 10
670.0
 20
591.25
 10
670.6696960066389
 20
591.3832108181052
 10
671.2374368670764
 20
591.7625631329236
 10
671.6167891818948
 20
592.3303039933611
 97
0
 75
1
 76
1
 98
0
  0
LWPOLYLINE
  5
4E1
330
17
100
AcDbEntity
  8
F-PERSONAL
100
AcDbPolyline
 90
2
 70
0
 10
578.5
 20
479.5
 10
650.0
 20
479.5
  0
LWPOLYLINE
  5
4E2
330
17
100
AcDbEntity
  8
F-PERSONAL
100
AcDbPolyline
 90
2
 70
0
 10
595.0
 20
479.5
 10
595.0
 20
488.0
  0
HATCH
  5
4E3
330
17
100
AcDbEntity
  8
F-PERSONAL
 62
7
420
13107370
100
AcDbHatch
 10
0.0
 20
0.0
 30
0.0
210
0.0
220
0.0
230
1.0
  2
SOLID
 70
1
 71
0
 91
1
 92
3
 72
0
 73
1
 93
16
 10
596.75
 20
488.0
 10
596.6167891818948
 20
488.6696960066389
 10
596.2374368670764
 20
489.23743686707644
 10
595.6696960066389
 20
489.6167891818948
 10
595.0
 20
489.75
 10
594.3303039933611
 20
489.6167891818948
 10
593.7625631329236
 20
489.23743686707644
 10
593.3832108181052
 20
488.6696960066389
 10
593.25
 20
488.0
 10
593.3832108181052
 20
487.3303039933611
 10
593.7625631329236
 20
486.76256313292356
 10
594.3303039933611
 20
486.3832108181053
 10
595.0
 20
486.25
 10
595.6696960066389
 20
486.3832108181053
 10
596.2374368670764
 20
486.76256313292356
 10
596.6167891818948
 20
487.3303039933611
 97
0
 75
1
 76
1
 98
0
  0
LWPOLYLINE
  5
4E4
330
17
100
AcDbEntity
  8
F-PERSONAL
100
AcDbPolyline
 90
2
 70
0
 10
627.5
 20
479.5
 10
627.5
 20
495.0
  0
HATCH
  5
4E5
330
17
100
AcDbEntity
  8
F-PERSONAL
 62
7
420
13107370
100
AcDbHatch
 10
0.0
 20
0.0
 30
0.0
210
0.0
220
0.0
230
1.0
  2
SOLID
 70
1
 71
0
 91
1
 92
3
 72
0
 73
1
 93
16
 10
629.25
 20
495.0
 10
629.1167891818948
 20
495.6696960066389
 10
628.7374368670764
 20
496.23743686707644
 10
628.1696960066389
 20
496.6167891818948
 10
627.5
 20
496.75
 10
626.8303039933611
 20
496.6167891818948
 10
626.2625631329236
 20
496.23743686707644
 10
625.8832108181052
 20
495.6696960066389
 10
625.75
 20
495.0
 10
625.8832108181052
 20
494.3303039933611
 10
626.2625631329236
 20
493.76256313292356
 10
626.8303039933611
 20
493.3832108181052
 10
627.5
 20
493.25
 10
628.1696960066389
 20
493.3832108181052
 10
628.7374368670764
 20
493.76256313292356
 10
629.1167891818948
 20
494.3303039933611
 97
0
 75
1
 76
1
 98
0
  0
LWPOLYLINE
  5
4E6
330
17
100
AcDbEntity
  8
F-PERSONAL
100
AcDbPolyline
 90
2
 70
0
 10
649.5
 20
479.5
 10
649.5
 20
495.0
  0
HATCH
  5
4E7
330
17
100
AcDbEntity
  8
F-PERSONAL
 62
7
420
13107370
100
AcDbHatch
 10
0.0
 20
0.0
 30
0.0
210
0.0
220
0.0
230
1.0
  2
SOLID
 70
1
 71
0
 91
1
 92
3
 72
0
 73
1
 93
16
 10
651.25
 20
495.0
 10
651.1167891818948
 20
495.6696960066389
 10
650.7374368670766
 20
496.23743686707644
 10
650.1696960066389
 20
496.6167891818948
 10
649.5
 20
496.75
 10
648.8303039933611
 20
496.6167891818948
 10
648.2625631329236
 20
496.23743686707644
 10
647.8832108181053
 20
495.6696960066389
 10
647.75
 20
495.0
 10
647.8832108181053
 20
494.3303039933611
 10
648.2625631329236
 20
493.76256313292356
 10
648.8303039933611
 20
493.3832108181052
 10
649.5
 20
493.25
 10
650.1696960066389
 20
493.3832108181052
 10
650.7374368670766
 20
493.76256313292356
 10
651.1167891818948
 20
494.3303039933611
 97
0
 75
1
 76
1
 98
0
  0
LWPOLYLINE
  5
4E8
330
17
100
AcDbEntity
  8
F-PERSONAL
100
AcDbPolyline
 90
2
 70
0
 10
412.0
 20
479.5
 10
380.0
 20
486.5
  0
LWPOLYLINE
  5
4E9
330
17
100
AcDbEntity
  8
F-PERSONAL
100
AcDbPolyline
 90
2
 70
0
 10
380.0
 20
479.5
 10
447.5
 20
479.5
  0
HATCH
  5
4EA
330
17
100
AcDbEntity
  8
F-PERSONAL
 62
7
420
13107370
100
AcDbHatch
 10
0.0
 20
0.0
 30
0.0
210
0.0
220
0.0
230
1.0
  2
SOLID
 70
1
 71
0
 91
1
 92
3
 72
0
 73
1
 93
16
 10
449.25
 20
479.5
 10
449.1167891818948
 20
480.1696960066389
 10
448.73743686707644
 20
480.7374368670765
 10
448.16969600663896
 20
481.1167891818947
 10
447.5
 20
481.25
 10
446.83030399336104
 20
481.1167891818947
 10
446.26256313292356
 20
480.7374368670765
 10
445.8832108181052
 20
480.1696960066389
 10
445.75
 20
479.5
 10
445.8832108181052
 20
478.8303039933611
 10
446.26256313292356
 20
478.2625631329235
 10
446.83030399336104
 20
477.8832108181053
 10
447.5
 20
477.75
 10
448.16969600663896
 20
477.8832108181053
 10
448.73743686707644
 20
478.2625631329235
 10
449.1167891818948
 20
478.8303039933611
 97
0
 75
1
 76
1
 98
0
  0
LWPOLYLINE
  5
4EB
330
17
100
AcDbEntity
  8
F-PERSONAL
100
AcDbPolyline
 90
2
 70
0
 10
447.5
 20
479.5
 10
447.5
 20
486.5
  0
HATCH
  5
4EC
330
17
100
AcDbEntity
  8
F-PERSONAL
 62
7
420
13107370
100
AcDbHatch
 10
0.0
 20
0.0
 30
0.0
210
0.0
220
0.0
230
1.0
  2
SOLID
 70
1
 71
0
 91
1
 92
3
 72
0
 73
1
 93
16
 10
449.25
 20
486.5
 10
449.1167891818948
 20
487.1696960066389
 10
448.73743686707644
 20
487.73743686707644
 10
448.16969600663896
 20
488.1167891818948
 10
447.5
 20
488.25
 10
446.83030399336104
 20
488.1167891818948
 10
446.26256313292356
 20
487.73743686707644
 10
445.8832108181052
 20
487.1696960066389
 10
445.75
 20
486.5
 10
445.8832108181052
 20
485.8303039933611
 10
446.26256313292356
 20
485.26256313292356
 10
446.83030399336104
 20
484.8832108181052
 10
447.5
 20
484.75
 10
448.16969600663896
 20
484.8832108181052
 10
448.73743686707644
 20
485.26256313292356
 10
449.1167891818948
 20
485.8303039933611
 97
0
 75
1
 76
1
 98
0
  0
LWPOLYLINE
  5
4ED
330
17
100
AcDbEntity
  8
F-PERSONAL
100
AcDbPolyline
 90
2
 70
0
 10
474.5
 20
479.5
 10
474.5
 20
486.5
  0
HATCH
  5
4EE
330
17
100
AcDbEntity
  8
F-PERSONAL
 62
7
420
13107370
100
AcDbHatch
 10
0.0
 20
0.0
 30
0.0
210
0.0
220
0.0
230
1.0
  2
SOLID
 70
1
 71
0
 91
1
 92
3
 72
0
 73
1
 93
16
 10
476.25
 20
486.5
 10
476.1167891818948
 20
487.1696960066389
 10
475.73743686707644
 20
487.73743686707644
 10
475.1696960066389
 20
488.1167891818948
 10
474.5
 20
488.25
 10
473.8303039933611
 20
488.1167891818948
 10
473.26256313292356
 20
487.73743686707644
 10
472.8832108181052
 20
487.1696960066389
 10
472.75
 20
486.5
 10
472.8832108181052
 20
485.8303039933611
 10
473.26256313292356
 20
485.26256313292356
 10
473.8303039933611
 20
484.8832108181052
 10
474.5
 20
484.75
 10
475.1696960066389
 20
484.8832108181052
 10
475.73743686707644
 20
485.26256313292356
 10
476.1167891818948
 20
485.8303039933611
 97
0
 75
1
 76
1
 98
0
  0
LWPOLYLINE
  5
4EF
330
17
100
AcDbEntity
  8
F-PERSONAL
100
AcDbPolyline
 90
3
 70
0
 10
578.5
 20
479.5
 10
578.5
 20
579.0
 10
685.0
 20
579.0
  0
LWPOLYLINE
  5
4F0
330
17
100
AcDbEntity
  8
F-PERSONAL
100
AcDbPolyline
 90
2
 70
0
 10
598.5
 20
579.0
 10
598.5
 20
575.0
  0
HATCH
  5
4F1
330
17
100
AcDbEntity
  8
F-PERSONAL
 62
7
420
13107370
100
AcDbHatch
 10
0.0
 20
0.0
 30
0.0
210
0.0
220
0.0
230
1.0
  2
SOLID
 70
1
 71
0
 91
1
 92
3
 72
0
 73
1
 93
16
 10
600.25
 20
575.0
 10
600.1167891818948
 20
575.6696960066389
 10
599.7374368670764
 20
576.2374368670764
 10
599.1696960066389
 20
576.6167891818948
 10
598.5
 20
576.75
 10
597.8303039933611
 20
576.6167891818948
 10
597.2625631329236
 20
576.2374368670764
 10
596.8832108181052
 20
575.6696960066389
 10
596.75
 20
575.0
 10
596.8832108181052
 20
574.3303039933611
 10
597.2625631329236
 20
573.7625631329236
 10
597.8303039933611
 20
573.3832108181052
 10
598.5
 20
573.25
 10
599.1696960066389
 20
573.3832108181052
 10
599.7374368670764
 20
573.7625631329236
 10
600.1167891818948
 20
574.3303039933611
 97
0
 75
1
 76
1
 98
0
  0
CIRCLE
  5
4F2
330
17
100
AcDbEntity
  8
A-TEXTO
100
AcDbCircle
 10
327.5
 20
587.0
 30
0.0
 40
3.0
  0
TEXT
  5
4F3
330
17
100
AcDbEntity
  8
A-TEXTO
100
AcDbText
 10
327.5
 20
587.0
 30
0.0
 40
2.0
  1
SP-1
  7
ISO3098
 72
1
 11
327.5
 21
587.0
 31
0.0
100
AcDbText
 73
2
  0
CIRCLE
  5
4F4
330
17
100
AcDbEntity
  8
A-TEXTO
100
AcDbCircle
 10
327.5
 20
606.0
 30
0.0
 40
3.0
  0
TEXT
  5
4F5
330
17
100
AcDbEntity
  8
A-TEXTO
100
AcDbText
 10
327.5
 20
606.0
 30
0.0
 40
2.0
  1
SP-2
  7
ISO3098
 72
1
 11
327.5
 21
606.0
 31
0.0
100
AcDbText
 73
2
  0
TEXT
  5
4F6
330
17
100
AcDbEntity
  8
A-TEXTO
100
AcDbText
 10
158.5
 20
648.5
 30
0.0
 40
1.6
  1
BR
  7
ISO3098
 11
158.5
 21
648.5
 31
0.0
100
AcDbText
 73
3
  0
TEXT
  5
4F7
330
17
100
AcDbEntity
  8
A-TEXTO
100
AcDbText
 10
211.0
 20
589.0
 30
0.0
 40
1.6
  1
AL-1H
  7
ISO3098
 11
211.0
 21
589.0
 31
0.0
100
AcDbText
 73
3
  0
TEXT
  5
4F8
330
17
100
AcDbEntity
  8
A-TEXTO
100
AcDbText
 10
240.0
 20
631.0
 30
0.0
 40
1.6
  1
AL-1F
  7
ISO3098
 11
240.0
 21
631.0
 31
0.0
100
AcDbText
 73
3
  0
TEXT
  5
4F9
330
17
100
AcDbEntity
  8
A-TEXTO
100
AcDbText
 10
239.0
 20
593.0
 30
0.0
 40
1.6
  1
AL-1T
  7
ISO3098
 11
239.0
 21
593.0
 31
0.0
100
AcDbText
 73
3
  0
TEXT
  5
4FA
330
17
100
AcDbEntity
  8
A-TEXTO
100
AcDbText
 10
217.0
 20
518.5
 30
0.0
 40
1.6
  1
AL-1C
  7
ISO3098
 11
217.0
 21
518.5
 31
0.0
100
AcDbText
 73
3
  0
TEXT
  5
4FB
330
17
100
AcDbEntity
  8
A-TEXTO
100
AcDbText
 10
158.5
 20
589.0
 30
0.0
 40
1.6
  1
PÑ
  7
ISO3098
 11
158.5
 21
589.0
 31
0.0
100
AcDbText
 73
3
  0
TEXT
  5
4FC
330
17
100
AcDbEntity
  8
A-TEXTO
100
AcDbText
 10
158.5
 20
563.0
 30
0.0
 40
1.6
  1
SCR-O
  7
ISO3098
 11
158.5
 21
563.0
 31
0.0
100
AcDbText
 73
3
  0
TEXT
  5
4FD
330
17
100
AcDbEntity
  8
A-TEXTO
100
AcDbText
 10
296.0
 20
648.5
 30
0.0
 40
1.6
  1
SCR-N
  7
ISO3098
 11
296.0
 21
648.5
 31
0.0
100
AcDbText
 73
3
  0
TEXT
  5
4FE
330
17
100
AcDbEntity
  8
A-TEXTO
100
AcDbText
 10
239.0
 20
557.0
 30
0.0
 40
1.6
  1
MQ-G
  7
ISO3098
 11
239.0
 21
557.0
 31
0.0
100
AcDbText
 73
3
  0
TEXT
  5
4FF
330
17
100
AcDbEntity
  8
A-TEXTO
100
AcDbText
 10
249.0
 20
602.0
 30
0.0
 40
1.6
  1
MQ-T
  7
ISO3098
 11
249.0
 21
602.0
 31
0.0
100
AcDbText
 73
3
  0
TEXT
  5
500
330
17
100
AcDbEntity
  8
A-TEXTO
100
AcDbText
 10
239.0
 20
623.0
 30
0.0
 40
1.6
  1
MQ-K
  7
ISO3098
 11
239.0
 21
623.0
 31
0.0
100
AcDbText
 73
3
  0
TEXT
  5
501
330
17
100
AcDbEntity
  8
A-TEXTO
100
AcDbText
 10
311.5
 20
626.0
 30
0.0
 40
1.6
  1
SM-K
  7
ISO3098
 11
311.5
 21
626.0
 31
0.0
100
AcDbText
 73
3
  0
TEXT
  5
502
330
17
100
AcDbEntity
  8
A-TEXTO
100
AcDbText
 10
311.0
 20
565.0
 30
0.0
 40
1.6
  1
PU-G
  7
ISO3098
 11
311.0
 21
565.0
 31
0.0
100
AcDbText
 73
3
  0
TEXT
  5
503
330
17
100
AcDbEntity
  8
A-TEXTO
100
AcDbText
 10
269.0
 20
602.0
 30
0.0
 40
1.6
  1
OP-MP
  7
ISO3098
 11
269.0
 21
602.0
 31
0.0
100
AcDbText
 73
3
  0
TEXT
  5
504
330
17
100
AcDbEntity
  8
A-TEXTO
100
AcDbText
 10
158.5
 20
519.5
 30
0.0
 40
1.6
  1
S3
  7
ISO3098
 11
158.5
 21
519.5
 31
0.0
100
AcDbText
 73
3
  0
TEXT
  5
505
330
17
100
AcDbEntity
  8
A-TEXTO
100
AcDbText
 10
364.0
 20
626.5
 30
0.0
 40
1.6
  1
S1
  7
ISO3098
 11
364.0
 21
626.5
 31
0.0
100
AcDbText
 73
3
  0
TEXT
  5
506
330
17
100
AcDbEntity
  8
A-TEXTO
100
AcDbText
 10
427.0
 20
626.5
 30
0.0
 40
1.6
  1
S2
  7
ISO3098
 11
427.0
 21
626.5
 31
0.0
100
AcDbText
 73
3
  0
TEXT
  5
507
330
17
100
AcDbEntity
  8
A-TEXTO
100
AcDbText
 10
365.0
 20
511.0
 30
0.0
 40
1.6
  1
Q
  7
ISO3098
 11
365.0
 21
511.0
 31
0.0
100
AcDbText
 73
3
  0
TEXT
  5
508
330
17
100
AcDbEntity
  8
A-TEXTO
100
AcDbText
 10
365.0
 20
529.0
 30
0.0
 40
1.6
  1
QR
  7
ISO3098
 11
365.0
 21
529.0
 31
0.0
100
AcDbText
 73
3
  0
TEXT
  5
509
330
17
100
AcDbEntity
  8
A-TEXTO
100
AcDbText
 10
389.0
 20
529.0
 30
0.0
 40
1.6
  1
EPP
  7
ISO3098
 11
389.0
 21
529.0
 31
0.0
100
AcDbText
 73
3
  0
TEXT
  5
50A
330
17
100
AcDbEntity
  8
A-TEXTO
100
AcDbText
 10
432.0
 20
511.0
 30
0.0
 40
1.6
  1
MT
  7
ISO3098
 11
432.0
 21
511.0
 31
0.0
100
AcDbText
 73
3
  0
TEXT
  5
50B
330
17
100
AcDbEntity
  8
A-TEXTO
100
AcDbText
 10
468.0
 20
511.0
 30
0.0
 40
1.6
  1
SUP
  7
ISO3098
 11
468.0
 21
511.0
 31
0.0
100
AcDbText
 73
3
  0
TEXT
  5
50C
330
17
100
AcDbEntity
  8
A-TEXTO
100
AcDbText
 10
496.0
 20
626.5
 30
0.0
 40
1.6
  1
S-P
  7
ISO3098
 11
496.0
 21
626.5
 31
0.0
100
AcDbText
 73
3
  0
TEXT
  5
50D
330
17
100
AcDbEntity
  8
A-TEXTO
100
AcDbText
 10
525.0
 20
648.5
 30
0.0
 40
1.6
  1
QP
  7
ISO3098
 11
525.0
 21
648.5
 31
0.0
100
AcDbText
 73
3
  0
TEXT
  5
50E
330
17
100
AcDbEntity
  8
A-TEXTO
100
AcDbText
 10
584.5
 20
648.5
 30
0.0
 40
1.6
  1
AL-PV
  7
ISO3098
 11
584.5
 21
648.5
 31
0.0
100
AcDbText
 73
3
  0
TEXT
  5
50F
330
17
100
AcDbEntity
  8
A-TEXTO
100
AcDbText
 10
620.5
 20
648.5
 30
0.0
 40
1.6
  1
AL-2
  7
ISO3098
 11
620.5
 21
648.5
 31
0.0
100
AcDbText
 73
3
  0
TEXT
  5
510
330
17
100
AcDbEntity
  8
A-TEXTO
100
AcDbText
 10
584.5
 20
621.0
 30
0.0
 40
1.6
  1
SP-1
  7
ISO3098
 11
584.5
 21
621.0
 31
0.0
100
AcDbText
 73
3
  0
TEXT
  5
511
330
17
100
AcDbEntity
  8
A-TEXTO
100
AcDbText
 10
620.5
 20
621.0
 30
0.0
 40
1.6
  1
S-T
  7
ISO3098
 11
620.5
 21
621.0
 31
0.0
100
AcDbText
 73
3
  0
TEXT
  5
512
330
17
100
AcDbEntity
  8
A-TEXTO
100
AcDbText
 10
584.5
 20
573.0
 30
0.0
 40
1.6
  1
BAT
  7
ISO3098
 11
584.5
 21
573.0
 31
0.0
100
AcDbText
 73
3
  0
TEXT
  5
513
330
17
100
AcDbEntity
  8
A-TEXTO
100
AcDbText
 10
618.0
 20
573.0
 30
0.0
 40
1.6
  1
EST
  7
ISO3098
 11
618.0
 21
573.0
 31
0.0
100
AcDbText
 73
3
  0
TEXT
  5
514
330
17
100
AcDbEntity
  8
A-TEXTO
100
AcDbText
 10
648.0
 20
573.0
 30
0.0
 40
1.6
  1
OF-E
  7
ISO3098
 11
648.0
 21
573.0
 31
0.0
100
AcDbText
 73
3
  0
TEXT
  5
515
330
17
100
AcDbEntity
  8
A-TEXTO
100
AcDbText
 10
584.5
 20
529.0
 30
0.0
 40
1.6
  1
SP-2
  7
ISO3098
 11
584.5
 21
529.0
 31
0.0
100
AcDbText
 73
3
  0
TEXT
  5
516
330
17
100
AcDbEntity
  8
A-TEXTO
100
AcDbText
 10
618.0
 20
512.0
 30
0.0
 40
1.6
  1
S-TC
  7
ISO3098
 11
618.0
 21
512.0
 31
0.0
100
AcDbText
 73
3
  0
TEXT
  5
517
330
17
100
AcDbEntity
  8
A-TEXTO
100
AcDbText
 10
678.0000000000001
 20
512.0
 30
0.0
 40
1.6
  1
PTC
  7
ISO3098
 11
678.0000000000001
 21
512.0
 31
0.0
100
AcDbText
 73
3
  0
TEXT
  5
518
330
17
100
AcDbEntity
  8
A-TEXTO
100
AcDbText
 10
678.0000000000001
 20
648.5
 30
0.0
 40
1.6
  1
AL-3
  7
ISO3098
 11
678.0000000000001
 21
648.5
 31
0.0
100
AcDbText
 73
3
  0
TEXT
  5
519
330
17
100
AcDbEntity
  8
A-TEXTO
100
AcDbText
 10
733.0000000000001
 20
648.5
 30
0.0
 40
1.6
  1
EXP
  7
ISO3098
 11
733.0000000000001
 21
648.5
 31
0.0
100
AcDbText
 73
3
  0
TEXT
  5
51A
330
17
100
AcDbEntity
  8
A-TEXTO
100
AcDbText
 10
715.5000000000001
 20
554.0
 30
0.0
 40
1.6
  1
S4
  7
ISO3098
 11
715.5000000000001
 21
554.0
 31
0.0
100
AcDbText
 73
3
  0
TEXT
  5
51B
330
17
100
AcDbEntity
  8
A-TEXTO
100
AcDbText
 10
897.0
 20
797.0
 30
0.0
 40
3.5
  1
Referencias
  7
ISO3098
 11
897.0
 21
797.0
 31
0.0
100
AcDbText
 73
1
  0
LWPOLYLINE
  5
51C
330
17
100
AcDbEntity
  8
F-PERSONAL
100
AcDbPolyline
 90
2
 70
0
 10
897.0
 20
791.0
 10
913.0
 20
791.0
  0
TEXT
  5
51D
330
17
100
AcDbEntity
  8
A-TEXTO
100
AcDbText
 10
917.0
 20
791.0
 30
0.0
 40
2.3
  1
Hilo de personal (magenta, trazos)
  7
ISO3098
 11
917.0
 21
791.0
 31
0.0
100
AcDbText
 73
2
  0
CIRCLE
  5
51E
330
17
100
AcDbEntity
  8
F-PERSONAL
100
AcDbCircle
 10
905.0
 20
785.5
 30
0.0
 40
0.9
  0
TEXT
  5
51F
330
17
100
AcDbEntity
  8
A-TEXTO
100
AcDbText
 10
917.0
 20
785.5
 30
0.0
 40
2.3
  1
Puesto de trabajo
  7
ISO3098
 11
917.0
 21
785.5
 31
0.0
100
AcDbText
 73
2
  0
LWPOLYLINE
  5
520
330
17
100
AcDbEntity
  8
F-RET
100
AcDbPolyline
 90
2
 70
0
 10
897.0
 20
780.0
 10
913.0
 20
780.0
  0
TEXT
  5
521
330
17
100
AcDbEntity
  8
A-TEXTO
100
AcDbText
 10
917.0
 20
780.0
 30
0.0
 40
2.3
  1
Flujos de materiales, de fondo (ver FL_PI_03)
  7
ISO3098
 11
917.0
 21
780.0
 31
0.0
100
AcDbText
 73
2
  0
LWPOLYLINE
  5
522
330
17
100
AcDbEntity
  8
A-SENDA
100
AcDbPolyline
 90
4
 70
1
 10
897.0
 20
773.3
 10
899.0
 20
773.3
 10
899.0
 20
775.7
 10
897.0
 20
775.7
  0
LWPOLYLINE
  5
523
330
17
100
AcDbEntity
  8
A-SENDA
100
AcDbPolyline
 90
4
 70
1
 10
901.0
 20
773.3
 10
903.0
 20
773.3
 10
903.0
 20
775.7
 10
901.0
 20
775.7
  0
LWPOLYLINE
  5
524
330
17
100
AcDbEntity
  8
A-SENDA
100
AcDbPolyline
 90
4
 70
1
 10
905.0
 20
773.3
 10
907.0
 20
773.3
 10
907.0
 20
775.7
 10
905.0
 20
775.7
  0
LWPOLYLINE
  5
525
330
17
100
AcDbEntity
  8
A-SENDA
100
AcDbPolyline
 90
4
 70
1
 10
909.0
 20
773.3
 10
911.0
 20
773.3
 10
911.0
 20
775.7
 10
909.0
 20
775.7
  0
TEXT
  5
526
330
17
100
AcDbEntity
  8
A-TEXTO
100
AcDbText
 10
917.0
 20
774.5
 30
0.0
 40
2.3
  1
Senda peatonal señalizada: único cruce de hilo y flujo
  7
ISO3098
 11
917.0
 21
774.5
 31
0.0
100
AcDbText
 73
2
  0
TEXT
  5
527
330
17
100
AcDbEntity
  8
A-TEXTO
100
AcDbText
 10
897.0
 20
772.5
 30
0.0
 40
2.2
  1

  7
ISO3098
 11
897.0
 21
772.5
 31
0.0
100
AcDbText
 73
3
  0
TEXT
  5
528
330
17
100
AcDbEntity
  8
A-TEXTO
100
AcDbText
 10
897.0
 20
769.09
 30
0.0
 40
2.2
  1
Recorrido: estacionamiento -> G4 -> hall y fichado -> vestuario (ropa de calle) -> sanitarios y
  7
ISO3098
 11
897.0
 21
769.09
 31
0.0
100
AcDbText
 73
3
  0
TEXT
  5
529
330
17
100
AcDbEntity
  8
A-TEXTO
100
AcDbText
 10
897.0
 20
765.6800000000001
 30
0.0
 40
2.2
  1
duchas -> paso a planta PP-1 -> pasillo de personal PP (sur) -> calles de operarios PO -> puesto.
  7
ISO3098
 11
897.0
 21
765.6800000000001
 31
0.0
100
AcDbText
 73
3
  0
TEXT
  5
52A
330
17
100
AcDbEntity
  8
A-TEXTO
100
AcDbText
 10
897.0
 20
762.2700000000001
 30
0.0
 40
2.2
  1
Se vuelve por el mismo camino y se pasa por el vestuario (circuito sucio -> limpio).
  7
ISO3098
 11
897.0
 21
762.2700000000001
 31
0.0
100
AcDbText
 73
3
  0
TEXT
  5
52B
330
17
100
AcDbEntity
  8
A-TEXTO
100
AcDbText
 10
897.0
 20
758.8600000000001
 30
0.0
 40
2.2
  1
Separación de circulaciones: pasillo de personal PP al sur, contra servicios; pasillo de materiales
  7
ISO3098
 11
897.0
 21
758.8600000000001
 31
0.0
100
AcDbText
 73
3
  0
TEXT
  5
52C
330
17
100
AcDbEntity
  8
A-TEXTO
100
AcDbText
 10
897.0
 20
755.4500000000002
 30
0.0
 40
2.2
  1
PM al norte. En las celdas los operarios trabajan del lado de afuera de cada horquilla y llegan
  7
ISO3098
 11
897.0
 21
755.4500000000002
 31
0.0
100
AcDbText
 73
3
  0
TEXT
  5
52D
330
17
100
AcDbEntity
  8
A-TEXTO
100
AcDbText
 10
897.0
 20
752.0400000000002
 30
0.0
 40
2.2
  1
por las calles PO sin cruzar el recorrido de las piezas. Sólo el personal del sector MP cruza el
  7
ISO3098
 11
897.0
 21
752.0400000000002
 31
0.0
100
AcDbText
 73
3
  0
TEXT
  5
52E
330
17
100
AcDbEntity
  8
A-TEXTO
100
AcDbText
 10
897.0
 20
748.6300000000002
 30
0.0
 40
2.2
  1
colector del tren logístico, por las sendas SP-1 y SP-2 (demarcación, semáforo y espejo).
  7
ISO3098
 11
897.0
 21
748.6300000000002
 31
0.0
100
AcDbText
 73
3
  0
TEXT
  5
52F
330
17
100
AcDbEntity
  8
A-TEXTO
100
AcDbText
 10
897.0
 20
745.2200000000003
 30
0.0
 40
2.2
  1
Cruces de hilos con flujos verificados por cálculo sobre el modelo: 2, ambos en sendas.
  7
ISO3098
 11
897.0
 21
745.2200000000003
 31
0.0
100
AcDbText
 73
3
  0
TEXT
  5
530
330
17
100
AcDbEntity
  8
A-TEXTO
100
AcDbText
 10
897.0
 20
741.8100000000003
 30
0.0
 40
2.2
  1
Recargas: su personal pasa por el pasaje cubierto este (RC-4) y usa el núcleo sanitario este,
  7
ISO3098
 11
897.0
 21
741.8100000000003
 31
0.0
100
AcDbText
 73
3
  0
TEXT
  5
531
330
17
100
AcDbEntity
  8
A-TEXTO
100
AcDbText
 10
897.0
 20
738.4000000000003
 30
0.0
 40
2.2
  1
que también atiende al extremo este de la planta por PP-3. El mostrador tiene puerta propia al
  7
ISO3098
 11
897.0
 21
738.4000000000003
 31
0.0
100
AcDbText
 73
3
  0
TEXT
  5
532
330
17
100
AcDbEntity
  8
A-TEXTO
100
AcDbText
 10
897.0
 20
734.9900000000004
 30
0.0
 40
2.2
  1
estacionamiento: el público no entra a la planta.
  7
ISO3098
 11
897.0
 21
734.9900000000004
 31
0.0
100
AcDbText
 73
3
  0
TEXT
  5
533
330
17
100
AcDbEntity
  8
A-TEXTO
100
AcDbText
 10
897.0
 20
721.0800000000004
 30
0.0
 40
3.0
  1
Longitud de los hilos (turno mañana)
  7
ISO3098
 11
897.0
 21
721.0800000000004
 31
0.0
100
AcDbText
 73
1
  0
LWPOLYLINE
  5
534
330
17
100
AcDbEntity
  8
A-COTA
370
35
100
AcDbPolyline
 90
4
 70
1
 10
897.0
 20
719.5800000000004
 10
1013.0
 20
719.5800000000004
 10
1013.0
 20
663.6800000000004
 10
897.0
 20
663.6800000000004
  0
LINE
  5
535
330
17
100
AcDbEntity
  8
A-COTA
370
35
100
AcDbLine
 10
897.0
 20
715.2800000000004
 30
0.0
 11
1013.0
 21
715.2800000000004
 31
0.0
  0
LINE
  5
536
330
17
100
AcDbEntity
  8
A-COTA
370
13
100
AcDbLine
 10
897.0
 20
710.9800000000004
 30
0.0
 11
1013.0
 21
710.9800000000004
 31
0.0
  0
LINE
  5
537
330
17
100
AcDbEntity
  8
A-COTA
370
13
100
AcDbLine
 10
897.0
 20
706.6800000000004
 30
0.0
 11
1013.0
 21
706.6800000000004
 31
0.0
  0
LINE
  5
538
330
17
100
AcDbEntity
  8
A-COTA
370
13
100
AcDbLine
 10
897.0
 20
702.3800000000003
 30
0.0
 11
1013.0
 21
702.3800000000003
 31
0.0
  0
LINE
  5
539
330
17
100
AcDbEntity
  8
A-COTA
370
13
100
AcDbLine
 10
897.0
 20
698.0800000000004
 30
0.0
 11
1013.0
 21
698.0800000000004
 31
0.0
  0
LINE
  5
53A
330
17
100
AcDbEntity
  8
A-COTA
370
13
100
AcDbLine
 10
897.0
 20
693.7800000000004
 30
0.0
 11
1013.0
 21
693.7800000000004
 31
0.0
  0
LINE
  5
53B
330
17
100
AcDbEntity
  8
A-COTA
370
13
100
AcDbLine
 10
897.0
 20
689.4800000000004
 30
0.0
 11
1013.0
 21
689.4800000000004
 31
0.0
  0
LINE
  5
53C
330
17
100
AcDbEntity
  8
A-COTA
370
13
100
AcDbLine
 10
897.0
 20
685.1800000000004
 30
0.0
 11
1013.0
 21
685.1800000000004
 31
0.0
  0
LINE
  5
53D
330
17
100
AcDbEntity
  8
A-COTA
370
13
100
AcDbLine
 10
897.0
 20
680.8800000000003
 30
0.0
 11
1013.0
 21
680.8800000000003
 31
0.0
  0
LINE
  5
53E
330
17
100
AcDbEntity
  8
A-COTA
370
13
100
AcDbLine
 10
897.0
 20
676.5800000000004
 30
0.0
 11
1013.0
 21
676.5800000000004
 31
0.0
  0
LINE
  5
53F
330
17
100
AcDbEntity
  8
A-COTA
370
13
100
AcDbLine
 10
897.0
 20
672.2800000000004
 30
0.0
 11
1013.0
 21
672.2800000000004
 31
0.0
  0
LINE
  5
540
330
17
100
AcDbEntity
  8
A-COTA
370
13
100
AcDbLine
 10
897.0
 20
667.9800000000004
 30
0.0
 11
1013.0
 21
667.9800000000004
 31
0.0
  0
LINE
  5
541
330
17
100
AcDbEntity
  8
A-COTA
370
13
100
AcDbLine
 10
961.0
 20
719.5800000000004
 30
0.0
 11
961.0
 21
663.6800000000004
 31
0.0
  0
LINE
  5
542
330
17
100
AcDbEntity
  8
A-COTA
370
13
100
AcDbLine
 10
987.0
 20
719.5800000000004
 30
0.0
 11
987.0
 21
663.6800000000004
 31
0.0
  0
TEXT
  5
543
330
17
100
AcDbEntity
  8
A-TEXTO
100
AcDbText
 10
897.8
 20
717.4300000000004
 30
0.0
 40
2.1
  1
Hilo (grupo de puestos)
  7
ISO3098
 11
897.8
 21
717.4300000000004
 31
0.0
100
AcDbText
 73
2
  0
TEXT
  5
544
330
17
100
AcDbEntity
  8
A-TEXTO
100
AcDbText
 10
974.0
 20
717.4300000000004
 30
0.0
 40
2.1
  1
Desde PP-1 (m)
  7
ISO3098
 72
1
 11
974.0
 21
717.4300000000004
 31
0.0
100
AcDbText
 73
2
  0
TEXT
  5
545
330
17
100
AcDbEntity
  8
A-TEXTO
100
AcDbText
 10
1000.0
 20
717.4300000000004
 30
0.0
 40
2.1
  1
A sanitario (m)
  7
ISO3098
 72
1
 11
1000.0
 21
717.4300000000004
 31
0.0
100
AcDbText
 73
2
  0
TEXT
  5
546
330
17
100
AcDbEntity
  8
A-TEXTO
100
AcDbText
 10
897.8
 20
713.1300000000003
 30
0.0
 40
2.1
  1
Línea de carros
  7
ISO3098
 11
897.8
 21
713.1300000000003
 31
0.0
100
AcDbText
 73
2
  0
TEXT
  5
547
330
17
100
AcDbEntity
  8
A-TEXTO
100
AcDbText
 10
974.0
 20
713.1300000000003
 30
0.0
 40
2.1
  1
52
  7
ISO3098
 72
1
 11
974.0
 21
713.1300000000003
 31
0.0
100
AcDbText
 73
2
  0
TEXT
  5
548
330
17
100
AcDbEntity
  8
A-TEXTO
100
AcDbText
 10
1000.0
 20
713.1300000000003
 30
0.0
 40
2.1
  1
49
  7
ISO3098
 72
1
 11
1000.0
 21
713.1300000000003
 31
0.0
100
AcDbText
 73
2
  0
TEXT
  5
549
330
17
100
AcDbEntity
  8
A-TEXTO
100
AcDbText
 10
897.8
 20
708.8300000000004
 30
0.0
 40
2.1
  1
Corte y control de recepción
  7
ISO3098
 11
897.8
 21
708.8300000000004
 31
0.0
100
AcDbText
 73
2
  0
TEXT
  5
54A
330
17
100
AcDbEntity
  8
A-TEXTO
100
AcDbText
 10
974.0
 20
708.8300000000004
 30
0.0
 40
2.1
  1
57
  7
ISO3098
 72
1
 11
974.0
 21
708.8300000000004
 31
0.0
100
AcDbText
 73
2
  0
TEXT
  5
54B
330
17
100
AcDbEntity
  8
A-TEXTO
100
AcDbText
 10
1000.0
 20
708.8300000000004
 30
0.0
 40
2.1
  1
52
  7
ISO3098
 72
1
 11
1000.0
 21
708.8300000000004
 31
0.0
100
AcDbText
 73
2
  0
TEXT
  5
54C
330
17
100
AcDbEntity
  8
A-TEXTO
100
AcDbText
 10
897.8
 20
704.5300000000004
 30
0.0
 40
2.1
  1
Prensa y cuellos
  7
ISO3098
 11
897.8
 21
704.5300000000004
 31
0.0
100
AcDbText
 73
2
  0
TEXT
  5
54D
330
17
100
AcDbEntity
  8
A-TEXTO
100
AcDbText
 10
974.0
 20
704.5300000000004
 30
0.0
 40
2.1
  1
28
  7
ISO3098
 72
1
 11
974.0
 21
704.5300000000004
 31
0.0
100
AcDbText
 73
2
  0
TEXT
  5
54E
330
17
100
AcDbEntity
  8
A-TEXTO
100
AcDbText
 10
1000.0
 20
704.5300000000004
 30
0.0
 40
2.1
  1
60
  7
ISO3098
 72
1
 11
1000.0
 21
704.5300000000004
 31
0.0
100
AcDbText
 73
2
  0
TEXT
  5
54F
330
17
100
AcDbEntity
  8
A-TEXTO
100
AcDbText
 10
897.8
 20
700.2300000000004
 30
0.0
 40
2.1
  1
Celda 1 kg
  7
ISO3098
 11
897.8
 21
700.2300000000004
 31
0.0
100
AcDbText
 73
2
  0
TEXT
  5
550
330
17
100
AcDbEntity
  8
A-TEXTO
100
AcDbText
 10
974.0
 20
700.2300000000004
 30
0.0
 40
2.1
  1
36
  7
ISO3098
 72
1
 11
974.0
 21
700.2300000000004
 31
0.0
100
AcDbText
 73
2
  0
TEXT
  5
551
330
17
100
AcDbEntity
  8
A-TEXTO
100
AcDbText
 10
1000.0
 20
700.2300000000004
 30
0.0
 40
2.1
  1
37
  7
ISO3098
 72
1
 11
1000.0
 21
700.2300000000004
 31
0.0
100
AcDbText
 73
2
  0
TEXT
  5
552
330
17
100
AcDbEntity
  8
A-TEXTO
100
AcDbText
 10
897.8
 20
695.9300000000004
 30
0.0
 40
2.1
  1
Celda 1 kg y 2,5-10 kg
  7
ISO3098
 11
897.8
 21
695.9300000000004
 31
0.0
100
AcDbText
 73
2
  0
TEXT
  5
553
330
17
100
AcDbEntity
  8
A-TEXTO
100
AcDbText
 10
974.0
 20
695.9300000000004
 30
0.0
 40
2.1
  1
28
  7
ISO3098
 72
1
 11
974.0
 21
695.9300000000004
 31
0.0
100
AcDbText
 73
2
  0
TEXT
  5
554
330
17
100
AcDbEntity
  8
A-TEXTO
100
AcDbText
 10
1000.0
 20
695.9300000000004
 30
0.0
 40
2.1
  1
28
  7
ISO3098
 72
1
 11
1000.0
 21
695.9300000000004
 31
0.0
100
AcDbText
 73
2
  0
TEXT
  5
555
330
17
100
AcDbEntity
  8
A-TEXTO
100
AcDbText
 10
897.8
 20
691.6300000000003
 30
0.0
 40
2.1
  1
PH 2,5-10 kg
  7
ISO3098
 11
897.8
 21
691.6300000000003
 31
0.0
100
AcDbText
 73
2
  0
TEXT
  5
556
330
17
100
AcDbEntity
  8
A-TEXTO
100
AcDbText
 10
974.0
 20
691.6300000000003
 30
0.0
 40
2.1
  1
15
  7
ISO3098
 72
1
 11
974.0
 21
691.6300000000003
 31
0.0
100
AcDbText
 73
2
  0
TEXT
  5
557
330
17
100
AcDbEntity
  8
A-TEXTO
100
AcDbText
 10
1000.0
 20
691.6300000000003
 30
0.0
 40
2.1
  1
19
  7
ISO3098
 72
1
 11
1000.0
 21
691.6300000000003
 31
0.0
100
AcDbText
 73
2
  0
TEXT
  5
558
330
17
100
AcDbEntity
  8
A-TEXTO
100
AcDbText
 10
897.8
 20
687.3300000000004
 30
0.0
 40
2.1
  1
Celda 2,5-10 kg y pintura
  7
ISO3098
 11
897.8
 21
687.3300000000004
 31
0.0
100
AcDbText
 73
2
  0
TEXT
  5
559
330
17
100
AcDbEntity
  8
A-TEXTO
100
AcDbText
 10
974.0
 20
687.3300000000004
 30
0.0
 40
2.1
  1
38
  7
ISO3098
 72
1
 11
974.0
 21
687.3300000000004
 31
0.0
100
AcDbText
 73
2
  0
TEXT
  5
55A
330
17
100
AcDbEntity
  8
A-TEXTO
100
AcDbText
 10
1000.0
 20
687.3300000000004
 30
0.0
 40
2.1
  1
29
  7
ISO3098
 72
1
 11
1000.0
 21
687.3300000000004
 31
0.0
100
AcDbText
 73
2
  0
TEXT
  5
55B
330
17
100
AcDbEntity
  8
A-TEXTO
100
AcDbText
 10
897.8
 20
683.0300000000004
 30
0.0
 40
2.1
  1
Cabina de pintura
  7
ISO3098
 11
897.8
 21
683.0300000000004
 31
0.0
100
AcDbText
 73
2
  0
TEXT
  5
55C
330
17
100
AcDbEntity
  8
A-TEXTO
100
AcDbText
 10
974.0
 20
683.0300000000004
 30
0.0
 40
2.1
  1
10
  7
ISO3098
 72
1
 11
974.0
 21
683.0300000000004
 31
0.0
100
AcDbText
 73
2
  0
TEXT
  5
55D
330
17
100
AcDbEntity
  8
A-TEXTO
100
AcDbText
 10
1000.0
 20
683.0300000000004
 30
0.0
 40
2.1
  1
6
  7
ISO3098
 72
1
 11
1000.0
 21
683.0300000000004
 31
0.0
100
AcDbText
 73
2
  0
TEXT
  5
55E
330
17
100
AcDbEntity
  8
A-TEXTO
100
AcDbText
 10
897.8
 20
678.7300000000004
 30
0.0
 40
2.1
  1
Descarga de pintura y terminación
  7
ISO3098
 11
897.8
 21
678.7300000000004
 31
0.0
100
AcDbText
 73
2
  0
TEXT
  5
55F
330
17
100
AcDbEntity
  8
A-TEXTO
100
AcDbText
 10
974.0
 20
678.7300000000004
 30
0.0
 40
2.1
  1
61
  7
ISO3098
 72
1
 11
974.0
 21
678.7300000000004
 31
0.0
100
AcDbText
 73
2
  0
TEXT
  5
560
330
17
100
AcDbEntity
  8
A-TEXTO
100
AcDbText
 10
1000.0
 20
678.7300000000004
 30
0.0
 40
2.1
  1
53
  7
ISO3098
 72
1
 11
1000.0
 21
678.7300000000004
 31
0.0
100
AcDbText
 73
2
  0
TEXT
  5
561
330
17
100
AcDbEntity
  8
A-TEXTO
100
AcDbText
 10
897.8
 20
674.4300000000004
 30
0.0
 40
2.1
  1
Terminación de carros
  7
ISO3098
 11
897.8
 21
674.4300000000004
 31
0.0
100
AcDbText
 73
2
  0
TEXT
  5
562
330
17
100
AcDbEntity
  8
A-TEXTO
100
AcDbText
 10
974.0
 20
674.4300000000004
 30
0.0
 40
2.1
  1
17
  7
ISO3098
 72
1
 11
974.0
 21
674.4300000000004
 31
0.0
100
AcDbText
 73
2
  0
TEXT
  5
563
330
17
100
AcDbEntity
  8
A-TEXTO
100
AcDbText
 10
1000.0
 20
674.4300000000004
 30
0.0
 40
2.1
  1
29
  7
ISO3098
 72
1
 11
1000.0
 21
674.4300000000004
 31
0.0
100
AcDbText
 73
2
  0
TEXT
  5
564
330
17
100
AcDbEntity
  8
A-TEXTO
100
AcDbText
 10
897.8
 20
670.1300000000003
 30
0.0
 40
2.1
  1
Calidad, mantenimiento y supervisión
  7
ISO3098
 11
897.8
 21
670.1300000000003
 31
0.0
100
AcDbText
 73
2
  0
TEXT
  5
565
330
17
100
AcDbEntity
  8
A-TEXTO
100
AcDbText
 10
974.0
 20
670.1300000000003
 30
0.0
 40
2.1
  1
20
  7
ISO3098
 72
1
 11
974.0
 21
670.1300000000003
 31
0.0
100
AcDbText
 73
2
  0
TEXT
  5
566
330
17
100
AcDbEntity
  8
A-TEXTO
100
AcDbText
 10
1000.0
 20
670.1300000000003
 30
0.0
 40
2.1
  1
9
  7
ISO3098
 72
1
 11
1000.0
 21
670.1300000000003
 31
0.0
100
AcDbText
 73
2
  0
TEXT
  5
567
330
17
100
AcDbEntity
  8
A-TEXTO
100
AcDbText
 10
897.8
 20
665.8300000000004
 30
0.0
 40
2.1
  1
Almacén de PT y expedición
  7
ISO3098
 11
897.8
 21
665.8300000000004
 31
0.0
100
AcDbText
 73
2
  0
TEXT
  5
568
330
17
100
AcDbEntity
  8
A-TEXTO
100
AcDbText
 10
974.0
 20
665.8300000000004
 30
0.0
 40
2.1
  1
42
  7
ISO3098
 72
1
 11
974.0
 21
665.8300000000004
 31
0.0
100
AcDbText
 73
2
  0
TEXT
  5
569
330
17
100
AcDbEntity
  8
A-TEXTO
100
AcDbText
 10
1000.0
 20
665.8300000000004
 30
0.0
 40
2.1
  1
56
  7
ISO3098
 72
1
 11
1000.0
 21
665.8300000000004
 31
0.0
100
AcDbText
 73
2
  0
TEXT
  5
56A
330
17
100
AcDbEntity
  8
A-TEXTO
100
AcDbText
 10
1023.0
 20
721.0800000000004
 30
0.0
 40
3.0
  1
Puestos con operario en la nave
  7
ISO3098
 11
1023.0
 21
721.0800000000004
 31
0.0
100
AcDbText
 73
1
  0
LWPOLYLINE
  5
56B
330
17
100
AcDbEntity
  8
A-COTA
370
35
100
AcDbPolyline
 90
4
 70
1
 10
1023.0
 20
719.5800000000004
 10
1145.0
 20
719.5800000000004
 10
1145.0
 20
663.5800000000004
 10
1023.0
 20
663.5800000000004
  0
LINE
  5
56C
330
17
100
AcDbEntity
  8
A-COTA
370
35
100
AcDbLine
 10
1023.0
 20
715.5800000000004
 30
0.0
 11
1145.0
 21
715.5800000000004
 31
0.0
  0
LINE
  5
56D
330
17
100
AcDbEntity
  8
A-COTA
370
13
100
AcDbLine
 10
1023.0
 20
711.5800000000004
 30
0.0
 11
1145.0
 21
711.5800000000004
 31
0.0
  0
LINE
  5
56E
330
17
100
AcDbEntity
  8
A-COTA
370
13
100
AcDbLine
 10
1023.0
 20
707.5800000000004
 30
0.0
 11
1145.0
 21
707.5800000000004
 31
0.0
  0
LINE
  5
56F
330
17
100
AcDbEntity
  8
A-COTA
370
13
100
AcDbLine
 10
1023.0
 20
703.5800000000004
 30
0.0
 11
1145.0
 21
703.5800000000004
 31
0.0
  0
LINE
  5
570
330
17
100
AcDbEntity
  8
A-COTA
370
13
100
AcDbLine
 10
1023.0
 20
699.5800000000004
 30
0.0
 11
1145.0
 21
699.5800000000004
 31
0.0
  0
LINE
  5
571
330
17
100
AcDbEntity
  8
A-COTA
370
13
100
AcDbLine
 10
1023.0
 20
695.5800000000004
 30
0.0
 11
1145.0
 21
695.5800000000004
 31
0.0
  0
LINE
  5
572
330
17
100
AcDbEntity
  8
A-COTA
370
13
100
AcDbLine
 10
1023.0
 20
691.5800000000004
 30
0.0
 11
1145.0
 21
691.5800000000004
 31
0.0
  0
LINE
  5
573
330
17
100
AcDbEntity
  8
A-COTA
370
13
100
AcDbLine
 10
1023.0
 20
687.5800000000004
 30
0.0
 11
1145.0
 21
687.5800000000004
 31
0.0
  0
LINE
  5
574
330
17
100
AcDbEntity
  8
A-COTA
370
13
100
AcDbLine
 10
1023.0
 20
683.5800000000004
 30
0.0
 11
1145.0
 21
683.5800000000004
 31
0.0
  0
LINE
  5
575
330
17
100
AcDbEntity
  8
A-COTA
370
13
100
AcDbLine
 10
1023.0
 20
679.5800000000004
 30
0.0
 11
1145.0
 21
679.5800000000004
 31
0.0
  0
LINE
  5
576
330
17
100
AcDbEntity
  8
A-COTA
370
13
100
AcDbLine
 10
1023.0
 20
675.5800000000004
 30
0.0
 11
1145.0
 21
675.5800000000004
 31
0.0
  0
LINE
  5
577
330
17
100
AcDbEntity
  8
A-COTA
370
13
100
AcDbLine
 10
1023.0
 20
671.5800000000004
 30
0.0
 11
1145.0
 21
671.5800000000004
 31
0.0
  0
LINE
  5
578
330
17
100
AcDbEntity
  8
A-COTA
370
13
100
AcDbLine
 10
1023.0
 20
667.5800000000004
 30
0.0
 11
1145.0
 21
667.5800000000004
 31
0.0
  0
LINE
  5
579
330
17
100
AcDbEntity
  8
A-COTA
370
13
100
AcDbLine
 10
1111.0
 20
719.5800000000004
 30
0.0
 11
1111.0
 21
663.5800000000004
 31
0.0
  0
LINE
  5
57A
330
17
100
AcDbEntity
  8
A-COTA
370
13
100
AcDbLine
 10
1127.0
 20
719.5800000000004
 30
0.0
 11
1127.0
 21
663.5800000000004
 31
0.0
  0
TEXT
  5
57B
330
17
100
AcDbEntity
  8
A-TEXTO
100
AcDbText
 10
1023.8
 20
717.5800000000004
 30
0.0
 40
2.0
  1
Sector
  7
ISO3098
 11
1023.8
 21
717.5800000000004
 31
0.0
100
AcDbText
 73
2
  0
TEXT
  5
57C
330
17
100
AcDbEntity
  8
A-TEXTO
100
AcDbText
 10
1119.0
 20
717.5800000000004
 30
0.0
 40
2.0
  1
Puestos
  7
ISO3098
 72
1
 11
1119.0
 21
717.5800000000004
 31
0.0
100
AcDbText
 73
2
  0
TEXT
  5
57D
330
17
100
AcDbEntity
  8
A-TEXTO
100
AcDbText
 10
1136.0
 20
717.5800000000004
 30
0.0
 40
2.0
  1
Operarios
  7
ISO3098
 72
1
 11
1136.0
 21
717.5800000000004
 31
0.0
100
AcDbText
 73
2
  0
TEXT
  5
57E
330
17
100
AcDbEntity
  8
A-TEXTO
100
AcDbText
 10
1023.8
 20
713.5800000000004
 30
0.0
 40
2.0
  1
MQ-G Corte de cuerpos (guillotina)
  7
ISO3098
 11
1023.8
 21
713.5800000000004
 31
0.0
100
AcDbText
 73
2
  0
TEXT
  5
57F
330
17
100
AcDbEntity
  8
A-TEXTO
100
AcDbText
 10
1119.0
 20
713.5800000000004
 30
0.0
 40
2.0
  1
1
  7
ISO3098
 72
1
 11
1119.0
 21
713.5800000000004
 31
0.0
100
AcDbText
 73
2
  0
TEXT
  5
580
330
17
100
AcDbEntity
  8
A-TEXTO
100
AcDbText
 10
1136.0
 20
713.5800000000004
 30
0.0
 40
2.0
  1
1
  7
ISO3098
 72
1
 11
1136.0
 21
713.5800000000004
 31
0.0
100
AcDbText
 73
2
  0
TEXT
  5
581
330
17
100
AcDbEntity
  8
A-TEXTO
100
AcDbText
 10
1023.8
 20
709.5800000000004
 30
0.0
 40
2.0
  1
MQ-T Corte de caño 1 kg
  7
ISO3098
 11
1023.8
 21
709.5800000000004
 31
0.0
100
AcDbText
 73
2
  0
TEXT
  5
582
330
17
100
AcDbEntity
  8
A-TEXTO
100
AcDbText
 10
1119.0
 20
709.5800000000004
 30
0.0
 40
2.0
  1
1
  7
ISO3098
 72
1
 11
1119.0
 21
709.5800000000004
 31
0.0
100
AcDbText
 73
2
  0
TEXT
  5
583
330
17
100
AcDbEntity
  8
A-TEXTO
100
AcDbText
 10
1136.0
 20
709.5800000000004
 30
0.0
 40
2.0
  1
1
  7
ISO3098
 72
1
 11
1136.0
 21
709.5800000000004
 31
0.0
100
AcDbText
 73
2
  0
TEXT
  5
584
330
17
100
AcDbEntity
  8
A-TEXTO
100
AcDbText
 10
1023.8
 20
705.5800000000004
 30
0.0
 40
2.0
  1
OP-MP Control de recepción y puestos del sector MP
  7
ISO3098
 11
1023.8
 21
705.5800000000004
 31
0.0
100
AcDbText
 73
2
  0
TEXT
  5
585
330
17
100
AcDbEntity
  8
A-TEXTO
100
AcDbText
 10
1119.0
 20
705.5800000000004
 30
0.0
 40
2.0
  1
1
  7
ISO3098
 72
1
 11
1119.0
 21
705.5800000000004
 31
0.0
100
AcDbText
 73
2
  0
TEXT
  5
586
330
17
100
AcDbEntity
  8
A-TEXTO
100
AcDbText
 10
1136.0
 20
705.5800000000004
 30
0.0
 40
2.0
  1
1
  7
ISO3098
 72
1
 11
1136.0
 21
705.5800000000004
 31
0.0
100
AcDbText
 73
2
  0
TEXT
  5
587
330
17
100
AcDbEntity
  8
A-TEXTO
100
AcDbText
 10
1023.8
 20
701.5800000000004
 30
0.0
 40
2.0
  1
MQ-K Cúpulas, fondos y cuellos
  7
ISO3098
 11
1023.8
 21
701.5800000000004
 31
0.0
100
AcDbText
 73
2
  0
TEXT
  5
588
330
17
100
AcDbEntity
  8
A-TEXTO
100
AcDbText
 10
1119.0
 20
701.5800000000004
 30
0.0
 40
2.0
  1
3
  7
ISO3098
 72
1
 11
1119.0
 21
701.5800000000004
 31
0.0
100
AcDbText
 73
2
  0
TEXT
  5
589
330
17
100
AcDbEntity
  8
A-TEXTO
100
AcDbText
 10
1136.0
 20
701.5800000000004
 30
0.0
 40
2.0
  1
3
  7
ISO3098
 72
1
 11
1136.0
 21
701.5800000000004
 31
0.0
100
AcDbText
 73
2
  0
TEXT
  5
58A
330
17
100
AcDbEntity
  8
A-TEXTO
100
AcDbText
 10
1023.8
 20
697.5800000000004
 30
0.0
 40
2.0
  1
S3 Línea de carros 25-100 kg
  7
ISO3098
 11
1023.8
 21
697.5800000000004
 31
0.0
100
AcDbText
 73
2
  0
TEXT
  5
58B
330
17
100
AcDbEntity
  8
A-TEXTO
100
AcDbText
 10
1119.0
 20
697.5800000000004
 30
0.0
 40
2.0
  1
7
  7
ISO3098
 72
1
 11
1119.0
 21
697.5800000000004
 31
0.0
100
AcDbText
 73
2
  0
TEXT
  5
58C
330
17
100
AcDbEntity
  8
A-TEXTO
100
AcDbText
 10
1136.0
 20
697.5800000000004
 30
0.0
 40
2.0
  1
7
  7
ISO3098
 72
1
 11
1136.0
 21
697.5800000000004
 31
0.0
100
AcDbText
 73
2
  0
TEXT
  5
58D
330
17
100
AcDbEntity
  8
A-TEXTO
100
AcDbText
 10
1023.8
 20
693.5800000000004
 30
0.0
 40
2.0
  1
S1 Celda 1 kg
  7
ISO3098
 11
1023.8
 21
693.5800000000004
 31
0.0
100
AcDbText
 73
2
  0
TEXT
  5
58E
330
17
100
AcDbEntity
  8
A-TEXTO
100
AcDbText
 10
1119.0
 20
693.5800000000004
 30
0.0
 40
2.0
  1
5
  7
ISO3098
 72
1
 11
1119.0
 21
693.5800000000004
 31
0.0
100
AcDbText
 73
2
  0
TEXT
  5
58F
330
17
100
AcDbEntity
  8
A-TEXTO
100
AcDbText
 10
1136.0
 20
693.5800000000004
 30
0.0
 40
2.0
  1
5
  7
ISO3098
 72
1
 11
1136.0
 21
693.5800000000004
 31
0.0
100
AcDbText
 73
2
  0
TEXT
  5
590
330
17
100
AcDbEntity
  8
A-TEXTO
100
AcDbText
 10
1023.8
 20
689.5800000000004
 30
0.0
 40
2.0
  1
S2 Celda 2,5-10 kg
  7
ISO3098
 11
1023.8
 21
689.5800000000004
 31
0.0
100
AcDbText
 73
2
  0
TEXT
  5
591
330
17
100
AcDbEntity
  8
A-TEXTO
100
AcDbText
 10
1119.0
 20
689.5800000000004
 30
0.0
 40
2.0
  1
10
  7
ISO3098
 72
1
 11
1119.0
 21
689.5800000000004
 31
0.0
100
AcDbText
 73
2
  0
TEXT
  5
592
330
17
100
AcDbEntity
  8
A-TEXTO
100
AcDbText
 10
1136.0
 20
689.5800000000004
 30
0.0
 40
2.0
  1
10
  7
ISO3098
 72
1
 11
1136.0
 21
689.5800000000004
 31
0.0
100
AcDbText
 73
2
  0
TEXT
  5
593
330
17
100
AcDbEntity
  8
A-TEXTO
100
AcDbText
 10
1023.8
 20
685.5800000000004
 30
0.0
 40
2.0
  1
S-P Pintura en polvo 1-10 kg
  7
ISO3098
 11
1023.8
 21
685.5800000000004
 31
0.0
100
AcDbText
 73
2
  0
TEXT
  5
594
330
17
100
AcDbEntity
  8
A-TEXTO
100
AcDbText
 10
1119.0
 20
685.5800000000004
 30
0.0
 40
2.0
  1
3
  7
ISO3098
 72
1
 11
1119.0
 21
685.5800000000004
 31
0.0
100
AcDbText
 73
2
  0
TEXT
  5
595
330
17
100
AcDbEntity
  8
A-TEXTO
100
AcDbText
 10
1136.0
 20
685.5800000000004
 30
0.0
 40
2.0
  1
4
  7
ISO3098
 72
1
 11
1136.0
 21
685.5800000000004
 31
0.0
100
AcDbText
 73
2
  0
TEXT
  5
596
330
17
100
AcDbEntity
  8
A-TEXTO
100
AcDbText
 10
1023.8
 20
681.5800000000004
 30
0.0
 40
2.0
  1
SP-1 Sala de carga de polvo 1-10 kg
  7
ISO3098
 11
1023.8
 21
681.5800000000004
 31
0.0
100
AcDbText
 73
2
  0
TEXT
  5
597
330
17
100
AcDbEntity
  8
A-TEXTO
100
AcDbText
 10
1119.0
 20
681.5800000000004
 30
0.0
 40
2.0
  1
1
  7
ISO3098
 72
1
 11
1119.0
 21
681.5800000000004
 31
0.0
100
AcDbText
 73
2
  0
TEXT
  5
598
330
17
100
AcDbEntity
  8
A-TEXTO
100
AcDbText
 10
1136.0
 20
681.5800000000004
 30
0.0
 40
2.0
  1
1
  7
ISO3098
 72
1
 11
1136.0
 21
681.5800000000004
 31
0.0
100
AcDbText
 73
2
  0
TEXT
  5
599
330
17
100
AcDbEntity
  8
A-TEXTO
100
AcDbText
 10
1023.8
 20
677.5800000000004
 30
0.0
 40
2.0
  1
S-T Terminación 1-10 kg
  7
ISO3098
 11
1023.8
 21
677.5800000000004
 31
0.0
100
AcDbText
 73
2
  0
TEXT
  5
59A
330
17
100
AcDbEntity
  8
A-TEXTO
100
AcDbText
 10
1119.0
 20
677.5800000000004
 30
0.0
 40
2.0
  1
7
  7
ISO3098
 72
1
 11
1119.0
 21
677.5800000000004
 31
0.0
100
AcDbText
 73
2
  0
TEXT
  5
59B
330
17
100
AcDbEntity
  8
A-TEXTO
100
AcDbText
 10
1136.0
 20
677.5800000000004
 30
0.0
 40
2.0
  1
7
  7
ISO3098
 72
1
 11
1136.0
 21
677.5800000000004
 31
0.0
100
AcDbText
 73
2
  0
TEXT
  5
59C
330
17
100
AcDbEntity
  8
A-TEXTO
100
AcDbText
 10
1023.8
 20
673.5800000000004
 30
0.0
 40
2.0
  1
SP-2 Sala de carga de polvo de carros
  7
ISO3098
 11
1023.8
 21
673.5800000000004
 31
0.0
100
AcDbText
 73
2
  0
TEXT
  5
59D
330
17
100
AcDbEntity
  8
A-TEXTO
100
AcDbText
 10
1119.0
 20
673.5800000000004
 30
0.0
 40
2.0
  1
1
  7
ISO3098
 72
1
 11
1119.0
 21
673.5800000000004
 31
0.0
100
AcDbText
 73
2
  0
TEXT
  5
59E
330
17
100
AcDbEntity
  8
A-TEXTO
100
AcDbText
 10
1136.0
 20
673.5800000000004
 30
0.0
 40
2.0
  1
1
  7
ISO3098
 72
1
 11
1136.0
 21
673.5800000000004
 31
0.0
100
AcDbText
 73
2
  0
TEXT
  5
59F
330
17
100
AcDbEntity
  8
A-TEXTO
100
AcDbText
 10
1023.8
 20
669.5800000000004
 30
0.0
 40
2.0
  1
S-TC Terminación de carros
  7
ISO3098
 11
1023.8
 21
669.5800000000004
 31
0.0
100
AcDbText
 73
2
  0
TEXT
  5
5A0
330
17
100
AcDbEntity
  8
A-TEXTO
100
AcDbText
 10
1119.0
 20
669.5800000000004
 30
0.0
 40
2.0
  1
2
  7
ISO3098
 72
1
 11
1119.0
 21
669.5800000000004
 31
0.0
100
AcDbText
 73
2
  0
TEXT
  5
5A1
330
17
100
AcDbEntity
  8
A-TEXTO
100
AcDbText
 10
1136.0
 20
669.5800000000004
 30
0.0
 40
2.0
  1
2
  7
ISO3098
 72
1
 11
1136.0
 21
669.5800000000004
 31
0.0
100
AcDbText
 73
2
  0
TEXT
  5
5A2
330
17
100
AcDbEntity
  8
A-TEXTO
100
AcDbText
 10
1023.8
 20
665.5800000000004
 30
0.0
 40
2.0
  1
Total de puestos (la DT, con coef. hombre-máquina, da 30 operarios)
  7
ISO3098
 11
1023.8
 21
665.5800000000004
 31
0.0
100
AcDbText
 73
2
  0
TEXT
  5
5A3
330
17
100
AcDbEntity
  8
A-TEXTO
100
AcDbText
 10
1119.0
 20
665.5800000000004
 30
0.0
 40
2.0
  1

  7
ISO3098
 72
1
 11
1119.0
 21
665.5800000000004
 31
0.0
100
AcDbText
 73
2
  0
TEXT
  5
5A4
330
17
100
AcDbEntity
  8
A-TEXTO
100
AcDbText
 10
1136.0
 20
665.5800000000004
 30
0.0
 40
2.0
  1
43
  7
ISO3098
 72
1
 11
1136.0
 21
665.5800000000004
 31
0.0
100
AcDbText
 73
2
  0
TEXT
  5
5A5
330
17
100
AcDbEntity
  8
A-TEXTO
100
AcDbText
 10
897.0
 20
653.0800000000004
 30
0.0
 40
3.0
  1
Sanitarios (Dec. 351/79 art. 49): 55 H y 6 M en el turno más numeroso
  7
ISO3098
 11
897.0
 21
653.0800000000004
 31
0.0
100
AcDbText
 73
1
  0
LWPOLYLINE
  5
5A6
330
17
100
AcDbEntity
  8
A-COTA
370
35
100
AcDbPolyline
 90
4
 70
1
 10
897.0
 20
651.5800000000004
 10
997.0
 20
651.5800000000004
 10
997.0
 20
621.4800000000004
 10
897.0
 20
621.4800000000004
  0
LINE
  5
5A7
330
17
100
AcDbEntity
  8
A-COTA
370
35
100
AcDbLine
 10
897.0
 20
647.2800000000004
 30
0.0
 11
997.0
 21
647.2800000000004
 31
0.0
  0
LINE
  5
5A8
330
17
100
AcDbEntity
  8
A-COTA
370
13
100
AcDbLine
 10
897.0
 20
642.9800000000004
 30
0.0
 11
997.0
 21
642.9800000000004
 31
0.0
  0
LINE
  5
5A9
330
17
100
AcDbEntity
  8
A-COTA
370
13
100
AcDbLine
 10
897.0
 20
638.6800000000004
 30
0.0
 11
997.0
 21
638.6800000000004
 31
0.0
  0
LINE
  5
5AA
330
17
100
AcDbEntity
  8
A-COTA
370
13
100
AcDbLine
 10
897.0
 20
634.3800000000003
 30
0.0
 11
997.0
 21
634.3800000000003
 31
0.0
  0
LINE
  5
5AB
330
17
100
AcDbEntity
  8
A-COTA
370
13
100
AcDbLine
 10
897.0
 20
630.0800000000004
 30
0.0
 11
997.0
 21
630.0800000000004
 31
0.0
  0
LINE
  5
5AC
330
17
100
AcDbEntity
  8
A-COTA
370
13
100
AcDbLine
 10
897.0
 20
625.7800000000004
 30
0.0
 11
997.0
 21
625.7800000000004
 31
0.0
  0
LINE
  5
5AD
330
17
100
AcDbEntity
  8
A-COTA
370
13
100
AcDbLine
 10
933.0
 20
651.5800000000004
 30
0.0
 11
933.0
 21
621.4800000000004
 31
0.0
  0
LINE
  5
5AE
330
17
100
AcDbEntity
  8
A-COTA
370
13
100
AcDbLine
 10
949.0
 20
651.5800000000004
 30
0.0
 11
949.0
 21
621.4800000000004
 31
0.0
  0
LINE
  5
5AF
330
17
100
AcDbEntity
  8
A-COTA
370
13
100
AcDbLine
 10
965.0
 20
651.5800000000004
 30
0.0
 11
965.0
 21
621.4800000000004
 31
0.0
  0
LINE
  5
5B0
330
17
100
AcDbEntity
  8
A-COTA
370
13
100
AcDbLine
 10
981.0
 20
651.5800000000004
 30
0.0
 11
981.0
 21
621.4800000000004
 31
0.0
  0
TEXT
  5
5B1
330
17
100
AcDbEntity
  8
A-TEXTO
100
AcDbText
 10
897.8
 20
649.4300000000004
 30
0.0
 40
2.1
  1
Artefacto
  7
ISO3098
 11
897.8
 21
649.4300000000004
 31
0.0
100
AcDbText
 73
2
  0
TEXT
  5
5B2
330
17
100
AcDbEntity
  8
A-TEXTO
100
AcDbText
 10
941.0
 20
649.4300000000004
 30
0.0
 40
2.1
  1
H req.
  7
ISO3098
 72
1
 11
941.0
 21
649.4300000000004
 31
0.0
100
AcDbText
 73
2
  0
TEXT
  5
5B3
330
17
100
AcDbEntity
  8
A-TEXTO
100
AcDbText
 10
957.0
 20
649.4300000000004
 30
0.0
 40
2.1
  1
H proy.
  7
ISO3098
 72
1
 11
957.0
 21
649.4300000000004
 31
0.0
100
AcDbText
 73
2
  0
TEXT
  5
5B4
330
17
100
AcDbEntity
  8
A-TEXTO
100
AcDbText
 10
973.0
 20
649.4300000000004
 30
0.0
 40
2.1
  1
M req.
  7
ISO3098
 72
1
 11
973.0
 21
649.4300000000004
 31
0.0
100
AcDbText
 73
2
  0
TEXT
  5
5B5
330
17
100
AcDbEntity
  8
A-TEXTO
100
AcDbText
 10
989.0
 20
649.4300000000004
 30
0.0
 40
2.1
  1
M proy.
  7
ISO3098
 72
1
 11
989.0
 21
649.4300000000004
 31
0.0
100
AcDbText
 73
2
  0
TEXT
  5
5B6
330
17
100
AcDbEntity
  8
A-TEXTO
100
AcDbText
 10
897.8
 20
645.1300000000003
 30
0.0
 40
2.1
  1
Inodoros
  7
ISO3098
 11
897.8
 21
645.1300000000003
 31
0.0
100
AcDbText
 73
2
  0
TEXT
  5
5B7
330
17
100
AcDbEntity
  8
A-TEXTO
100
AcDbText
 10
941.0
 20
645.1300000000003
 30
0.0
 40
2.1
  1
3
  7
ISO3098
 72
1
 11
941.0
 21
645.1300000000003
 31
0.0
100
AcDbText
 73
2
  0
TEXT
  5
5B8
330
17
100
AcDbEntity
  8
A-TEXTO
100
AcDbText
 10
957.0
 20
645.1300000000003
 30
0.0
 40
2.1
  1
5
  7
ISO3098
 72
1
 11
957.0
 21
645.1300000000003
 31
0.0
100
AcDbText
 73
2
  0
TEXT
  5
5B9
330
17
100
AcDbEntity
  8
A-TEXTO
100
AcDbText
 10
973.0
 20
645.1300000000003
 30
0.0
 40
2.1
  1
1
  7
ISO3098
 72
1
 11
973.0
 21
645.1300000000003
 31
0.0
100
AcDbText
 73
2
  0
TEXT
  5
5BA
330
17
100
AcDbEntity
  8
A-TEXTO
100
AcDbText
 10
989.0
 20
645.1300000000003
 30
0.0
 40
2.1
  1
3
  7
ISO3098
 72
1
 11
989.0
 21
645.1300000000003
 31
0.0
100
AcDbText
 73
2
  0
TEXT
  5
5BB
330
17
100
AcDbEntity
  8
A-TEXTO
100
AcDbText
 10
897.8
 20
640.8300000000004
 30
0.0
 40
2.1
  1
Lavabos
  7
ISO3098
 11
897.8
 21
640.8300000000004
 31
0.0
100
AcDbText
 73
2
  0
TEXT
  5
5BC
330
17
100
AcDbEntity
  8
A-TEXTO
100
AcDbText
 10
941.0
 20
640.8300000000004
 30
0.0
 40
2.1
  1
6
  7
ISO3098
 72
1
 11
941.0
 21
640.8300000000004
 31
0.0
100
AcDbText
 73
2
  0
TEXT
  5
5BD
330
17
100
AcDbEntity
  8
A-TEXTO
100
AcDbText
 10
957.0
 20
640.8300000000004
 30
0.0
 40
2.1
  1
8
  7
ISO3098
 72
1
 11
957.0
 21
640.8300000000004
 31
0.0
100
AcDbText
 73
2
  0
TEXT
  5
5BE
330
17
100
AcDbEntity
  8
A-TEXTO
100
AcDbText
 10
973.0
 20
640.8300000000004
 30
0.0
 40
2.1
  1
1
  7
ISO3098
 72
1
 11
973.0
 21
640.8300000000004
 31
0.0
100
AcDbText
 73
2
  0
TEXT
  5
5BF
330
17
100
AcDbEntity
  8
A-TEXTO
100
AcDbText
 10
989.0
 20
640.8300000000004
 30
0.0
 40
2.1
  1
3
  7
ISO3098
 72
1
 11
989.0
 21
640.8300000000004
 31
0.0
100
AcDbText
 73
2
  0
TEXT
  5
5C0
330
17
100
AcDbEntity
  8
A-TEXTO
100
AcDbText
 10
897.8
 20
636.5300000000004
 30
0.0
 40
2.1
  1
Orinales
  7
ISO3098
 11
897.8
 21
636.5300000000004
 31
0.0
100
AcDbText
 73
2
  0
TEXT
  5
5C1
330
17
100
AcDbEntity
  8
A-TEXTO
100
AcDbText
 10
941.0
 20
636.5300000000004
 30
0.0
 40
2.1
  1
6
  7
ISO3098
 72
1
 11
941.0
 21
636.5300000000004
 31
0.0
100
AcDbText
 73
2
  0
TEXT
  5
5C2
330
17
100
AcDbEntity
  8
A-TEXTO
100
AcDbText
 10
957.0
 20
636.5300000000004
 30
0.0
 40
2.1
  1
8
  7
ISO3098
 72
1
 11
957.0
 21
636.5300000000004
 31
0.0
100
AcDbText
 73
2
  0
TEXT
  5
5C3
330
17
100
AcDbEntity
  8
A-TEXTO
100
AcDbText
 10
973.0
 20
636.5300000000004
 30
0.0
 40
2.1
  1
0
  7
ISO3098
 72
1
 11
973.0
 21
636.5300000000004
 31
0.0
100
AcDbText
 73
2
  0
TEXT
  5
5C4
330
17
100
AcDbEntity
  8
A-TEXTO
100
AcDbText
 10
989.0
 20
636.5300000000004
 30
0.0
 40
2.1
  1
0
  7
ISO3098
 72
1
 11
989.0
 21
636.5300000000004
 31
0.0
100
AcDbText
 73
2
  0
TEXT
  5
5C5
330
17
100
AcDbEntity
  8
A-TEXTO
100
AcDbText
 10
897.8
 20
632.2300000000004
 30
0.0
 40
2.1
  1
Duchas
  7
ISO3098
 11
897.8
 21
632.2300000000004
 31
0.0
100
AcDbText
 73
2
  0
TEXT
  5
5C6
330
17
100
AcDbEntity
  8
A-TEXTO
100
AcDbText
 10
941.0
 20
632.2300000000004
 30
0.0
 40
2.1
  1
3
  7
ISO3098
 72
1
 11
941.0
 21
632.2300000000004
 31
0.0
100
AcDbText
 73
2
  0
TEXT
  5
5C7
330
17
100
AcDbEntity
  8
A-TEXTO
100
AcDbText
 10
957.0
 20
632.2300000000004
 30
0.0
 40
2.1
  1
4
  7
ISO3098
 72
1
 11
957.0
 21
632.2300000000004
 31
0.0
100
AcDbText
 73
2
  0
TEXT
  5
5C8
330
17
100
AcDbEntity
  8
A-TEXTO
100
AcDbText
 10
973.0
 20
632.2300000000004
 30
0.0
 40
2.1
  1
1
  7
ISO3098
 72
1
 11
973.0
 21
632.2300000000004
 31
0.0
100
AcDbText
 73
2
  0
TEXT
  5
5C9
330
17
100
AcDbEntity
  8
A-TEXTO
100
AcDbText
 10
989.0
 20
632.2300000000004
 30
0.0
 40
2.1
  1
2
  7
ISO3098
 72
1
 11
989.0
 21
632.2300000000004
 31
0.0
100
AcDbText
 73
2
  0
TEXT
  5
5CA
330
17
100
AcDbEntity
  8
A-TEXTO
100
AcDbText
 10
897.8
 20
627.9300000000004
 30
0.0
 40
2.1
  1
Armarios (art. 50)
  7
ISO3098
 11
897.8
 21
627.9300000000004
 31
0.0
100
AcDbText
 73
2
  0
TEXT
  5
5CB
330
17
100
AcDbEntity
  8
A-TEXTO
100
AcDbText
 10
941.0
 20
627.9300000000004
 30
0.0
 40
2.1
  1
56
  7
ISO3098
 72
1
 11
941.0
 21
627.9300000000004
 31
0.0
100
AcDbText
 73
2
  0
TEXT
  5
5CC
330
17
100
AcDbEntity
  8
A-TEXTO
100
AcDbText
 10
957.0
 20
627.9300000000004
 30
0.0
 40
2.1
  1
62
  7
ISO3098
 72
1
 11
957.0
 21
627.9300000000004
 31
0.0
100
AcDbText
 73
2
  0
TEXT
  5
5CD
330
17
100
AcDbEntity
  8
A-TEXTO
100
AcDbText
 10
973.0
 20
627.9300000000004
 30
0.0
 40
2.1
  1
7
  7
ISO3098
 72
1
 11
973.0
 21
627.9300000000004
 31
0.0
100
AcDbText
 73
2
  0
TEXT
  5
5CE
330
17
100
AcDbEntity
  8
A-TEXTO
100
AcDbText
 10
989.0
 20
627.9300000000004
 30
0.0
 40
2.1
  1
14
  7
ISO3098
 72
1
 11
989.0
 21
627.9300000000004
 31
0.0
100
AcDbText
 73
2
  0
TEXT
  5
5CF
330
17
100
AcDbEntity
  8
A-TEXTO
100
AcDbText
 10
897.8
 20
623.6300000000003
 30
0.0
 40
2.1
  1
Sanitario accesible
  7
ISO3098
 11
897.8
 21
623.6300000000003
 31
0.0
100
AcDbText
 73
2
  0
TEXT
  5
5D0
330
17
100
AcDbEntity
  8
A-TEXTO
100
AcDbText
 10
941.0
 20
623.6300000000003
 30
0.0
 40
2.1
  1
-
  7
ISO3098
 72
1
 11
941.0
 21
623.6300000000003
 31
0.0
100
AcDbText
 73
2
  0
TEXT
  5
5D1
330
17
100
AcDbEntity
  8
A-TEXTO
100
AcDbText
 10
957.0
 20
623.6300000000003
 30
0.0
 40
2.1
  1
2
  7
ISO3098
 72
1
 11
957.0
 21
623.6300000000003
 31
0.0
100
AcDbText
 73
2
  0
TEXT
  5
5D2
330
17
100
AcDbEntity
  8
A-TEXTO
100
AcDbText
 10
973.0
 20
623.6300000000003
 30
0.0
 40
2.1
  1
-
  7
ISO3098
 72
1
 11
973.0
 21
623.6300000000003
 31
0.0
100
AcDbText
 73
2
  0
TEXT
  5
5D3
330
17
100
AcDbEntity
  8
A-TEXTO
100
AcDbText
 10
989.0
 20
623.6300000000003
 30
0.0
 40
2.1
  1
unisex
  7
ISO3098
 72
1
 11
989.0
 21
623.6300000000003
 31
0.0
100
AcDbText
 73
2
  0
TEXT
  5
5D4
330
17
100
AcDbEntity
  8
A-TEXTO
100
AcDbText
 10
1009.0
 20
651.5800000000004
 30
0.0
 40
2.1
  1
Turno mañana: 53 personas + 8 choferes que inician
  7
ISO3098
 11
1009.0
 21
651.5800000000004
 31
0.0
100
AcDbText
 73
3
  0
TEXT
  5
5D5
330
17
100
AcDbEntity
  8
A-TEXTO
100
AcDbText
 10
1009.0
 20
648.3250000000004
 30
0.0
 40
2.1
  1
y terminan en planta; 10 % mujeres (DT 2035).
  7
ISO3098
 11
1009.0
 21
648.3250000000004
 31
0.0
100
AcDbText
 73
3
  0
TEXT
  5
5D6
330
17
100
AcDbEntity
  8
A-TEXTO
100
AcDbText
 10
1009.0
 20
645.0700000000004
 30
0.0
 40
2.1
  1
Dos núcleos para repartir la planta en forma
  7
ISO3098
 11
1009.0
 21
645.0700000000004
 31
0.0
100
AcDbText
 73
3
  0
TEXT
  5
5D7
330
17
100
AcDbEntity
  8
A-TEXTO
100
AcDbText
 10
1009.0
 20
641.8150000000004
 30
0.0
 40
2.1
  1
equitativa: principal (servicios, junto a PP-1) y
  7
ISO3098
 11
1009.0
 21
641.8150000000004
 31
0.0
100
AcDbText
 73
3
  0
TEXT
  5
5D8
330
17
100
AcDbEntity
  8
A-TEXTO
100
AcDbText
 10
1009.0
 20
638.5600000000004
 30
0.0
 40
2.1
  1
este (ala de recargas, PP-3), cada uno con H, M y
  7
ISO3098
 11
1009.0
 21
638.5600000000004
 31
0.0
100
AcDbText
 73
3
  0
TEXT
  5
5D9
330
17
100
AcDbEntity
  8
A-TEXTO
100
AcDbText
 10
1009.0
 20
635.3050000000004
 30
0.0
 40
2.1
  1
sanitario accesible (Ley 24.314, Dec. 914/97).
  7
ISO3098
 11
1009.0
 21
635.3050000000004
 31
0.0
100
AcDbText
 73
3
  0
TEXT
  5
5DA
330
17
100
AcDbEntity
  8
A-TEXTO
100
AcDbText
 10
1009.0
 20
632.0500000000004
 30
0.0
 40
2.1
  1
Vestuario de mujeres al 20 % de la dotación para no
  7
ISO3098
 11
1009.0
 21
632.0500000000004
 31
0.0
100
AcDbText
 73
3
  0
TEXT
  5
5DB
330
17
100
AcDbEntity
  8
A-TEXTO
100
AcDbText
 10
1009.0
 20
628.7950000000004
 30
0.0
 40
2.1
  1
condicionar la incorporación de personal femenino.
  7
ISO3098
 11
1009.0
 21
628.7950000000004
 31
0.0
100
AcDbText
 73
3
  0
TEXT
  5
5DC
330
17
100
AcDbEntity
  8
A-TEXTO
100
AcDbText
 10
1009.0
 20
625.5400000000004
 30
0.0
 40
2.1
  1
Lactario (Ley 26.873) y primeros auxilios en servicios.
  7
ISO3098
 11
1009.0
 21
625.5400000000004
 31
0.0
100
AcDbText
 73
3
  0
TEXT
  5
5DD
330
17
100
AcDbEntity
  8
A-TEXTO
100
AcDbText
 10
1009.0
 20
622.2850000000004
 30
0.0
 40
2.1
  1
Espacio de cuidado (Dec. 144/2022): no obligatorio
  7
ISO3098
 11
1009.0
 21
622.2850000000004
 31
0.0
100
AcDbText
 73
3
  0
TEXT
  5
5DE
330
17
100
AcDbEntity
  8
A-TEXTO
100
AcDbText
 10
1009.0
 20
619.0300000000004
 30
0.0
 40
2.1
  1
con menos de 100 personas (dotación 71).
  7
ISO3098
 11
1009.0
 21
619.0300000000004
 31
0.0
100
AcDbText
 73
3
  0
VIEWPORT
  5
5E3
330
5DF
100
AcDbEntity
 67
1
  8
VIEWPORTS
100
AcDbViewport
 10
913152.0
 20
645888.0
 30
0.0
 40
2008934.4000000001
 41
1420953.6
 68
1
 69
1
 12
913152.0
 22
645888.0
 13
0.0
 23
0.0
 14
10.0
 24
10.0
 15
10.0
 25
10.0
 16
0.0
 26
0.0
 36
1.0
 17
0.0
 27
0.0
 37
0.0
 42
50.0
 43
0.0
 44
0.0
 45
1420953.6
 50
0.0
 51
0.0
 72
100
 90
557088
  1

281
0
 71
0
 74
0
110
0.0
120
0.0
130
0.0
111
1.0
121
0.0
131
0.0
112
0.0
122
1.0
132
0.0
 79
0
146
0.0
282
0
  0
VIEWPORT
  5
5E4
330
5DF
100
AcDbEntity
 67
1
  8
VIEWPORTS
100
AcDbViewport
 10
594.5
 20
420.5
 30
0.0
 40
1189.0
 41
841.0
 68
2
 69
3
 12
594.5
 22
420.5
 13
0.0
 23
0.0
 14
10.0
 24
10.0
 15
10.0
 25
10.0
 16
0.0
 26
0.0
 36
1.0
 17
0.0
 27
0.0
 37
0.0
 42
50.0
 43
0.0
 44
0.0
 45
841.0
 50
0.0
 51
0.0
 72
100
 90
0
  1

281
0
 71
0
 74
0
110
0.0
120
0.0
130
0.0
111
1.0
121
0.0
131
0.0
112
0.0
122
1.0
132
0.0
 79
0
146
0.0
282
0
  0
ENDSEC
  0
SECTION
  2
OBJECTS
  0
DICTIONARY
  5
A
330
0
100
AcDbDictionary
281
1
  3
ACAD_COLOR
350
B
  3
ACAD_GROUP
350
C
  3
ACAD_LAYOUT
350
D
  3
ACAD_MATERIAL
350
E
  3
ACAD_MLEADERSTYLE
350
F
  3
ACAD_MLINESTYLE
350
10
  3
ACAD_PLOTSETTINGS
350
11
  3
ACAD_PLOTSTYLENAME
350
12
  3
ACAD_SCALELIST
350
14
  3
ACAD_TABLESTYLE
350
15
  3
ACAD_VISUALSTYLE
350
16
  3
EZDXF_META
350
2D
  0
DICTIONARY
  5
B
330
A
100
AcDbDictionary
281
1
  0
DICTIONARY
  5
C
330
A
100
AcDbDictionary
281
1
  0
DICTIONARY
  5
D
330
A
100
AcDbDictionary
281
1
  3
Model
350
1A
  3
FL_PI_01
350
5E2
  0
DICTIONARY
  5
E
330
A
100
AcDbDictionary
281
1
  3
ByBlock
350
1F
  3
ByLayer
350
20
  3
Global
350
21
  0
DICTIONARY
  5
F
330
A
100
AcDbDictionary
281
1
  3
Standard
350
2C
  0
DICTIONARY
  5
10
330
A
100
AcDbDictionary
281
1
  3
Standard
350
22
  0
DICTIONARY
  5
11
330
A
100
AcDbDictionary
281
1
  0
ACDBDICTIONARYWDFLT
  5
12
330
A
100
AcDbDictionary
281
1
  3
Normal
350
13
100
AcDbDictionaryWithDefault
340
13
  0
ACDBPLACEHOLDER
  5
13
330
12
  0
DICTIONARY
  5
14
330
A
100
AcDbDictionary
281
1
  0
DICTIONARY
  5
15
330
A
100
AcDbDictionary
281
1
  0
DICTIONARY
  5
16
330
A
100
AcDbDictionary
281
1
  0
LAYOUT
  5
1A
330
D
100
AcDbPlotSettings
  1

  4
A3
  6

 40
7.5
 41
20.0
 42
7.5
 43
20.0
 44
420.0
 45
297.0
 46
0.0
 47
0.0
 48
0.0
 49
0.0
140
0.0
141
0.0
142
1.0
143
1.0
 70
1024
 72
1
 73
0
 74
5
  7

 75
16
 76
0
 77
2
 78
300
147
1.0
148
0.0
149
0.0
100
AcDbLayout
  1
Model
 70
1
 71
0
 10
0.0
 20
0.0
 11
420.0
 21
297.0
 12
0.0
 22
0.0
 32
0.0
 14
1e+20
 24
1e+20
 34
1e+20
 15
-1e+20
 25
-1e+20
 35
-1e+20
146
0.0
 13
0.0
 23
0.0
 33
0.0
 16
1.0
 26
0.0
 36
0.0
 17
0.0
 27
1.0
 37
0.0
 76
1
330
17
  0
MATERIAL
  5
1F
102
{ACAD_REACTORS
330
E
102
}
330
E
100
AcDbMaterial
  1
ByBlock
  2

 70
0
 40
1.0
 71
1
 41
1.0
 91
-1023410177
 42
1.0
 72
1
  3

 73
1
 74
1
 75
1
 44
0.5
 73
0
 45
1.0
 46
1.0
 77
1
  4

 78
1
 79
1
170
1
 48
1.0
171
1
  6

172
1
173
1
174
1
140
1.0
141
1.0
175
1
  7

176
1
177
1
178
1
143
1.0
179
1
  8

270
1
271
1
272
1
145
1.0
146
1.0
273
1
  9

274
1
275
1
276
1
 42
1.0
 72
1
  3

 73
1
 74
1
 75
1
 94
63
  0
MATERIAL
  5
20
102
{ACAD_REACTORS
330
E
102
}
330
E
100
AcDbMaterial
  1
ByLayer
  2

 70
0
 40
1.0
 71
1
 41
1.0
 91
-1023410177
 42
1.0
 72
1
  3

 73
1
 74
1
 75
1
 44
0.5
 73
0
 45
1.0
 46
1.0
 77
1
  4

 78
1
 79
1
170
1
 48
1.0
171
1
  6

172
1
173
1
174
1
140
1.0
141
1.0
175
1
  7

176
1
177
1
178
1
143
1.0
179
1
  8

270
1
271
1
272
1
145
1.0
146
1.0
273
1
  9

274
1
275
1
276
1
 42
1.0
 72
1
  3

 73
1
 74
1
 75
1
 94
63
  0
MATERIAL
  5
21
102
{ACAD_REACTORS
330
E
102
}
330
E
100
AcDbMaterial
  1
Global
  2

 70
0
 40
1.0
 71
1
 41
1.0
 91
-1023410177
 42
1.0
 72
1
  3

 73
1
 74
1
 75
1
 44
0.5
 73
0
 45
1.0
 46
1.0
 77
1
  4

 78
1
 79
1
170
1
 48
1.0
171
1
  6

172
1
173
1
174
1
140
1.0
141
1.0
175
1
  7

176
1
177
1
178
1
143
1.0
179
1
  8

270
1
271
1
272
1
145
1.0
146
1.0
273
1
  9

274
1
275
1
276
1
 42
1.0
 72
1
  3

 73
1
 74
1
 75
1
 94
63
  0
MLINESTYLE
  5
22
102
{ACAD_REACTORS
330
10
102
}
330
10
100
AcDbMlineStyle
  2
Standard
 70
0
  3

 62
256
 51
90.0
 52
90.0
 71
2
 49
0.5
 62
256
  6
BYLAYER
 49
-0.5
 62
256
  6
BYLAYER
  0
MLEADERSTYLE
  5
2C
102
{ACAD_REACTORS
330
F
102
}
330
F
100
AcDbMLeaderStyle
179
2
170
2
171
1
172
0
 90
2
 40
0.0
 41
0.0
173
1
 91
-1056964608
 92
-2
290
1
 42
2.0
291
1
 43
8.0
  3
Standard
 44
4.0
300

342
29
174
1
175
1
176
0
178
1
 93
-1056964608
 45
4.0
292
0
297
0
 46
4.0
 94
-1056964608
 47
1.0
 49
1.0
140
1.0
294
1
141
0.0
177
0
142
1.0
295
0
296
0
143
3.75
271
0
272
9
273
9
  0
DICTIONARY
  5
2D
330
A
100
AcDbDictionary
280
1
281
1
  3
CREATED_BY_EZDXF
350
2E
  3
WRITTEN_BY_EZDXF
350
5E7
  0
DICTIONARYVAR
  5
2E
330
2D
100
DictionaryVariables
280
0
  1
1.4.4 @ 2026-09-30T05:01:52.404702+00:00
  0
LAYOUT
  5
5E2
330
D
100
AcDbPlotSettings
  1

  2
DWG To PDF.pc3
  4
ISO_full_bleed_A0_(1189.00_x_841.00_MM)_(1189.00_x_841.00_MM)
  6

 40
0.0
 41
0.0
 42
0.0
 43
0.0
 44
1189.0
 45
841.0
 46
0.0
 47
0.0
 48
0.0
 49
0.0
140
0.0
141
0.0
142
0.0078125
143
12.0
 70
672
 72
1
 73
0
 74
5
  7

 75
1
 76
0
 77
2
 78
300
147
1.0
148
0.0
149
0.0
100
AcDbLayout
  1
FL_PI_01
 70
1
 71
3
 10
-0.0
 20
-0.0
 11
1189.0
 21
841.0
 12
0.0
 22
0.0
 32
0.0
 14
1e+20
 24
1e+20
 34
1e+20
 15
-1e+20
 25
-1e+20
 35
-1e+20
146
0.0
 13
0.0
 23
0.0
 33
0.0
 16
1.0
 26
0.0
 36
0.0
 17
0.0
 27
1.0
 37
0.0
 76
1
330
5DF
331
5E3
  0
DICTIONARYVAR
  5
5E7
330
2D
100
DictionaryVariables
280
0
  1
1.4.4 @ 2026-09-30T05:01:52.535355+00:00
  0
ENDSEC
  0
EOF
