  0
SECTION
  2
HEADER
  9
$ACADVER
  1
AC1032
  9
$ACADMAINTVER
 90
4
  9
$DWGCODEPAGE
  3
ANSI_1252
  9
$LASTSAVEDBY
  1
ezdxf
  9
$REQUIREDVERSIONS
160
0
  9
$INSBASE
 10
0.0
 20
0.0
 30
0.0
  9
$EXTMIN
 10
1e+20
 20
1e+20
 30
1e+20
  9
$EXTMAX
 10
-1e+20
 20
-1e+20
 30
-1e+20
  9
$LIMMIN
 10
0.0
 20
0.0
  9
$LIMMAX
 10
420.0
 20
297.0
  9
$ORTHOMODE
 70
0
  9
$REGENMODE
 70
1
  9
$FILLMODE
 70
1
  9
$QTEXTMODE
 70
0
  9
$MIRRTEXT
 70
1
  9
$LTSCALE
 40
1.0
  9
$ATTMODE
 70
1
  9
$TEXTSIZE
 40
2.5
  9
$TRACEWID
 40
1.0
  9
$TEXTSTYLE
  7
Standard
  9
$CLAYER
  8
0
  9
$CELTYPE
  6
ByLayer
  9
$CECOLOR
 62
256
  9
$CELTSCALE
 40
1.0
  9
$DISPSILH
 70
0
  9
$DIMSCALE
 40
1.0
  9
$DIMASZ
 40
2.5
  9
$DIMEXO
 40
0.625
  9
$DIMDLI
 40
3.75
  9
$DIMRND
 40
0.0
  9
$DIMDLE
 40
0.0
  9
$DIMEXE
 40
1.25
  9
$DIMTP
 40
0.0
  9
$DIMTM
 40
0.0
  9
$DIMTXT
 40
2.5
  9
$DIMCEN
 40
2.5
  9
$DIMTSZ
 40
0.0
  9
$DIMTOL
 70
0
  9
$DIMLIM
 70
0
  9
$DIMTIH
 70
0
  9
$DIMTOH
 70
0
  9
$DIMSE1
 70
0
  9
$DIMSE2
 70
0
  9
$DIMTAD
 70
1
  9
$DIMZIN
 70
8
  9
$DIMBLK
  1

  9
$DIMASO
 70
1
  9
$DIMSHO
 70
1
  9
$DIMPOST
  1

  9
$DIMAPOST
  1

  9
$DIMALT
 70
0
  9
$DIMALTD
 70
3
  9
$DIMALTF
 40
0.03937007874
  9
$DIMLFAC
 40
1.0
  9
$DIMTOFL
 70
1
  9
$DIMTVP
 40
0.0
  9
$DIMTIX
 70
0
  9
$DIMSOXD
 70
0
  9
$DIMSAH
 70
0
  9
$DIMBLK1
  1

  9
$DIMBLK2
  1

  9
$DIMSTYLE
  2
ISO-25
  9
$DIMCLRD
 70
0
  9
$DIMCLRE
 70
0
  9
$DIMCLRT
 70
0
  9
$DIMTFAC
 40
1.0
  9
$DIMGAP
 40
0.625
  9
$DIMJUST
 70
0
  9
$DIMSD1
 70
0
  9
$DIMSD2
 70
0
  9
$DIMTOLJ
 70
0
  9
$DIMTZIN
 70
8
  9
$DIMALTZ
 70
0
  9
$DIMALTTZ
 70
0
  9
$DIMUPT
 70
0
  9
$DIMDEC
 70
2
  9
$DIMTDEC
 70
2
  9
$DIMALTU
 70
2
  9
$DIMALTTD
 70
3
  9
$DIMTXSTY
  7
Standard
  9
$DIMAUNIT
 70
0
  9
$DIMADEC
 70
0
  9
$DIMALTRND
 40
0.0
  9
$DIMAZIN
 70
0
  9
$DIMDSEP
 70
44
  9
$DIMATFIT
 70
3
  9
$DIMFRAC
 70
0
  9
$DIMLDRBLK
  1

  9
$DIMLUNIT
 70
2
  9
$DIMLWD
 70
-2
  9
$DIMLWE
 70
-2
  9
$DIMTMOVE
 70
0
  9
$DIMFXL
 40
1.0
  9
$DIMFXLON
 70
0
  9
$DIMJOGANG
 40
0.785398163397
  9
$DIMTFILL
 70
0
  9
$DIMTFILLCLR
 70
0
  9
$DIMARCSYM
 70
0
  9
$DIMLTYPE
  6

  9
$DIMLTEX1
  6

  9
$DIMLTEX2
  6

  9
$DIMTXTDIRECTION
 70
0
  9
$LUNITS
 70
2
  9
$LUPREC
 70
4
  9
$SKETCHINC
 40
1.0
  9
$FILLETRAD
 40
10.0
  9
$AUNITS
 70
0
  9
$AUPREC
 70
2
  9
$MENU
  1
.
  9
$ELEVATION
 40
0.0
  9
$PELEVATION
 40
0.0
  9
$THICKNESS
 40
0.0
  9
$LIMCHECK
 70
0
  9
$CHAMFERA
 40
0.0
  9
$CHAMFERB
 40
0.0
  9
$CHAMFERC
 40
0.0
  9
$CHAMFERD
 40
0.0
  9
$SKPOLY
 70
0
  9
$TDCREATE
 40
2461314.2097685183
  9
$TDUCREATE
 40
2458532.153996898
  9
$TDUPDATE
 40
2461314.2097685183
  9
$TDUUPDATE
 40
2458532.1544311
  9
$TDINDWG
 40
0.0
  9
$TDUSRTIMER
 40
0.0
  9
$USRTIMER
 70
1
  9
$ANGBASE
 50
0.0
  9
$ANGDIR
 70
0
  9
$PDMODE
 70
0
  9
$PDSIZE
 40
0.0
  9
$PLINEWID
 40
0.0
  9
$SPLFRAME
 70
0
  9
$SPLINETYPE
 70
6
  9
$SPLINESEGS
 70
8
  9
$HANDSEED
  5
BF3
  9
$SURFTAB1
 70
6
  9
$SURFTAB2
 70
6
  9
$SURFTYPE
 70
6
  9
$SURFU
 70
6
  9
$SURFV
 70
6
  9
$UCSBASE
  2

  9
$UCSNAME
  2

  9
$UCSORG
 10
0.0
 20
0.0
 30
0.0
  9
$UCSXDIR
 10
1.0
 20
0.0
 30
0.0
  9
$UCSYDIR
 10
0.0
 20
1.0
 30
0.0
  9
$UCSORTHOREF
  2

  9
$UCSORTHOVIEW
 70
0
  9
$UCSORGTOP
 10
0.0
 20
0.0
 30
0.0
  9
$UCSORGBOTTOM
 10
0.0
 20
0.0
 30
0.0
  9
$UCSORGLEFT
 10
0.0
 20
0.0
 30
0.0
  9
$UCSORGRIGHT
 10
0.0
 20
0.0
 30
0.0
  9
$UCSORGFRONT
 10
0.0
 20
0.0
 30
0.0
  9
$UCSORGBACK
 10
0.0
 20
0.0
 30
0.0
  9
$PUCSBASE
  2

  9
$PUCSNAME
  2

  9
$PUCSORG
 10
0.0
 20
0.0
 30
0.0
  9
$PUCSXDIR
 10
1.0
 20
0.0
 30
0.0
  9
$PUCSYDIR
 10
0.0
 20
1.0
 30
0.0
  9
$PUCSORTHOREF
  2

  9
$PUCSORTHOVIEW
 70
0
  9
$PUCSORGTOP
 10
0.0
 20
0.0
 30
0.0
  9
$PUCSORGBOTTOM
 10
0.0
 20
0.0
 30
0.0
  9
$PUCSORGLEFT
 10
0.0
 20
0.0
 30
0.0
  9
$PUCSORGRIGHT
 10
0.0
 20
0.0
 30
0.0
  9
$PUCSORGFRONT
 10
0.0
 20
0.0
 30
0.0
  9
$PUCSORGBACK
 10
0.0
 20
0.0
 30
0.0
  9
$USERI1
 70
0
  9
$USERI2
 70
0
  9
$USERI3
 70
0
  9
$USERI4
 70
0
  9
$USERI5
 70
0
  9
$USERR1
 40
0.0
  9
$USERR2
 40
0.0
  9
$USERR3
 40
0.0
  9
$USERR4
 40
0.0
  9
$USERR5
 40
0.0
  9
$WORLDVIEW
 70
1
  9
$SHADEDGE
 70
3
  9
$SHADEDIF
 70
70
  9
$TILEMODE
 70
1
  9
$MAXACTVP
 70
64
  9
$PINSBASE
 10
0.0
 20
0.0
 30
0.0
  9
$PLIMCHECK
 70
0
  9
$PEXTMIN
 10
1e+20
 20
1e+20
 30
1e+20
  9
$PEXTMAX
 10
-1e+20
 20
-1e+20
 30
-1e+20
  9
$PLIMMIN
 10
-0.0
 20
-0.0
  9
$PLIMMAX
 10
1189.0
 20
841.0
  9
$UNITMODE
 70
0
  9
$VISRETAIN
 70
1
  9
$PLINEGEN
 70
0
  9
$PSLTSCALE
 70
0
  9
$TREEDEPTH
 70
3020
  9
$CMLSTYLE
  2
Standard
  9
$CMLJUST
 70
0
  9
$CMLSCALE
 40
20.0
  9
$PROXYGRAPHICS
 70
1
  9
$MEASUREMENT
 70
1
  9
$CELWEIGHT
370
-1
  9
$ENDCAPS
280
0
  9
$JOINSTYLE
280
0
  9
$LWDISPLAY
290
1
  9
$INSUNITS
 70
4
  9
$HYPERLINKBASE
  1

  9
$STYLESHEET
  1

  9
$XEDIT
290
1
  9
$CEPSNTYPE
380
0
  9
$PSTYLEMODE
290
1
  9
$FINGERPRINTGUID
  2
{A3956BC4-93A6-4E16-A8F3-F0C327055D52}
  9
$VERSIONGUID
  2
{F17A21D5-C73A-494C-8698-955787B00183}
  9
$EXTNAMES
290
1
  9
$PSVPSCALE
 40
0.0
  9
$OLESTARTUP
290
0
  9
$SORTENTS
280
127
  9
$INDEXCTL
280
0
  9
$HIDETEXT
280
1
  9
$XCLIPFRAME
280
1
  9
$HALOGAP
280
0
  9
$OBSCOLOR
 70
257
  9
$OBSLTYPE
280
0
  9
$INTERSECTIONDISPLAY
280
0
  9
$INTERSECTIONCOLOR
 70
257
  9
$DIMASSOC
280
2
  9
$PROJECTNAME
  1

  9
$CAMERADISPLAY
290
0
  9
$LENSLENGTH
 40
50.0
  9
$CAMERAHEIGHT
 40
0.0
  9
$STEPSPERSEC
 40
24.0
  9
$STEPSIZE
 40
100.0
  9
$3DDWFPREC
 40
2.0
  9
$PSOLWIDTH
 40
0.005
  9
$PSOLHEIGHT
 40
0.08
  9
$LOFTANG1
 40
1.570796326795
  9
$LOFTANG2
 40
1.570796326795
  9
$LOFTMAG1
 40
0.0
  9
$LOFTMAG2
 40
0.0
  9
$LOFTPARAM
 70
7
  9
$LOFTNORMALS
280
1
  9
$LATITUDE
 40
37.795
  9
$LONGITUDE
 40
-122.394
  9
$NORTHDIRECTION
 40
0.0
  9
$TIMEZONE
 70
-8000
  9
$LIGHTGLYPHDISPLAY
280
1
  9
$TILEMODELIGHTSYNCH
280
1
  9
$CMATERIAL
347
20
  9
$SOLIDHIST
280
0
  9
$SHOWHIST
280
1
  9
$DWFFRAME
280
2
  9
$DGNFRAME
280
2
  9
$REALWORLDSCALE
290
1
  9
$INTERFERECOLOR
 62
256
  9
$CSHADOW
280
0
  9
$SHADOWPLANELOCATION
 40
0.0
  0
ENDSEC
  0
SECTION
  2
CLASSES
  0
CLASS
  1
ACDBDICTIONARYWDFLT
  2
AcDbDictionaryWithDefault
  3
ObjectDBX Classes
 90
0
 91
0
280
0
281
0
  0
CLASS
  1
SUN
  2
AcDbSun
  3
SCENEOE
 90
1153
 91
0
280
0
281
0
  0
CLASS
  1
VISUALSTYLE
  2
AcDbVisualStyle
  3
ObjectDBX Classes
 90
4095
 91
0
280
0
281
0
  0
CLASS
  1
MATERIAL
  2
AcDbMaterial
  3
ObjectDBX Classes
 90
1153
 91
0
280
0
281
0
  0
CLASS
  1
SCALE
  2
AcDbScale
  3
ObjectDBX Classes
 90
1153
 91
0
280
0
281
0
  0
CLASS
  1
TABLESTYLE
  2
AcDbTableStyle
  3
ObjectDBX Classes
 90
4095
 91
0
280
0
281
0
  0
CLASS
  1
MLEADERSTYLE
  2
AcDbMLeaderStyle
  3
ACDB_MLEADERSTYLE_CLASS
 90
4095
 91
0
280
0
281
0
  0
CLASS
  1
DICTIONARYVAR
  2
AcDbDictionaryVar
  3
ObjectDBX Classes
 90
0
 91
0
280
0
281
0
  0
CLASS
  1
CELLSTYLEMAP
  2
AcDbCellStyleMap
  3
ObjectDBX Classes
 90
1152
 91
0
280
0
281
0
  0
CLASS
  1
MENTALRAYRENDERSETTINGS
  2
AcDbMentalRayRenderSettings
  3
SCENEOE
 90
1024
 91
0
280
0
281
0
  0
CLASS
  1
ACDBDETAILVIEWSTYLE
  2
AcDbDetailViewStyle
  3
ObjectDBX Classes
 90
1025
 91
0
280
0
281
0
  0
CLASS
  1
ACDBSECTIONVIEWSTYLE
  2
AcDbSectionViewStyle
  3
ObjectDBX Classes
 90
1025
 91
0
280
0
281
0
  0
CLASS
  1
RASTERVARIABLES
  2
AcDbRasterVariables
  3
ISM
 90
0
 91
0
280
0
281
0
  0
CLASS
  1
LAYOUT
  2
AcDbLayout
  3
ObjectDBX Classes
 90
0
 91
0
280
0
281
0
  0
CLASS
  1
ACDBPLACEHOLDER
  2
AcDbPlaceHolder
  3
ObjectDBX Classes
 90
0
 91
0
280
0
281
0
  0
ENDSEC
  0
SECTION
  2
TABLES
  0
TABLE
  2
VPORT
  5
8
330
0
100
AcDbSymbolTable
 70
1
  0
VPORT
  5
23
330
8
100
AcDbSymbolTableRecord
100
AcDbViewportTableRecord
  2
*Active
 70
0
 10
0.0
 20
0.0
 11
1.0
 21
1.0
 12
0.0
 22
0.0
 13
0.0
 23
0.0
 14
0.5
 24
0.5
 15
0.5
 25
0.5
 16
0.0
 26
0.0
 36
1.0
 17
0.0
 27
0.0
 37
0.0
 40
1000.0
 41
1.34
 42
50.0
 43
0.0
 44
0.0
 50
0.0
 51
0.0
 71
0
 72
1000
 73
1
 74
3
 75
0
 76
0
 77
0
 78
0
281
0
 65
0
146
0.0
  0
ENDTAB
  0
TABLE
  2
LTYPE
  5
2
330
0
100
AcDbSymbolTable
 70
6
  0
LTYPE
  5
24
330
2
100
AcDbSymbolTableRecord
100
AcDbLinetypeTableRecord
  2
ByBlock
 70
0
  3

 72
65
 73
0
 40
0.0
  0
LTYPE
  5
25
330
2
100
AcDbSymbolTableRecord
100
AcDbLinetypeTableRecord
  2
ByLayer
 70
0
  3

 72
65
 73
0
 40
0.0
  0
LTYPE
  5
26
330
2
100
AcDbSymbolTableRecord
100
AcDbLinetypeTableRecord
  2
Continuous
 70
0
  3

 72
65
 73
0
 40
0.0
  0
LTYPE
  5
2F
330
2
100
AcDbSymbolTableRecord
100
AcDbLinetypeTableRecord
  2
IRAM-E-TRAZOS
 70
0
  3
IRAM 4502 E - trazos __ __ __
 72
65
 73
2
 40
5.0
 49
4.0
 74
0
 49
-1.0
 74
0
  0
LTYPE
  5
30
330
2
100
AcDbSymbolTableRecord
100
AcDbLinetypeTableRecord
  2
IRAM-F-TRAZO-PUNTO
 70
0
  3
IRAM 4502 F - trazo largo y trazo corto ____ _ ____
 72
65
 73
4
 40
20.0
 49
15.0
 74
0
 49
-2.0
 74
0
 49
1.0
 74
0
 49
-2.0
 74
0
  0
LTYPE
  5
44
330
2
100
AcDbSymbolTableRecord
100
AcDbLinetypeTableRecord
  2
FLUJO-TRAZOS
 70
0
  3
Trazos de flujo __ __ __
 72
65
 73
2
 40
4.0
 49
2.5
 74
0
 49
-1.5
 74
0
  0
ENDTAB
  0
TABLE
  2
LAYER
  5
1
330
0
100
AcDbSymbolTable
 70
45
  0
LAYER
  5
27
330
1
100
AcDbSymbolTableRecord
100
AcDbLayerTableRecord
  2
0
 70
0
 62
7
  6
Continuous
370
-3
390
13
347
21
  0
LAYER
  5
28
330
1
100
AcDbSymbolTableRecord
100
AcDbLayerTableRecord
  2
Defpoints
 70
0
 62
7
  6
Continuous
290
0
370
-3
390
13
347
21
  0
LAYER
  5
31
330
1
100
AcDbSymbolTableRecord
100
AcDbLayerTableRecord
  2
01-VISIBLE
 70
0
 62
7
  6
CONTINUOUS
370
70
390
13
347
21
1001
AcAecLayerStandard
1000

1000
A continua gruesa: contornos y aristas visibles
  0
LAYER
  5
33
330
1
100
AcDbSymbolTableRecord
100
AcDbLayerTableRecord
  2
02-OCULTA
 70
0
 62
4
  6
IRAM-E-TRAZOS
370
35
390
13
347
21
1001
AcAecLayerStandard
1000

1000
E de trazos media: contornos y aristas ocultos
  0
LAYER
  5
34
330
1
100
AcDbSymbolTableRecord
100
AcDbLayerTableRecord
  2
03-EJE
 70
0
 62
1
  6
IRAM-F-TRAZO-PUNTO
370
18
390
13
347
21
1001
AcAecLayerStandard
1000

1000
F trazo largo y corto fina: ejes, simetrías, trayectorias
  0
LAYER
  5
35
330
1
100
AcDbSymbolTableRecord
100
AcDbLayerTableRecord
  2
04-COTA
 70
0
 62
3
  6
CONTINUOUS
370
18
390
13
347
21
1001
AcAecLayerStandard
1000

1000
B continua fina: líneas de cota y auxiliares
  0
LAYER
  5
36
330
1
100
AcDbSymbolTableRecord
100
AcDbLayerTableRecord
  2
05-RAYADO
 70
0
 62
8
  6
CONTINUOUS
370
18
390
13
347
21
1001
AcAecLayerStandard
1000

1000
B continua fina: rayados IRAM 4509
  0
LAYER
  5
37
330
1
100
AcDbSymbolTableRecord
100
AcDbLayerTableRecord
  2
06-TEXTO
 70
0
 62
7
  6
CONTINUOUS
370
25
390
13
347
21
1001
AcAecLayerStandard
1000

1000
Escritura IRAM 4503 tipo B (trazo h/10)
  0
LAYER
  5
38
330
1
100
AcDbSymbolTableRecord
100
AcDbLayerTableRecord
  2
07-RECUADRO
 70
0
 62
7
  6
CONTINUOUS
370
70
390
13
347
21
1001
AcAecLayerStandard
1000

1000
Recuadro IRAM 4504
  0
LAYER
  5
39
330
1
100
AcDbSymbolTableRecord
100
AcDbLayerTableRecord
  2
08-FINA
 70
0
 62
5
  6
CONTINUOUS
370
18
390
13
347
21
1001
AcAecLayerStandard
1000

1000
B continua fina: referencias, fondos de rosca, contornos de detalle
  0
LAYER
  5
3A
330
1
100
AcDbSymbolTableRecord
100
AcDbLayerTableRecord
  2
09-PLANO-CORTE
 70
0
 62
1
  6
IRAM-F-TRAZO-PUNTO
370
18
390
13
347
21
1001
AcAecLayerStandard
1000

1000
G trazo largo y corto fina con extremos gruesos: planos de corte
  0
LAYER
  5
3B
330
1
100
AcDbSymbolTableRecord
100
AcDbLayerTableRecord
  2
10-ROTULO
 70
0
 62
7
  6
CONTINUOUS
370
35
390
13
347
21
1001
AcAecLayerStandard
1000

1000
Rótulo y lista de materiales IRAM 4508
  0
LAYER
  5
3C
330
1
100
AcDbSymbolTableRecord
100
AcDbLayerTableRecord
  2
11-TEXTO-ROTULO
 70
0
 62
7
  6
CONTINUOUS
370
25
390
13
347
21
1001
AcAecLayerStandard
1000

1000
Escritura del rótulo
  0
LAYER
  5
3D
330
1
100
AcDbSymbolTableRecord
100
AcDbLayerTableRecord
  2
12-SOLDADURA
 70
0
 62
6
  6
CONTINUOUS
370
18
390
13
347
21
1001
AcAecLayerStandard
1000

1000
Símbolos de soldadura
  0
LAYER
  5
45
330
1
100
AcDbSymbolTableRecord
100
AcDbLayerTableRecord
  2
A-MURO
 70
0
 62
7
  6
CONTINUOUS
370
50
390
13
347
21
1001
AcAecLayerStandard
1000

1000
Muros y cerramientos (línea gruesa, relleno)
  0
LAYER
  5
46
330
1
100
AcDbSymbolTableRecord
100
AcDbLayerTableRecord
  2
A-COLUMNA
 70
0
 62
7
  6
CONTINUOUS
370
50
390
13
347
21
1001
AcAecLayerStandard
1000

1000
Columnas
  0
LAYER
  5
47
330
1
100
AcDbSymbolTableRecord
100
AcDbLayerTableRecord
  2
A-EJE
 70
0
 62
1
  6
IRAM-F-TRAZO-PUNTO
370
18
390
13
347
21
1001
AcAecLayerStandard
1000

1000
Ejes estructurales
  0
LAYER
  5
48
330
1
100
AcDbSymbolTableRecord
100
AcDbLayerTableRecord
  2
A-ABERTURA
 70
0
 62
7
  6
CONTINUOUS
370
25
390
13
347
21
1001
AcAecLayerStandard
1000

1000
Puertas, portones y muelles
  0
LAYER
  5
49
330
1
100
AcDbSymbolTableRecord
100
AcDbLayerTableRecord
  2
A-EQUIPO
 70
0
 62
7
  6
CONTINUOUS
370
35
390
13
347
21
1001
AcAecLayerStandard
1000

1000
Equipos (contorno)
  0
LAYER
  5
4A
330
1
100
AcDbSymbolTableRecord
100
AcDbLayerTableRecord
  2
A-EQUIPO-FINO
 70
0
 62
8
  6
CONTINUOUS
370
13
390
13
347
21
1001
AcAecLayerStandard
1000

1000
Detalle de equipos, racks y carros
  0
LAYER
  5
4B
330
1
100
AcDbSymbolTableRecord
100
AcDbLayerTableRecord
  2
A-SECTOR
 70
0
 62
8
  6
IRAM-E-TRAZOS
370
18
390
13
347
21
1001
AcAecLayerStandard
1000

1000
Límite de sector
  0
LAYER
  5
4C
330
1
100
AcDbSymbolTableRecord
100
AcDbLayerTableRecord
  2
A-PASILLO
 70
0
 62
2
420
14132480
  6
CONTINUOUS
370
35
390
13
347
21
1001
AcAecLayerStandard
1000

1000
Demarcación de pasillos (amarillo IRAM 10005)
  0
LAYER
  5
4D
330
1
100
AcDbSymbolTableRecord
100
AcDbLayerTableRecord
  2
A-SENDA
 70
0
 62
2
420
14132480
  6
CONTINUOUS
370
25
390
13
347
21
1001
AcAecLayerStandard
1000

1000
Sendas peatonales (cebra)
  0
LAYER
  5
4E
330
1
100
AcDbSymbolTableRecord
100
AcDbLayerTableRecord
  2
A-TEXTO
 70
0
 62
7
  6
CONTINUOUS
370
18
390
13
347
21
1001
AcAecLayerStandard
1000

1000
Textos
  0
LAYER
  5
4F
330
1
100
AcDbSymbolTableRecord
100
AcDbLayerTableRecord
  2
A-RELLENO
 70
0
 62
9
  6
CONTINUOUS
370
13
390
13
347
21
1001
AcAecLayerStandard
1000

1000
Rellenos de sectores
  0
LAYER
  5
50
330
1
100
AcDbSymbolTableRecord
100
AcDbLayerTableRecord
  2
A-COTA
 70
0
 62
7
  6
CONTINUOUS
370
18
390
13
347
21
1001
AcAecLayerStandard
1000

1000
Cotas IRAM 4513
  0
LAYER
  5
51
330
1
100
AcDbSymbolTableRecord
100
AcDbLayerTableRecord
  2
A-EXTERIOR
 70
0
 62
8
  6
CONTINUOUS
370
25
390
13
347
21
1001
AcAecLayerStandard
1000

1000
Terreno, calles, playas y veredas
  0
LAYER
  5
52
330
1
100
AcDbSymbolTableRecord
100
AcDbLayerTableRecord
  2
A-LOCAL
 70
0
 62
7
  6
CONTINUOUS
370
25
390
13
347
21
1001
AcAecLayerStandard
1000

1000
Tabiques de locales de servicio
  0
LAYER
  5
53
330
1
100
AcDbSymbolTableRecord
100
AcDbLayerTableRecord
  2
A-SANITARIO
 70
0
 62
8
  6
CONTINUOUS
370
13
390
13
347
21
1001
AcAecLayerStandard
1000

1000
Artefactos sanitarios y mobiliario
  0
LAYER
  5
54
330
1
100
AcDbSymbolTableRecord
100
AcDbLayerTableRecord
  2
F-MP
 70
0
 62
5
  6
CONTINUOUS
370
70
390
13
347
21
1001
AcAecLayerStandard
1000

1000
Flujo de materia prima (azul)
  0
LAYER
  5
55
330
1
100
AcDbSymbolTableRecord
100
AcDbLayerTableRecord
  2
F-SE
 70
0
 62
30
  6
CONTINUOUS
370
70
390
13
347
21
1001
AcAecLayerStandard
1000

1000
Flujo de semielaborado (naranja)
  0
LAYER
  5
56
330
1
100
AcDbSymbolTableRecord
100
AcDbLayerTableRecord
  2
F-TL
 70
0
 62
30
  6
CONTINUOUS
370
100
390
13
347
21
1001
AcAecLayerStandard
1000

1000
Tren logístico de un sentido (SE)
  0
LAYER
  5
57
330
1
100
AcDbSymbolTableRecord
100
AcDbLayerTableRecord
  2
F-PT
 70
0
 62
3
  6
CONTINUOUS
370
70
390
13
347
21
1001
AcAecLayerStandard
1000

1000
Flujo de producto terminado (verde)
  0
LAYER
  5
58
330
1
100
AcDbSymbolTableRecord
100
AcDbLayerTableRecord
  2
F-SCRAP
 70
0
 62
8
  6
IRAM-F-TRAZO-PUNTO
370
50
390
13
347
21
1001
AcAecLayerStandard
1000

1000
Scrap y retal (gris)
  0
LAYER
  5
59
330
1
100
AcDbSymbolTableRecord
100
AcDbLayerTableRecord
  2
F-PERSONAL
 70
0
 62
6
  6
FLUJO-TRAZOS
370
35
390
13
347
21
1001
AcAecLayerStandard
1000

1000
Hilos de personal (magenta)
  0
LAYER
  5
5A
330
1
100
AcDbSymbolTableRecord
100
AcDbLayerTableRecord
  2
F-EFL-LIQ
 70
0
 62
34
  6
FLUJO-TRAZOS
370
35
390
13
347
21
1001
AcAecLayerStandard
1000

1000
Efluentes líquidos (marrón)
  0
LAYER
  5
5B
330
1
100
AcDbSymbolTableRecord
100
AcDbLayerTableRecord
  2
F-EFL-GAS
 70
0
 62
4
  6
FLUJO-TRAZOS
370
35
390
13
347
21
1001
AcAecLayerStandard
1000

1000
Efluentes gaseosos (cian)
  0
LAYER
  5
5C
330
1
100
AcDbSymbolTableRecord
100
AcDbLayerTableRecord
  2
F-RET
 70
0
 62
8
  6
FLUJO-TRAZOS
370
18
390
13
347
21
1001
AcAecLayerStandard
1000

1000
Retorno vacío del tren logístico
  0
LAYER
  5
5D
330
1
100
AcDbSymbolTableRecord
100
AcDbLayerTableRecord
  2
I-ELEC
 70
0
 62
1
  6
CONTINUOUS
370
35
390
13
347
21
1001
AcAecLayerStandard
1000

1000
Alimentadores eléctricos
  0
LAYER
  5
5E
330
1
100
AcDbSymbolTableRecord
100
AcDbLayerTableRecord
  2
I-AIRE
 70
0
 62
4
  6
CONTINUOUS
370
35
390
13
347
21
1001
AcAecLayerStandard
1000

1000
Aire comprimido
  0
LAYER
  5
5F
330
1
100
AcDbSymbolTableRecord
100
AcDbLayerTableRecord
  2
I-N2
 70
0
 62
6
  6
CONTINUOUS
370
35
390
13
347
21
1001
AcAecLayerStandard
1000

1000
Nitrógeno
  0
LAYER
  5
60
330
1
100
AcDbSymbolTableRecord
100
AcDbLayerTableRecord
  2
I-GAS
 70
0
 62
40
  6
CONTINUOUS
370
35
390
13
347
21
1001
AcAecLayerStandard
1000

1000
Gas natural
  0
LAYER
  5
61
330
1
100
AcDbSymbolTableRecord
100
AcDbLayerTableRecord
  2
I-SOLD
 70
0
 62
211
  6
CONTINUOUS
370
35
390
13
347
21
1001
AcAecLayerStandard
1000

1000
Gas de soldadura Ar/CO₂
  0
LAYER
  5
62
330
1
100
AcDbSymbolTableRecord
100
AcDbLayerTableRecord
  2
S-INCENDIO
 70
0
 62
1
  6
CONTINUOUS
370
25
390
13
347
21
1001
AcAecLayerStandard
1000

1000
Extintores y protección contra incendio
  0
LAYER
  5
63
330
1
100
AcDbSymbolTableRecord
100
AcDbLayerTableRecord
  2
S-ESCAPE
 70
0
 62
3
  6
CONTINUOUS
370
35
390
13
347
21
1001
AcAecLayerStandard
1000

1000
Medios de escape y salidas
  0
ENDTAB
  0
TABLE
  2
STYLE
  5
5
330
0
100
AcDbSymbolTable
 70
2
  0
STYLE
  5
29
330
5
100
AcDbSymbolTableRecord
100
AcDbTextStyleTableRecord
  2
Standard
 70
0
 40
0.0
 41
1.0
 50
0.0
 71
0
 42
2.5
  3
txt
  4

  0
STYLE
  5
3E
330
5
100
AcDbSymbolTableRecord
100
AcDbTextStyleTableRecord
  2
ISO3098
 70
0
 40
0.0
 41
1.0
 50
0.0
 71
0
 42
2.5
  3
isocpeur.ttf
  4

  0
ENDTAB
  0
TABLE
  2
VIEW
  5
7
330
0
100
AcDbSymbolTable
 70
0
  0
ENDTAB
  0
TABLE
  2
UCS
  5
6
330
0
100
AcDbSymbolTable
 70
0
  0
ENDTAB
  0
TABLE
  2
APPID
  5
3
330
0
100
AcDbSymbolTable
 70
4
  0
APPID
  5
2A
330
3
100
AcDbSymbolTableRecord
100
AcDbRegAppTableRecord
  2
ACAD
 70
0
  0
APPID
  5
32
330
3
100
AcDbSymbolTableRecord
100
AcDbRegAppTableRecord
  2
AcAecLayerStandard
 70
0
  0
APPID
  5
BF0
330
3
100
AcDbSymbolTableRecord
100
AcDbRegAppTableRecord
  2
HATCHBACKGROUNDCOLOR
 70
0
  0
APPID
  5
BF1
330
3
100
AcDbSymbolTableRecord
100
AcDbRegAppTableRecord
  2
EZDXF
 70
0
  0
ENDTAB
  0
TABLE
  2
DIMSTYLE
  5
4
330
0
100
AcDbSymbolTable
 70
2
100
AcDbDimStyleTable
  0
DIMSTYLE
105
2B
330
4
100
AcDbSymbolTableRecord
100
AcDbDimStyleTableRecord
  2
Standard
 70
0
 40
1.0
 41
2.5
 42
0.625
 43
3.75
 44
1.25
 45
0.0
 46
0.0
 47
0.0
 48
0.0
 49
2.5
140
2.5
141
2.5
142
0.0
143
0.03937007874
144
1.0
145
0.0
146
1.0
147
0.625
148
0.0
 69
0
 70
0
 71
0
 72
0
 73
0
 74
0
 75
0
 76
0
 77
1
 78
8
 79
3
170
0
171
3
172
1
173
0
174
0
175
0
176
0
177
0
178
0
179
2
271
2
272
2
273
2
274
3
275
0
276
0
277
2
278
44
279
0
280
0
281
0
282
0
283
0
284
8
285
0
286
0
288
0
289
3
290
0
371
-2
372
-2
  0
DIMSTYLE
105
43
330
4
100
AcDbSymbolTableRecord
100
AcDbDimStyleTableRecord
  2
FLAMA-IRAM
 70
0
 40
1.0
 41
3.5
 42
1.5
 43
3.75
 44
2.0
 45
0.0
 46
0.0
 47
0.0
 48
0.0
 49
2.5
140
3.5
141
2.5
142
0.0
143
0.03937007874
144
1.0
145
0.0
146
1.0
147
1.0
148
0.0
 69
0
 70
0
 71
0
 72
0
 73
0
 74
0
 75
0
 76
0
 77
1
 78
8
 79
3
170
0
171
3
172
1
173
0
174
0
175
0
176
3
177
3
178
3
179
2
271
1
272
2
273
2
274
3
275
0
276
0
277
2
278
44
279
0
280
0
281
0
282
0
283
0
284
8
285
0
286
0
288
0
289
3
290
0
340
3E
342
3F
343
3F
344
3F
371
18
372
18
  0
ENDTAB
  0
TABLE
  2
BLOCK_RECORD
  5
9
330
0
100
AcDbSymbolTable
 70
4
  0
BLOCK_RECORD
  5
17
330
9
100
AcDbSymbolTableRecord
100
AcDbBlockTableRecord
  2
*Model_Space
340
1A
 70
0
280
1
281
0
  0
BLOCK_RECORD
  5
3F
330
9
100
AcDbSymbolTableRecord
100
AcDbBlockTableRecord
  2
IRAM_FLECHA
340
0
 70
0
280
1
281
0
  0
BLOCK_RECORD
  5
BEA
330
9
100
AcDbSymbolTableRecord
100
AcDbBlockTableRecord
  2
*Paper_Space1
340
BED
 70
0
280
1
281
0
  0
BLOCK_RECORD
  5
BE4
330
9
100
AcDbSymbolTableRecord
100
AcDbBlockTableRecord
  2
*Paper_Space
340
BE7
 70
0
280
1
281
0
  0
ENDTAB
  0
ENDSEC
  0
SECTION
  2
BLOCKS
  0
BLOCK
  5
18
330
17
100
AcDbEntity
  8
0
100
AcDbBlockBegin
  2
*Model_Space
 70
0
 10
0.0
 20
0.0
 30
0.0
  3
*Model_Space
  1

  0
ENDBLK
  5
19
330
17
100
AcDbEntity
  8
0
100
AcDbBlockEnd
  0
BLOCK
  5
40
330
3F
100
AcDbEntity
  8
0
100
AcDbBlockBegin
  2
IRAM_FLECHA
 70
0
 10
0.0
 20
0.0
 30
0.0
  3
IRAM_FLECHA
  1

  0
SOLID
  5
42
330
3F
100
AcDbEntity
  8
0
100
AcDbTrace
 10
0.0
 20
0.0
 30
0.0
 11
-1.0
 21
0.125
 31
0.0
 12
-1.0
 22
-0.125
 32
0.0
 13
-1.0
 23
-0.125
 33
0.0
  0
ENDBLK
  5
41
330
3F
100
AcDbEntity
  8
0
100
AcDbBlockEnd
  0
BLOCK
  5
BEB
330
BEA
100
AcDbEntity
  8
0
100
AcDbBlockBegin
  2
*Paper_Space1
 70
0
 10
0.0
 20
0.0
 30
0.0
  3
*Paper_Space1
  1

  0
VIEWPORT
  5
BEE
330
BEA
100
AcDbEntity
 67
1
  8
VIEWPORTS
100
AcDbViewport
 10
913152.0
 20
645888.0
 30
0.0
 40
2008934.4000000001
 41
1420953.6
 68
1
 69
1
 12
913152.0
 22
645888.0
 13
0.0
 23
0.0
 14
10.0
 24
10.0
 15
10.0
 25
10.0
 16
0.0
 26
0.0
 36
1.0
 17
0.0
 27
0.0
 37
0.0
 42
50.0
 43
0.0
 44
0.0
 45
1420953.6
 50
0.0
 51
0.0
 72
100
 90
557088
  1

281
0
 71
0
 74
0
110
0.0
120
0.0
130
0.0
111
1.0
121
0.0
131
0.0
112
0.0
122
1.0
132
0.0
 79
0
146
0.0
282
0
  0
VIEWPORT
  5
BEF
330
BEA
100
AcDbEntity
 67
1
  8
VIEWPORTS
100
AcDbViewport
 10
594.5
 20
420.5
 30
0.0
 40
1189.0
 41
841.0
 68
2
 69
3
 12
2183.5
 22
420.5
 13
0.0
 23
0.0
 14
10.0
 24
10.0
 15
10.0
 25
10.0
 16
0.0
 26
0.0
 36
1.0
 17
0.0
 27
0.0
 37
0.0
 42
50.0
 43
0.0
 44
0.0
 45
841.0
 50
0.0
 51
0.0
 72
100
 90
0
  1

281
0
 71
0
 74
0
110
0.0
120
0.0
130
0.0
111
1.0
121
0.0
131
0.0
112
0.0
122
1.0
132
0.0
 79
0
146
0.0
282
0
  0
ENDBLK
  5
BEC
330
BEA
100
AcDbEntity
  8
0
100
AcDbBlockEnd
  0
BLOCK
  5
BE5
330
BE4
100
AcDbEntity
  8
0
100
AcDbBlockBegin
  2
*Paper_Space
 70
0
 10
0.0
 20
0.0
 30
0.0
  3
*Paper_Space
  1

  0
ENDBLK
  5
BE6
330
BE4
100
AcDbEntity
  8
0
100
AcDbBlockEnd
  0
ENDSEC
  0
SECTION
  2
ENTITIES
  0
LWPOLYLINE
  5
64
330
17
100
AcDbEntity
  8
08-FINA
100
AcDbPolyline
 90
4
 70
1
 10
0.0
 20
0.0
 10
1189.0
 20
0.0
 10
1189.0
 20
841.0
 10
0.0
 20
841.0
  0
LWPOLYLINE
  5
65
330
17
100
AcDbEntity
  8
07-RECUADRO
100
AcDbPolyline
 90
4
 70
1
 10
25.0
 20
10.0
 10
1179.0
 20
10.0
 10
1179.0
 20
831.0
 10
25.0
 20
831.0
  0
LINE
  5
66
330
17
100
AcDbEntity
  8
07-RECUADRO
100
AcDbLine
 10
594.5
 20
0.0
 30
0.0
 11
594.5
 21
15.0
 31
0.0
  0
LINE
  5
67
330
17
100
AcDbEntity
  8
07-RECUADRO
100
AcDbLine
 10
594.5
 20
841.0
 30
0.0
 11
594.5
 21
826.0
 31
0.0
  0
LINE
  5
68
330
17
100
AcDbEntity
  8
07-RECUADRO
100
AcDbLine
 10
0.0
 20
420.5
 30
0.0
 11
30.0
 21
420.5
 31
0.0
  0
LINE
  5
69
330
17
100
AcDbEntity
  8
07-RECUADRO
100
AcDbLine
 10
1189.0
 20
420.5
 30
0.0
 11
1174.0
 21
420.5
 31
0.0
  0
LINE
  5
6A
330
17
100
AcDbEntity
  8
08-FINA
100
AcDbLine
 10
44.5
 20
10.0
 30
0.0
 11
44.5
 21
5.0
 31
0.0
  0
LINE
  5
6B
330
17
100
AcDbEntity
  8
08-FINA
100
AcDbLine
 10
44.5
 20
831.0
 30
0.0
 11
44.5
 21
836.0
 31
0.0
  0
LINE
  5
6C
330
17
100
AcDbEntity
  8
08-FINA
100
AcDbLine
 10
94.5
 20
10.0
 30
0.0
 11
94.5
 21
5.0
 31
0.0
  0
LINE
  5
6D
330
17
100
AcDbEntity
  8
08-FINA
100
AcDbLine
 10
94.5
 20
831.0
 30
0.0
 11
94.5
 21
836.0
 31
0.0
  0
LINE
  5
6E
330
17
100
AcDbEntity
  8
08-FINA
100
AcDbLine
 10
144.5
 20
10.0
 30
0.0
 11
144.5
 21
5.0
 31
0.0
  0
LINE
  5
6F
330
17
100
AcDbEntity
  8
08-FINA
100
AcDbLine
 10
144.5
 20
831.0
 30
0.0
 11
144.5
 21
836.0
 31
0.0
  0
LINE
  5
70
330
17
100
AcDbEntity
  8
08-FINA
100
AcDbLine
 10
194.5
 20
10.0
 30
0.0
 11
194.5
 21
5.0
 31
0.0
  0
LINE
  5
71
330
17
100
AcDbEntity
  8
08-FINA
100
AcDbLine
 10
194.5
 20
831.0
 30
0.0
 11
194.5
 21
836.0
 31
0.0
  0
LINE
  5
72
330
17
100
AcDbEntity
  8
08-FINA
100
AcDbLine
 10
244.5
 20
10.0
 30
0.0
 11
244.5
 21
5.0
 31
0.0
  0
LINE
  5
73
330
17
100
AcDbEntity
  8
08-FINA
100
AcDbLine
 10
244.5
 20
831.0
 30
0.0
 11
244.5
 21
836.0
 31
0.0
  0
LINE
  5
74
330
17
100
AcDbEntity
  8
08-FINA
100
AcDbLine
 10
294.5
 20
10.0
 30
0.0
 11
294.5
 21
5.0
 31
0.0
  0
LINE
  5
75
330
17
100
AcDbEntity
  8
08-FINA
100
AcDbLine
 10
294.5
 20
831.0
 30
0.0
 11
294.5
 21
836.0
 31
0.0
  0
LINE
  5
76
330
17
100
AcDbEntity
  8
08-FINA
100
AcDbLine
 10
344.5
 20
10.0
 30
0.0
 11
344.5
 21
5.0
 31
0.0
  0
LINE
  5
77
330
17
100
AcDbEntity
  8
08-FINA
100
AcDbLine
 10
344.5
 20
831.0
 30
0.0
 11
344.5
 21
836.0
 31
0.0
  0
LINE
  5
78
330
17
100
AcDbEntity
  8
08-FINA
100
AcDbLine
 10
394.5
 20
10.0
 30
0.0
 11
394.5
 21
5.0
 31
0.0
  0
LINE
  5
79
330
17
100
AcDbEntity
  8
08-FINA
100
AcDbLine
 10
394.5
 20
831.0
 30
0.0
 11
394.5
 21
836.0
 31
0.0
  0
LINE
  5
7A
330
17
100
AcDbEntity
  8
08-FINA
100
AcDbLine
 10
444.5
 20
10.0
 30
0.0
 11
444.5
 21
5.0
 31
0.0
  0
LINE
  5
7B
330
17
100
AcDbEntity
  8
08-FINA
100
AcDbLine
 10
444.5
 20
831.0
 30
0.0
 11
444.5
 21
836.0
 31
0.0
  0
LINE
  5
7C
330
17
100
AcDbEntity
  8
08-FINA
100
AcDbLine
 10
494.5
 20
10.0
 30
0.0
 11
494.5
 21
5.0
 31
0.0
  0
LINE
  5
7D
330
17
100
AcDbEntity
  8
08-FINA
100
AcDbLine
 10
494.5
 20
831.0
 30
0.0
 11
494.5
 21
836.0
 31
0.0
  0
LINE
  5
7E
330
17
100
AcDbEntity
  8
08-FINA
100
AcDbLine
 10
544.5
 20
10.0
 30
0.0
 11
544.5
 21
5.0
 31
0.0
  0
LINE
  5
7F
330
17
100
AcDbEntity
  8
08-FINA
100
AcDbLine
 10
544.5
 20
831.0
 30
0.0
 11
544.5
 21
836.0
 31
0.0
  0
LINE
  5
80
330
17
100
AcDbEntity
  8
08-FINA
100
AcDbLine
 10
644.5
 20
10.0
 30
0.0
 11
644.5
 21
5.0
 31
0.0
  0
LINE
  5
81
330
17
100
AcDbEntity
  8
08-FINA
100
AcDbLine
 10
644.5
 20
831.0
 30
0.0
 11
644.5
 21
836.0
 31
0.0
  0
LINE
  5
82
330
17
100
AcDbEntity
  8
08-FINA
100
AcDbLine
 10
694.5
 20
10.0
 30
0.0
 11
694.5
 21
5.0
 31
0.0
  0
LINE
  5
83
330
17
100
AcDbEntity
  8
08-FINA
100
AcDbLine
 10
694.5
 20
831.0
 30
0.0
 11
694.5
 21
836.0
 31
0.0
  0
LINE
  5
84
330
17
100
AcDbEntity
  8
08-FINA
100
AcDbLine
 10
744.5
 20
10.0
 30
0.0
 11
744.5
 21
5.0
 31
0.0
  0
LINE
  5
85
330
17
100
AcDbEntity
  8
08-FINA
100
AcDbLine
 10
744.5
 20
831.0
 30
0.0
 11
744.5
 21
836.0
 31
0.0
  0
LINE
  5
86
330
17
100
AcDbEntity
  8
08-FINA
100
AcDbLine
 10
794.5
 20
10.0
 30
0.0
 11
794.5
 21
5.0
 31
0.0
  0
LINE
  5
87
330
17
100
AcDbEntity
  8
08-FINA
100
AcDbLine
 10
794.5
 20
831.0
 30
0.0
 11
794.5
 21
836.0
 31
0.0
  0
LINE
  5
88
330
17
100
AcDbEntity
  8
08-FINA
100
AcDbLine
 10
844.5
 20
10.0
 30
0.0
 11
844.5
 21
5.0
 31
0.0
  0
LINE
  5
89
330
17
100
AcDbEntity
  8
08-FINA
100
AcDbLine
 10
844.5
 20
831.0
 30
0.0
 11
844.5
 21
836.0
 31
0.0
  0
LINE
  5
8A
330
17
100
AcDbEntity
  8
08-FINA
100
AcDbLine
 10
894.5
 20
10.0
 30
0.0
 11
894.5
 21
5.0
 31
0.0
  0
LINE
  5
8B
330
17
100
AcDbEntity
  8
08-FINA
100
AcDbLine
 10
894.5
 20
831.0
 30
0.0
 11
894.5
 21
836.0
 31
0.0
  0
LINE
  5
8C
330
17
100
AcDbEntity
  8
08-FINA
100
AcDbLine
 10
944.5
 20
10.0
 30
0.0
 11
944.5
 21
5.0
 31
0.0
  0
LINE
  5
8D
330
17
100
AcDbEntity
  8
08-FINA
100
AcDbLine
 10
944.5
 20
831.0
 30
0.0
 11
944.5
 21
836.0
 31
0.0
  0
LINE
  5
8E
330
17
100
AcDbEntity
  8
08-FINA
100
AcDbLine
 10
994.5
 20
10.0
 30
0.0
 11
994.5
 21
5.0
 31
0.0
  0
LINE
  5
8F
330
17
100
AcDbEntity
  8
08-FINA
100
AcDbLine
 10
994.5
 20
831.0
 30
0.0
 11
994.5
 21
836.0
 31
0.0
  0
LINE
  5
90
330
17
100
AcDbEntity
  8
08-FINA
100
AcDbLine
 10
1044.5
 20
10.0
 30
0.0
 11
1044.5
 21
5.0
 31
0.0
  0
LINE
  5
91
330
17
100
AcDbEntity
  8
08-FINA
100
AcDbLine
 10
1044.5
 20
831.0
 30
0.0
 11
1044.5
 21
836.0
 31
0.0
  0
LINE
  5
92
330
17
100
AcDbEntity
  8
08-FINA
100
AcDbLine
 10
1094.5
 20
10.0
 30
0.0
 11
1094.5
 21
5.0
 31
0.0
  0
LINE
  5
93
330
17
100
AcDbEntity
  8
08-FINA
100
AcDbLine
 10
1094.5
 20
831.0
 30
0.0
 11
1094.5
 21
836.0
 31
0.0
  0
LINE
  5
94
330
17
100
AcDbEntity
  8
08-FINA
100
AcDbLine
 10
1144.5
 20
10.0
 30
0.0
 11
1144.5
 21
5.0
 31
0.0
  0
LINE
  5
95
330
17
100
AcDbEntity
  8
08-FINA
100
AcDbLine
 10
1144.5
 20
831.0
 30
0.0
 11
1144.5
 21
836.0
 31
0.0
  0
LINE
  5
96
330
17
100
AcDbEntity
  8
08-FINA
100
AcDbLine
 10
25.0
 20
20.5
 30
0.0
 11
20.0
 21
20.5
 31
0.0
  0
LINE
  5
97
330
17
100
AcDbEntity
  8
08-FINA
100
AcDbLine
 10
1179.0
 20
20.5
 30
0.0
 11
1184.0
 21
20.5
 31
0.0
  0
LINE
  5
98
330
17
100
AcDbEntity
  8
08-FINA
100
AcDbLine
 10
25.0
 20
70.5
 30
0.0
 11
20.0
 21
70.5
 31
0.0
  0
LINE
  5
99
330
17
100
AcDbEntity
  8
08-FINA
100
AcDbLine
 10
1179.0
 20
70.5
 30
0.0
 11
1184.0
 21
70.5
 31
0.0
  0
LINE
  5
9A
330
17
100
AcDbEntity
  8
08-FINA
100
AcDbLine
 10
25.0
 20
120.5
 30
0.0
 11
20.0
 21
120.5
 31
0.0
  0
LINE
  5
9B
330
17
100
AcDbEntity
  8
08-FINA
100
AcDbLine
 10
1179.0
 20
120.5
 30
0.0
 11
1184.0
 21
120.5
 31
0.0
  0
LINE
  5
9C
330
17
100
AcDbEntity
  8
08-FINA
100
AcDbLine
 10
25.0
 20
170.5
 30
0.0
 11
20.0
 21
170.5
 31
0.0
  0
LINE
  5
9D
330
17
100
AcDbEntity
  8
08-FINA
100
AcDbLine
 10
1179.0
 20
170.5
 30
0.0
 11
1184.0
 21
170.5
 31
0.0
  0
LINE
  5
9E
330
17
100
AcDbEntity
  8
08-FINA
100
AcDbLine
 10
25.0
 20
220.5
 30
0.0
 11
20.0
 21
220.5
 31
0.0
  0
LINE
  5
9F
330
17
100
AcDbEntity
  8
08-FINA
100
AcDbLine
 10
1179.0
 20
220.5
 30
0.0
 11
1184.0
 21
220.5
 31
0.0
  0
LINE
  5
A0
330
17
100
AcDbEntity
  8
08-FINA
100
AcDbLine
 10
25.0
 20
270.5
 30
0.0
 11
20.0
 21
270.5
 31
0.0
  0
LINE
  5
A1
330
17
100
AcDbEntity
  8
08-FINA
100
AcDbLine
 10
1179.0
 20
270.5
 30
0.0
 11
1184.0
 21
270.5
 31
0.0
  0
LINE
  5
A2
330
17
100
AcDbEntity
  8
08-FINA
100
AcDbLine
 10
25.0
 20
320.5
 30
0.0
 11
20.0
 21
320.5
 31
0.0
  0
LINE
  5
A3
330
17
100
AcDbEntity
  8
08-FINA
100
AcDbLine
 10
1179.0
 20
320.5
 30
0.0
 11
1184.0
 21
320.5
 31
0.0
  0
LINE
  5
A4
330
17
100
AcDbEntity
  8
08-FINA
100
AcDbLine
 10
25.0
 20
370.5
 30
0.0
 11
20.0
 21
370.5
 31
0.0
  0
LINE
  5
A5
330
17
100
AcDbEntity
  8
08-FINA
100
AcDbLine
 10
1179.0
 20
370.5
 30
0.0
 11
1184.0
 21
370.5
 31
0.0
  0
LINE
  5
A6
330
17
100
AcDbEntity
  8
08-FINA
100
AcDbLine
 10
25.0
 20
470.5
 30
0.0
 11
20.0
 21
470.5
 31
0.0
  0
LINE
  5
A7
330
17
100
AcDbEntity
  8
08-FINA
100
AcDbLine
 10
1179.0
 20
470.5
 30
0.0
 11
1184.0
 21
470.5
 31
0.0
  0
LINE
  5
A8
330
17
100
AcDbEntity
  8
08-FINA
100
AcDbLine
 10
25.0
 20
520.5
 30
0.0
 11
20.0
 21
520.5
 31
0.0
  0
LINE
  5
A9
330
17
100
AcDbEntity
  8
08-FINA
100
AcDbLine
 10
1179.0
 20
520.5
 30
0.0
 11
1184.0
 21
520.5
 31
0.0
  0
LINE
  5
AA
330
17
100
AcDbEntity
  8
08-FINA
100
AcDbLine
 10
25.0
 20
570.5
 30
0.0
 11
20.0
 21
570.5
 31
0.0
  0
LINE
  5
AB
330
17
100
AcDbEntity
  8
08-FINA
100
AcDbLine
 10
1179.0
 20
570.5
 30
0.0
 11
1184.0
 21
570.5
 31
0.0
  0
LINE
  5
AC
330
17
100
AcDbEntity
  8
08-FINA
100
AcDbLine
 10
25.0
 20
620.5
 30
0.0
 11
20.0
 21
620.5
 31
0.0
  0
LINE
  5
AD
330
17
100
AcDbEntity
  8
08-FINA
100
AcDbLine
 10
1179.0
 20
620.5
 30
0.0
 11
1184.0
 21
620.5
 31
0.0
  0
LINE
  5
AE
330
17
100
AcDbEntity
  8
08-FINA
100
AcDbLine
 10
25.0
 20
670.5
 30
0.0
 11
20.0
 21
670.5
 31
0.0
  0
LINE
  5
AF
330
17
100
AcDbEntity
  8
08-FINA
100
AcDbLine
 10
1179.0
 20
670.5
 30
0.0
 11
1184.0
 21
670.5
 31
0.0
  0
LINE
  5
B0
330
17
100
AcDbEntity
  8
08-FINA
100
AcDbLine
 10
25.0
 20
720.5
 30
0.0
 11
20.0
 21
720.5
 31
0.0
  0
LINE
  5
B1
330
17
100
AcDbEntity
  8
08-FINA
100
AcDbLine
 10
1179.0
 20
720.5
 30
0.0
 11
1184.0
 21
720.5
 31
0.0
  0
LINE
  5
B2
330
17
100
AcDbEntity
  8
08-FINA
100
AcDbLine
 10
25.0
 20
770.5
 30
0.0
 11
20.0
 21
770.5
 31
0.0
  0
LINE
  5
B3
330
17
100
AcDbEntity
  8
08-FINA
100
AcDbLine
 10
1179.0
 20
770.5
 30
0.0
 11
1184.0
 21
770.5
 31
0.0
  0
LINE
  5
B4
330
17
100
AcDbEntity
  8
08-FINA
100
AcDbLine
 10
25.0
 20
820.5
 30
0.0
 11
20.0
 21
820.5
 31
0.0
  0
LINE
  5
B5
330
17
100
AcDbEntity
  8
08-FINA
100
AcDbLine
 10
1179.0
 20
820.5
 30
0.0
 11
1184.0
 21
820.5
 31
0.0
  0
TEXT
  5
B6
330
17
100
AcDbEntity
  8
06-TEXTO
100
AcDbText
 10
34.75
 20
5.0
 30
0.0
 40
3.5
  1
1
  7
ISO3098
 72
1
 11
34.75
 21
5.0
 31
0.0
100
AcDbText
 73
2
  0
TEXT
  5
B7
330
17
100
AcDbEntity
  8
06-TEXTO
100
AcDbText
 10
34.75
 20
836.0
 30
0.0
 40
3.5
  1
1
  7
ISO3098
 72
1
 11
34.75
 21
836.0
 31
0.0
100
AcDbText
 73
2
  0
TEXT
  5
B8
330
17
100
AcDbEntity
  8
06-TEXTO
100
AcDbText
 10
69.5
 20
5.0
 30
0.0
 40
3.5
  1
2
  7
ISO3098
 72
1
 11
69.5
 21
5.0
 31
0.0
100
AcDbText
 73
2
  0
TEXT
  5
B9
330
17
100
AcDbEntity
  8
06-TEXTO
100
AcDbText
 10
69.5
 20
836.0
 30
0.0
 40
3.5
  1
2
  7
ISO3098
 72
1
 11
69.5
 21
836.0
 31
0.0
100
AcDbText
 73
2
  0
TEXT
  5
BA
330
17
100
AcDbEntity
  8
06-TEXTO
100
AcDbText
 10
119.5
 20
5.0
 30
0.0
 40
3.5
  1
3
  7
ISO3098
 72
1
 11
119.5
 21
5.0
 31
0.0
100
AcDbText
 73
2
  0
TEXT
  5
BB
330
17
100
AcDbEntity
  8
06-TEXTO
100
AcDbText
 10
119.5
 20
836.0
 30
0.0
 40
3.5
  1
3
  7
ISO3098
 72
1
 11
119.5
 21
836.0
 31
0.0
100
AcDbText
 73
2
  0
TEXT
  5
BC
330
17
100
AcDbEntity
  8
06-TEXTO
100
AcDbText
 10
169.5
 20
5.0
 30
0.0
 40
3.5
  1
4
  7
ISO3098
 72
1
 11
169.5
 21
5.0
 31
0.0
100
AcDbText
 73
2
  0
TEXT
  5
BD
330
17
100
AcDbEntity
  8
06-TEXTO
100
AcDbText
 10
169.5
 20
836.0
 30
0.0
 40
3.5
  1
4
  7
ISO3098
 72
1
 11
169.5
 21
836.0
 31
0.0
100
AcDbText
 73
2
  0
TEXT
  5
BE
330
17
100
AcDbEntity
  8
06-TEXTO
100
AcDbText
 10
219.5
 20
5.0
 30
0.0
 40
3.5
  1
5
  7
ISO3098
 72
1
 11
219.5
 21
5.0
 31
0.0
100
AcDbText
 73
2
  0
TEXT
  5
BF
330
17
100
AcDbEntity
  8
06-TEXTO
100
AcDbText
 10
219.5
 20
836.0
 30
0.0
 40
3.5
  1
5
  7
ISO3098
 72
1
 11
219.5
 21
836.0
 31
0.0
100
AcDbText
 73
2
  0
TEXT
  5
C0
330
17
100
AcDbEntity
  8
06-TEXTO
100
AcDbText
 10
269.5
 20
5.0
 30
0.0
 40
3.5
  1
6
  7
ISO3098
 72
1
 11
269.5
 21
5.0
 31
0.0
100
AcDbText
 73
2
  0
TEXT
  5
C1
330
17
100
AcDbEntity
  8
06-TEXTO
100
AcDbText
 10
269.5
 20
836.0
 30
0.0
 40
3.5
  1
6
  7
ISO3098
 72
1
 11
269.5
 21
836.0
 31
0.0
100
AcDbText
 73
2
  0
TEXT
  5
C2
330
17
100
AcDbEntity
  8
06-TEXTO
100
AcDbText
 10
319.5
 20
5.0
 30
0.0
 40
3.5
  1
7
  7
ISO3098
 72
1
 11
319.5
 21
5.0
 31
0.0
100
AcDbText
 73
2
  0
TEXT
  5
C3
330
17
100
AcDbEntity
  8
06-TEXTO
100
AcDbText
 10
319.5
 20
836.0
 30
0.0
 40
3.5
  1
7
  7
ISO3098
 72
1
 11
319.5
 21
836.0
 31
0.0
100
AcDbText
 73
2
  0
TEXT
  5
C4
330
17
100
AcDbEntity
  8
06-TEXTO
100
AcDbText
 10
369.5
 20
5.0
 30
0.0
 40
3.5
  1
8
  7
ISO3098
 72
1
 11
369.5
 21
5.0
 31
0.0
100
AcDbText
 73
2
  0
TEXT
  5
C5
330
17
100
AcDbEntity
  8
06-TEXTO
100
AcDbText
 10
369.5
 20
836.0
 30
0.0
 40
3.5
  1
8
  7
ISO3098
 72
1
 11
369.5
 21
836.0
 31
0.0
100
AcDbText
 73
2
  0
TEXT
  5
C6
330
17
100
AcDbEntity
  8
06-TEXTO
100
AcDbText
 10
419.5
 20
5.0
 30
0.0
 40
3.5
  1
9
  7
ISO3098
 72
1
 11
419.5
 21
5.0
 31
0.0
100
AcDbText
 73
2
  0
TEXT
  5
C7
330
17
100
AcDbEntity
  8
06-TEXTO
100
AcDbText
 10
419.5
 20
836.0
 30
0.0
 40
3.5
  1
9
  7
ISO3098
 72
1
 11
419.5
 21
836.0
 31
0.0
100
AcDbText
 73
2
  0
TEXT
  5
C8
330
17
100
AcDbEntity
  8
06-TEXTO
100
AcDbText
 10
469.5
 20
5.0
 30
0.0
 40
3.5
  1
10
  7
ISO3098
 72
1
 11
469.5
 21
5.0
 31
0.0
100
AcDbText
 73
2
  0
TEXT
  5
C9
330
17
100
AcDbEntity
  8
06-TEXTO
100
AcDbText
 10
469.5
 20
836.0
 30
0.0
 40
3.5
  1
10
  7
ISO3098
 72
1
 11
469.5
 21
836.0
 31
0.0
100
AcDbText
 73
2
  0
TEXT
  5
CA
330
17
100
AcDbEntity
  8
06-TEXTO
100
AcDbText
 10
519.5
 20
5.0
 30
0.0
 40
3.5
  1
11
  7
ISO3098
 72
1
 11
519.5
 21
5.0
 31
0.0
100
AcDbText
 73
2
  0
TEXT
  5
CB
330
17
100
AcDbEntity
  8
06-TEXTO
100
AcDbText
 10
519.5
 20
836.0
 30
0.0
 40
3.5
  1
11
  7
ISO3098
 72
1
 11
519.5
 21
836.0
 31
0.0
100
AcDbText
 73
2
  0
TEXT
  5
CC
330
17
100
AcDbEntity
  8
06-TEXTO
100
AcDbText
 10
569.5
 20
5.0
 30
0.0
 40
3.5
  1
12
  7
ISO3098
 72
1
 11
569.5
 21
5.0
 31
0.0
100
AcDbText
 73
2
  0
TEXT
  5
CD
330
17
100
AcDbEntity
  8
06-TEXTO
100
AcDbText
 10
569.5
 20
836.0
 30
0.0
 40
3.5
  1
12
  7
ISO3098
 72
1
 11
569.5
 21
836.0
 31
0.0
100
AcDbText
 73
2
  0
TEXT
  5
CE
330
17
100
AcDbEntity
  8
06-TEXTO
100
AcDbText
 10
619.5
 20
5.0
 30
0.0
 40
3.5
  1
13
  7
ISO3098
 72
1
 11
619.5
 21
5.0
 31
0.0
100
AcDbText
 73
2
  0
TEXT
  5
CF
330
17
100
AcDbEntity
  8
06-TEXTO
100
AcDbText
 10
619.5
 20
836.0
 30
0.0
 40
3.5
  1
13
  7
ISO3098
 72
1
 11
619.5
 21
836.0
 31
0.0
100
AcDbText
 73
2
  0
TEXT
  5
D0
330
17
100
AcDbEntity
  8
06-TEXTO
100
AcDbText
 10
669.5
 20
5.0
 30
0.0
 40
3.5
  1
14
  7
ISO3098
 72
1
 11
669.5
 21
5.0
 31
0.0
100
AcDbText
 73
2
  0
TEXT
  5
D1
330
17
100
AcDbEntity
  8
06-TEXTO
100
AcDbText
 10
669.5
 20
836.0
 30
0.0
 40
3.5
  1
14
  7
ISO3098
 72
1
 11
669.5
 21
836.0
 31
0.0
100
AcDbText
 73
2
  0
TEXT
  5
D2
330
17
100
AcDbEntity
  8
06-TEXTO
100
AcDbText
 10
719.5
 20
5.0
 30
0.0
 40
3.5
  1
15
  7
ISO3098
 72
1
 11
719.5
 21
5.0
 31
0.0
100
AcDbText
 73
2
  0
TEXT
  5
D3
330
17
100
AcDbEntity
  8
06-TEXTO
100
AcDbText
 10
719.5
 20
836.0
 30
0.0
 40
3.5
  1
15
  7
ISO3098
 72
1
 11
719.5
 21
836.0
 31
0.0
100
AcDbText
 73
2
  0
TEXT
  5
D4
330
17
100
AcDbEntity
  8
06-TEXTO
100
AcDbText
 10
769.5
 20
5.0
 30
0.0
 40
3.5
  1
16
  7
ISO3098
 72
1
 11
769.5
 21
5.0
 31
0.0
100
AcDbText
 73
2
  0
TEXT
  5
D5
330
17
100
AcDbEntity
  8
06-TEXTO
100
AcDbText
 10
769.5
 20
836.0
 30
0.0
 40
3.5
  1
16
  7
ISO3098
 72
1
 11
769.5
 21
836.0
 31
0.0
100
AcDbText
 73
2
  0
TEXT
  5
D6
330
17
100
AcDbEntity
  8
06-TEXTO
100
AcDbText
 10
819.5
 20
5.0
 30
0.0
 40
3.5
  1
17
  7
ISO3098
 72
1
 11
819.5
 21
5.0
 31
0.0
100
AcDbText
 73
2
  0
TEXT
  5
D7
330
17
100
AcDbEntity
  8
06-TEXTO
100
AcDbText
 10
819.5
 20
836.0
 30
0.0
 40
3.5
  1
17
  7
ISO3098
 72
1
 11
819.5
 21
836.0
 31
0.0
100
AcDbText
 73
2
  0
TEXT
  5
D8
330
17
100
AcDbEntity
  8
06-TEXTO
100
AcDbText
 10
869.5
 20
5.0
 30
0.0
 40
3.5
  1
18
  7
ISO3098
 72
1
 11
869.5
 21
5.0
 31
0.0
100
AcDbText
 73
2
  0
TEXT
  5
D9
330
17
100
AcDbEntity
  8
06-TEXTO
100
AcDbText
 10
869.5
 20
836.0
 30
0.0
 40
3.5
  1
18
  7
ISO3098
 72
1
 11
869.5
 21
836.0
 31
0.0
100
AcDbText
 73
2
  0
TEXT
  5
DA
330
17
100
AcDbEntity
  8
06-TEXTO
100
AcDbText
 10
919.5
 20
5.0
 30
0.0
 40
3.5
  1
19
  7
ISO3098
 72
1
 11
919.5
 21
5.0
 31
0.0
100
AcDbText
 73
2
  0
TEXT
  5
DB
330
17
100
AcDbEntity
  8
06-TEXTO
100
AcDbText
 10
919.5
 20
836.0
 30
0.0
 40
3.5
  1
19
  7
ISO3098
 72
1
 11
919.5
 21
836.0
 31
0.0
100
AcDbText
 73
2
  0
TEXT
  5
DC
330
17
100
AcDbEntity
  8
06-TEXTO
100
AcDbText
 10
969.5
 20
5.0
 30
0.0
 40
3.5
  1
20
  7
ISO3098
 72
1
 11
969.5
 21
5.0
 31
0.0
100
AcDbText
 73
2
  0
TEXT
  5
DD
330
17
100
AcDbEntity
  8
06-TEXTO
100
AcDbText
 10
969.5
 20
836.0
 30
0.0
 40
3.5
  1
20
  7
ISO3098
 72
1
 11
969.5
 21
836.0
 31
0.0
100
AcDbText
 73
2
  0
TEXT
  5
DE
330
17
100
AcDbEntity
  8
06-TEXTO
100
AcDbText
 10
1019.5
 20
5.0
 30
0.0
 40
3.5
  1
21
  7
ISO3098
 72
1
 11
1019.5
 21
5.0
 31
0.0
100
AcDbText
 73
2
  0
TEXT
  5
DF
330
17
100
AcDbEntity
  8
06-TEXTO
100
AcDbText
 10
1019.5
 20
836.0
 30
0.0
 40
3.5
  1
21
  7
ISO3098
 72
1
 11
1019.5
 21
836.0
 31
0.0
100
AcDbText
 73
2
  0
TEXT
  5
E0
330
17
100
AcDbEntity
  8
06-TEXTO
100
AcDbText
 10
1069.5
 20
5.0
 30
0.0
 40
3.5
  1
22
  7
ISO3098
 72
1
 11
1069.5
 21
5.0
 31
0.0
100
AcDbText
 73
2
  0
TEXT
  5
E1
330
17
100
AcDbEntity
  8
06-TEXTO
100
AcDbText
 10
1069.5
 20
836.0
 30
0.0
 40
3.5
  1
22
  7
ISO3098
 72
1
 11
1069.5
 21
836.0
 31
0.0
100
AcDbText
 73
2
  0
TEXT
  5
E2
330
17
100
AcDbEntity
  8
06-TEXTO
100
AcDbText
 10
1119.5
 20
5.0
 30
0.0
 40
3.5
  1
23
  7
ISO3098
 72
1
 11
1119.5
 21
5.0
 31
0.0
100
AcDbText
 73
2
  0
TEXT
  5
E3
330
17
100
AcDbEntity
  8
06-TEXTO
100
AcDbText
 10
1119.5
 20
836.0
 30
0.0
 40
3.5
  1
23
  7
ISO3098
 72
1
 11
1119.5
 21
836.0
 31
0.0
100
AcDbText
 73
2
  0
TEXT
  5
E4
330
17
100
AcDbEntity
  8
06-TEXTO
100
AcDbText
 10
1161.75
 20
5.0
 30
0.0
 40
3.5
  1
24
  7
ISO3098
 72
1
 11
1161.75
 21
5.0
 31
0.0
100
AcDbText
 73
2
  0
TEXT
  5
E5
330
17
100
AcDbEntity
  8
06-TEXTO
100
AcDbText
 10
1161.75
 20
836.0
 30
0.0
 40
3.5
  1
24
  7
ISO3098
 72
1
 11
1161.75
 21
836.0
 31
0.0
100
AcDbText
 73
2
  0
TEXT
  5
E6
330
17
100
AcDbEntity
  8
06-TEXTO
100
AcDbText
 10
15.0
 20
15.25
 30
0.0
 40
3.5
  1
T
  7
ISO3098
 72
1
 11
15.0
 21
15.25
 31
0.0
100
AcDbText
 73
2
  0
TEXT
  5
E7
330
17
100
AcDbEntity
  8
06-TEXTO
100
AcDbText
 10
1184.0
 20
15.25
 30
0.0
 40
3.5
  1
T
  7
ISO3098
 72
1
 11
1184.0
 21
15.25
 31
0.0
100
AcDbText
 73
2
  0
TEXT
  5
E8
330
17
100
AcDbEntity
  8
06-TEXTO
100
AcDbText
 10
15.0
 20
45.5
 30
0.0
 40
3.5
  1
S
  7
ISO3098
 72
1
 11
15.0
 21
45.5
 31
0.0
100
AcDbText
 73
2
  0
TEXT
  5
E9
330
17
100
AcDbEntity
  8
06-TEXTO
100
AcDbText
 10
1184.0
 20
45.5
 30
0.0
 40
3.5
  1
S
  7
ISO3098
 72
1
 11
1184.0
 21
45.5
 31
0.0
100
AcDbText
 73
2
  0
TEXT
  5
EA
330
17
100
AcDbEntity
  8
06-TEXTO
100
AcDbText
 10
15.0
 20
95.5
 30
0.0
 40
3.5
  1
R
  7
ISO3098
 72
1
 11
15.0
 21
95.5
 31
0.0
100
AcDbText
 73
2
  0
TEXT
  5
EB
330
17
100
AcDbEntity
  8
06-TEXTO
100
AcDbText
 10
1184.0
 20
95.5
 30
0.0
 40
3.5
  1
R
  7
ISO3098
 72
1
 11
1184.0
 21
95.5
 31
0.0
100
AcDbText
 73
2
  0
TEXT
  5
EC
330
17
100
AcDbEntity
  8
06-TEXTO
100
AcDbText
 10
15.0
 20
145.5
 30
0.0
 40
3.5
  1
Q
  7
ISO3098
 72
1
 11
15.0
 21
145.5
 31
0.0
100
AcDbText
 73
2
  0
TEXT
  5
ED
330
17
100
AcDbEntity
  8
06-TEXTO
100
AcDbText
 10
1184.0
 20
145.5
 30
0.0
 40
3.5
  1
Q
  7
ISO3098
 72
1
 11
1184.0
 21
145.5
 31
0.0
100
AcDbText
 73
2
  0
TEXT
  5
EE
330
17
100
AcDbEntity
  8
06-TEXTO
100
AcDbText
 10
15.0
 20
195.5
 30
0.0
 40
3.5
  1
P
  7
ISO3098
 72
1
 11
15.0
 21
195.5
 31
0.0
100
AcDbText
 73
2
  0
TEXT
  5
EF
330
17
100
AcDbEntity
  8
06-TEXTO
100
AcDbText
 10
1184.0
 20
195.5
 30
0.0
 40
3.5
  1
P
  7
ISO3098
 72
1
 11
1184.0
 21
195.5
 31
0.0
100
AcDbText
 73
2
  0
TEXT
  5
F0
330
17
100
AcDbEntity
  8
06-TEXTO
100
AcDbText
 10
15.0
 20
245.5
 30
0.0
 40
3.5
  1
N
  7
ISO3098
 72
1
 11
15.0
 21
245.5
 31
0.0
100
AcDbText
 73
2
  0
TEXT
  5
F1
330
17
100
AcDbEntity
  8
06-TEXTO
100
AcDbText
 10
1184.0
 20
245.5
 30
0.0
 40
3.5
  1
N
  7
ISO3098
 72
1
 11
1184.0
 21
245.5
 31
0.0
100
AcDbText
 73
2
  0
TEXT
  5
F2
330
17
100
AcDbEntity
  8
06-TEXTO
100
AcDbText
 10
15.0
 20
295.5
 30
0.0
 40
3.5
  1
M
  7
ISO3098
 72
1
 11
15.0
 21
295.5
 31
0.0
100
AcDbText
 73
2
  0
TEXT
  5
F3
330
17
100
AcDbEntity
  8
06-TEXTO
100
AcDbText
 10
1184.0
 20
295.5
 30
0.0
 40
3.5
  1
M
  7
ISO3098
 72
1
 11
1184.0
 21
295.5
 31
0.0
100
AcDbText
 73
2
  0
TEXT
  5
F4
330
17
100
AcDbEntity
  8
06-TEXTO
100
AcDbText
 10
15.0
 20
345.5
 30
0.0
 40
3.5
  1
L
  7
ISO3098
 72
1
 11
15.0
 21
345.5
 31
0.0
100
AcDbText
 73
2
  0
TEXT
  5
F5
330
17
100
AcDbEntity
  8
06-TEXTO
100
AcDbText
 10
1184.0
 20
345.5
 30
0.0
 40
3.5
  1
L
  7
ISO3098
 72
1
 11
1184.0
 21
345.5
 31
0.0
100
AcDbText
 73
2
  0
TEXT
  5
F6
330
17
100
AcDbEntity
  8
06-TEXTO
100
AcDbText
 10
15.0
 20
395.5
 30
0.0
 40
3.5
  1
K
  7
ISO3098
 72
1
 11
15.0
 21
395.5
 31
0.0
100
AcDbText
 73
2
  0
TEXT
  5
F7
330
17
100
AcDbEntity
  8
06-TEXTO
100
AcDbText
 10
1184.0
 20
395.5
 30
0.0
 40
3.5
  1
K
  7
ISO3098
 72
1
 11
1184.0
 21
395.5
 31
0.0
100
AcDbText
 73
2
  0
TEXT
  5
F8
330
17
100
AcDbEntity
  8
06-TEXTO
100
AcDbText
 10
15.0
 20
445.5
 30
0.0
 40
3.5
  1
J
  7
ISO3098
 72
1
 11
15.0
 21
445.5
 31
0.0
100
AcDbText
 73
2
  0
TEXT
  5
F9
330
17
100
AcDbEntity
  8
06-TEXTO
100
AcDbText
 10
1184.0
 20
445.5
 30
0.0
 40
3.5
  1
J
  7
ISO3098
 72
1
 11
1184.0
 21
445.5
 31
0.0
100
AcDbText
 73
2
  0
TEXT
  5
FA
330
17
100
AcDbEntity
  8
06-TEXTO
100
AcDbText
 10
15.0
 20
495.5
 30
0.0
 40
3.5
  1
H
  7
ISO3098
 72
1
 11
15.0
 21
495.5
 31
0.0
100
AcDbText
 73
2
  0
TEXT
  5
FB
330
17
100
AcDbEntity
  8
06-TEXTO
100
AcDbText
 10
1184.0
 20
495.5
 30
0.0
 40
3.5
  1
H
  7
ISO3098
 72
1
 11
1184.0
 21
495.5
 31
0.0
100
AcDbText
 73
2
  0
TEXT
  5
FC
330
17
100
AcDbEntity
  8
06-TEXTO
100
AcDbText
 10
15.0
 20
545.5
 30
0.0
 40
3.5
  1
G
  7
ISO3098
 72
1
 11
15.0
 21
545.5
 31
0.0
100
AcDbText
 73
2
  0
TEXT
  5
FD
330
17
100
AcDbEntity
  8
06-TEXTO
100
AcDbText
 10
1184.0
 20
545.5
 30
0.0
 40
3.5
  1
G
  7
ISO3098
 72
1
 11
1184.0
 21
545.5
 31
0.0
100
AcDbText
 73
2
  0
TEXT
  5
FE
330
17
100
AcDbEntity
  8
06-TEXTO
100
AcDbText
 10
15.0
 20
595.5
 30
0.0
 40
3.5
  1
F
  7
ISO3098
 72
1
 11
15.0
 21
595.5
 31
0.0
100
AcDbText
 73
2
  0
TEXT
  5
FF
330
17
100
AcDbEntity
  8
06-TEXTO
100
AcDbText
 10
1184.0
 20
595.5
 30
0.0
 40
3.5
  1
F
  7
ISO3098
 72
1
 11
1184.0
 21
595.5
 31
0.0
100
AcDbText
 73
2
  0
TEXT
  5
100
330
17
100
AcDbEntity
  8
06-TEXTO
100
AcDbText
 10
15.0
 20
645.5
 30
0.0
 40
3.5
  1
E
  7
ISO3098
 72
1
 11
15.0
 21
645.5
 31
0.0
100
AcDbText
 73
2
  0
TEXT
  5
101
330
17
100
AcDbEntity
  8
06-TEXTO
100
AcDbText
 10
1184.0
 20
645.5
 30
0.0
 40
3.5
  1
E
  7
ISO3098
 72
1
 11
1184.0
 21
645.5
 31
0.0
100
AcDbText
 73
2
  0
TEXT
  5
102
330
17
100
AcDbEntity
  8
06-TEXTO
100
AcDbText
 10
15.0
 20
695.5
 30
0.0
 40
3.5
  1
D
  7
ISO3098
 72
1
 11
15.0
 21
695.5
 31
0.0
100
AcDbText
 73
2
  0
TEXT
  5
103
330
17
100
AcDbEntity
  8
06-TEXTO
100
AcDbText
 10
1184.0
 20
695.5
 30
0.0
 40
3.5
  1
D
  7
ISO3098
 72
1
 11
1184.0
 21
695.5
 31
0.0
100
AcDbText
 73
2
  0
TEXT
  5
104
330
17
100
AcDbEntity
  8
06-TEXTO
100
AcDbText
 10
15.0
 20
745.5
 30
0.0
 40
3.5
  1
C
  7
ISO3098
 72
1
 11
15.0
 21
745.5
 31
0.0
100
AcDbText
 73
2
  0
TEXT
  5
105
330
17
100
AcDbEntity
  8
06-TEXTO
100
AcDbText
 10
1184.0
 20
745.5
 30
0.0
 40
3.5
  1
C
  7
ISO3098
 72
1
 11
1184.0
 21
745.5
 31
0.0
100
AcDbText
 73
2
  0
TEXT
  5
106
330
17
100
AcDbEntity
  8
06-TEXTO
100
AcDbText
 10
15.0
 20
795.5
 30
0.0
 40
3.5
  1
B
  7
ISO3098
 72
1
 11
15.0
 21
795.5
 31
0.0
100
AcDbText
 73
2
  0
TEXT
  5
107
330
17
100
AcDbEntity
  8
06-TEXTO
100
AcDbText
 10
1184.0
 20
795.5
 30
0.0
 40
3.5
  1
B
  7
ISO3098
 72
1
 11
1184.0
 21
795.5
 31
0.0
100
AcDbText
 73
2
  0
TEXT
  5
108
330
17
100
AcDbEntity
  8
06-TEXTO
100
AcDbText
 10
15.0
 20
825.75
 30
0.0
 40
3.5
  1
A
  7
ISO3098
 72
1
 11
15.0
 21
825.75
 31
0.0
100
AcDbText
 73
2
  0
TEXT
  5
109
330
17
100
AcDbEntity
  8
06-TEXTO
100
AcDbText
 10
1184.0
 20
825.75
 30
0.0
 40
3.5
  1
A
  7
ISO3098
 72
1
 11
1184.0
 21
825.75
 31
0.0
100
AcDbText
 73
2
  0
LWPOLYLINE
  5
10A
330
17
100
AcDbEntity
  8
10-ROTULO
100
AcDbPolyline
 90
4
 70
1
 10
1004.0
 20
56.0
 10
1018.0
 20
56.0
 10
1018.0
 20
61.0
 10
1004.0
 20
61.0
  0
LWPOLYLINE
  5
10B
330
17
100
AcDbEntity
  8
10-ROTULO
100
AcDbPolyline
 90
4
 70
1
 10
1018.0
 20
56.0
 10
1034.0
 20
56.0
 10
1034.0
 20
61.0
 10
1018.0
 20
61.0
  0
TEXT
  5
10C
330
17
100
AcDbEntity
  8
11-TEXTO-ROTULO
100
AcDbText
 10
1026.0
 20
58.5
 30
0.0
 40
2.5
  1
Fecha
  7
ISO3098
 72
1
 11
1026.0
 21
58.5
 31
0.0
100
AcDbText
 73
2
  0
LWPOLYLINE
  5
10D
330
17
100
AcDbEntity
  8
10-ROTULO
100
AcDbPolyline
 90
4
 70
1
 10
1034.0
 20
56.0
 10
1059.0
 20
56.0
 10
1059.0
 20
61.0
 10
1034.0
 20
61.0
  0
TEXT
  5
10E
330
17
100
AcDbEntity
  8
11-TEXTO-ROTULO
100
AcDbText
 10
1046.5
 20
58.5
 30
0.0
 40
2.5
  1
Nombre
  7
ISO3098
 72
1
 11
1046.5
 21
58.5
 31
0.0
100
AcDbText
 73
2
  0
LWPOLYLINE
  5
10F
330
17
100
AcDbEntity
  8
10-ROTULO
100
AcDbPolyline
 90
4
 70
1
 10
1004.0
 20
50.0
 10
1018.0
 20
50.0
 10
1018.0
 20
56.0
 10
1004.0
 20
56.0
  0
TEXT
  5
110
330
17
100
AcDbEntity
  8
11-TEXTO-ROTULO
100
AcDbText
 10
1005.5
 20
53.0
 30
0.0
 40
2.5
  1
Dibujó
  7
ISO3098
 11
1005.5
 21
53.0
 31
0.0
100
AcDbText
 73
2
  0
LWPOLYLINE
  5
111
330
17
100
AcDbEntity
  8
10-ROTULO
100
AcDbPolyline
 90
4
 70
1
 10
1018.0
 20
50.0
 10
1034.0
 20
50.0
 10
1034.0
 20
56.0
 10
1018.0
 20
56.0
  0
TEXT
  5
112
330
17
100
AcDbEntity
  8
11-TEXTO-ROTULO
100
AcDbText
 10
1026.0
 20
53.0
 30
0.0
 40
2.5
  1
30/09/26
  7
ISO3098
 72
1
 11
1026.0
 21
53.0
 31
0.0
100
AcDbText
 73
2
  0
LWPOLYLINE
  5
113
330
17
100
AcDbEntity
  8
10-ROTULO
100
AcDbPolyline
 90
4
 70
1
 10
1034.0
 20
50.0
 10
1059.0
 20
50.0
 10
1059.0
 20
56.0
 10
1034.0
 20
56.0
  0
TEXT
  5
114
330
17
100
AcDbEntity
  8
11-TEXTO-ROTULO
100
AcDbText
 10
1046.5
 20
53.0
 30
0.0
 40
2.5
  1
Claude Code
  7
ISO3098
 72
1
 11
1046.5
 21
53.0
 31
0.0
100
AcDbText
 73
2
  0
LWPOLYLINE
  5
115
330
17
100
AcDbEntity
  8
10-ROTULO
100
AcDbPolyline
 90
4
 70
1
 10
1004.0
 20
44.0
 10
1018.0
 20
44.0
 10
1018.0
 20
50.0
 10
1004.0
 20
50.0
  0
TEXT
  5
116
330
17
100
AcDbEntity
  8
11-TEXTO-ROTULO
100
AcDbText
 10
1005.5
 20
47.0
 30
0.0
 40
2.5
  1
Revisó
  7
ISO3098
 11
1005.5
 21
47.0
 31
0.0
100
AcDbText
 73
2
  0
LWPOLYLINE
  5
117
330
17
100
AcDbEntity
  8
10-ROTULO
100
AcDbPolyline
 90
4
 70
1
 10
1018.0
 20
44.0
 10
1034.0
 20
44.0
 10
1034.0
 20
50.0
 10
1018.0
 20
50.0
  0
LWPOLYLINE
  5
118
330
17
100
AcDbEntity
  8
10-ROTULO
100
AcDbPolyline
 90
4
 70
1
 10
1034.0
 20
44.0
 10
1059.0
 20
44.0
 10
1059.0
 20
50.0
 10
1034.0
 20
50.0
  0
LWPOLYLINE
  5
119
330
17
100
AcDbEntity
  8
10-ROTULO
100
AcDbPolyline
 90
4
 70
1
 10
1004.0
 20
38.0
 10
1018.0
 20
38.0
 10
1018.0
 20
44.0
 10
1004.0
 20
44.0
  0
TEXT
  5
11A
330
17
100
AcDbEntity
  8
11-TEXTO-ROTULO
100
AcDbText
 10
1005.5
 20
41.0
 30
0.0
 40
2.5
  1
Aprobó
  7
ISO3098
 11
1005.5
 21
41.0
 31
0.0
100
AcDbText
 73
2
  0
LWPOLYLINE
  5
11B
330
17
100
AcDbEntity
  8
10-ROTULO
100
AcDbPolyline
 90
4
 70
1
 10
1018.0
 20
38.0
 10
1034.0
 20
38.0
 10
1034.0
 20
44.0
 10
1018.0
 20
44.0
  0
LWPOLYLINE
  5
11C
330
17
100
AcDbEntity
  8
10-ROTULO
100
AcDbPolyline
 90
4
 70
1
 10
1034.0
 20
38.0
 10
1059.0
 20
38.0
 10
1059.0
 20
44.0
 10
1034.0
 20
44.0
  0
LWPOLYLINE
  5
11D
330
17
100
AcDbEntity
  8
10-ROTULO
100
AcDbPolyline
 90
4
 70
1
 10
1004.0
 20
24.0
 10
1024.0
 20
24.0
 10
1024.0
 20
38.0
 10
1004.0
 20
38.0
  0
TEXT
  5
11E
330
17
100
AcDbEntity
  8
11-TEXTO-ROTULO
100
AcDbText
 10
1005.0
 20
37.0
 30
0.0
 40
1.8
  1
Escala
  7
ISO3098
 11
1005.0
 21
37.0
 31
0.0
100
AcDbText
 73
3
  0
TEXT
  5
11F
330
17
100
AcDbEntity
  8
11-TEXTO-ROTULO
100
AcDbText
 10
1014.0
 20
29.6
 30
0.0
 40
5.0
  1
1:200
  7
ISO3098
 72
1
 11
1014.0
 21
29.6
 31
0.0
100
AcDbText
 73
2
  0
LWPOLYLINE
  5
120
330
17
100
AcDbEntity
  8
10-ROTULO
100
AcDbPolyline
 90
4
 70
1
 10
1024.0
 20
24.0
 10
1059.0
 20
24.0
 10
1059.0
 20
38.0
 10
1024.0
 20
38.0
  0
TEXT
  5
121
330
17
100
AcDbEntity
  8
11-TEXTO-ROTULO
100
AcDbText
 10
1025.0
 20
37.0
 30
0.0
 40
1.8
  1
Método de proyección
  7
ISO3098
 11
1025.0
 21
37.0
 31
0.0
100
AcDbText
 73
3
  0
CIRCLE
  5
122
330
17
100
AcDbEntity
  8
01-VISIBLE
100
AcDbCircle
 10
1034.0
 20
29.5
 30
0.0
 40
2.5
  0
CIRCLE
  5
123
330
17
100
AcDbEntity
  8
01-VISIBLE
100
AcDbCircle
 10
1034.0
 20
29.5
 30
0.0
 40
1.25
  0
LWPOLYLINE
  5
124
330
17
100
AcDbEntity
  8
01-VISIBLE
100
AcDbPolyline
 90
4
 70
1
 10
1039.0
 20
27.0
 10
1044.0
 20
28.25
 10
1044.0
 20
30.75
 10
1039.0
 20
32.0
  0
LINE
  5
125
330
17
100
AcDbEntity
  8
03-EJE
100
AcDbLine
 10
1030.0
 20
29.5
 30
0.0
 11
1045.5
 21
29.5
 31
0.0
  0
LINE
  5
126
330
17
100
AcDbEntity
  8
03-EJE
100
AcDbLine
 10
1034.0
 20
25.5
 30
0.0
 11
1034.0
 21
33.5
 31
0.0
  0
TEXT
  5
127
330
17
100
AcDbEntity
  8
11-TEXTO-ROTULO
100
AcDbText
 10
1055.5
 20
29.5
 30
0.0
 40
2.5
  1
ISO E
  7
ISO3098
 72
2
 11
1055.5
 21
29.5
 31
0.0
100
AcDbText
 73
2
  0
LWPOLYLINE
  5
128
330
17
100
AcDbEntity
  8
10-ROTULO
100
AcDbPolyline
 90
4
 70
1
 10
1004.0
 20
10.0
 10
1037.0
 20
10.0
 10
1037.0
 20
24.0
 10
1004.0
 20
24.0
  0
TEXT
  5
129
330
17
100
AcDbEntity
  8
11-TEXTO-ROTULO
100
AcDbText
 10
1005.0
 20
23.0
 30
0.0
 40
1.8
  1
Unidades
  7
ISO3098
 11
1005.0
 21
23.0
 31
0.0
100
AcDbText
 73
3
  0
TEXT
  5
12A
330
17
100
AcDbEntity
  8
11-TEXTO-ROTULO
100
AcDbText
 10
1020.5
 20
15.6
 30
0.0
 40
3.5
  1
Cotas en m
  7
ISO3098
 72
1
 11
1020.5
 21
15.6
 31
0.0
100
AcDbText
 73
2
  0
LWPOLYLINE
  5
12B
330
17
100
AcDbEntity
  8
10-ROTULO
100
AcDbPolyline
 90
4
 70
1
 10
1037.0
 20
10.0
 10
1059.0
 20
10.0
 10
1059.0
 20
24.0
 10
1037.0
 20
24.0
  0
TEXT
  5
12C
330
17
100
AcDbEntity
  8
11-TEXTO-ROTULO
100
AcDbText
 10
1038.0
 20
23.0
 30
0.0
 40
1.8
  1
Formato
  7
ISO3098
 11
1038.0
 21
23.0
 31
0.0
100
AcDbText
 73
3
  0
TEXT
  5
12D
330
17
100
AcDbEntity
  8
11-TEXTO-ROTULO
100
AcDbText
 10
1048.0
 20
15.6
 30
0.0
 40
3.5
  1
A0
  7
ISO3098
 72
1
 11
1048.0
 21
15.6
 31
0.0
100
AcDbText
 73
2
  0
LWPOLYLINE
  5
12E
330
17
100
AcDbEntity
  8
10-ROTULO
100
AcDbPolyline
 90
4
 70
1
 10
1059.0
 20
49.0
 10
1129.0
 20
49.0
 10
1129.0
 20
61.0
 10
1059.0
 20
61.0
  0
TEXT
  5
12F
330
17
100
AcDbEntity
  8
11-TEXTO-ROTULO
100
AcDbText
 10
1060.0
 20
60.0
 30
0.0
 40
1.8
  1
Propietario
  7
ISO3098
 11
1060.0
 21
60.0
 31
0.0
100
AcDbText
 73
3
  0
TEXT
  5
130
330
17
100
AcDbEntity
  8
11-TEXTO-ROTULO
100
AcDbText
 10
1094.0
 20
53.6
 30
0.0
 40
5.0
  1
FLAMA S.A.
  7
ISO3098
 72
1
 11
1094.0
 21
53.6
 31
0.0
100
AcDbText
 73
2
  0
LWPOLYLINE
  5
131
330
17
100
AcDbEntity
  8
10-ROTULO
100
AcDbPolyline
 90
4
 70
1
 10
1059.0
 20
22.0
 10
1129.0
 20
22.0
 10
1129.0
 20
49.0
 10
1059.0
 20
49.0
  0
TEXT
  5
132
330
17
100
AcDbEntity
  8
11-TEXTO-ROTULO
100
AcDbText
 10
1060.0
 20
48.0
 30
0.0
 40
1.8
  1
Denominación
  7
ISO3098
 11
1060.0
 21
48.0
 31
0.0
100
AcDbText
 73
3
  0
TEXT
  5
133
330
17
100
AcDbEntity
  8
11-TEXTO-ROTULO
100
AcDbText
 10
1094.0
 20
35.0
 30
0.0
 40
5.0
  1
Flujo de materiales
  7
ISO3098
 72
1
 11
1094.0
 21
35.0
 31
0.0
100
AcDbText
 73
2
  0
TEXT
  5
134
330
17
100
AcDbEntity
  8
11-TEXTO-ROTULO
100
AcDbText
 10
1094.0
 20
25.5
 30
0.0
 40
1.8
  1
MP, SE, PT, scrap y efluentes - año 10
  7
ISO3098
 72
1
 11
1094.0
 21
25.5
 31
0.0
100
AcDbText
 73
2
  0
LWPOLYLINE
  5
135
330
17
100
AcDbEntity
  8
10-ROTULO
100
AcDbPolyline
 90
4
 70
1
 10
1059.0
 20
10.0
 10
1129.0
 20
10.0
 10
1129.0
 20
22.0
 10
1059.0
 20
22.0
  0
TEXT
  5
136
330
17
100
AcDbEntity
  8
11-TEXTO-ROTULO
100
AcDbText
 10
1060.0
 20
21.0
 30
0.0
 40
1.8
  1
Tipo de documento
  7
ISO3098
 11
1060.0
 21
21.0
 31
0.0
100
AcDbText
 73
3
  0
TEXT
  5
137
330
17
100
AcDbEntity
  8
11-TEXTO-ROTULO
100
AcDbText
 10
1094.0
 20
14.6
 30
0.0
 40
3.5
  1
Diagrama de flujo
  7
ISO3098
 72
1
 11
1094.0
 21
14.6
 31
0.0
100
AcDbText
 73
2
  0
LWPOLYLINE
  5
138
330
17
100
AcDbEntity
  8
10-ROTULO
100
AcDbPolyline
 90
4
 70
1
 10
1129.0
 20
53.0
 10
1179.0
 20
53.0
 10
1179.0
 20
61.0
 10
1129.0
 20
61.0
  0
TEXT
  5
139
330
17
100
AcDbEntity
  8
11-TEXTO-ROTULO
100
AcDbText
 10
1130.0
 20
60.0
 30
0.0
 40
1.8
  1
Reemplaza a / Reemplazado por
  7
ISO3098
 11
1130.0
 21
60.0
 31
0.0
100
AcDbText
 73
3
  0
TEXT
  5
13A
330
17
100
AcDbEntity
  8
11-TEXTO-ROTULO
100
AcDbText
 10
1154.0
 20
55.6
 30
0.0
 40
1.8
  1
-
  7
ISO3098
 72
1
 11
1154.0
 21
55.6
 31
0.0
100
AcDbText
 73
2
  0
LWPOLYLINE
  5
13B
330
17
100
AcDbEntity
  8
10-ROTULO
100
AcDbPolyline
 90
4
 70
1
 10
1129.0
 20
43.0
 10
1179.0
 20
43.0
 10
1179.0
 20
53.0
 10
1129.0
 20
53.0
  0
TEXT
  5
13C
330
17
100
AcDbEntity
  8
11-TEXTO-ROTULO
100
AcDbText
 10
1130.0
 20
52.0
 30
0.0
 40
1.8
  1
Material
  7
ISO3098
 11
1130.0
 21
52.0
 31
0.0
100
AcDbText
 73
3
  0
TEXT
  5
13D
330
17
100
AcDbEntity
  8
11-TEXTO-ROTULO
100
AcDbText
 10
1154.0
 20
46.6
 30
0.0
 40
2.5
  1
-
  7
ISO3098
 72
1
 11
1154.0
 21
46.6
 31
0.0
100
AcDbText
 73
2
  0
LWPOLYLINE
  5
13E
330
17
100
AcDbEntity
  8
10-ROTULO
100
AcDbPolyline
 90
4
 70
1
 10
1129.0
 20
33.0
 10
1151.0
 20
33.0
 10
1151.0
 20
43.0
 10
1129.0
 20
43.0
  0
TEXT
  5
13F
330
17
100
AcDbEntity
  8
11-TEXTO-ROTULO
100
AcDbText
 10
1130.0
 20
42.0
 30
0.0
 40
1.8
  1
Edición
  7
ISO3098
 11
1130.0
 21
42.0
 31
0.0
100
AcDbText
 73
3
  0
TEXT
  5
140
330
17
100
AcDbEntity
  8
11-TEXTO-ROTULO
100
AcDbText
 10
1140.0
 20
36.6
 30
0.0
 40
3.5
  1
0
  7
ISO3098
 72
1
 11
1140.0
 21
36.6
 31
0.0
100
AcDbText
 73
2
  0
LWPOLYLINE
  5
141
330
17
100
AcDbEntity
  8
10-ROTULO
100
AcDbPolyline
 90
4
 70
1
 10
1151.0
 20
33.0
 10
1179.0
 20
33.0
 10
1179.0
 20
43.0
 10
1151.0
 20
43.0
  0
TEXT
  5
142
330
17
100
AcDbEntity
  8
11-TEXTO-ROTULO
100
AcDbText
 10
1152.0
 20
42.0
 30
0.0
 40
1.8
  1
Fecha de emisión
  7
ISO3098
 11
1152.0
 21
42.0
 31
0.0
100
AcDbText
 73
3
  0
TEXT
  5
143
330
17
100
AcDbEntity
  8
11-TEXTO-ROTULO
100
AcDbText
 10
1165.0
 20
36.6
 30
0.0
 40
2.5
  1
30/09/2026
  7
ISO3098
 72
1
 11
1165.0
 21
36.6
 31
0.0
100
AcDbText
 73
2
  0
LWPOLYLINE
  5
144
330
17
100
AcDbEntity
  8
10-ROTULO
100
AcDbPolyline
 90
4
 70
1
 10
1129.0
 20
23.0
 10
1151.0
 20
23.0
 10
1151.0
 20
33.0
 10
1129.0
 20
33.0
  0
TEXT
  5
145
330
17
100
AcDbEntity
  8
11-TEXTO-ROTULO
100
AcDbText
 10
1130.0
 20
32.0
 30
0.0
 40
1.8
  1
Hoja
  7
ISO3098
 11
1130.0
 21
32.0
 31
0.0
100
AcDbText
 73
3
  0
TEXT
  5
146
330
17
100
AcDbEntity
  8
11-TEXTO-ROTULO
100
AcDbText
 10
1140.0
 20
26.6
 30
0.0
 40
3.5
  1
1 / 2
  7
ISO3098
 72
1
 11
1140.0
 21
26.6
 31
0.0
100
AcDbText
 73
2
  0
LWPOLYLINE
  5
147
330
17
100
AcDbEntity
  8
10-ROTULO
100
AcDbPolyline
 90
4
 70
1
 10
1151.0
 20
23.0
 10
1179.0
 20
23.0
 10
1179.0
 20
33.0
 10
1151.0
 20
33.0
  0
TEXT
  5
148
330
17
100
AcDbEntity
  8
11-TEXTO-ROTULO
100
AcDbText
 10
1152.0
 20
32.0
 30
0.0
 40
1.8
  1
Idioma
  7
ISO3098
 11
1152.0
 21
32.0
 31
0.0
100
AcDbText
 73
3
  0
TEXT
  5
149
330
17
100
AcDbEntity
  8
11-TEXTO-ROTULO
100
AcDbText
 10
1165.0
 20
26.6
 30
0.0
 40
3.5
  1
es
  7
ISO3098
 72
1
 11
1165.0
 21
26.6
 31
0.0
100
AcDbText
 73
2
  0
LWPOLYLINE
  5
14A
330
17
100
AcDbEntity
  8
10-ROTULO
100
AcDbPolyline
 90
4
 70
1
 10
1129.0
 20
10.0
 10
1179.0
 20
10.0
 10
1179.0
 20
23.0
 10
1129.0
 20
23.0
  0
TEXT
  5
14B
330
17
100
AcDbEntity
  8
11-TEXTO-ROTULO
100
AcDbText
 10
1130.0
 20
22.0
 30
0.0
 40
1.8
  1
N° de plano
  7
ISO3098
 11
1130.0
 21
22.0
 31
0.0
100
AcDbText
 73
3
  0
TEXT
  5
14C
330
17
100
AcDbEntity
  8
11-TEXTO-ROTULO
100
AcDbText
 10
1154.0
 20
15.1
 30
0.0
 40
5.0
  1
FL_PI_03
  7
ISO3098
 72
1
 11
1154.0
 21
15.1
 31
0.0
100
AcDbText
 73
2
  0
LWPOLYLINE
  5
14D
330
17
100
AcDbEntity
  8
07-RECUADRO
100
AcDbPolyline
 90
4
 70
1
 10
1004.0
 20
10.0
 10
1179.0
 20
10.0
 10
1179.0
 20
61.0
 10
1004.0
 20
61.0
  0
TEXT
  5
14E
330
17
100
AcDbEntity
  8
A-TEXTO
100
AcDbText
 10
33.0
 20
823.0
 30
0.0
 40
7.0
  1
FL_PI_03 - FLUJO DE MATERIALES: MP, SE, PT, SCRAP Y EFLUENTES
  7
ISO3098
 11
33.0
 21
823.0
 31
0.0
100
AcDbText
 73
3
  0
TEXT
  5
14F
330
17
100
AcDbEntity
  8
A-TEXTO
100
AcDbText
 10
33.0
 20
813.0
 30
0.0
 40
3.5
  1
Planta industrial FLAMA S.A. - Parque Industrial Villa de Luján, Sarandí (Avellaneda) - dimensionada al año 10 (2035). Escala 1:200. Norte arriba; la calle de acceso está al sur.
  7
ISO3098
 11
33.0
 21
813.0
 31
0.0
100
AcDbText
 73
3
  0
LWPOLYLINE
  5
150
330
17
100
AcDbEntity
  8
A-EXTERIOR
370
70
100
AcDbPolyline
 90
4
 70
1
 10
35.0
 20
172.0
 10
885.0
 20
172.0
 10
885.0
 20
797.0
 10
35.0
 20
797.0
  0
LINE
  5
151
330
17
100
AcDbEntity
  8
A-EXTERIOR
100
AcDbLine
 10
25.0
 20
157.0
 30
0.0
 11
895.0
 21
157.0
 31
0.0
  0
TEXT
  5
152
330
17
100
AcDbEntity
  8
A-TEXTO
100
AcDbText
 10
460.0
 20
164.5
 30
0.0
 40
2.0
  1
VEREDA
  7
ISO3098
 72
1
 11
460.0
 21
164.5
 31
0.0
100
AcDbText
 73
2
  0
TEXT
  5
153
330
17
100
AcDbEntity
  8
A-TEXTO
100
AcDbText
 10
310.0
 20
153.0
 30
0.0
 40
2.2
  1
CALLE (acceso) - Gral. Heredia, Parque Industrial Villa de Luján
  7
ISO3098
 72
1
 11
310.0
 21
153.0
 31
0.0
100
AcDbText
 73
3
  0
LINE
  5
154
330
17
100
AcDbEntity
  8
A-SECTOR
100
AcDbLine
 10
35.0
 20
222.0
 30
0.0
 11
885.0
 21
222.0
 31
0.0
  0
TEXT
  5
155
330
17
100
AcDbEntity
  8
A-TEXTO
100
AcDbText
 10
275.0
 20
197.0
 30
0.0
 40
1.8
  1
Retiro de frente parquizado 10 m (verificar con el reglamento del parque)
  7
ISO3098
 72
1
 11
275.0
 21
197.0
 31
0.0
100
AcDbText
 73
2
  0
LWPOLYLINE
  5
156
330
17
100
AcDbEntity
  8
A-EXTERIOR
100
AcDbPolyline
 90
4
 70
1
 10
55.0
 20
172.0
 10
90.0
 20
172.0
 10
90.0
 20
792.0
 10
55.0
 20
792.0
  0
LWPOLYLINE
  5
157
330
17
100
AcDbEntity
  8
A-EXTERIOR
100
AcDbPolyline
 90
4
 70
1
 10
55.0
 20
757.0
 10
855.0
 20
757.0
 10
855.0
 20
792.0
 10
55.0
 20
792.0
  0
LWPOLYLINE
  5
158
330
17
100
AcDbEntity
  8
A-EXTERIOR
100
AcDbPolyline
 90
4
 70
1
 10
820.0
 20
172.0
 10
855.0
 20
172.0
 10
855.0
 20
792.0
 10
820.0
 20
792.0
  0
TEXT
  5
159
330
17
100
AcDbEntity
  8
A-TEXTO
100
AcDbText
 10
455.0
 20
774.5
 30
0.0
 40
2.0
  1
Calle interna de camiones 7 m (sentido: entra por G1, sale por G3)
  7
ISO3098
 72
1
 11
455.0
 21
774.5
 31
0.0
100
AcDbText
 73
2
  0
LINE
  5
15A
330
17
100
AcDbEntity
  8
A-ABERTURA
100
AcDbLine
 10
55.0
 20
172.0
 30
0.0
 11
90.0
 21
172.0
 31
0.0
  0
LINE
  5
15B
330
17
100
AcDbEntity
  8
A-ABERTURA
100
AcDbLine
 10
55.0
 20
174.0
 30
0.0
 11
90.0
 21
174.0
 31
0.0
  0
TEXT
  5
15C
330
17
100
AcDbEntity
  8
A-TEXTO
100
AcDbText
 10
72.5
 20
180.0
 30
0.0
 40
2.0
  1
G1
  7
ISO3098
 72
1
 11
72.5
 21
180.0
 31
0.0
100
AcDbText
 73
2
  0
LINE
  5
15D
330
17
100
AcDbEntity
  8
A-ABERTURA
100
AcDbLine
 10
125.0
 20
172.0
 30
0.0
 11
155.0
 21
172.0
 31
0.0
  0
LINE
  5
15E
330
17
100
AcDbEntity
  8
A-ABERTURA
100
AcDbLine
 10
125.0
 20
174.0
 30
0.0
 11
155.0
 21
174.0
 31
0.0
  0
TEXT
  5
15F
330
17
100
AcDbEntity
  8
A-TEXTO
100
AcDbText
 10
140.0
 20
180.0
 30
0.0
 40
2.0
  1
G2
  7
ISO3098
 72
1
 11
140.0
 21
180.0
 31
0.0
100
AcDbText
 73
2
  0
LINE
  5
160
330
17
100
AcDbEntity
  8
A-ABERTURA
100
AcDbLine
 10
260.0
 20
172.0
 30
0.0
 11
275.0
 21
172.0
 31
0.0
  0
LINE
  5
161
330
17
100
AcDbEntity
  8
A-ABERTURA
100
AcDbLine
 10
260.0
 20
174.0
 30
0.0
 11
275.0
 21
174.0
 31
0.0
  0
TEXT
  5
162
330
17
100
AcDbEntity
  8
A-TEXTO
100
AcDbText
 10
267.5
 20
180.0
 30
0.0
 40
2.0
  1
G4
  7
ISO3098
 72
1
 11
267.5
 21
180.0
 31
0.0
100
AcDbText
 73
2
  0
LINE
  5
163
330
17
100
AcDbEntity
  8
A-ABERTURA
100
AcDbLine
 10
820.0
 20
172.0
 30
0.0
 11
855.0
 21
172.0
 31
0.0
  0
LINE
  5
164
330
17
100
AcDbEntity
  8
A-ABERTURA
100
AcDbLine
 10
820.0
 20
174.0
 30
0.0
 11
855.0
 21
174.0
 31
0.0
  0
TEXT
  5
165
330
17
100
AcDbEntity
  8
A-TEXTO
100
AcDbText
 10
837.5
 20
180.0
 30
0.0
 40
2.0
  1
G3
  7
ISO3098
 72
1
 11
837.5
 21
180.0
 31
0.0
100
AcDbText
 73
2
  0
LWPOLYLINE
  5
166
330
17
100
AcDbEntity
  8
A-EXTERIOR
100
AcDbPolyline
 90
4
 70
1
 10
205.0
 20
654.0
 10
302.0
 20
654.0
 10
302.0
 20
715.0
 10
205.0
 20
715.0
  0
TEXT
  5
167
330
17
100
AcDbEntity
  8
A-TEXTO
100
AcDbText
 10
207.5
 20
712.5
 30
0.0
 40
1.6
  1
PL-N
  7
ISO3098
 11
207.5
 21
712.5
 31
0.0
100
AcDbText
 73
3
  0
LWPOLYLINE
  5
168
330
17
100
AcDbEntity
  8
A-EXTERIOR
100
AcDbPolyline
 90
4
 70
1
 10
110.0
 20
538.0
 10
140.0
 20
538.0
 10
140.0
 20
568.0
 10
110.0
 20
568.0
  0
TEXT
  5
169
330
17
100
AcDbEntity
  8
A-TEXTO
100
AcDbText
 10
112.5
 20
565.5
 30
0.0
 40
1.6
  1
VQ-O
  7
ISO3098
 11
112.5
 21
565.5
 31
0.0
100
AcDbText
 73
3
  0
LWPOLYLINE
  5
16A
330
17
100
AcDbEntity
  8
A-EXTERIOR
100
AcDbPolyline
 90
4
 70
1
 10
304.0
 20
659.0
 10
334.0
 20
659.0
 10
334.0
 20
689.0
 10
304.0
 20
689.0
  0
TEXT
  5
16B
330
17
100
AcDbEntity
  8
A-TEXTO
100
AcDbText
 10
306.5
 20
686.5
 30
0.0
 40
1.6
  1
VQ-N
  7
ISO3098
 11
306.5
 21
686.5
 31
0.0
100
AcDbText
 73
3
  0
LWPOLYLINE
  5
16C
330
17
100
AcDbEntity
  8
A-EXTERIOR
100
AcDbPolyline
 90
4
 70
1
 10
345.0
 20
655.0
 10
395.0
 20
655.0
 10
395.0
 20
680.0
 10
345.0
 20
680.0
  0
TEXT
  5
16D
330
17
100
AcDbEntity
  8
A-TEXTO
100
AcDbText
 10
347.5
 20
677.5
 30
0.0
 40
1.6
  1
JG-S
  7
ISO3098
 11
347.5
 21
677.5
 31
0.0
100
AcDbText
 73
3
  0
LWPOLYLINE
  5
16E
330
17
100
AcDbEntity
  8
A-EXTERIOR
100
AcDbPolyline
 90
4
 70
1
 10
555.0
 20
654.0
 10
570.0
 20
654.0
 10
570.0
 20
664.0
 10
555.0
 20
664.0
  0
TEXT
  5
16F
330
17
100
AcDbEntity
  8
A-TEXTO
100
AcDbText
 10
557.5
 20
661.5
 30
0.0
 40
1.6
  1
ERM
  7
ISO3098
 11
557.5
 21
661.5
 31
0.0
100
AcDbText
 73
3
  0
LWPOLYLINE
  5
170
330
17
100
AcDbEntity
  8
A-EXTERIOR
100
AcDbPolyline
 90
4
 70
1
 10
675.0
 20
655.0
 10
715.0
 20
655.0
 10
715.0
 20
680.0
 10
675.0
 20
680.0
  0
TEXT
  5
171
330
17
100
AcDbEntity
  8
A-TEXTO
100
AcDbText
 10
677.5
 20
677.5
 30
0.0
 40
1.6
  1
JG-N
  7
ISO3098
 11
677.5
 21
677.5
 31
0.0
100
AcDbText
 73
3
  0
LWPOLYLINE
  5
172
330
17
100
AcDbEntity
  8
A-EXTERIOR
100
AcDbPolyline
 90
4
 70
1
 10
745.0
 20
672.0
 10
805.0
 20
672.0
 10
805.0
 20
722.0
 10
745.0
 20
722.0
  0
TEXT
  5
173
330
17
100
AcDbEntity
  8
A-TEXTO
100
AcDbText
 10
747.5
 20
719.5
 30
0.0
 40
1.6
  1
RI
  7
ISO3098
 11
747.5
 21
719.5
 31
0.0
100
AcDbText
 73
3
  0
HATCH
  5
174
330
17
100
AcDbEntity
  8
A-EXTERIOR
 62
7
100
AcDbHatch
 10
0.0
 20
0.0
 30
0.0
210
0.0
220
0.0
230
1.0
  2
ANSI31
 70
0
 71
0
 91
1
 92
3
 72
0
 73
1
 93
4
 10
335.0
 20
715.0
 10
735.0
 20
715.0
 10
735.0
 20
752.0
 10
335.0
 20
752.0
 97
0
 75
1
 76
1
 52
45.0
 41
1.8897637795275593
 77
0
 78
1
 53
90.0
 43
0.0
 44
0.0
 45
-6.0000000001
 46
0.0
 79
0
 98
0
  0
LWPOLYLINE
  5
175
330
17
100
AcDbEntity
  8
A-EXTERIOR
100
AcDbPolyline
 90
4
 70
1
 10
335.0
 20
715.0
 10
735.0
 20
715.0
 10
735.0
 20
752.0
 10
335.0
 20
752.0
  0
TEXT
  5
176
330
17
100
AcDbEntity
  8
A-TEXTO
100
AcDbText
 10
337.5
 20
749.5
 30
0.0
 40
1.6
  1
AMP
  7
ISO3098
 11
337.5
 21
749.5
 31
0.0
100
AcDbText
 73
3
  0
LWPOLYLINE
  5
177
330
17
100
AcDbEntity
  8
A-EXTERIOR
100
AcDbPolyline
 90
4
 70
1
 10
470.0
 20
327.0
 10
530.0
 20
327.0
 10
530.0
 20
367.0
 10
470.0
 20
367.0
  0
TEXT
  5
178
330
17
100
AcDbEntity
  8
A-TEXTO
100
AcDbText
 10
472.5
 20
364.5
 30
0.0
 40
1.6
  1
PTE
  7
ISO3098
 11
472.5
 21
364.5
 31
0.0
100
AcDbText
 73
3
  0
LWPOLYLINE
  5
179
330
17
100
AcDbEntity
  8
A-EXTERIOR
100
AcDbPolyline
 90
4
 70
1
 10
105.0
 20
262.0
 10
435.0
 20
262.0
 10
435.0
 20
372.0
 10
105.0
 20
372.0
  0
TEXT
  5
17A
330
17
100
AcDbEntity
  8
A-TEXTO
100
AcDbText
 10
107.5
 20
369.5
 30
0.0
 40
1.6
  1
EST
  7
ISO3098
 11
107.5
 21
369.5
 31
0.0
100
AcDbText
 73
3
  0
LWPOLYLINE
  5
17B
330
17
100
AcDbEntity
  8
A-EXTERIOR
100
AcDbPolyline
 90
4
 70
1
 10
655.0
 20
374.5
 10
785.0
 20
374.5
 10
785.0
 20
407.0
 10
655.0
 20
407.0
  0
TEXT
  5
17C
330
17
100
AcDbEntity
  8
A-TEXTO
100
AcDbText
 10
657.5
 20
404.5
 30
0.0
 40
1.6
  1
EU
  7
ISO3098
 11
657.5
 21
404.5
 31
0.0
100
AcDbText
 73
3
  0
LWPOLYLINE
  5
17D
330
17
100
AcDbEntity
  8
A-EXTERIOR
100
AcDbPolyline
 90
4
 70
1
 10
235.0
 20
197.0
 10
255.0
 20
197.0
 10
255.0
 20
217.0
 10
235.0
 20
217.0
  0
TEXT
  5
17E
330
17
100
AcDbEntity
  8
A-TEXTO
100
AcDbText
 10
237.5
 20
214.5
 30
0.0
 40
1.6
  1
GAR
  7
ISO3098
 11
237.5
 21
214.5
 31
0.0
100
AcDbText
 73
3
  0
LWPOLYLINE
  5
17F
330
17
100
AcDbEntity
  8
A-EXTERIOR
100
AcDbPolyline
 90
4
 70
1
 10
35.0
 20
182.0
 10
65.0
 20
182.0
 10
65.0
 20
202.0
 10
35.0
 20
202.0
  0
TEXT
  5
180
330
17
100
AcDbEntity
  8
A-TEXTO
100
AcDbText
 10
37.5
 20
199.5
 30
0.0
 40
1.6
  1
MT
  7
ISO3098
 11
37.5
 21
199.5
 31
0.0
100
AcDbText
 73
3
  0
LWPOLYLINE
  5
181
330
17
100
AcDbEntity
  8
A-EXTERIOR
100
AcDbPolyline
 90
4
 70
1
 10
865.0
 20
182.0
 10
885.0
 20
182.0
 10
885.0
 20
197.0
 10
865.0
 20
197.0
  0
TEXT
  5
182
330
17
100
AcDbEntity
  8
A-TEXTO
100
AcDbText
 10
867.5
 20
194.5
 30
0.0
 40
1.6
  1
ERP
  7
ISO3098
 11
867.5
 21
194.5
 31
0.0
100
AcDbText
 73
3
  0
LINE
  5
183
330
17
100
AcDbEntity
  8
A-EXTERIOR
100
AcDbLine
 10
115.0
 20
342.0
 30
0.0
 11
115.0
 21
367.0
 31
0.0
  0
LINE
  5
184
330
17
100
AcDbEntity
  8
A-EXTERIOR
100
AcDbLine
 10
127.5
 20
342.0
 30
0.0
 11
127.5
 21
367.0
 31
0.0
  0
LINE
  5
185
330
17
100
AcDbEntity
  8
A-EXTERIOR
100
AcDbLine
 10
140.0
 20
342.0
 30
0.0
 11
140.0
 21
367.0
 31
0.0
  0
LINE
  5
186
330
17
100
AcDbEntity
  8
A-EXTERIOR
100
AcDbLine
 10
152.5
 20
342.0
 30
0.0
 11
152.5
 21
367.0
 31
0.0
  0
LINE
  5
187
330
17
100
AcDbEntity
  8
A-EXTERIOR
100
AcDbLine
 10
165.0
 20
342.0
 30
0.0
 11
165.0
 21
367.0
 31
0.0
  0
LINE
  5
188
330
17
100
AcDbEntity
  8
A-EXTERIOR
100
AcDbLine
 10
177.5
 20
342.0
 30
0.0
 11
177.5
 21
367.0
 31
0.0
  0
LINE
  5
189
330
17
100
AcDbEntity
  8
A-EXTERIOR
100
AcDbLine
 10
190.0
 20
342.0
 30
0.0
 11
190.0
 21
367.0
 31
0.0
  0
LINE
  5
18A
330
17
100
AcDbEntity
  8
A-EXTERIOR
100
AcDbLine
 10
202.5
 20
342.0
 30
0.0
 11
202.5
 21
367.0
 31
0.0
  0
LINE
  5
18B
330
17
100
AcDbEntity
  8
A-EXTERIOR
100
AcDbLine
 10
215.0
 20
342.0
 30
0.0
 11
215.0
 21
367.0
 31
0.0
  0
LINE
  5
18C
330
17
100
AcDbEntity
  8
A-EXTERIOR
100
AcDbLine
 10
227.5
 20
342.0
 30
0.0
 11
227.5
 21
367.0
 31
0.0
  0
LINE
  5
18D
330
17
100
AcDbEntity
  8
A-EXTERIOR
100
AcDbLine
 10
240.0
 20
342.0
 30
0.0
 11
240.0
 21
367.0
 31
0.0
  0
LINE
  5
18E
330
17
100
AcDbEntity
  8
A-EXTERIOR
100
AcDbLine
 10
252.5
 20
342.0
 30
0.0
 11
252.5
 21
367.0
 31
0.0
  0
LINE
  5
18F
330
17
100
AcDbEntity
  8
A-EXTERIOR
100
AcDbLine
 10
265.0
 20
342.0
 30
0.0
 11
265.0
 21
367.0
 31
0.0
  0
LINE
  5
190
330
17
100
AcDbEntity
  8
A-EXTERIOR
100
AcDbLine
 10
277.5
 20
342.0
 30
0.0
 11
277.5
 21
367.0
 31
0.0
  0
LINE
  5
191
330
17
100
AcDbEntity
  8
A-EXTERIOR
100
AcDbLine
 10
290.0
 20
342.0
 30
0.0
 11
290.0
 21
367.0
 31
0.0
  0
LINE
  5
192
330
17
100
AcDbEntity
  8
A-EXTERIOR
100
AcDbLine
 10
302.5
 20
342.0
 30
0.0
 11
302.5
 21
367.0
 31
0.0
  0
LINE
  5
193
330
17
100
AcDbEntity
  8
A-EXTERIOR
100
AcDbLine
 10
315.0
 20
342.0
 30
0.0
 11
315.0
 21
367.0
 31
0.0
  0
LINE
  5
194
330
17
100
AcDbEntity
  8
A-EXTERIOR
100
AcDbLine
 10
327.5
 20
342.0
 30
0.0
 11
327.5
 21
367.0
 31
0.0
  0
LINE
  5
195
330
17
100
AcDbEntity
  8
A-EXTERIOR
100
AcDbLine
 10
340.0
 20
342.0
 30
0.0
 11
340.0
 21
367.0
 31
0.0
  0
LINE
  5
196
330
17
100
AcDbEntity
  8
A-EXTERIOR
100
AcDbLine
 10
352.5
 20
342.0
 30
0.0
 11
352.5
 21
367.0
 31
0.0
  0
LINE
  5
197
330
17
100
AcDbEntity
  8
A-EXTERIOR
100
AcDbLine
 10
365.0
 20
342.0
 30
0.0
 11
365.0
 21
367.0
 31
0.0
  0
LINE
  5
198
330
17
100
AcDbEntity
  8
A-EXTERIOR
100
AcDbLine
 10
377.5
 20
342.0
 30
0.0
 11
377.5
 21
367.0
 31
0.0
  0
LINE
  5
199
330
17
100
AcDbEntity
  8
A-EXTERIOR
100
AcDbLine
 10
390.0
 20
342.0
 30
0.0
 11
390.0
 21
367.0
 31
0.0
  0
LINE
  5
19A
330
17
100
AcDbEntity
  8
A-EXTERIOR
100
AcDbLine
 10
402.5
 20
342.0
 30
0.0
 11
402.5
 21
367.0
 31
0.0
  0
LINE
  5
19B
330
17
100
AcDbEntity
  8
A-EXTERIOR
100
AcDbLine
 10
415.0
 20
342.0
 30
0.0
 11
415.0
 21
367.0
 31
0.0
  0
LINE
  5
19C
330
17
100
AcDbEntity
  8
A-EXTERIOR
100
AcDbLine
 10
115.0
 20
342.0
 30
0.0
 11
415.0
 21
342.0
 31
0.0
  0
LINE
  5
19D
330
17
100
AcDbEntity
  8
A-EXTERIOR
100
AcDbLine
 10
115.0
 20
287.0
 30
0.0
 11
115.0
 21
312.0
 31
0.0
  0
LINE
  5
19E
330
17
100
AcDbEntity
  8
A-EXTERIOR
100
AcDbLine
 10
127.5
 20
287.0
 30
0.0
 11
127.5
 21
312.0
 31
0.0
  0
LINE
  5
19F
330
17
100
AcDbEntity
  8
A-EXTERIOR
100
AcDbLine
 10
140.0
 20
287.0
 30
0.0
 11
140.0
 21
312.0
 31
0.0
  0
LINE
  5
1A0
330
17
100
AcDbEntity
  8
A-EXTERIOR
100
AcDbLine
 10
152.5
 20
287.0
 30
0.0
 11
152.5
 21
312.0
 31
0.0
  0
LINE
  5
1A1
330
17
100
AcDbEntity
  8
A-EXTERIOR
100
AcDbLine
 10
165.0
 20
287.0
 30
0.0
 11
165.0
 21
312.0
 31
0.0
  0
LINE
  5
1A2
330
17
100
AcDbEntity
  8
A-EXTERIOR
100
AcDbLine
 10
177.5
 20
287.0
 30
0.0
 11
177.5
 21
312.0
 31
0.0
  0
LINE
  5
1A3
330
17
100
AcDbEntity
  8
A-EXTERIOR
100
AcDbLine
 10
190.0
 20
287.0
 30
0.0
 11
190.0
 21
312.0
 31
0.0
  0
LINE
  5
1A4
330
17
100
AcDbEntity
  8
A-EXTERIOR
100
AcDbLine
 10
202.5
 20
287.0
 30
0.0
 11
202.5
 21
312.0
 31
0.0
  0
LINE
  5
1A5
330
17
100
AcDbEntity
  8
A-EXTERIOR
100
AcDbLine
 10
215.0
 20
287.0
 30
0.0
 11
215.0
 21
312.0
 31
0.0
  0
LINE
  5
1A6
330
17
100
AcDbEntity
  8
A-EXTERIOR
100
AcDbLine
 10
227.5
 20
287.0
 30
0.0
 11
227.5
 21
312.0
 31
0.0
  0
LINE
  5
1A7
330
17
100
AcDbEntity
  8
A-EXTERIOR
100
AcDbLine
 10
240.0
 20
287.0
 30
0.0
 11
240.0
 21
312.0
 31
0.0
  0
LINE
  5
1A8
330
17
100
AcDbEntity
  8
A-EXTERIOR
100
AcDbLine
 10
252.5
 20
287.0
 30
0.0
 11
252.5
 21
312.0
 31
0.0
  0
LINE
  5
1A9
330
17
100
AcDbEntity
  8
A-EXTERIOR
100
AcDbLine
 10
265.0
 20
287.0
 30
0.0
 11
265.0
 21
312.0
 31
0.0
  0
LINE
  5
1AA
330
17
100
AcDbEntity
  8
A-EXTERIOR
100
AcDbLine
 10
277.5
 20
287.0
 30
0.0
 11
277.5
 21
312.0
 31
0.0
  0
LINE
  5
1AB
330
17
100
AcDbEntity
  8
A-EXTERIOR
100
AcDbLine
 10
290.0
 20
287.0
 30
0.0
 11
290.0
 21
312.0
 31
0.0
  0
LINE
  5
1AC
330
17
100
AcDbEntity
  8
A-EXTERIOR
100
AcDbLine
 10
302.5
 20
287.0
 30
0.0
 11
302.5
 21
312.0
 31
0.0
  0
LINE
  5
1AD
330
17
100
AcDbEntity
  8
A-EXTERIOR
100
AcDbLine
 10
315.0
 20
287.0
 30
0.0
 11
315.0
 21
312.0
 31
0.0
  0
LINE
  5
1AE
330
17
100
AcDbEntity
  8
A-EXTERIOR
100
AcDbLine
 10
327.5
 20
287.0
 30
0.0
 11
327.5
 21
312.0
 31
0.0
  0
LINE
  5
1AF
330
17
100
AcDbEntity
  8
A-EXTERIOR
100
AcDbLine
 10
340.0
 20
287.0
 30
0.0
 11
340.0
 21
312.0
 31
0.0
  0
LINE
  5
1B0
330
17
100
AcDbEntity
  8
A-EXTERIOR
100
AcDbLine
 10
352.5
 20
287.0
 30
0.0
 11
352.5
 21
312.0
 31
0.0
  0
LINE
  5
1B1
330
17
100
AcDbEntity
  8
A-EXTERIOR
100
AcDbLine
 10
365.0
 20
287.0
 30
0.0
 11
365.0
 21
312.0
 31
0.0
  0
LINE
  5
1B2
330
17
100
AcDbEntity
  8
A-EXTERIOR
100
AcDbLine
 10
377.5
 20
287.0
 30
0.0
 11
377.5
 21
312.0
 31
0.0
  0
LINE
  5
1B3
330
17
100
AcDbEntity
  8
A-EXTERIOR
100
AcDbLine
 10
390.0
 20
287.0
 30
0.0
 11
390.0
 21
312.0
 31
0.0
  0
LINE
  5
1B4
330
17
100
AcDbEntity
  8
A-EXTERIOR
100
AcDbLine
 10
402.5
 20
287.0
 30
0.0
 11
402.5
 21
312.0
 31
0.0
  0
LINE
  5
1B5
330
17
100
AcDbEntity
  8
A-EXTERIOR
100
AcDbLine
 10
415.0
 20
287.0
 30
0.0
 11
415.0
 21
312.0
 31
0.0
  0
LINE
  5
1B6
330
17
100
AcDbEntity
  8
A-EXTERIOR
100
AcDbLine
 10
115.0
 20
287.0
 30
0.0
 11
415.0
 21
287.0
 31
0.0
  0
LINE
  5
1B7
330
17
100
AcDbEntity
  8
A-EXTERIOR
100
AcDbLine
 10
415.0
 20
342.0
 30
0.0
 11
415.0
 21
367.0
 31
0.0
  0
LINE
  5
1B8
330
17
100
AcDbEntity
  8
A-EXTERIOR
100
AcDbLine
 10
397.5
 20
342.0
 30
0.0
 11
397.5
 21
367.0
 31
0.0
  0
LINE
  5
1B9
330
17
100
AcDbEntity
  8
A-EXTERIOR
100
AcDbLine
 10
380.0
 20
342.0
 30
0.0
 11
380.0
 21
367.0
 31
0.0
  0
TEXT
  5
1BA
330
17
100
AcDbEntity
  8
A-TEXTO
100
AcDbText
 10
397.5
 20
354.5
 30
0.0
 40
1.4
  1
2 accesibles 3,50 m
  7
ISO3098
 72
1
 11
397.5
 21
354.5
 31
0.0
100
AcDbText
 73
2
  0
TEXT
  5
1BB
330
17
100
AcDbEntity
  8
A-TEXTO
100
AcDbText
 10
255.0
 20
327.0
 30
0.0
 40
1.8
  1
40 cocheras 2,50 × 5,00
  7
ISO3098
 72
1
 11
255.0
 21
327.0
 31
0.0
100
AcDbText
 73
2
  0
LWPOLYLINE
  5
1BC
330
17
100
AcDbEntity
  8
A-SECTOR
100
AcDbPolyline
 90
5
 70
0
 10
267.5
 20
172.0
 10
267.5
 20
252.0
 10
340.0
 20
252.0
 10
340.0
 20
397.0
 10
356.0
 20
407.0
  0
CIRCLE
  5
1BD
330
17
100
AcDbEntity
  8
A-TEXTO
100
AcDbCircle
 10
855.0
 20
212.0
 30
0.0
 40
6.0
  0
HATCH
  5
1BE
330
17
100
AcDbEntity
  8
A-TEXTO
 62
7
420
0
100
AcDbHatch
 10
0.0
 20
0.0
 30
0.0
210
0.0
220
0.0
230
1.0
  2
SOLID
 70
1
 71
0
 91
1
 92
3
 72
0
 73
1
 93
3
 10
855.0
 20
218.0
 10
852.9
 20
208.4
 10
855.0
 20
210.2
 97
0
 75
1
 76
1
 98
0
  0
LWPOLYLINE
  5
1BF
330
17
100
AcDbEntity
  8
A-TEXTO
100
AcDbPolyline
 90
3
 70
0
 10
855.0
 20
218.0
 10
857.1
 20
208.4
 10
855.0
 20
210.2
  0
TEXT
  5
1C0
330
17
100
AcDbEntity
  8
A-TEXTO
100
AcDbText
 10
855.0
 20
219.5
 30
0.0
 40
3.5
  1
N
  7
ISO3098
 72
1
 11
855.0
 21
219.5
 31
0.0
100
AcDbText
 73
1
  0
HATCH
  5
1C1
330
17
100
AcDbEntity
  8
A-RELLENO
 62
7
420
13492725
100
AcDbHatch
 10
0.0
 20
0.0
 30
0.0
210
0.0
220
0.0
230
1.0
  2
SOLID
 70
1
 71
0
 91
1
 92
3
 72
0
 73
1
 93
4
 10
156.5
 20
592.0
 10
218.0
 20
592.0
 10
218.0
 20
650.5
 10
156.5
 20
650.5
 97
0
 75
1
 76
1
 98
0
  0
LWPOLYLINE
  5
1C2
330
17
100
AcDbEntity
  8
A-SECTOR
100
AcDbPolyline
 90
4
 70
1
 10
156.5
 20
592.0
 10
218.0
 20
592.0
 10
218.0
 20
650.5
 10
156.5
 20
650.5
  0
HATCH
  5
1C3
330
17
100
AcDbEntity
  8
A-RELLENO
 62
7
420
13492725
100
AcDbHatch
 10
0.0
 20
0.0
 30
0.0
210
0.0
220
0.0
230
1.0
  2
SOLID
 70
1
 71
0
 91
1
 92
3
 72
0
 73
1
 93
4
 10
209.0
 20
541.5
 10
218.0
 20
541.5
 10
218.0
 20
591.0
 10
209.0
 20
591.0
 97
0
 75
1
 76
1
 98
0
  0
LWPOLYLINE
  5
1C4
330
17
100
AcDbEntity
  8
A-SECTOR
100
AcDbPolyline
 90
4
 70
1
 10
209.0
 20
541.5
 10
218.0
 20
541.5
 10
218.0
 20
591.0
 10
209.0
 20
591.0
  0
HATCH
  5
1C5
330
17
100
AcDbEntity
  8
A-RELLENO
 62
7
420
13492725
100
AcDbHatch
 10
0.0
 20
0.0
 30
0.0
210
0.0
220
0.0
230
1.0
  2
SOLID
 70
1
 71
0
 91
1
 92
3
 72
0
 73
1
 93
4
 10
238.0
 20
626.0
 10
287.0
 20
626.0
 10
287.0
 20
633.0
 10
238.0
 20
633.0
 97
0
 75
1
 76
1
 98
0
  0
LWPOLYLINE
  5
1C6
330
17
100
AcDbEntity
  8
A-SECTOR
100
AcDbPolyline
 90
4
 70
1
 10
238.0
 20
626.0
 10
287.0
 20
626.0
 10
287.0
 20
633.0
 10
238.0
 20
633.0
  0
HATCH
  5
1C7
330
17
100
AcDbEntity
  8
A-RELLENO
 62
7
420
13492725
100
AcDbHatch
 10
0.0
 20
0.0
 30
0.0
210
0.0
220
0.0
230
1.0
  2
SOLID
 70
1
 71
0
 91
1
 92
3
 72
0
 73
1
 93
4
 10
237.0
 20
560.0
 10
245.0
 20
560.0
 10
245.0
 20
595.0
 10
237.0
 20
595.0
 97
0
 75
1
 76
1
 98
0
  0
LWPOLYLINE
  5
1C8
330
17
100
AcDbEntity
  8
A-SECTOR
100
AcDbPolyline
 90
4
 70
1
 10
237.0
 20
560.0
 10
245.0
 20
560.0
 10
245.0
 20
595.0
 10
237.0
 20
595.0
  0
HATCH
  5
1C9
330
17
100
AcDbEntity
  8
A-RELLENO
 62
7
420
13492725
100
AcDbHatch
 10
0.0
 20
0.0
 30
0.0
210
0.0
220
0.0
230
1.0
  2
SOLID
 70
1
 71
0
 91
1
 92
3
 72
0
 73
1
 93
4
 10
215.0
 20
513.5
 10
245.0
 20
513.5
 10
245.0
 20
520.5
 10
215.0
 20
520.5
 97
0
 75
1
 76
1
 98
0
  0
LWPOLYLINE
  5
1CA
330
17
100
AcDbEntity
  8
A-SECTOR
100
AcDbPolyline
 90
4
 70
1
 10
215.0
 20
513.5
 10
245.0
 20
513.5
 10
245.0
 20
520.5
 10
215.0
 20
520.5
  0
HATCH
  5
1CB
330
17
100
AcDbEntity
  8
A-RELLENO
 62
7
420
13492725
100
AcDbHatch
 10
0.0
 20
0.0
 30
0.0
210
0.0
220
0.0
230
1.0
  2
SOLID
 70
1
 71
0
 91
1
 92
3
 72
0
 73
1
 93
4
 10
156.5
 20
566.0
 10
208.0
 20
566.0
 10
208.0
 20
591.0
 10
156.5
 20
591.0
 97
0
 75
1
 76
1
 98
0
  0
LWPOLYLINE
  5
1CC
330
17
100
AcDbEntity
  8
A-SECTOR
100
AcDbPolyline
 90
4
 70
1
 10
156.5
 20
566.0
 10
208.0
 20
566.0
 10
208.0
 20
591.0
 10
156.5
 20
591.0
  0
HATCH
  5
1CD
330
17
100
AcDbEntity
  8
A-RELLENO
 62
7
420
15263976
100
AcDbHatch
 10
0.0
 20
0.0
 30
0.0
210
0.0
220
0.0
230
1.0
  2
SOLID
 70
1
 71
0
 91
1
 92
3
 72
0
 73
1
 93
4
 10
156.5
 20
541.5
 10
208.0
 20
541.5
 10
208.0
 20
565.0
 10
156.5
 20
565.0
 97
0
 75
1
 76
1
 98
0
  0
LWPOLYLINE
  5
1CE
330
17
100
AcDbEntity
  8
A-SECTOR
100
AcDbPolyline
 90
4
 70
1
 10
156.5
 20
541.5
 10
208.0
 20
541.5
 10
208.0
 20
565.0
 10
156.5
 20
565.0
  0
HATCH
  5
1CF
330
17
100
AcDbEntity
  8
A-RELLENO
 62
7
420
15263976
100
AcDbHatch
 10
0.0
 20
0.0
 30
0.0
210
0.0
220
0.0
230
1.0
  2
SOLID
 70
1
 71
0
 91
1
 92
3
 72
0
 73
1
 93
4
 10
294.0
 20
629.0
 10
308.5
 20
629.0
 10
308.5
 20
650.5
 10
294.0
 20
650.5
 97
0
 75
1
 76
1
 98
0
  0
LWPOLYLINE
  5
1D0
330
17
100
AcDbEntity
  8
A-SECTOR
100
AcDbPolyline
 90
4
 70
1
 10
294.0
 20
629.0
 10
308.5
 20
629.0
 10
308.5
 20
650.5
 10
294.0
 20
650.5
  0
HATCH
  5
1D1
330
17
100
AcDbEntity
  8
A-RELLENO
 62
7
420
16639176
100
AcDbHatch
 10
0.0
 20
0.0
 30
0.0
210
0.0
220
0.0
230
1.0
  2
SOLID
 70
1
 71
0
 91
1
 92
3
 72
0
 73
1
 93
4
 10
237.0
 20
541.5
 10
308.0
 20
541.5
 10
308.0
 20
559.0
 10
237.0
 20
559.0
 97
0
 75
1
 76
1
 98
0
  0
LWPOLYLINE
  5
1D2
330
17
100
AcDbEntity
  8
A-SECTOR
100
AcDbPolyline
 90
4
 70
1
 10
237.0
 20
541.5
 10
308.0
 20
541.5
 10
308.0
 20
559.0
 10
237.0
 20
559.0
  0
HATCH
  5
1D3
330
17
100
AcDbEntity
  8
A-RELLENO
 62
7
420
16639176
100
AcDbHatch
 10
0.0
 20
0.0
 30
0.0
210
0.0
220
0.0
230
1.0
  2
SOLID
 70
1
 71
0
 91
1
 92
3
 72
0
 73
1
 93
4
 10
247.0
 20
560.0
 10
266.0
 20
560.0
 10
266.0
 20
604.0
 10
247.0
 20
604.0
 97
0
 75
1
 76
1
 98
0
  0
LWPOLYLINE
  5
1D4
330
17
100
AcDbEntity
  8
A-SECTOR
100
AcDbPolyline
 90
4
 70
1
 10
247.0
 20
560.0
 10
266.0
 20
560.0
 10
266.0
 20
604.0
 10
247.0
 20
604.0
  0
HATCH
  5
1D5
330
17
100
AcDbEntity
  8
A-RELLENO
 62
7
420
16639176
100
AcDbHatch
 10
0.0
 20
0.0
 30
0.0
210
0.0
220
0.0
230
1.0
  2
SOLID
 70
1
 71
0
 91
1
 92
3
 72
0
 73
1
 93
4
 10
237.0
 20
609.0
 10
308.0
 20
609.0
 10
308.0
 20
625.0
 10
237.0
 20
625.0
 97
0
 75
1
 76
1
 98
0
  0
LWPOLYLINE
  5
1D6
330
17
100
AcDbEntity
  8
A-SECTOR
100
AcDbPolyline
 90
4
 70
1
 10
237.0
 20
609.0
 10
308.0
 20
609.0
 10
308.0
 20
625.0
 10
237.0
 20
625.0
  0
HATCH
  5
1D7
330
17
100
AcDbEntity
  8
A-RELLENO
 62
7
420
16639176
100
AcDbHatch
 10
0.0
 20
0.0
 30
0.0
210
0.0
220
0.0
230
1.0
  2
SOLID
 70
1
 71
0
 91
1
 92
3
 72
0
 73
1
 93
4
 10
309.5
 20
609.0
 10
334.0
 20
609.0
 10
334.0
 20
628.0
 10
309.5
 20
628.0
 97
0
 75
1
 76
1
 98
0
  0
LWPOLYLINE
  5
1D8
330
17
100
AcDbEntity
  8
A-SECTOR
100
AcDbPolyline
 90
4
 70
1
 10
309.5
 20
609.0
 10
334.0
 20
609.0
 10
334.0
 20
628.0
 10
309.5
 20
628.0
  0
HATCH
  5
1D9
330
17
100
AcDbEntity
  8
A-RELLENO
 62
7
420
16639176
100
AcDbHatch
 10
0.0
 20
0.0
 30
0.0
210
0.0
220
0.0
230
1.0
  2
SOLID
 70
1
 71
0
 91
1
 92
3
 72
0
 73
1
 93
4
 10
309.0
 20
541.5
 10
334.0
 20
541.5
 10
334.0
 20
567.0
 10
309.0
 20
567.0
 97
0
 75
1
 76
1
 98
0
  0
LWPOLYLINE
  5
1DA
330
17
100
AcDbEntity
  8
A-SECTOR
100
AcDbPolyline
 90
4
 70
1
 10
309.0
 20
541.5
 10
334.0
 20
541.5
 10
334.0
 20
567.0
 10
309.0
 20
567.0
  0
HATCH
  5
1DB
330
17
100
AcDbEntity
  8
A-RELLENO
 62
7
420
16639176
100
AcDbHatch
 10
0.0
 20
0.0
 30
0.0
210
0.0
220
0.0
230
1.0
  2
SOLID
 70
1
 71
0
 91
1
 92
3
 72
0
 73
1
 93
4
 10
267.0
 20
560.0
 10
334.0
 20
560.0
 10
334.0
 20
604.0
 10
267.0
 20
604.0
 97
0
 75
1
 76
1
 98
0
  0
LWPOLYLINE
  5
1DC
330
17
100
AcDbEntity
  8
A-SECTOR
100
AcDbPolyline
 90
4
 70
1
 10
267.0
 20
560.0
 10
334.0
 20
560.0
 10
334.0
 20
604.0
 10
267.0
 20
604.0
  0
HATCH
  5
1DD
330
17
100
AcDbEntity
  8
A-RELLENO
 62
7
420
16639176
100
AcDbHatch
 10
0.0
 20
0.0
 30
0.0
210
0.0
220
0.0
230
1.0
  2
SOLID
 70
1
 71
0
 91
1
 92
3
 72
0
 73
1
 93
4
 10
156.5
 20
485.5
 10
335.0
 20
485.5
 10
335.0
 20
521.5
 10
156.5
 20
521.5
 97
0
 75
1
 76
1
 98
0
  0
LWPOLYLINE
  5
1DE
330
17
100
AcDbEntity
  8
A-SECTOR
100
AcDbPolyline
 90
4
 70
1
 10
156.5
 20
485.5
 10
335.0
 20
485.5
 10
335.0
 20
521.5
 10
156.5
 20
521.5
  0
HATCH
  5
1DF
330
17
100
AcDbEntity
  8
A-RELLENO
 62
7
420
16639176
100
AcDbHatch
 10
0.0
 20
0.0
 30
0.0
210
0.0
220
0.0
230
1.0
  2
SOLID
 70
1
 71
0
 91
1
 92
3
 72
0
 73
1
 93
4
 10
362.0
 20
532.0
 10
419.0
 20
532.0
 10
419.0
 20
628.5
 10
362.0
 20
628.5
 97
0
 75
1
 76
1
 98
0
  0
LWPOLYLINE
  5
1E0
330
17
100
AcDbEntity
  8
A-SECTOR
100
AcDbPolyline
 90
4
 70
1
 10
362.0
 20
532.0
 10
419.0
 20
532.0
 10
419.0
 20
628.5
 10
362.0
 20
628.5
  0
HATCH
  5
1E1
330
17
100
AcDbEntity
  8
A-RELLENO
 62
7
420
16639176
100
AcDbHatch
 10
0.0
 20
0.0
 30
0.0
210
0.0
220
0.0
230
1.0
  2
SOLID
 70
1
 71
0
 91
1
 92
3
 72
0
 73
1
 93
4
 10
425.0
 20
530.0
 10
484.0
 20
530.0
 10
484.0
 20
628.5
 10
425.0
 20
628.5
 97
0
 75
1
 76
1
 98
0
  0
LWPOLYLINE
  5
1E2
330
17
100
AcDbEntity
  8
A-SECTOR
100
AcDbPolyline
 90
4
 70
1
 10
425.0
 20
530.0
 10
484.0
 20
530.0
 10
484.0
 20
628.5
 10
425.0
 20
628.5
  0
HATCH
  5
1E3
330
17
100
AcDbEntity
  8
A-RELLENO
 62
7
420
15000048
100
AcDbHatch
 10
0.0
 20
0.0
 30
0.0
210
0.0
220
0.0
230
1.0
  2
SOLID
 70
1
 71
0
 91
1
 92
3
 72
0
 73
1
 93
4
 10
363.0
 20
486.5
 10
398.0
 20
486.5
 10
398.0
 20
513.0
 10
363.0
 20
513.0
 97
0
 75
1
 76
1
 98
0
  0
LWPOLYLINE
  5
1E4
330
17
100
AcDbEntity
  8
A-SECTOR
100
AcDbPolyline
 90
4
 70
1
 10
363.0
 20
486.5
 10
398.0
 20
486.5
 10
398.0
 20
513.0
 10
363.0
 20
513.0
  0
HATCH
  5
1E5
330
17
100
AcDbEntity
  8
A-RELLENO
 62
7
420
15000048
100
AcDbHatch
 10
0.0
 20
0.0
 30
0.0
210
0.0
220
0.0
230
1.0
  2
SOLID
 70
1
 71
0
 91
1
 92
3
 72
0
 73
1
 93
4
 10
363.0
 20
514.0
 10
386.0
 20
514.0
 10
386.0
 20
531.0
 10
363.0
 20
531.0
 97
0
 75
1
 76
1
 98
0
  0
LWPOLYLINE
  5
1E6
330
17
100
AcDbEntity
  8
A-SECTOR
100
AcDbPolyline
 90
4
 70
1
 10
363.0
 20
514.0
 10
386.0
 20
514.0
 10
386.0
 20
531.0
 10
363.0
 20
531.0
  0
HATCH
  5
1E7
330
17
100
AcDbEntity
  8
A-RELLENO
 62
7
420
15263976
100
AcDbHatch
 10
0.0
 20
0.0
 30
0.0
210
0.0
220
0.0
230
1.0
  2
SOLID
 70
1
 71
0
 91
1
 92
3
 72
0
 73
1
 93
4
 10
387.0
 20
514.0
 10
398.0
 20
514.0
 10
398.0
 20
531.0
 10
387.0
 20
531.0
 97
0
 75
1
 76
1
 98
0
  0
LWPOLYLINE
  5
1E8
330
17
100
AcDbEntity
  8
A-SECTOR
100
AcDbPolyline
 90
4
 70
1
 10
387.0
 20
514.0
 10
398.0
 20
514.0
 10
398.0
 20
531.0
 10
387.0
 20
531.0
  0
HATCH
  5
1E9
330
17
100
AcDbEntity
  8
A-RELLENO
 62
7
420
15263976
100
AcDbHatch
 10
0.0
 20
0.0
 30
0.0
210
0.0
220
0.0
230
1.0
  2
SOLID
 70
1
 71
0
 91
1
 92
3
 72
0
 73
1
 93
4
 10
430.0
 20
486.5
 10
465.0
 20
486.5
 10
465.0
 20
513.0
 10
430.0
 20
513.0
 97
0
 75
1
 76
1
 98
0
  0
LWPOLYLINE
  5
1EA
330
17
100
AcDbEntity
  8
A-SECTOR
100
AcDbPolyline
 90
4
 70
1
 10
430.0
 20
486.5
 10
465.0
 20
486.5
 10
465.0
 20
513.0
 10
430.0
 20
513.0
  0
HATCH
  5
1EB
330
17
100
AcDbEntity
  8
A-RELLENO
 62
7
420
15263976
100
AcDbHatch
 10
0.0
 20
0.0
 30
0.0
210
0.0
220
0.0
230
1.0
  2
SOLID
 70
1
 71
0
 91
1
 92
3
 72
0
 73
1
 93
4
 10
466.0
 20
486.5
 10
483.0
 20
486.5
 10
483.0
 20
513.0
 10
466.0
 20
513.0
 97
0
 75
1
 76
1
 98
0
  0
LWPOLYLINE
  5
1EC
330
17
100
AcDbEntity
  8
A-SECTOR
100
AcDbPolyline
 90
4
 70
1
 10
466.0
 20
486.5
 10
483.0
 20
486.5
 10
483.0
 20
513.0
 10
466.0
 20
513.0
  0
HATCH
  5
1ED
330
17
100
AcDbEntity
  8
A-RELLENO
 62
7
420
16439245
100
AcDbHatch
 10
0.0
 20
0.0
 30
0.0
210
0.0
220
0.0
230
1.0
  2
SOLID
 70
1
 71
0
 91
1
 92
3
 72
0
 73
1
 93
4
 10
494.0
 20
485.5
 10
575.5
 20
485.5
 10
575.5
 20
628.5
 10
494.0
 20
628.5
 97
0
 75
1
 76
1
 98
0
  0
LWPOLYLINE
  5
1EE
330
17
100
AcDbEntity
  8
A-SECTOR
100
AcDbPolyline
 90
4
 70
1
 10
494.0
 20
485.5
 10
575.5
 20
485.5
 10
575.5
 20
628.5
 10
494.0
 20
628.5
  0
HATCH
  5
1EF
330
17
100
AcDbEntity
  8
A-RELLENO
 62
7
420
13492725
100
AcDbHatch
 10
0.0
 20
0.0
 30
0.0
210
0.0
220
0.0
230
1.0
  2
SOLID
 70
1
 71
0
 91
1
 92
3
 72
0
 73
1
 93
4
 10
523.0
 20
629.5
 10
552.0
 20
629.5
 10
552.0
 20
650.5
 10
523.0
 20
650.5
 97
0
 75
1
 76
1
 98
0
  0
LWPOLYLINE
  5
1F0
330
17
100
AcDbEntity
  8
A-SECTOR
100
AcDbPolyline
 90
4
 70
1
 10
523.0
 20
629.5
 10
552.0
 20
629.5
 10
552.0
 20
650.5
 10
523.0
 20
650.5
  0
HATCH
  5
1F1
330
17
100
AcDbEntity
  8
A-RELLENO
 62
7
420
13492725
100
AcDbHatch
 10
0.0
 20
0.0
 30
0.0
210
0.0
220
0.0
230
1.0
  2
SOLID
 70
1
 71
0
 91
1
 92
3
 72
0
 73
1
 93
4
 10
582.5
 20
624.0
 10
617.5
 20
624.0
 10
617.5
 20
650.5
 10
582.5
 20
650.5
 97
0
 75
1
 76
1
 98
0
  0
LWPOLYLINE
  5
1F2
330
17
100
AcDbEntity
  8
A-SECTOR
100
AcDbPolyline
 90
4
 70
1
 10
582.5
 20
624.0
 10
617.5
 20
624.0
 10
617.5
 20
650.5
 10
582.5
 20
650.5
  0
HATCH
  5
1F3
330
17
100
AcDbEntity
  8
A-RELLENO
 62
7
420
13492725
100
AcDbHatch
 10
0.0
 20
0.0
 30
0.0
210
0.0
220
0.0
230
1.0
  2
SOLID
 70
1
 71
0
 91
1
 92
3
 72
0
 73
1
 93
4
 10
618.5
 20
624.0
 10
675.0
 20
624.0
 10
675.0
 20
650.5
 10
618.5
 20
650.5
 97
0
 75
1
 76
1
 98
0
  0
LWPOLYLINE
  5
1F4
330
17
100
AcDbEntity
  8
A-SECTOR
100
AcDbPolyline
 90
4
 70
1
 10
618.5
 20
624.0
 10
675.0
 20
624.0
 10
675.0
 20
650.5
 10
618.5
 20
650.5
  0
HATCH
  5
1F5
330
17
100
AcDbEntity
  8
A-RELLENO
 62
7
420
14151378
100
AcDbHatch
 10
0.0
 20
0.0
 30
0.0
210
0.0
220
0.0
230
1.0
  2
SOLID
 70
1
 71
0
 91
1
 92
3
 72
0
 73
1
 93
4
 10
582.5
 20
583.0
 10
617.5
 20
583.0
 10
617.5
 20
623.0
 10
582.5
 20
623.0
 97
0
 75
1
 76
1
 98
0
  0
LWPOLYLINE
  5
1F6
330
17
100
AcDbEntity
  8
A-SECTOR
100
AcDbPolyline
 90
4
 70
1
 10
582.5
 20
583.0
 10
617.5
 20
583.0
 10
617.5
 20
623.0
 10
582.5
 20
623.0
  0
HATCH
  5
1F7
330
17
100
AcDbEntity
  8
A-RELLENO
 62
7
420
14151378
100
AcDbHatch
 10
0.0
 20
0.0
 30
0.0
210
0.0
220
0.0
230
1.0
  2
SOLID
 70
1
 71
0
 91
1
 92
3
 72
0
 73
1
 93
4
 10
618.5
 20
583.0
 10
675.0
 20
583.0
 10
675.0
 20
623.0
 10
618.5
 20
623.0
 97
0
 75
1
 76
1
 98
0
  0
LWPOLYLINE
  5
1F8
330
17
100
AcDbEntity
  8
A-SECTOR
100
AcDbPolyline
 90
4
 70
1
 10
618.5
 20
583.0
 10
675.0
 20
583.0
 10
675.0
 20
623.0
 10
618.5
 20
623.0
  0
HATCH
  5
1F9
330
17
100
AcDbEntity
  8
A-RELLENO
 62
7
420
15263976
100
AcDbHatch
 10
0.0
 20
0.0
 30
0.0
210
0.0
220
0.0
230
1.0
  2
SOLID
 70
1
 71
0
 91
1
 92
3
 72
0
 73
1
 93
4
 10
582.5
 20
539.0
 10
615.0
 20
539.0
 10
615.0
 20
575.0
 10
582.5
 20
575.0
 97
0
 75
1
 76
1
 98
0
  0
LWPOLYLINE
  5
1FA
330
17
100
AcDbEntity
  8
A-SECTOR
100
AcDbPolyline
 90
4
 70
1
 10
582.5
 20
539.0
 10
615.0
 20
539.0
 10
615.0
 20
575.0
 10
582.5
 20
575.0
  0
HATCH
  5
1FB
330
17
100
AcDbEntity
  8
A-RELLENO
 62
7
420
15263976
100
AcDbHatch
 10
0.0
 20
0.0
 30
0.0
210
0.0
220
0.0
230
1.0
  2
SOLID
 70
1
 71
0
 91
1
 92
3
 72
0
 73
1
 93
4
 10
616.0
 20
532.0
 10
645.0
 20
532.0
 10
645.0
 20
575.0
 10
616.0
 20
575.0
 97
0
 75
1
 76
1
 98
0
  0
LWPOLYLINE
  5
1FC
330
17
100
AcDbEntity
  8
A-SECTOR
100
AcDbPolyline
 90
4
 70
1
 10
616.0
 20
532.0
 10
645.0
 20
532.0
 10
645.0
 20
575.0
 10
616.0
 20
575.0
  0
HATCH
  5
1FD
330
17
100
AcDbEntity
  8
A-RELLENO
 62
7
420
15263976
100
AcDbHatch
 10
0.0
 20
0.0
 30
0.0
210
0.0
220
0.0
230
1.0
  2
SOLID
 70
1
 71
0
 91
1
 92
3
 72
0
 73
1
 93
4
 10
646.0
 20
532.0
 10
675.0
 20
532.0
 10
675.0
 20
575.0
 10
646.0
 20
575.0
 97
0
 75
1
 76
1
 98
0
  0
LWPOLYLINE
  5
1FE
330
17
100
AcDbEntity
  8
A-SECTOR
100
AcDbPolyline
 90
4
 70
1
 10
646.0
 20
532.0
 10
675.0
 20
532.0
 10
675.0
 20
575.0
 10
646.0
 20
575.0
  0
HATCH
  5
1FF
330
17
100
AcDbEntity
  8
A-RELLENO
 62
7
420
14151378
100
AcDbHatch
 10
0.0
 20
0.0
 30
0.0
210
0.0
220
0.0
230
1.0
  2
SOLID
 70
1
 71
0
 91
1
 92
3
 72
0
 73
1
 93
4
 10
582.5
 20
486.5
 10
615.0
 20
486.5
 10
615.0
 20
531.0
 10
582.5
 20
531.0
 97
0
 75
1
 76
1
 98
0
  0
LWPOLYLINE
  5
200
330
17
100
AcDbEntity
  8
A-SECTOR
100
AcDbPolyline
 90
4
 70
1
 10
582.5
 20
486.5
 10
615.0
 20
486.5
 10
615.0
 20
531.0
 10
582.5
 20
531.0
  0
HATCH
  5
201
330
17
100
AcDbEntity
  8
A-RELLENO
 62
7
420
14151378
100
AcDbHatch
 10
0.0
 20
0.0
 30
0.0
210
0.0
220
0.0
230
1.0
  2
SOLID
 70
1
 71
0
 91
1
 92
3
 72
0
 73
1
 93
4
 10
616.0
 20
486.5
 10
675.0
 20
486.5
 10
675.0
 20
514.0
 10
616.0
 20
514.0
 97
0
 75
1
 76
1
 98
0
  0
LWPOLYLINE
  5
202
330
17
100
AcDbEntity
  8
A-SECTOR
100
AcDbPolyline
 90
4
 70
1
 10
616.0
 20
486.5
 10
675.0
 20
486.5
 10
675.0
 20
514.0
 10
616.0
 20
514.0
  0
HATCH
  5
203
330
17
100
AcDbEntity
  8
A-RELLENO
 62
7
420
13166792
100
AcDbHatch
 10
0.0
 20
0.0
 30
0.0
210
0.0
220
0.0
230
1.0
  2
SOLID
 70
1
 71
0
 91
1
 92
3
 72
0
 73
1
 93
4
 10
676.0
 20
486.5
 10
753.5
 20
486.5
 10
753.5
 20
514.0
 10
676.0
 20
514.0
 97
0
 75
1
 76
1
 98
0
  0
LWPOLYLINE
  5
204
330
17
100
AcDbEntity
  8
A-SECTOR
100
AcDbPolyline
 90
4
 70
1
 10
676.0
 20
486.5
 10
753.5
 20
486.5
 10
753.5
 20
514.0
 10
676.0
 20
514.0
  0
HATCH
  5
205
330
17
100
AcDbEntity
  8
A-RELLENO
 62
7
420
13166792
100
AcDbHatch
 10
0.0
 20
0.0
 30
0.0
210
0.0
220
0.0
230
1.0
  2
SOLID
 70
1
 71
0
 91
1
 92
3
 72
0
 73
1
 93
4
 10
676.0
 20
557.0
 10
731.0
 20
557.0
 10
731.0
 20
650.5
 10
676.0
 20
650.5
 97
0
 75
1
 76
1
 98
0
  0
LWPOLYLINE
  5
206
330
17
100
AcDbEntity
  8
A-SECTOR
100
AcDbPolyline
 90
4
 70
1
 10
676.0
 20
557.0
 10
731.0
 20
557.0
 10
731.0
 20
650.5
 10
676.0
 20
650.5
  0
HATCH
  5
207
330
17
100
AcDbEntity
  8
A-RELLENO
 62
7
420
13166792
100
AcDbHatch
 10
0.0
 20
0.0
 30
0.0
210
0.0
220
0.0
230
1.0
  2
SOLID
 70
1
 71
0
 91
1
 92
3
 72
0
 73
1
 93
4
 10
731.0
 20
557.0
 10
753.5
 20
557.0
 10
753.5
 20
650.5
 10
731.0
 20
650.5
 97
0
 75
1
 76
1
 98
0
  0
LWPOLYLINE
  5
208
330
17
100
AcDbEntity
  8
A-SECTOR
100
AcDbPolyline
 90
4
 70
1
 10
731.0
 20
557.0
 10
753.5
 20
557.0
 10
753.5
 20
650.5
 10
731.0
 20
650.5
  0
HATCH
  5
209
330
17
100
AcDbEntity
  8
A-RELLENO
 62
7
420
13166792
100
AcDbHatch
 10
0.0
 20
0.0
 30
0.0
210
0.0
220
0.0
230
1.0
  2
SOLID
 70
1
 71
0
 91
1
 92
3
 72
0
 73
1
 93
4
 10
713.5
 20
532.0
 10
753.5
 20
532.0
 10
753.5
 20
556.0
 10
713.5
 20
556.0
 97
0
 75
1
 76
1
 98
0
  0
LWPOLYLINE
  5
20A
330
17
100
AcDbEntity
  8
A-SECTOR
100
AcDbPolyline
 90
4
 70
1
 10
713.5
 20
532.0
 10
753.5
 20
532.0
 10
753.5
 20
556.0
 10
713.5
 20
556.0
  0
HATCH
  5
20B
330
17
100
AcDbEntity
  8
A-RELLENO
 62
7
420
15263976
100
AcDbHatch
 10
0.0
 20
0.0
 30
0.0
210
0.0
220
0.0
230
1.0
  2
SOLID
 70
1
 71
0
 91
1
 92
3
 72
0
 73
1
 93
4
 10
415.0
 20
652.0
 10
475.0
 20
652.0
 10
475.0
 20
682.0
 10
415.0
 20
682.0
 97
0
 75
1
 76
1
 98
0
  0
HATCH
  5
20C
330
17
100
AcDbEntity
  8
A-RELLENO
 62
7
420
16775373
100
AcDbHatch
 10
0.0
 20
0.0
 30
0.0
210
0.0
220
0.0
230
1.0
  2
SOLID
 70
1
 71
0
 91
1
 92
3
 72
0
 73
1
 93
4
 10
346.0
 20
444.0
 10
376.0
 20
444.0
 10
376.0
 20
471.0
 10
346.0
 20
471.0
 97
0
 75
1
 76
1
 98
0
  0
LWPOLYLINE
  5
20D
330
17
100
AcDbEntity
  8
A-LOCAL
100
AcDbPolyline
 90
4
 70
1
 10
346.0
 20
444.0
 10
376.0
 20
444.0
 10
376.0
 20
471.0
 10
346.0
 20
471.0
  0
HATCH
  5
20E
330
17
100
AcDbEntity
  8
A-RELLENO
 62
7
420
16775373
100
AcDbHatch
 10
0.0
 20
0.0
 30
0.0
210
0.0
220
0.0
230
1.0
  2
SOLID
 70
1
 71
0
 91
1
 92
3
 72
0
 73
1
 93
4
 10
377.0
 20
444.0
 10
406.0
 20
444.0
 10
406.0
 20
471.0
 10
377.0
 20
471.0
 97
0
 75
1
 76
1
 98
0
  0
LWPOLYLINE
  5
20F
330
17
100
AcDbEntity
  8
A-LOCAL
100
AcDbPolyline
 90
4
 70
1
 10
377.0
 20
444.0
 10
406.0
 20
444.0
 10
406.0
 20
471.0
 10
377.0
 20
471.0
  0
HATCH
  5
210
330
17
100
AcDbEntity
  8
A-RELLENO
 62
7
420
16119285
100
AcDbHatch
 10
0.0
 20
0.0
 30
0.0
210
0.0
220
0.0
230
1.0
  2
SOLID
 70
1
 71
0
 91
1
 92
3
 72
0
 73
1
 93
4
 10
407.0
 20
444.0
 10
417.0
 20
444.0
 10
417.0
 20
471.0
 10
407.0
 20
471.0
 97
0
 75
1
 76
1
 98
0
  0
LWPOLYLINE
  5
211
330
17
100
AcDbEntity
  8
A-LOCAL
100
AcDbPolyline
 90
4
 70
1
 10
407.0
 20
444.0
 10
417.0
 20
444.0
 10
417.0
 20
471.0
 10
407.0
 20
471.0
  0
HATCH
  5
212
330
17
100
AcDbEntity
  8
A-RELLENO
 62
7
420
16775373
100
AcDbHatch
 10
0.0
 20
0.0
 30
0.0
210
0.0
220
0.0
230
1.0
  2
SOLID
 70
1
 71
0
 91
1
 92
3
 72
0
 73
1
 93
4
 10
418.0
 20
444.0
 10
444.0
 20
444.0
 10
444.0
 20
471.0
 10
418.0
 20
471.0
 97
0
 75
1
 76
1
 98
0
  0
LWPOLYLINE
  5
213
330
17
100
AcDbEntity
  8
A-LOCAL
100
AcDbPolyline
 90
4
 70
1
 10
418.0
 20
444.0
 10
444.0
 20
444.0
 10
444.0
 20
471.0
 10
418.0
 20
471.0
  0
HATCH
  5
214
330
17
100
AcDbEntity
  8
A-RELLENO
 62
7
420
16775373
100
AcDbHatch
 10
0.0
 20
0.0
 30
0.0
210
0.0
220
0.0
230
1.0
  2
SOLID
 70
1
 71
0
 91
1
 92
3
 72
0
 73
1
 93
4
 10
445.0
 20
458.0
 10
457.0
 20
458.0
 10
457.0
 20
471.0
 10
445.0
 20
471.0
 97
0
 75
1
 76
1
 98
0
  0
LWPOLYLINE
  5
215
330
17
100
AcDbEntity
  8
A-LOCAL
100
AcDbPolyline
 90
4
 70
1
 10
445.0
 20
458.0
 10
457.0
 20
458.0
 10
457.0
 20
471.0
 10
445.0
 20
471.0
  0
HATCH
  5
216
330
17
100
AcDbEntity
  8
A-RELLENO
 62
7
420
16775373
100
AcDbHatch
 10
0.0
 20
0.0
 30
0.0
210
0.0
220
0.0
230
1.0
  2
SOLID
 70
1
 71
0
 91
1
 92
3
 72
0
 73
1
 93
4
 10
445.0
 20
444.0
 10
457.0
 20
444.0
 10
457.0
 20
457.0
 10
445.0
 20
457.0
 97
0
 75
1
 76
1
 98
0
  0
LWPOLYLINE
  5
217
330
17
100
AcDbEntity
  8
A-LOCAL
100
AcDbPolyline
 90
4
 70
1
 10
445.0
 20
444.0
 10
457.0
 20
444.0
 10
457.0
 20
457.0
 10
445.0
 20
457.0
  0
HATCH
  5
218
330
17
100
AcDbEntity
  8
A-RELLENO
 62
7
420
16775373
100
AcDbHatch
 10
0.0
 20
0.0
 30
0.0
210
0.0
220
0.0
230
1.0
  2
SOLID
 70
1
 71
0
 91
1
 92
3
 72
0
 73
1
 93
4
 10
458.0
 20
444.0
 10
475.0
 20
444.0
 10
475.0
 20
471.0
 10
458.0
 20
471.0
 97
0
 75
1
 76
1
 98
0
  0
LWPOLYLINE
  5
219
330
17
100
AcDbEntity
  8
A-LOCAL
100
AcDbPolyline
 90
4
 70
1
 10
458.0
 20
444.0
 10
475.0
 20
444.0
 10
475.0
 20
471.0
 10
458.0
 20
471.0
  0
HATCH
  5
21A
330
17
100
AcDbEntity
  8
A-RELLENO
 62
7
420
16775373
100
AcDbHatch
 10
0.0
 20
0.0
 30
0.0
210
0.0
220
0.0
230
1.0
  2
SOLID
 70
1
 71
0
 91
1
 92
3
 72
0
 73
1
 93
4
 10
476.0
 20
444.0
 10
484.0
 20
444.0
 10
484.0
 20
471.0
 10
476.0
 20
471.0
 97
0
 75
1
 76
1
 98
0
  0
LWPOLYLINE
  5
21B
330
17
100
AcDbEntity
  8
A-LOCAL
100
AcDbPolyline
 90
4
 70
1
 10
476.0
 20
444.0
 10
484.0
 20
444.0
 10
484.0
 20
471.0
 10
476.0
 20
471.0
  0
HATCH
  5
21C
330
17
100
AcDbEntity
  8
A-RELLENO
 62
7
420
16119285
100
AcDbHatch
 10
0.0
 20
0.0
 30
0.0
210
0.0
220
0.0
230
1.0
  2
SOLID
 70
1
 71
0
 91
1
 92
3
 72
0
 73
1
 93
4
 10
346.0
 20
435.0
 10
484.0
 20
435.0
 10
484.0
 20
443.0
 10
346.0
 20
443.0
 97
0
 75
1
 76
1
 98
0
  0
LWPOLYLINE
  5
21D
330
17
100
AcDbEntity
  8
A-LOCAL
100
AcDbPolyline
 90
4
 70
1
 10
346.0
 20
435.0
 10
484.0
 20
435.0
 10
484.0
 20
443.0
 10
346.0
 20
443.0
  0
HATCH
  5
21E
330
17
100
AcDbEntity
  8
A-RELLENO
 62
7
420
16775373
100
AcDbHatch
 10
0.0
 20
0.0
 30
0.0
210
0.0
220
0.0
230
1.0
  2
SOLID
 70
1
 71
0
 91
1
 92
3
 72
0
 73
1
 93
4
 10
346.0
 20
408.0
 10
371.0
 20
408.0
 10
371.0
 20
434.0
 10
346.0
 20
434.0
 97
0
 75
1
 76
1
 98
0
  0
LWPOLYLINE
  5
21F
330
17
100
AcDbEntity
  8
A-LOCAL
100
AcDbPolyline
 90
4
 70
1
 10
346.0
 20
408.0
 10
371.0
 20
408.0
 10
371.0
 20
434.0
 10
346.0
 20
434.0
  0
HATCH
  5
220
330
17
100
AcDbEntity
  8
A-RELLENO
 62
7
420
16775373
100
AcDbHatch
 10
0.0
 20
0.0
 30
0.0
210
0.0
220
0.0
230
1.0
  2
SOLID
 70
1
 71
0
 91
1
 92
3
 72
0
 73
1
 93
4
 10
372.0
 20
408.0
 10
412.0
 20
408.0
 10
412.0
 20
434.0
 10
372.0
 20
434.0
 97
0
 75
1
 76
1
 98
0
  0
LWPOLYLINE
  5
221
330
17
100
AcDbEntity
  8
A-LOCAL
100
AcDbPolyline
 90
4
 70
1
 10
372.0
 20
408.0
 10
412.0
 20
408.0
 10
412.0
 20
434.0
 10
372.0
 20
434.0
  0
HATCH
  5
222
330
17
100
AcDbEntity
  8
A-RELLENO
 62
7
420
16775373
100
AcDbHatch
 10
0.0
 20
0.0
 30
0.0
210
0.0
220
0.0
230
1.0
  2
SOLID
 70
1
 71
0
 91
1
 92
3
 72
0
 73
1
 93
4
 10
413.0
 20
408.0
 10
422.5
 20
408.0
 10
422.5
 20
434.0
 10
413.0
 20
434.0
 97
0
 75
1
 76
1
 98
0
  0
LWPOLYLINE
  5
223
330
17
100
AcDbEntity
  8
A-LOCAL
100
AcDbPolyline
 90
4
 70
1
 10
413.0
 20
408.0
 10
422.5
 20
408.0
 10
422.5
 20
434.0
 10
413.0
 20
434.0
  0
HATCH
  5
224
330
17
100
AcDbEntity
  8
A-RELLENO
 62
7
420
16775373
100
AcDbHatch
 10
0.0
 20
0.0
 30
0.0
210
0.0
220
0.0
230
1.0
  2
SOLID
 70
1
 71
0
 91
1
 92
3
 72
0
 73
1
 93
4
 10
423.5
 20
408.0
 10
433.0
 20
408.0
 10
433.0
 20
434.0
 10
423.5
 20
434.0
 97
0
 75
1
 76
1
 98
0
  0
LWPOLYLINE
  5
225
330
17
100
AcDbEntity
  8
A-LOCAL
100
AcDbPolyline
 90
4
 70
1
 10
423.5
 20
408.0
 10
433.0
 20
408.0
 10
433.0
 20
434.0
 10
423.5
 20
434.0
  0
HATCH
  5
226
330
17
100
AcDbEntity
  8
A-RELLENO
 62
7
420
16775373
100
AcDbHatch
 10
0.0
 20
0.0
 30
0.0
210
0.0
220
0.0
230
1.0
  2
SOLID
 70
1
 71
0
 91
1
 92
3
 72
0
 73
1
 93
4
 10
434.0
 20
408.0
 10
484.0
 20
408.0
 10
484.0
 20
434.0
 10
434.0
 20
434.0
 97
0
 75
1
 76
1
 98
0
  0
LWPOLYLINE
  5
227
330
17
100
AcDbEntity
  8
A-LOCAL
100
AcDbPolyline
 90
4
 70
1
 10
434.0
 20
408.0
 10
484.0
 20
408.0
 10
484.0
 20
434.0
 10
434.0
 20
434.0
  0
HATCH
  5
228
330
17
100
AcDbEntity
  8
A-RELLENO
 62
7
420
16775373
100
AcDbHatch
 10
0.0
 20
0.0
 30
0.0
210
0.0
220
0.0
230
1.0
  2
SOLID
 70
1
 71
0
 91
1
 92
3
 72
0
 73
1
 93
4
 10
506.0
 20
443.0
 10
535.0
 20
443.0
 10
535.0
 20
471.0
 10
506.0
 20
471.0
 97
0
 75
1
 76
1
 98
0
  0
LWPOLYLINE
  5
229
330
17
100
AcDbEntity
  8
A-LOCAL
100
AcDbPolyline
 90
4
 70
1
 10
506.0
 20
443.0
 10
535.0
 20
443.0
 10
535.0
 20
471.0
 10
506.0
 20
471.0
  0
HATCH
  5
22A
330
17
100
AcDbEntity
  8
A-RELLENO
 62
7
420
15786435
100
AcDbHatch
 10
0.0
 20
0.0
 30
0.0
210
0.0
220
0.0
230
1.0
  2
SOLID
 70
1
 71
0
 91
1
 92
3
 72
0
 73
1
 93
4
 10
606.0
 20
388.0
 10
644.0
 20
388.0
 10
644.0
 20
414.0
 10
606.0
 20
414.0
 97
0
 75
1
 76
1
 98
0
  0
LWPOLYLINE
  5
22B
330
17
100
AcDbEntity
  8
A-LOCAL
100
AcDbPolyline
 90
4
 70
1
 10
606.0
 20
388.0
 10
644.0
 20
388.0
 10
644.0
 20
414.0
 10
606.0
 20
414.0
  0
HATCH
  5
22C
330
17
100
AcDbEntity
  8
A-RELLENO
 62
7
420
15786435
100
AcDbHatch
 10
0.0
 20
0.0
 30
0.0
210
0.0
220
0.0
230
1.0
  2
SOLID
 70
1
 71
0
 91
1
 92
3
 72
0
 73
1
 93
4
 10
571.0
 20
388.0
 10
605.0
 20
388.0
 10
605.0
 20
414.0
 10
571.0
 20
414.0
 97
0
 75
1
 76
1
 98
0
  0
LWPOLYLINE
  5
22D
330
17
100
AcDbEntity
  8
A-LOCAL
100
AcDbPolyline
 90
4
 70
1
 10
571.0
 20
388.0
 10
605.0
 20
388.0
 10
605.0
 20
414.0
 10
571.0
 20
414.0
  0
HATCH
  5
22E
330
17
100
AcDbEntity
  8
A-RELLENO
 62
7
420
15786435
100
AcDbHatch
 10
0.0
 20
0.0
 30
0.0
210
0.0
220
0.0
230
1.0
  2
SOLID
 70
1
 71
0
 91
1
 92
3
 72
0
 73
1
 93
4
 10
536.0
 20
388.0
 10
570.0
 20
388.0
 10
570.0
 20
414.0
 10
536.0
 20
414.0
 97
0
 75
1
 76
1
 98
0
  0
LWPOLYLINE
  5
22F
330
17
100
AcDbEntity
  8
A-LOCAL
100
AcDbPolyline
 90
4
 70
1
 10
536.0
 20
388.0
 10
570.0
 20
388.0
 10
570.0
 20
414.0
 10
536.0
 20
414.0
  0
HATCH
  5
230
330
17
100
AcDbEntity
  8
A-RELLENO
 62
7
420
15786435
100
AcDbHatch
 10
0.0
 20
0.0
 30
0.0
210
0.0
220
0.0
230
1.0
  2
SOLID
 70
1
 71
0
 91
1
 92
3
 72
0
 73
1
 93
4
 10
506.0
 20
388.0
 10
535.0
 20
388.0
 10
535.0
 20
414.0
 10
506.0
 20
414.0
 97
0
 75
1
 76
1
 98
0
  0
LWPOLYLINE
  5
231
330
17
100
AcDbEntity
  8
A-LOCAL
100
AcDbPolyline
 90
4
 70
1
 10
506.0
 20
388.0
 10
535.0
 20
388.0
 10
535.0
 20
414.0
 10
506.0
 20
414.0
  0
HATCH
  5
232
330
17
100
AcDbEntity
  8
A-RELLENO
 62
7
420
15786435
100
AcDbHatch
 10
0.0
 20
0.0
 30
0.0
210
0.0
220
0.0
230
1.0
  2
SOLID
 70
1
 71
0
 91
1
 92
3
 72
0
 73
1
 93
4
 10
506.0
 20
415.0
 10
535.0
 20
415.0
 10
535.0
 20
442.0
 10
506.0
 20
442.0
 97
0
 75
1
 76
1
 98
0
  0
LWPOLYLINE
  5
233
330
17
100
AcDbEntity
  8
A-LOCAL
100
AcDbPolyline
 90
4
 70
1
 10
506.0
 20
415.0
 10
535.0
 20
415.0
 10
535.0
 20
442.0
 10
506.0
 20
442.0
  0
HATCH
  5
234
330
17
100
AcDbEntity
  8
A-RELLENO
 62
7
420
15786435
100
AcDbHatch
 10
0.0
 20
0.0
 30
0.0
210
0.0
220
0.0
230
1.0
  2
SOLID
 70
1
 71
0
 91
1
 92
3
 72
0
 73
1
 93
4
 10
536.0
 20
415.0
 10
567.0
 20
415.0
 10
567.0
 20
442.0
 10
536.0
 20
442.0
 97
0
 75
1
 76
1
 98
0
  0
LWPOLYLINE
  5
235
330
17
100
AcDbEntity
  8
A-LOCAL
100
AcDbPolyline
 90
4
 70
1
 10
536.0
 20
415.0
 10
567.0
 20
415.0
 10
567.0
 20
442.0
 10
536.0
 20
442.0
  0
HATCH
  5
236
330
17
100
AcDbEntity
  8
A-RELLENO
 62
7
420
15786435
100
AcDbHatch
 10
0.0
 20
0.0
 30
0.0
210
0.0
220
0.0
230
1.0
  2
SOLID
 70
1
 71
0
 91
1
 92
3
 72
0
 73
1
 93
4
 10
568.0
 20
415.0
 10
587.0
 20
415.0
 10
587.0
 20
442.0
 10
568.0
 20
442.0
 97
0
 75
1
 76
1
 98
0
  0
LWPOLYLINE
  5
237
330
17
100
AcDbEntity
  8
A-LOCAL
100
AcDbPolyline
 90
4
 70
1
 10
568.0
 20
415.0
 10
587.0
 20
415.0
 10
587.0
 20
442.0
 10
568.0
 20
442.0
  0
HATCH
  5
238
330
17
100
AcDbEntity
  8
A-RELLENO
 62
7
420
15786435
100
AcDbHatch
 10
0.0
 20
0.0
 30
0.0
210
0.0
220
0.0
230
1.0
  2
SOLID
 70
1
 71
0
 91
1
 92
3
 72
0
 73
1
 93
4
 10
588.0
 20
415.0
 10
605.0
 20
415.0
 10
605.0
 20
442.0
 10
588.0
 20
442.0
 97
0
 75
1
 76
1
 98
0
  0
LWPOLYLINE
  5
239
330
17
100
AcDbEntity
  8
A-LOCAL
100
AcDbPolyline
 90
4
 70
1
 10
588.0
 20
415.0
 10
605.0
 20
415.0
 10
605.0
 20
442.0
 10
588.0
 20
442.0
  0
HATCH
  5
23A
330
17
100
AcDbEntity
  8
A-RELLENO
 62
7
420
15786435
100
AcDbHatch
 10
0.0
 20
0.0
 30
0.0
210
0.0
220
0.0
230
1.0
  2
SOLID
 70
1
 71
0
 91
1
 92
3
 72
0
 73
1
 93
4
 10
606.0
 20
415.0
 10
644.0
 20
415.0
 10
644.0
 20
442.0
 10
606.0
 20
442.0
 97
0
 75
1
 76
1
 98
0
  0
LWPOLYLINE
  5
23B
330
17
100
AcDbEntity
  8
A-LOCAL
100
AcDbPolyline
 90
4
 70
1
 10
606.0
 20
415.0
 10
644.0
 20
415.0
 10
644.0
 20
442.0
 10
606.0
 20
442.0
  0
HATCH
  5
23C
330
17
100
AcDbEntity
  8
A-RELLENO
 62
7
420
15786435
100
AcDbHatch
 10
0.0
 20
0.0
 30
0.0
210
0.0
220
0.0
230
1.0
  2
SOLID
 70
1
 71
0
 91
1
 92
3
 72
0
 73
1
 93
4
 10
536.0
 20
443.0
 10
575.0
 20
443.0
 10
575.0
 20
471.0
 10
536.0
 20
471.0
 97
0
 75
1
 76
1
 98
0
  0
LWPOLYLINE
  5
23D
330
17
100
AcDbEntity
  8
A-LOCAL
100
AcDbPolyline
 90
4
 70
1
 10
536.0
 20
443.0
 10
575.0
 20
443.0
 10
575.0
 20
471.0
 10
536.0
 20
471.0
  0
HATCH
  5
23E
330
17
100
AcDbEntity
  8
A-RELLENO
 62
7
420
15786435
100
AcDbHatch
 10
0.0
 20
0.0
 30
0.0
210
0.0
220
0.0
230
1.0
  2
SOLID
 70
1
 71
0
 91
1
 92
3
 72
0
 73
1
 93
4
 10
576.0
 20
443.0
 10
610.0
 20
443.0
 10
610.0
 20
471.0
 10
576.0
 20
471.0
 97
0
 75
1
 76
1
 98
0
  0
LWPOLYLINE
  5
23F
330
17
100
AcDbEntity
  8
A-LOCAL
100
AcDbPolyline
 90
4
 70
1
 10
576.0
 20
443.0
 10
610.0
 20
443.0
 10
610.0
 20
471.0
 10
576.0
 20
471.0
  0
HATCH
  5
240
330
17
100
AcDbEntity
  8
A-RELLENO
 62
7
420
15786435
100
AcDbHatch
 10
0.0
 20
0.0
 30
0.0
210
0.0
220
0.0
230
1.0
  2
SOLID
 70
1
 71
0
 91
1
 92
3
 72
0
 73
1
 93
4
 10
611.0
 20
443.0
 10
644.0
 20
443.0
 10
644.0
 20
471.0
 10
611.0
 20
471.0
 97
0
 75
1
 76
1
 98
0
  0
LWPOLYLINE
  5
241
330
17
100
AcDbEntity
  8
A-LOCAL
100
AcDbPolyline
 90
4
 70
1
 10
611.0
 20
443.0
 10
644.0
 20
443.0
 10
644.0
 20
471.0
 10
611.0
 20
471.0
  0
LINE
  5
242
330
17
100
AcDbEntity
  8
A-PASILLO
100
AcDbLine
 10
156.5
 20
473.5
 30
0.0
 11
753.5
 21
473.5
 31
0.0
  0
LINE
  5
243
330
17
100
AcDbEntity
  8
A-PASILLO
100
AcDbLine
 10
156.5
 20
485.5
 30
0.0
 11
753.5
 21
485.5
 31
0.0
  0
LINE
  5
244
330
17
100
AcDbEntity
  8
A-PASILLO
100
AcDbLine
 10
156.5
 20
473.5
 30
0.0
 11
156.5
 21
485.5
 31
0.0
  0
LINE
  5
245
330
17
100
AcDbEntity
  8
A-PASILLO
100
AcDbLine
 10
753.5
 20
473.5
 30
0.0
 11
753.5
 21
485.5
 31
0.0
  0
LINE
  5
246
330
17
100
AcDbEntity
  8
A-PASILLO
100
AcDbLine
 10
335.0
 20
628.5
 30
0.0
 11
516.0
 21
628.5
 31
0.0
  0
LINE
  5
247
330
17
100
AcDbEntity
  8
A-PASILLO
100
AcDbLine
 10
335.0
 20
650.5
 30
0.0
 11
516.0
 21
650.5
 31
0.0
  0
LINE
  5
248
330
17
100
AcDbEntity
  8
A-PASILLO
100
AcDbLine
 10
335.0
 20
628.5
 30
0.0
 11
335.0
 21
650.5
 31
0.0
  0
LINE
  5
249
330
17
100
AcDbEntity
  8
A-PASILLO
100
AcDbLine
 10
516.0
 20
628.5
 30
0.0
 11
516.0
 21
650.5
 31
0.0
  0
LINE
  5
24A
330
17
100
AcDbEntity
  8
A-PASILLO
100
AcDbLine
 10
218.0
 20
541.5
 30
0.0
 11
237.0
 21
541.5
 31
0.0
  0
LINE
  5
24B
330
17
100
AcDbEntity
  8
A-PASILLO
100
AcDbLine
 10
218.0
 20
650.5
 30
0.0
 11
237.0
 21
650.5
 31
0.0
  0
LINE
  5
24C
330
17
100
AcDbEntity
  8
A-PASILLO
100
AcDbLine
 10
218.0
 20
541.5
 30
0.0
 11
218.0
 21
650.5
 31
0.0
  0
LINE
  5
24D
330
17
100
AcDbEntity
  8
A-PASILLO
100
AcDbLine
 10
237.0
 20
541.5
 30
0.0
 11
237.0
 21
650.5
 31
0.0
  0
LINE
  5
24E
330
17
100
AcDbEntity
  8
A-PASILLO
100
AcDbLine
 10
335.0
 20
540.0
 30
0.0
 11
355.0
 21
540.0
 31
0.0
  0
LINE
  5
24F
330
17
100
AcDbEntity
  8
A-PASILLO
100
AcDbLine
 10
335.0
 20
628.5
 30
0.0
 11
355.0
 21
628.5
 31
0.0
  0
LINE
  5
250
330
17
100
AcDbEntity
  8
A-PASILLO
100
AcDbLine
 10
335.0
 20
540.0
 30
0.0
 11
335.0
 21
628.5
 31
0.0
  0
LINE
  5
251
330
17
100
AcDbEntity
  8
A-PASILLO
100
AcDbLine
 10
355.0
 20
540.0
 30
0.0
 11
355.0
 21
628.5
 31
0.0
  0
LINE
  5
252
330
17
100
AcDbEntity
  8
A-PASILLO
100
AcDbLine
 10
237.0
 20
634.0
 30
0.0
 11
293.0
 21
634.0
 31
0.0
  0
LINE
  5
253
330
17
100
AcDbEntity
  8
A-PASILLO
100
AcDbLine
 10
237.0
 20
650.5
 30
0.0
 11
293.0
 21
650.5
 31
0.0
  0
LINE
  5
254
330
17
100
AcDbEntity
  8
A-PASILLO
100
AcDbLine
 10
237.0
 20
634.0
 30
0.0
 11
237.0
 21
650.5
 31
0.0
  0
LINE
  5
255
330
17
100
AcDbEntity
  8
A-PASILLO
100
AcDbLine
 10
293.0
 20
634.0
 30
0.0
 11
293.0
 21
650.5
 31
0.0
  0
LINE
  5
256
330
17
100
AcDbEntity
  8
A-PASILLO
100
AcDbLine
 10
156.5
 20
521.5
 30
0.0
 11
335.0
 21
521.5
 31
0.0
  0
LINE
  5
257
330
17
100
AcDbEntity
  8
A-PASILLO
100
AcDbLine
 10
156.5
 20
540.0
 30
0.0
 11
335.0
 21
540.0
 31
0.0
  0
LINE
  5
258
330
17
100
AcDbEntity
  8
A-PASILLO
100
AcDbLine
 10
156.5
 20
521.5
 30
0.0
 11
156.5
 21
540.0
 31
0.0
  0
LINE
  5
259
330
17
100
AcDbEntity
  8
A-PASILLO
100
AcDbLine
 10
335.0
 20
521.5
 30
0.0
 11
335.0
 21
540.0
 31
0.0
  0
LINE
  5
25A
330
17
100
AcDbEntity
  8
A-PASILLO
100
AcDbLine
 10
356.0
 20
485.5
 30
0.0
 11
362.0
 21
485.5
 31
0.0
  0
LINE
  5
25B
330
17
100
AcDbEntity
  8
A-PASILLO
100
AcDbLine
 10
356.0
 20
619.0
 30
0.0
 11
362.0
 21
619.0
 31
0.0
  0
LINE
  5
25C
330
17
100
AcDbEntity
  8
A-PASILLO
100
AcDbLine
 10
356.0
 20
485.5
 30
0.0
 11
356.0
 21
619.0
 31
0.0
  0
LINE
  5
25D
330
17
100
AcDbEntity
  8
A-PASILLO
100
AcDbLine
 10
362.0
 20
485.5
 30
0.0
 11
362.0
 21
619.0
 31
0.0
  0
LINE
  5
25E
330
17
100
AcDbEntity
  8
A-PASILLO
100
AcDbLine
 10
419.0
 20
485.5
 30
0.0
 11
425.0
 21
485.5
 31
0.0
  0
LINE
  5
25F
330
17
100
AcDbEntity
  8
A-PASILLO
100
AcDbLine
 10
419.0
 20
604.0
 30
0.0
 11
425.0
 21
604.0
 31
0.0
  0
LINE
  5
260
330
17
100
AcDbEntity
  8
A-PASILLO
100
AcDbLine
 10
419.0
 20
485.5
 30
0.0
 11
419.0
 21
604.0
 31
0.0
  0
LINE
  5
261
330
17
100
AcDbEntity
  8
A-PASILLO
100
AcDbLine
 10
425.0
 20
485.5
 30
0.0
 11
425.0
 21
604.0
 31
0.0
  0
LINE
  5
262
330
17
100
AcDbEntity
  8
A-PASILLO
100
AcDbLine
 10
484.0
 20
485.5
 30
0.0
 11
490.0
 21
485.5
 31
0.0
  0
LINE
  5
263
330
17
100
AcDbEntity
  8
A-PASILLO
100
AcDbLine
 10
484.0
 20
593.0
 30
0.0
 11
490.0
 21
593.0
 31
0.0
  0
LINE
  5
264
330
17
100
AcDbEntity
  8
A-PASILLO
100
AcDbLine
 10
484.0
 20
485.5
 30
0.0
 11
484.0
 21
593.0
 31
0.0
  0
LINE
  5
265
330
17
100
AcDbEntity
  8
A-PASILLO
100
AcDbLine
 10
490.0
 20
485.5
 30
0.0
 11
490.0
 21
593.0
 31
0.0
  0
LINE
  5
266
330
17
100
AcDbEntity
  8
A-PASILLO
100
AcDbLine
 10
575.5
 20
485.5
 30
0.0
 11
581.5
 21
485.5
 31
0.0
  0
LINE
  5
267
330
17
100
AcDbEntity
  8
A-PASILLO
100
AcDbLine
 10
575.5
 20
582.0
 30
0.0
 11
581.5
 21
582.0
 31
0.0
  0
LINE
  5
268
330
17
100
AcDbEntity
  8
A-PASILLO
100
AcDbLine
 10
575.5
 20
485.5
 30
0.0
 11
575.5
 21
582.0
 31
0.0
  0
LINE
  5
269
330
17
100
AcDbEntity
  8
A-PASILLO
100
AcDbLine
 10
581.5
 20
485.5
 30
0.0
 11
581.5
 21
582.0
 31
0.0
  0
LINE
  5
26A
330
17
100
AcDbEntity
  8
A-PASILLO
100
AcDbLine
 10
581.5
 20
576.0
 30
0.0
 11
685.0
 21
576.0
 31
0.0
  0
LINE
  5
26B
330
17
100
AcDbEntity
  8
A-PASILLO
100
AcDbLine
 10
581.5
 20
582.0
 30
0.0
 11
685.0
 21
582.0
 31
0.0
  0
LINE
  5
26C
330
17
100
AcDbEntity
  8
A-PASILLO
100
AcDbLine
 10
581.5
 20
576.0
 30
0.0
 11
581.5
 21
582.0
 31
0.0
  0
LINE
  5
26D
330
17
100
AcDbEntity
  8
A-PASILLO
100
AcDbLine
 10
685.0
 20
576.0
 30
0.0
 11
685.0
 21
582.0
 31
0.0
  0
LINE
  5
26E
330
17
100
AcDbEntity
  8
A-PASILLO
100
AcDbLine
 10
685.0
 20
532.0
 30
0.0
 11
702.5
 21
532.0
 31
0.0
  0
LINE
  5
26F
330
17
100
AcDbEntity
  8
A-PASILLO
100
AcDbLine
 10
685.0
 20
650.5
 30
0.0
 11
702.5
 21
650.5
 31
0.0
  0
LINE
  5
270
330
17
100
AcDbEntity
  8
A-PASILLO
100
AcDbLine
 10
685.0
 20
532.0
 30
0.0
 11
685.0
 21
650.5
 31
0.0
  0
LINE
  5
271
330
17
100
AcDbEntity
  8
A-PASILLO
100
AcDbLine
 10
702.5
 20
532.0
 30
0.0
 11
702.5
 21
650.5
 31
0.0
  0
LINE
  5
272
330
17
100
AcDbEntity
  8
A-PASILLO
100
AcDbLine
 10
713.5
 20
557.0
 30
0.0
 11
731.0
 21
557.0
 31
0.0
  0
LINE
  5
273
330
17
100
AcDbEntity
  8
A-PASILLO
100
AcDbLine
 10
713.5
 20
650.5
 30
0.0
 11
731.0
 21
650.5
 31
0.0
  0
LINE
  5
274
330
17
100
AcDbEntity
  8
A-PASILLO
100
AcDbLine
 10
713.5
 20
557.0
 30
0.0
 11
713.5
 21
650.5
 31
0.0
  0
LINE
  5
275
330
17
100
AcDbEntity
  8
A-PASILLO
100
AcDbLine
 10
731.0
 20
557.0
 30
0.0
 11
731.0
 21
650.5
 31
0.0
  0
LINE
  5
276
330
17
100
AcDbEntity
  8
A-PASILLO
100
AcDbLine
 10
616.0
 20
515.0
 30
0.0
 11
753.5
 21
515.0
 31
0.0
  0
LINE
  5
277
330
17
100
AcDbEntity
  8
A-PASILLO
100
AcDbLine
 10
616.0
 20
531.0
 30
0.0
 11
753.5
 21
531.0
 31
0.0
  0
LINE
  5
278
330
17
100
AcDbEntity
  8
A-PASILLO
100
AcDbLine
 10
616.0
 20
515.0
 30
0.0
 11
616.0
 21
531.0
 31
0.0
  0
LINE
  5
279
330
17
100
AcDbEntity
  8
A-PASILLO
100
AcDbLine
 10
753.5
 20
515.0
 30
0.0
 11
753.5
 21
531.0
 31
0.0
  0
HATCH
  5
27A
330
17
100
AcDbEntity
  8
A-SENDA
 62
7
420
14132480
100
AcDbHatch
 10
0.0
 20
0.0
 30
0.0
210
0.0
220
0.0
230
1.0
  2
SOLID
 70
1
 71
0
 91
1
 92
3
 72
0
 73
1
 93
4
 10
335.0
 20
584.0
 10
337.0
 20
584.0
 10
337.0
 20
590.0
 10
335.0
 20
590.0
 97
0
 75
1
 76
1
 98
0
  0
HATCH
  5
27B
330
17
100
AcDbEntity
  8
A-SENDA
 62
7
420
14132480
100
AcDbHatch
 10
0.0
 20
0.0
 30
0.0
210
0.0
220
0.0
230
1.0
  2
SOLID
 70
1
 71
0
 91
1
 92
3
 72
0
 73
1
 93
4
 10
339.0
 20
584.0
 10
341.0
 20
584.0
 10
341.0
 20
590.0
 10
339.0
 20
590.0
 97
0
 75
1
 76
1
 98
0
  0
HATCH
  5
27C
330
17
100
AcDbEntity
  8
A-SENDA
 62
7
420
14132480
100
AcDbHatch
 10
0.0
 20
0.0
 30
0.0
210
0.0
220
0.0
230
1.0
  2
SOLID
 70
1
 71
0
 91
1
 92
3
 72
0
 73
1
 93
4
 10
343.0
 20
584.0
 10
344.99999999999994
 20
584.0
 10
344.99999999999994
 20
590.0
 10
343.0
 20
590.0
 97
0
 75
1
 76
1
 98
0
  0
HATCH
  5
27D
330
17
100
AcDbEntity
  8
A-SENDA
 62
7
420
14132480
100
AcDbHatch
 10
0.0
 20
0.0
 30
0.0
210
0.0
220
0.0
230
1.0
  2
SOLID
 70
1
 71
0
 91
1
 92
3
 72
0
 73
1
 93
4
 10
346.99999999999994
 20
584.0
 10
348.99999999999994
 20
584.0
 10
348.99999999999994
 20
590.0
 10
346.99999999999994
 20
590.0
 97
0
 75
1
 76
1
 98
0
  0
HATCH
  5
27E
330
17
100
AcDbEntity
  8
A-SENDA
 62
7
420
14132480
100
AcDbHatch
 10
0.0
 20
0.0
 30
0.0
210
0.0
220
0.0
230
1.0
  2
SOLID
 70
1
 71
0
 91
1
 92
3
 72
0
 73
1
 93
4
 10
350.99999999999994
 20
584.0
 10
352.99999999999994
 20
584.0
 10
352.99999999999994
 20
590.0
 10
350.99999999999994
 20
590.0
 97
0
 75
1
 76
1
 98
0
  0
TEXT
  5
27F
330
17
100
AcDbEntity
  8
A-TEXTO
100
AcDbText
 10
345.0
 20
594.0
 30
0.0
 40
1.6
  1
SP-1
  7
ISO3098
 72
1
 11
345.0
 21
594.0
 31
0.0
100
AcDbText
 73
2
  0
HATCH
  5
280
330
17
100
AcDbEntity
  8
A-SENDA
 62
7
420
14132480
100
AcDbHatch
 10
0.0
 20
0.0
 30
0.0
210
0.0
220
0.0
230
1.0
  2
SOLID
 70
1
 71
0
 91
1
 92
3
 72
0
 73
1
 93
4
 10
335.0
 20
603.5
 10
337.0
 20
603.5
 10
337.0
 20
608.5
 10
335.0
 20
608.5
 97
0
 75
1
 76
1
 98
0
  0
HATCH
  5
281
330
17
100
AcDbEntity
  8
A-SENDA
 62
7
420
14132480
100
AcDbHatch
 10
0.0
 20
0.0
 30
0.0
210
0.0
220
0.0
230
1.0
  2
SOLID
 70
1
 71
0
 91
1
 92
3
 72
0
 73
1
 93
4
 10
339.0
 20
603.5
 10
341.0
 20
603.5
 10
341.0
 20
608.5
 10
339.0
 20
608.5
 97
0
 75
1
 76
1
 98
0
  0
HATCH
  5
282
330
17
100
AcDbEntity
  8
A-SENDA
 62
7
420
14132480
100
AcDbHatch
 10
0.0
 20
0.0
 30
0.0
210
0.0
220
0.0
230
1.0
  2
SOLID
 70
1
 71
0
 91
1
 92
3
 72
0
 73
1
 93
4
 10
343.0
 20
603.5
 10
344.99999999999994
 20
603.5
 10
344.99999999999994
 20
608.5
 10
343.0
 20
608.5
 97
0
 75
1
 76
1
 98
0
  0
HATCH
  5
283
330
17
100
AcDbEntity
  8
A-SENDA
 62
7
420
14132480
100
AcDbHatch
 10
0.0
 20
0.0
 30
0.0
210
0.0
220
0.0
230
1.0
  2
SOLID
 70
1
 71
0
 91
1
 92
3
 72
0
 73
1
 93
4
 10
346.99999999999994
 20
603.5
 10
348.99999999999994
 20
603.5
 10
348.99999999999994
 20
608.5
 10
346.99999999999994
 20
608.5
 97
0
 75
1
 76
1
 98
0
  0
HATCH
  5
284
330
17
100
AcDbEntity
  8
A-SENDA
 62
7
420
14132480
100
AcDbHatch
 10
0.0
 20
0.0
 30
0.0
210
0.0
220
0.0
230
1.0
  2
SOLID
 70
1
 71
0
 91
1
 92
3
 72
0
 73
1
 93
4
 10
350.99999999999994
 20
603.5
 10
352.99999999999994
 20
603.5
 10
352.99999999999994
 20
608.5
 10
350.99999999999994
 20
608.5
 97
0
 75
1
 76
1
 98
0
  0
TEXT
  5
285
330
17
100
AcDbEntity
  8
A-TEXTO
100
AcDbText
 10
345.0
 20
612.5
 30
0.0
 40
1.6
  1
SP-2
  7
ISO3098
 72
1
 11
345.0
 21
612.5
 31
0.0
100
AcDbText
 73
2
  0
LWPOLYLINE
  5
286
330
17
100
AcDbEntity
  8
A-EQUIPO-FINO
100
AcDbPolyline
 90
4
 70
1
 10
208.0
 20
594.0
 10
215.5
 20
594.0
 10
215.5
 20
601.5
 10
208.0
 20
601.5
  0
TEXT
  5
287
330
17
100
AcDbEntity
  8
A-TEXTO
100
AcDbText
 10
211.75
 20
597.75
 30
0.0
 40
1.2
  1
M01
  7
ISO3098
 72
1
 11
211.75
 21
597.75
 31
0.0
100
AcDbText
 73
2
  0
LWPOLYLINE
  5
288
330
17
100
AcDbEntity
  8
A-EQUIPO-FINO
100
AcDbPolyline
 90
4
 70
1
 10
238.0
 20
542.5
 10
245.5
 20
542.5
 10
245.5
 20
557.5
 10
238.0
 20
557.5
  0
TEXT
  5
289
330
17
100
AcDbEntity
  8
A-TEXTO
100
AcDbText
 10
241.75
 20
550.0
 30
0.0
 40
1.2
  1
M02
 50
90.0
  7
ISO3098
 72
1
 11
241.75
 21
550.0
 31
0.0
100
AcDbText
 73
2
  0
LWPOLYLINE
  5
28A
330
17
100
AcDbEntity
  8
A-EQUIPO-FINO
100
AcDbPolyline
 90
4
 70
1
 10
246.0
 20
542.0
 10
256.0
 20
542.0
 10
256.0
 20
558.0
 10
246.0
 20
558.0
  0
TEXT
  5
28B
330
17
100
AcDbEntity
  8
A-TEXTO
100
AcDbText
 10
251.0
 20
550.0
 30
0.0
 40
1.2
  1
M03
  7
ISO3098
 72
1
 11
251.0
 21
550.0
 31
0.0
100
AcDbText
 73
2
  0
LWPOLYLINE
  5
28C
330
17
100
AcDbEntity
  8
A-EQUIPO-FINO
100
AcDbPolyline
 90
4
 70
1
 10
256.5
 20
541.75
 10
268.0
 20
541.75
 10
268.0
 20
562.75
 10
256.5
 20
562.75
  0
TEXT
  5
28D
330
17
100
AcDbEntity
  8
A-TEXTO
100
AcDbText
 10
262.25
 20
552.25
 30
0.0
 40
1.2
  1
M04
 50
90.0
  7
ISO3098
 72
1
 11
262.25
 21
552.25
 31
0.0
100
AcDbText
 73
2
  0
LWPOLYLINE
  5
28E
330
17
100
AcDbEntity
  8
A-EQUIPO-FINO
100
AcDbPolyline
 90
4
 70
1
 10
269.0
 20
543.0
 10
284.0
 20
543.0
 10
284.0
 20
556.0
 10
269.0
 20
556.0
  0
TEXT
  5
28F
330
17
100
AcDbEntity
  8
A-TEXTO
100
AcDbText
 10
276.5
 20
549.5
 30
0.0
 40
1.2
  1
M05
  7
ISO3098
 72
1
 11
276.5
 21
549.5
 31
0.0
100
AcDbText
 73
2
  0
LWPOLYLINE
  5
290
330
17
100
AcDbEntity
  8
A-EQUIPO-FINO
100
AcDbPolyline
 90
4
 70
1
 10
249.0
 20
565.0
 10
253.0
 20
565.0
 10
253.0
 20
599.25
 10
249.0
 20
599.25
  0
TEXT
  5
291
330
17
100
AcDbEntity
  8
A-TEXTO
100
AcDbText
 10
251.0
 20
582.125
 30
0.0
 40
1.2
  1
M15
 50
90.0
  7
ISO3098
 72
1
 11
251.0
 21
582.125
 31
0.0
100
AcDbText
 73
2
  0
LWPOLYLINE
  5
292
330
17
100
AcDbEntity
  8
A-EQUIPO-FINO
100
AcDbPolyline
 90
4
 70
1
 10
259.0
 20
565.0
 10
263.0
 20
565.0
 10
263.0
 20
599.25
 10
259.0
 20
599.25
  0
TEXT
  5
293
330
17
100
AcDbEntity
  8
A-TEXTO
100
AcDbText
 10
261.0
 20
582.125
 30
0.0
 40
1.2
  1
M16
 50
90.0
  7
ISO3098
 72
1
 11
261.0
 21
582.125
 31
0.0
100
AcDbText
 73
2
  0
LWPOLYLINE
  5
294
330
17
100
AcDbEntity
  8
A-EQUIPO-FINO
100
AcDbPolyline
 90
4
 70
1
 10
248.0
 20
599.75
 10
266.0
 20
599.75
 10
266.0
 20
603.75
 10
248.0
 20
603.75
  0
LINE
  5
295
330
17
100
AcDbEntity
  8
A-EQUIPO-FINO
100
AcDbLine
 10
248.0
 20
599.75
 30
0.0
 11
266.0
 21
603.75
 31
0.0
  0
LINE
  5
296
330
17
100
AcDbEntity
  8
A-EQUIPO-FINO
100
AcDbLine
 10
248.0
 20
603.75
 30
0.0
 11
266.0
 21
599.75
 31
0.0
  0
TEXT
  5
297
330
17
100
AcDbEntity
  8
A-TEXTO
100
AcDbText
 10
257.0
 20
601.75
 30
0.0
 40
1.2
  1
M17
  7
ISO3098
 72
1
 11
257.0
 21
601.75
 31
0.0
100
AcDbText
 73
2
  0
LWPOLYLINE
  5
298
330
17
100
AcDbEntity
  8
A-EQUIPO-FINO
100
AcDbPolyline
 90
4
 70
1
 10
275.0
 20
576.0
 10
287.0
 20
576.0
 10
287.0
 20
582.0
 10
275.0
 20
582.0
  0
TEXT
  5
299
330
17
100
AcDbEntity
  8
A-TEXTO
100
AcDbText
 10
281.0
 20
579.0
 30
0.0
 40
1.2
  1
M13
  7
ISO3098
 72
1
 11
281.0
 21
579.0
 31
0.0
100
AcDbText
 73
2
  0
LWPOLYLINE
  5
29A
330
17
100
AcDbEntity
  8
A-EQUIPO-FINO
100
AcDbPolyline
 90
4
 70
1
 10
238.0
 20
610.0
 10
250.0
 20
610.0
 10
250.0
 20
620.0
 10
238.0
 20
620.0
  0
TEXT
  5
29B
330
17
100
AcDbEntity
  8
A-TEXTO
100
AcDbText
 10
244.0
 20
615.0
 30
0.0
 40
1.2
  1
M06
  7
ISO3098
 72
1
 11
244.0
 21
615.0
 31
0.0
100
AcDbText
 73
2
  0
LWPOLYLINE
  5
29C
330
17
100
AcDbEntity
  8
A-EQUIPO-FINO
100
AcDbPolyline
 90
4
 70
1
 10
250.5
 20
612.0
 10
257.5
 20
612.0
 10
257.5
 20
618.0
 10
250.5
 20
618.0
  0
TEXT
  5
29D
330
17
100
AcDbEntity
  8
A-TEXTO
100
AcDbText
 10
254.0
 20
615.0
 30
0.0
 40
1.2
  1
M07
  7
ISO3098
 72
1
 11
254.0
 21
615.0
 31
0.0
100
AcDbText
 73
2
  0
LWPOLYLINE
  5
29E
330
17
100
AcDbEntity
  8
A-EQUIPO-FINO
100
AcDbPolyline
 90
4
 70
1
 10
258.5
 20
610.0
 10
273.5
 20
610.0
 10
273.5
 20
623.0
 10
258.5
 20
623.0
  0
TEXT
  5
29F
330
17
100
AcDbEntity
  8
A-TEXTO
100
AcDbText
 10
266.0
 20
616.5
 30
0.0
 40
1.2
  1
M08
  7
ISO3098
 72
1
 11
266.0
 21
616.5
 31
0.0
100
AcDbText
 73
2
  0
LWPOLYLINE
  5
2A0
330
17
100
AcDbEntity
  8
A-EQUIPO-FINO
100
AcDbPolyline
 90
4
 70
1
 10
277.0
 20
619.0
 10
283.0
 20
619.0
 10
283.0
 20
624.0
 10
277.0
 20
624.0
  0
TEXT
  5
2A1
330
17
100
AcDbEntity
  8
A-TEXTO
100
AcDbText
 10
280.0
 20
621.5
 30
0.0
 40
1.2
  1
M09
  7
ISO3098
 72
1
 11
280.0
 21
621.5
 31
0.0
100
AcDbText
 73
2
  0
LWPOLYLINE
  5
2A2
330
17
100
AcDbEntity
  8
A-EQUIPO-FINO
100
AcDbPolyline
 90
4
 70
1
 10
277.0
 20
610.5
 10
283.0
 20
610.5
 10
283.0
 20
615.5
 10
277.0
 20
615.5
  0
TEXT
  5
2A3
330
17
100
AcDbEntity
  8
A-TEXTO
100
AcDbText
 10
280.0
 20
613.0
 30
0.0
 40
1.2
  1
M10
  7
ISO3098
 72
1
 11
280.0
 21
613.0
 31
0.0
100
AcDbText
 73
2
  0
LWPOLYLINE
  5
2A4
330
17
100
AcDbEntity
  8
A-EQUIPO-FINO
100
AcDbPolyline
 90
4
 70
1
 10
286.0
 20
618.5
 10
294.0
 20
618.5
 10
294.0
 20
624.5
 10
286.0
 20
624.5
  0
TEXT
  5
2A5
330
17
100
AcDbEntity
  8
A-TEXTO
100
AcDbText
 10
290.0
 20
621.5
 30
0.0
 40
1.2
  1
M11
  7
ISO3098
 72
1
 11
290.0
 21
621.5
 31
0.0
100
AcDbText
 73
2
  0
LWPOLYLINE
  5
2A6
330
17
100
AcDbEntity
  8
A-EQUIPO-FINO
100
AcDbPolyline
 90
4
 70
1
 10
286.0
 20
610.0
 10
294.0
 20
610.0
 10
294.0
 20
616.0
 10
286.0
 20
616.0
  0
TEXT
  5
2A7
330
17
100
AcDbEntity
  8
A-TEXTO
100
AcDbText
 10
290.0
 20
613.0
 30
0.0
 40
1.2
  1
M12
  7
ISO3098
 72
1
 11
290.0
 21
613.0
 31
0.0
100
AcDbText
 73
2
  0
LWPOLYLINE
  5
2A8
330
17
100
AcDbEntity
  8
A-EQUIPO-FINO
100
AcDbPolyline
 90
4
 70
1
 10
308.0
 20
495.0
 10
330.5
 20
495.0
 10
330.5
 20
502.0
 10
308.0
 20
502.0
  0
TEXT
  5
2A9
330
17
100
AcDbEntity
  8
A-TEXTO
100
AcDbText
 10
319.25
 20
498.5
 30
0.0
 40
1.2
  1
C01
  7
ISO3098
 72
1
 11
319.25
 21
498.5
 31
0.0
100
AcDbText
 73
2
  0
LWPOLYLINE
  5
2AA
330
17
100
AcDbEntity
  8
A-EQUIPO-FINO
100
AcDbPolyline
 90
4
 70
1
 10
289.0
 20
494.5
 10
301.5
 20
494.5
 10
301.5
 20
502.0
 10
289.0
 20
502.0
  0
TEXT
  5
2AB
330
17
100
AcDbEntity
  8
A-TEXTO
100
AcDbText
 10
295.25
 20
498.25
 30
0.0
 40
1.2
  1
C02
  7
ISO3098
 72
1
 11
295.25
 21
498.25
 31
0.0
100
AcDbText
 73
2
  0
LWPOLYLINE
  5
2AC
330
17
100
AcDbEntity
  8
A-EQUIPO-FINO
100
AcDbPolyline
 90
4
 70
1
 10
273.0
 20
494.5
 10
285.5
 20
494.5
 10
285.5
 20
502.0
 10
273.0
 20
502.0
  0
TEXT
  5
2AD
330
17
100
AcDbEntity
  8
A-TEXTO
100
AcDbText
 10
279.25
 20
498.25
 30
0.0
 40
1.2
  1
C03
  7
ISO3098
 72
1
 11
279.25
 21
498.25
 31
0.0
100
AcDbText
 73
2
  0
LWPOLYLINE
  5
2AE
330
17
100
AcDbEntity
  8
A-EQUIPO-FINO
100
AcDbPolyline
 90
4
 70
1
 10
252.0
 20
493.5
 10
267.0
 20
493.5
 10
267.0
 20
503.5
 10
252.0
 20
503.5
  0
TEXT
  5
2AF
330
17
100
AcDbEntity
  8
A-TEXTO
100
AcDbText
 10
259.5
 20
498.5
 30
0.0
 40
1.2
  1
C04
  7
ISO3098
 72
1
 11
259.5
 21
498.5
 31
0.0
100
AcDbText
 73
2
  0
LWPOLYLINE
  5
2B0
330
17
100
AcDbEntity
  8
A-EQUIPO-FINO
100
AcDbPolyline
 90
4
 70
1
 10
231.0
 20
494.0
 10
246.0
 20
494.0
 10
246.0
 20
503.0
 10
231.0
 20
503.0
  0
TEXT
  5
2B1
330
17
100
AcDbEntity
  8
A-TEXTO
100
AcDbText
 10
238.5
 20
498.5
 30
0.0
 40
1.2
  1
C05
  7
ISO3098
 72
1
 11
238.5
 21
498.5
 31
0.0
100
AcDbText
 73
2
  0
LWPOLYLINE
  5
2B2
330
17
100
AcDbEntity
  8
A-EQUIPO-FINO
100
AcDbPolyline
 90
4
 70
1
 10
214.0
 20
494.5
 10
226.5
 20
494.5
 10
226.5
 20
502.0
 10
214.0
 20
502.0
  0
TEXT
  5
2B3
330
17
100
AcDbEntity
  8
A-TEXTO
100
AcDbText
 10
220.25
 20
498.25
 30
0.0
 40
1.2
  1
C06
  7
ISO3098
 72
1
 11
220.25
 21
498.25
 31
0.0
100
AcDbText
 73
2
  0
LWPOLYLINE
  5
2B4
330
17
100
AcDbEntity
  8
A-EQUIPO-FINO
100
AcDbPolyline
 90
4
 70
1
 10
192.0
 20
492.0
 10
210.0
 20
492.0
 10
210.0
 20
505.0
 10
192.0
 20
505.0
  0
TEXT
  5
2B5
330
17
100
AcDbEntity
  8
A-TEXTO
100
AcDbText
 10
201.0
 20
498.5
 30
0.0
 40
1.2
  1
C07
  7
ISO3098
 72
1
 11
201.0
 21
498.5
 31
0.0
100
AcDbText
 73
2
  0
LWPOLYLINE
  5
2B6
330
17
100
AcDbEntity
  8
A-EQUIPO-FINO
100
AcDbPolyline
 90
4
 70
1
 10
180.0
 20
494.5
 10
187.5
 20
494.5
 10
187.5
 20
499.5
 10
180.0
 20
499.5
  0
TEXT
  5
2B7
330
17
100
AcDbEntity
  8
A-TEXTO
100
AcDbText
 10
183.75
 20
497.0
 30
0.0
 40
1.2
  1
C08
  7
ISO3098
 72
1
 11
183.75
 21
497.0
 31
0.0
100
AcDbText
 73
2
  0
LWPOLYLINE
  5
2B8
330
17
100
AcDbEntity
  8
A-EQUIPO-FINO
100
AcDbPolyline
 90
4
 70
1
 10
273.0
 20
507.0
 10
285.5
 20
507.0
 10
285.5
 20
513.0
 10
273.0
 20
513.0
  0
TEXT
  5
2B9
330
17
100
AcDbEntity
  8
A-TEXTO
100
AcDbText
 10
279.25
 20
510.0
 30
0.0
 40
1.2
  1
C09
  7
ISO3098
 72
1
 11
279.25
 21
510.0
 31
0.0
100
AcDbText
 73
2
  0
CIRCLE
  5
2BA
330
17
100
AcDbEntity
  8
A-EQUIPO-FINO
100
AcDbCircle
 10
251.5
 20
509.5
 30
0.0
 40
1.5000000000000036
  0
CIRCLE
  5
2BB
330
17
100
AcDbEntity
  8
A-EQUIPO-FINO
100
AcDbCircle
 10
251.5
 20
509.5
 30
0.0
 40
20.0
  0
TEXT
  5
2BC
330
17
100
AcDbEntity
  8
A-TEXTO
100
AcDbText
 10
251.5
 20
509.5
 30
0.0
 40
1.2
  1
C10
  7
ISO3098
 72
1
 11
251.5
 21
509.5
 31
0.0
100
AcDbText
 73
2
  0
CIRCLE
  5
2BD
330
17
100
AcDbEntity
  8
A-EQUIPO-FINO
100
AcDbCircle
 10
201.5
 20
509.5
 30
0.0
 40
1.4999999999999991
  0
CIRCLE
  5
2BE
330
17
100
AcDbEntity
  8
A-EQUIPO-FINO
100
AcDbCircle
 10
201.5
 20
509.5
 30
0.0
 40
20.0
  0
TEXT
  5
2BF
330
17
100
AcDbEntity
  8
A-TEXTO
100
AcDbText
 10
201.5
 20
509.5
 30
0.0
 40
1.2
  1
C11
  7
ISO3098
 72
1
 11
201.5
 21
509.5
 31
0.0
100
AcDbText
 73
2
  0
LWPOLYLINE
  5
2C0
330
17
100
AcDbEntity
  8
A-EQUIPO-FINO
100
AcDbPolyline
 90
4
 70
1
 10
158.0
 20
488.0
 10
176.0
 20
488.0
 10
176.0
 20
519.0
 10
158.0
 20
519.0
  0
LINE
  5
2C1
330
17
100
AcDbEntity
  8
A-EQUIPO-FINO
100
AcDbLine
 10
158.0
 20
488.0
 30
0.0
 11
176.0
 21
519.0
 31
0.0
  0
LINE
  5
2C2
330
17
100
AcDbEntity
  8
A-EQUIPO-FINO
100
AcDbLine
 10
158.0
 20
519.0
 30
0.0
 11
176.0
 21
488.0
 31
0.0
  0
TEXT
  5
2C3
330
17
100
AcDbEntity
  8
A-TEXTO
100
AcDbText
 10
167.0
 20
503.5
 30
0.0
 40
1.2
  1
C12
  7
ISO3098
 72
1
 11
167.0
 21
503.5
 31
0.0
100
AcDbText
 73
2
  0
LWPOLYLINE
  5
2C4
330
17
100
AcDbEntity
  8
A-EQUIPO-FINO
100
AcDbPolyline
 90
4
 70
1
 10
363.0
 20
609.0
 10
375.0
 20
609.0
 10
375.0
 20
627.0
 10
363.0
 20
627.0
  0
LINE
  5
2C5
330
17
100
AcDbEntity
  8
A-EQUIPO-FINO
100
AcDbLine
 10
363.0
 20
609.0
 30
0.0
 11
375.0
 21
627.0
 31
0.0
  0
LINE
  5
2C6
330
17
100
AcDbEntity
  8
A-EQUIPO-FINO
100
AcDbLine
 10
363.0
 20
627.0
 30
0.0
 11
375.0
 21
609.0
 31
0.0
  0
TEXT
  5
2C7
330
17
100
AcDbEntity
  8
A-TEXTO
100
AcDbText
 10
369.0
 20
618.0
 30
0.0
 40
1.2
  1
A00
  7
ISO3098
 72
1
 11
369.0
 21
618.0
 31
0.0
100
AcDbText
 73
2
  0
LWPOLYLINE
  5
2C8
330
17
100
AcDbEntity
  8
A-EQUIPO-FINO
100
AcDbPolyline
 90
4
 70
1
 10
364.0
 20
600.0
 10
370.0
 20
600.0
 10
370.0
 20
604.0
 10
364.0
 20
604.0
  0
TEXT
  5
2C9
330
17
100
AcDbEntity
  8
A-TEXTO
100
AcDbText
 10
367.0
 20
602.0
 30
0.0
 40
1.2
  1
A03
  7
ISO3098
 72
1
 11
367.0
 21
602.0
 31
0.0
100
AcDbText
 73
2
  0
LWPOLYLINE
  5
2CA
330
17
100
AcDbEntity
  8
A-EQUIPO-FINO
100
AcDbPolyline
 90
4
 70
1
 10
364.0
 20
588.0
 10
370.0
 20
588.0
 10
370.0
 20
593.0
 10
364.0
 20
593.0
  0
TEXT
  5
2CB
330
17
100
AcDbEntity
  8
A-TEXTO
100
AcDbText
 10
367.0
 20
590.5
 30
0.0
 40
1.2
  1
A04
  7
ISO3098
 72
1
 11
367.0
 21
590.5
 31
0.0
100
AcDbText
 73
2
  0
LWPOLYLINE
  5
2CC
330
17
100
AcDbEntity
  8
A-EQUIPO-FINO
100
AcDbPolyline
 90
4
 70
1
 10
364.0
 20
578.0
 10
370.0
 20
578.0
 10
370.0
 20
583.0
 10
364.0
 20
583.0
  0
TEXT
  5
2CD
330
17
100
AcDbEntity
  8
A-TEXTO
100
AcDbText
 10
367.0
 20
580.5
 30
0.0
 40
1.2
  1
A05
  7
ISO3098
 72
1
 11
367.0
 21
580.5
 31
0.0
100
AcDbText
 73
2
  0
LWPOLYLINE
  5
2CE
330
17
100
AcDbEntity
  8
A-EQUIPO-FINO
100
AcDbPolyline
 90
4
 70
1
 10
364.0
 20
538.0
 10
370.99999999999994
 20
538.0
 10
370.99999999999994
 20
573.0
 10
364.0
 20
573.0
  0
LINE
  5
2CF
330
17
100
AcDbEntity
  8
A-EQUIPO-FINO
100
AcDbLine
 10
364.0
 20
538.0
 30
0.0
 11
370.99999999999994
 21
573.0
 31
0.0
  0
LINE
  5
2D0
330
17
100
AcDbEntity
  8
A-EQUIPO-FINO
100
AcDbLine
 10
364.0
 20
573.0
 30
0.0
 11
370.99999999999994
 21
538.0
 31
0.0
  0
TEXT
  5
2D1
330
17
100
AcDbEntity
  8
A-TEXTO
100
AcDbText
 10
367.5
 20
555.5
 30
0.0
 40
1.2
  1
A09
 50
90.0
  7
ISO3098
 72
1
 11
367.5
 21
555.5
 31
0.0
100
AcDbText
 73
2
  0
LWPOLYLINE
  5
2D2
330
17
100
AcDbEntity
  8
A-EQUIPO-FINO
100
AcDbPolyline
 90
4
 70
1
 10
409.5
 20
539.0
 10
417.5
 20
539.0
 10
417.5
 20
549.0
 10
409.5
 20
549.0
  0
TEXT
  5
2D3
330
17
100
AcDbEntity
  8
A-TEXTO
100
AcDbText
 10
413.5
 20
544.0
 30
0.0
 40
1.2
  1
A06
  7
ISO3098
 72
1
 11
413.5
 21
544.0
 31
0.0
100
AcDbText
 73
2
  0
LWPOLYLINE
  5
2D4
330
17
100
AcDbEntity
  8
A-EQUIPO-FINO
100
AcDbPolyline
 90
4
 70
1
 10
409.5
 20
553.0
 10
417.0
 20
553.0
 10
417.0
 20
568.0
 10
409.5
 20
568.0
  0
TEXT
  5
2D5
330
17
100
AcDbEntity
  8
A-TEXTO
100
AcDbText
 10
413.25
 20
560.5
 30
0.0
 40
1.2
  1
A07
 50
90.0
  7
ISO3098
 72
1
 11
413.25
 21
560.5
 31
0.0
100
AcDbText
 73
2
  0
LWPOLYLINE
  5
2D6
330
17
100
AcDbEntity
  8
A-EQUIPO-FINO
100
AcDbPolyline
 90
4
 70
1
 10
409.0
 20
571.0
 10
418.0
 20
571.0
 10
418.0
 20
600.0
 10
409.0
 20
600.0
  0
LINE
  5
2D7
330
17
100
AcDbEntity
  8
A-EQUIPO-FINO
100
AcDbLine
 10
409.0
 20
571.0
 30
0.0
 11
418.0
 21
600.0
 31
0.0
  0
LINE
  5
2D8
330
17
100
AcDbEntity
  8
A-EQUIPO-FINO
100
AcDbLine
 10
409.0
 20
600.0
 30
0.0
 11
418.0
 21
571.0
 31
0.0
  0
TEXT
  5
2D9
330
17
100
AcDbEntity
  8
A-TEXTO
100
AcDbText
 10
413.49999999999994
 20
585.5
 30
0.0
 40
1.2
  1
A10
 50
90.0
  7
ISO3098
 72
1
 11
413.49999999999994
 21
585.5
 31
0.0
100
AcDbText
 73
2
  0
LWPOLYLINE
  5
2DA
330
17
100
AcDbEntity
  8
A-EQUIPO-FINO
100
AcDbPolyline
 90
4
 70
1
 10
409.0
 20
605.0
 10
418.0
 20
605.0
 10
418.0
 20
627.5
 10
409.0
 20
627.5
  0
LINE
  5
2DB
330
17
100
AcDbEntity
  8
A-EQUIPO-FINO
100
AcDbLine
 10
409.0
 20
605.0
 30
0.0
 11
418.0
 21
627.5
 31
0.0
  0
LINE
  5
2DC
330
17
100
AcDbEntity
  8
A-EQUIPO-FINO
100
AcDbLine
 10
409.0
 20
627.5
 30
0.0
 11
418.0
 21
605.0
 31
0.0
  0
TEXT
  5
2DD
330
17
100
AcDbEntity
  8
A-TEXTO
100
AcDbText
 10
413.49999999999994
 20
616.25
 30
0.0
 40
1.2
  1
A08
 50
90.0
  7
ISO3098
 72
1
 11
413.49999999999994
 21
616.25
 31
0.0
100
AcDbText
 73
2
  0
LWPOLYLINE
  5
2DE
330
17
100
AcDbEntity
  8
A-EQUIPO-FINO
100
AcDbPolyline
 90
4
 70
1
 10
427.0
 20
611.0
 10
439.0
 20
611.0
 10
439.0
 20
627.5
 10
427.0
 20
627.5
  0
LINE
  5
2DF
330
17
100
AcDbEntity
  8
A-EQUIPO-FINO
100
AcDbLine
 10
427.0
 20
611.0
 30
0.0
 11
439.0
 21
627.5
 31
0.0
  0
LINE
  5
2E0
330
17
100
AcDbEntity
  8
A-EQUIPO-FINO
100
AcDbLine
 10
427.0
 20
627.5
 30
0.0
 11
439.0
 21
611.0
 31
0.0
  0
TEXT
  5
2E1
330
17
100
AcDbEntity
  8
A-TEXTO
100
AcDbText
 10
433.0
 20
619.25
 30
0.0
 40
1.2
  1
B00
  7
ISO3098
 72
1
 11
433.0
 21
619.25
 31
0.0
100
AcDbText
 73
2
  0
LWPOLYLINE
  5
2E2
330
17
100
AcDbEntity
  8
A-EQUIPO-FINO
100
AcDbPolyline
 90
4
 70
1
 10
428.0
 20
603.0
 10
434.00000000000006
 20
603.0
 10
434.00000000000006
 20
607.0
 10
428.0
 20
607.0
  0
TEXT
  5
2E3
330
17
100
AcDbEntity
  8
A-TEXTO
100
AcDbText
 10
431.0
 20
605.0
 30
0.0
 40
1.2
  1
B01
  7
ISO3098
 72
1
 11
431.0
 21
605.0
 31
0.0
100
AcDbText
 73
2
  0
LWPOLYLINE
  5
2E4
330
17
100
AcDbEntity
  8
A-EQUIPO-FINO
100
AcDbPolyline
 90
4
 70
1
 10
429.0
 20
589.0
 10
433.0
 20
589.0
 10
433.0
 20
597.5
 10
429.0
 20
597.5
  0
TEXT
  5
2E5
330
17
100
AcDbEntity
  8
A-TEXTO
100
AcDbText
 10
430.99999999999994
 20
593.25
 30
0.0
 40
1.2
  1
B02
 50
90.0
  7
ISO3098
 72
1
 11
430.99999999999994
 21
593.25
 31
0.0
100
AcDbText
 73
2
  0
LWPOLYLINE
  5
2E6
330
17
100
AcDbEntity
  8
A-EQUIPO-FINO
100
AcDbPolyline
 90
4
 70
1
 10
427.0
 20
573.0
 10
435.0
 20
573.0
 10
435.0
 20
584.0
 10
427.0
 20
584.0
  0
TEXT
  5
2E7
330
17
100
AcDbEntity
  8
A-TEXTO
100
AcDbText
 10
431.0
 20
578.5
 30
0.0
 40
1.2
  1
B03
  7
ISO3098
 72
1
 11
431.0
 21
578.5
 31
0.0
100
AcDbText
 73
2
  0
LWPOLYLINE
  5
2E8
330
17
100
AcDbEntity
  8
A-EQUIPO-FINO
100
AcDbPolyline
 90
4
 70
1
 10
428.0
 20
562.0
 10
434.00000000000006
 20
562.0
 10
434.00000000000006
 20
566.5
 10
428.0
 20
566.5
  0
TEXT
  5
2E9
330
17
100
AcDbEntity
  8
A-TEXTO
100
AcDbText
 10
431.0
 20
564.25
 30
0.0
 40
1.2
  1
B04
  7
ISO3098
 72
1
 11
431.0
 21
564.25
 31
0.0
100
AcDbText
 73
2
  0
LWPOLYLINE
  5
2EA
330
17
100
AcDbEntity
  8
A-EQUIPO-FINO
100
AcDbPolyline
 90
4
 70
1
 10
428.0
 20
552.0
 10
434.00000000000006
 20
552.0
 10
434.00000000000006
 20
557.0
 10
428.0
 20
557.0
  0
TEXT
  5
2EB
330
17
100
AcDbEntity
  8
A-TEXTO
100
AcDbText
 10
431.0
 20
554.5
 30
0.0
 40
1.2
  1
B05
  7
ISO3098
 72
1
 11
431.0
 21
554.5
 31
0.0
100
AcDbText
 73
2
  0
LWPOLYLINE
  5
2EC
330
17
100
AcDbEntity
  8
A-EQUIPO-FINO
100
AcDbPolyline
 90
4
 70
1
 10
427.0
 20
536.0
 10
435.0
 20
536.0
 10
435.0
 20
547.0
 10
427.0
 20
547.0
  0
TEXT
  5
2ED
330
17
100
AcDbEntity
  8
A-TEXTO
100
AcDbText
 10
431.0
 20
541.5
 30
0.0
 40
1.2
  1
B06
  7
ISO3098
 72
1
 11
431.0
 21
541.5
 31
0.0
100
AcDbText
 73
2
  0
LWPOLYLINE
  5
2EE
330
17
100
AcDbEntity
  8
A-EQUIPO-FINO
100
AcDbPolyline
 90
4
 70
1
 10
442.0
 20
532.0
 10
457.0
 20
532.0
 10
457.0
 20
539.5
 10
442.0
 20
539.5
  0
TEXT
  5
2EF
330
17
100
AcDbEntity
  8
A-TEXTO
100
AcDbText
 10
449.5
 20
535.75
 30
0.0
 40
1.2
  1
B07
  7
ISO3098
 72
1
 11
449.5
 21
535.75
 31
0.0
100
AcDbText
 73
2
  0
LWPOLYLINE
  5
2F0
330
17
100
AcDbEntity
  8
A-EQUIPO-FINO
100
AcDbPolyline
 90
4
 70
1
 10
439.0
 20
549.0
 10
445.0
 20
549.0
 10
445.0
 20
565.0
 10
439.0
 20
565.0
  0
LINE
  5
2F1
330
17
100
AcDbEntity
  8
A-EQUIPO-FINO
100
AcDbLine
 10
439.0
 20
549.0
 30
0.0
 11
445.0
 21
565.0
 31
0.0
  0
LINE
  5
2F2
330
17
100
AcDbEntity
  8
A-EQUIPO-FINO
100
AcDbLine
 10
439.0
 20
565.0
 30
0.0
 11
445.0
 21
549.0
 31
0.0
  0
TEXT
  5
2F3
330
17
100
AcDbEntity
  8
A-TEXTO
100
AcDbText
 10
442.0
 20
557.0
 30
0.0
 40
1.2
  1
B12
 50
90.0
  7
ISO3098
 72
1
 11
442.0
 21
557.0
 31
0.0
100
AcDbText
 73
2
  0
LWPOLYLINE
  5
2F4
330
17
100
AcDbEntity
  8
A-EQUIPO-FINO
100
AcDbPolyline
 90
4
 70
1
 10
475.0
 20
537.0
 10
481.5
 20
537.0
 10
481.5
 20
559.5
 10
475.0
 20
559.5
  0
TEXT
  5
2F5
330
17
100
AcDbEntity
  8
A-TEXTO
100
AcDbText
 10
478.25
 20
548.25
 30
0.0
 40
1.2
  1
B08
 50
90.0
  7
ISO3098
 72
1
 11
478.25
 21
548.25
 31
0.0
100
AcDbText
 73
2
  0
LWPOLYLINE
  5
2F6
330
17
100
AcDbEntity
  8
A-EQUIPO-FINO
100
AcDbPolyline
 90
4
 70
1
 10
467.0
 20
538.0
 10
473.49999999999994
 20
538.0
 10
473.49999999999994
 20
545.0
 10
467.0
 20
545.0
  0
TEXT
  5
2F7
330
17
100
AcDbEntity
  8
A-TEXTO
100
AcDbText
 10
470.25
 20
541.5
 30
0.0
 40
1.2
  1
B13
  7
ISO3098
 72
1
 11
470.25
 21
541.5
 31
0.0
100
AcDbText
 73
2
  0
LWPOLYLINE
  5
2F8
330
17
100
AcDbEntity
  8
A-EQUIPO-FINO
100
AcDbPolyline
 90
4
 70
1
 10
472.0
 20
567.0
 10
483.0
 20
567.0
 10
483.0
 20
573.0
 10
472.0
 20
573.0
  0
TEXT
  5
2F9
330
17
100
AcDbEntity
  8
A-TEXTO
100
AcDbText
 10
477.5
 20
570.0
 30
0.0
 40
1.2
  1
B09
  7
ISO3098
 72
1
 11
477.5
 21
570.0
 31
0.0
100
AcDbText
 73
2
  0
LWPOLYLINE
  5
2FA
330
17
100
AcDbEntity
  8
A-EQUIPO-FINO
100
AcDbPolyline
 90
4
 70
1
 10
472.0
 20
579.0
 10
483.0
 20
579.0
 10
483.0
 20
586.5
 10
472.0
 20
586.5
  0
TEXT
  5
2FB
330
17
100
AcDbEntity
  8
A-TEXTO
100
AcDbText
 10
477.5
 20
582.75
 30
0.0
 40
1.2
  1
B10
  7
ISO3098
 72
1
 11
477.5
 21
582.75
 31
0.0
100
AcDbText
 73
2
  0
LWPOLYLINE
  5
2FC
330
17
100
AcDbEntity
  8
A-EQUIPO-FINO
100
AcDbPolyline
 90
4
 70
1
 10
467.0
 20
605.0
 10
483.0
 20
605.0
 10
483.0
 20
627.5
 10
467.0
 20
627.5
  0
LINE
  5
2FD
330
17
100
AcDbEntity
  8
A-EQUIPO-FINO
100
AcDbLine
 10
467.0
 20
605.0
 30
0.0
 11
483.0
 21
627.5
 31
0.0
  0
LINE
  5
2FE
330
17
100
AcDbEntity
  8
A-EQUIPO-FINO
100
AcDbLine
 10
467.0
 20
627.5
 30
0.0
 11
483.0
 21
605.0
 31
0.0
  0
TEXT
  5
2FF
330
17
100
AcDbEntity
  8
A-TEXTO
100
AcDbText
 10
475.0
 20
616.25
 30
0.0
 40
1.2
  1
B11
  7
ISO3098
 72
1
 11
475.0
 21
616.25
 31
0.0
100
AcDbText
 73
2
  0
LWPOLYLINE
  5
300
330
17
100
AcDbEntity
  8
A-EQUIPO-FINO
100
AcDbPolyline
 90
4
 70
1
 10
497.0
 20
594.0
 10
522.0
 20
594.0
 10
522.0
 20
627.0
 10
497.0
 20
627.0
  0
TEXT
  5
301
330
17
100
AcDbEntity
  8
A-TEXTO
100
AcDbText
 10
509.5
 20
610.5
 30
0.0
 40
1.2
  1
P01
  7
ISO3098
 72
1
 11
509.5
 21
610.5
 31
0.0
100
AcDbText
 73
2
  0
LWPOLYLINE
  5
302
330
17
100
AcDbEntity
  8
A-EQUIPO-FINO
100
AcDbPolyline
 90
4
 70
1
 10
498.0
 20
546.0
 10
509.0
 20
546.0
 10
509.0
 20
588.0
 10
498.0
 20
588.0
  0
TEXT
  5
303
330
17
100
AcDbEntity
  8
A-TEXTO
100
AcDbText
 10
503.49999999999994
 20
567.0
 30
0.0
 40
1.2
  1
P02
 50
90.0
  7
ISO3098
 72
1
 11
503.49999999999994
 21
567.0
 31
0.0
100
AcDbText
 73
2
  0
LWPOLYLINE
  5
304
330
17
100
AcDbEntity
  8
A-EQUIPO-FINO
100
AcDbPolyline
 90
4
 70
1
 10
497.5
 20
510.0
 10
509.7
 20
510.0
 10
509.7
 20
540.0
 10
497.5
 20
540.0
  0
TEXT
  5
305
330
17
100
AcDbEntity
  8
A-TEXTO
100
AcDbText
 10
503.6
 20
525.0
 30
0.0
 40
1.2
  1
P03
 50
90.0
  7
ISO3098
 72
1
 11
503.6
 21
525.0
 31
0.0
100
AcDbText
 73
2
  0
LWPOLYLINE
  5
306
330
17
100
AcDbEntity
  8
A-EQUIPO-FINO
100
AcDbPolyline
 90
4
 70
1
 10
523.0
 20
489.0
 10
533.0
 20
489.0
 10
533.0
 20
496.5
 10
523.0
 20
496.5
  0
TEXT
  5
307
330
17
100
AcDbEntity
  8
A-TEXTO
100
AcDbText
 10
528.0
 20
492.75
 30
0.0
 40
1.2
  1
P04
  7
ISO3098
 72
1
 11
528.0
 21
492.75
 31
0.0
100
AcDbText
 73
2
  0
LWPOLYLINE
  5
308
330
17
100
AcDbEntity
  8
A-EQUIPO-FINO
100
AcDbPolyline
 90
4
 70
1
 10
536.0
 20
488.0
 10
549.0
 20
488.0
 10
549.0
 20
494.0
 10
536.0
 20
494.0
  0
TEXT
  5
309
330
17
100
AcDbEntity
  8
A-TEXTO
100
AcDbText
 10
542.5
 20
491.0
 30
0.0
 40
1.2
  1
P05
  7
ISO3098
 72
1
 11
542.5
 21
491.0
 31
0.0
100
AcDbText
 73
2
  0
LWPOLYLINE
  5
30A
330
17
100
AcDbEntity
  8
A-EQUIPO-FINO
100
AcDbPolyline
 90
4
 70
1
 10
561.0
 20
510.0
 10
573.2
 20
510.0
 10
573.2
 20
540.0
 10
561.0
 20
540.0
  0
TEXT
  5
30B
330
17
100
AcDbEntity
  8
A-TEXTO
100
AcDbText
 10
567.1
 20
525.0
 30
0.0
 40
1.2
  1
P06
 50
90.0
  7
ISO3098
 72
1
 11
567.1
 21
525.0
 31
0.0
100
AcDbText
 73
2
  0
LWPOLYLINE
  5
30C
330
17
100
AcDbEntity
  8
A-EQUIPO-FINO
100
AcDbPolyline
 90
4
 70
1
 10
561.0
 20
546.0
 10
573.2
 20
546.0
 10
573.2
 20
588.0
 10
561.0
 20
588.0
  0
TEXT
  5
30D
330
17
100
AcDbEntity
  8
A-TEXTO
100
AcDbText
 10
567.1
 20
567.0
 30
0.0
 40
1.2
  1
P07
 50
90.0
  7
ISO3098
 72
1
 11
567.1
 21
567.0
 31
0.0
100
AcDbText
 73
2
  0
LWPOLYLINE
  5
30E
330
17
100
AcDbEntity
  8
A-EQUIPO-FINO
100
AcDbPolyline
 90
4
 70
1
 10
547.0
 20
594.0
 10
574.0
 20
594.0
 10
574.0
 20
627.0
 10
547.0
 20
627.0
  0
TEXT
  5
30F
330
17
100
AcDbEntity
  8
A-TEXTO
100
AcDbText
 10
560.5
 20
610.5
 30
0.0
 40
1.2
  1
P08
  7
ISO3098
 72
1
 11
560.5
 21
610.5
 31
0.0
100
AcDbText
 73
2
  0
LWPOLYLINE
  5
310
330
17
100
AcDbEntity
  8
A-EQUIPO-FINO
100
AcDbPolyline
 90
4
 70
1
 10
529.0
 20
562.0
 10
541.0
 20
562.0
 10
541.0
 20
570.0
 10
529.0
 20
570.0
  0
TEXT
  5
311
330
17
100
AcDbEntity
  8
A-TEXTO
100
AcDbText
 10
535.0
 20
566.0
 30
0.0
 40
1.2
  1
P09
  7
ISO3098
 72
1
 11
535.0
 21
566.0
 31
0.0
100
AcDbText
 73
2
  0
LWPOLYLINE
  5
312
330
17
100
AcDbEntity
  8
A-EQUIPO-FINO
100
AcDbPolyline
 90
4
 70
1
 10
597.0
 20
598.0
 10
614.0
 20
598.0
 10
614.0
 20
613.0
 10
597.0
 20
613.0
  0
TEXT
  5
313
330
17
100
AcDbEntity
  8
A-TEXTO
100
AcDbText
 10
605.5
 20
605.5
 30
0.0
 40
1.2
  1
T01
  7
ISO3098
 72
1
 11
605.5
 21
605.5
 31
0.0
100
AcDbText
 73
2
  0
LWPOLYLINE
  5
314
330
17
100
AcDbEntity
  8
A-EQUIPO-FINO
100
AcDbPolyline
 90
4
 70
1
 10
584.0
 20
584.5
 10
596.0
 20
584.5
 10
596.0
 20
590.5
 10
584.0
 20
590.5
  0
TEXT
  5
315
330
17
100
AcDbEntity
  8
A-TEXTO
100
AcDbText
 10
590.0
 20
587.5
 30
0.0
 40
1.2
  1
T15
  7
ISO3098
 72
1
 11
590.0
 21
587.5
 31
0.0
100
AcDbText
 73
2
  0
LWPOLYLINE
  5
316
330
17
100
AcDbEntity
  8
A-EQUIPO-FINO
100
AcDbPolyline
 90
4
 70
1
 10
621.0
 20
605.0
 10
631.0
 20
605.0
 10
631.0
 20
610.0
 10
621.0
 20
610.0
  0
TEXT
  5
317
330
17
100
AcDbEntity
  8
A-TEXTO
100
AcDbText
 10
626.0
 20
607.5
 30
0.0
 40
1.2
  1
T03
  7
ISO3098
 72
1
 11
626.0
 21
607.5
 31
0.0
100
AcDbText
 73
2
  0
LWPOLYLINE
  5
318
330
17
100
AcDbEntity
  8
A-EQUIPO-FINO
100
AcDbPolyline
 90
4
 70
1
 10
621.0
 20
595.0
 10
631.0
 20
595.0
 10
631.0
 20
600.0
 10
621.0
 20
600.0
  0
TEXT
  5
319
330
17
100
AcDbEntity
  8
A-TEXTO
100
AcDbText
 10
626.0
 20
597.5
 30
0.0
 40
1.2
  1
T04
  7
ISO3098
 72
1
 11
626.0
 21
597.5
 31
0.0
100
AcDbText
 73
2
  0
LWPOLYLINE
  5
31A
330
17
100
AcDbEntity
  8
A-EQUIPO-FINO
100
AcDbPolyline
 90
4
 70
1
 10
635.0
 20
600.0
 10
642.5
 20
600.0
 10
642.5
 20
605.0
 10
635.0
 20
605.0
  0
TEXT
  5
31B
330
17
100
AcDbEntity
  8
A-TEXTO
100
AcDbText
 10
638.75
 20
602.5
 30
0.0
 40
1.2
  1
T05
  7
ISO3098
 72
1
 11
638.75
 21
602.5
 31
0.0
100
AcDbText
 73
2
  0
LWPOLYLINE
  5
31C
330
17
100
AcDbEntity
  8
A-EQUIPO-FINO
100
AcDbPolyline
 90
4
 70
1
 10
645.0
 20
600.0
 10
652.5
 20
600.0
 10
652.5
 20
605.0
 10
645.0
 20
605.0
  0
TEXT
  5
31D
330
17
100
AcDbEntity
  8
A-TEXTO
100
AcDbText
 10
648.75
 20
602.5
 30
0.0
 40
1.2
  1
T06
  7
ISO3098
 72
1
 11
648.75
 21
602.5
 31
0.0
100
AcDbText
 73
2
  0
LWPOLYLINE
  5
31E
330
17
100
AcDbEntity
  8
A-EQUIPO-FINO
100
AcDbPolyline
 90
4
 70
1
 10
655.0
 20
600.5
 10
662.5
 20
600.5
 10
662.5
 20
604.5
 10
655.0
 20
604.5
  0
TEXT
  5
31F
330
17
100
AcDbEntity
  8
A-TEXTO
100
AcDbText
 10
658.75
 20
602.5
 30
0.0
 40
1.2
  1
T07
  7
ISO3098
 72
1
 11
658.75
 21
602.5
 31
0.0
100
AcDbText
 73
2
  0
LWPOLYLINE
  5
320
330
17
100
AcDbEntity
  8
A-EQUIPO-FINO
100
AcDbPolyline
 90
4
 70
1
 10
664.5
 20
606.0
 10
674.5
 20
606.0
 10
674.5
 20
613.5
 10
664.5
 20
613.5
  0
TEXT
  5
321
330
17
100
AcDbEntity
  8
A-TEXTO
100
AcDbText
 10
669.5
 20
609.75
 30
0.0
 40
1.2
  1
T08
  7
ISO3098
 72
1
 11
669.5
 21
609.75
 31
0.0
100
AcDbText
 73
2
  0
LWPOLYLINE
  5
322
330
17
100
AcDbEntity
  8
A-EQUIPO-FINO
100
AcDbPolyline
 90
4
 70
1
 10
664.5
 20
593.0
 10
674.5
 20
593.0
 10
674.5
 20
600.5
 10
664.5
 20
600.5
  0
TEXT
  5
323
330
17
100
AcDbEntity
  8
A-TEXTO
100
AcDbText
 10
669.5
 20
596.75
 30
0.0
 40
1.2
  1
T09
  7
ISO3098
 72
1
 11
669.5
 21
596.75
 31
0.0
100
AcDbText
 73
2
  0
LWPOLYLINE
  5
324
330
17
100
AcDbEntity
  8
A-EQUIPO-FINO
100
AcDbPolyline
 90
4
 70
1
 10
664.5
 20
615.0
 10
674.5
 20
615.0
 10
674.5
 20
622.5
 10
664.5
 20
622.5
  0
TEXT
  5
325
330
17
100
AcDbEntity
  8
A-TEXTO
100
AcDbText
 10
669.5
 20
618.75
 30
0.0
 40
1.2
  1
T10
  7
ISO3098
 72
1
 11
669.5
 21
618.75
 31
0.0
100
AcDbText
 73
2
  0
LWPOLYLINE
  5
326
330
17
100
AcDbEntity
  8
A-EQUIPO-FINO
100
AcDbPolyline
 90
4
 70
1
 10
677.0
 20
604.0
 10
684.5
 20
604.0
 10
684.5
 20
619.0
 10
677.0
 20
619.0
  0
TEXT
  5
327
330
17
100
AcDbEntity
  8
A-TEXTO
100
AcDbText
 10
680.75
 20
611.5
 30
0.0
 40
1.2
  1
T11
 50
90.0
  7
ISO3098
 72
1
 11
680.75
 21
611.5
 31
0.0
100
AcDbText
 73
2
  0
LWPOLYLINE
  5
328
330
17
100
AcDbEntity
  8
A-EQUIPO-FINO
100
AcDbPolyline
 90
4
 70
1
 10
702.5
 20
565.0
 10
708.0
 20
565.0
 10
708.0
 20
646.0
 10
702.5
 20
646.0
  0
LINE
  5
329
330
17
100
AcDbEntity
  8
A-EQUIPO-FINO
100
AcDbLine
 10
702.5
 20
565.0
 30
0.0
 11
708.0
 21
646.0
 31
0.0
  0
LINE
  5
32A
330
17
100
AcDbEntity
  8
A-EQUIPO-FINO
100
AcDbLine
 10
702.5
 20
646.0
 30
0.0
 11
708.0
 21
565.0
 31
0.0
  0
TEXT
  5
32B
330
17
100
AcDbEntity
  8
A-TEXTO
100
AcDbText
 10
705.25
 20
605.5
 30
0.0
 40
1.2
  1
RK1
 50
90.0
  7
ISO3098
 72
1
 11
705.25
 21
605.5
 31
0.0
100
AcDbText
 73
2
  0
LWPOLYLINE
  5
32C
330
17
100
AcDbEntity
  8
A-EQUIPO-FINO
100
AcDbPolyline
 90
4
 70
1
 10
708.0
 20
565.0
 10
713.5
 20
565.0
 10
713.5
 20
646.0
 10
708.0
 20
646.0
  0
LINE
  5
32D
330
17
100
AcDbEntity
  8
A-EQUIPO-FINO
100
AcDbLine
 10
708.0
 20
565.0
 30
0.0
 11
713.5
 21
646.0
 31
0.0
  0
LINE
  5
32E
330
17
100
AcDbEntity
  8
A-EQUIPO-FINO
100
AcDbLine
 10
708.0
 20
646.0
 30
0.0
 11
713.5
 21
565.0
 31
0.0
  0
TEXT
  5
32F
330
17
100
AcDbEntity
  8
A-TEXTO
100
AcDbText
 10
710.7499999999999
 20
605.5
 30
0.0
 40
1.2
  1
RK2
 50
90.0
  7
ISO3098
 72
1
 11
710.7499999999999
 21
605.5
 31
0.0
100
AcDbText
 73
2
  0
LWPOLYLINE
  5
330
330
17
100
AcDbEntity
  8
A-EQUIPO-FINO
100
AcDbPolyline
 90
4
 70
1
 10
585.0
 20
511.0
 10
600.0
 20
511.0
 10
600.0
 20
524.0
 10
585.0
 20
524.0
  0
TEXT
  5
331
330
17
100
AcDbEntity
  8
A-TEXTO
100
AcDbText
 10
592.5
 20
517.5
 30
0.0
 40
1.2
  1
T02
  7
ISO3098
 72
1
 11
592.5
 21
517.5
 31
0.0
100
AcDbText
 73
2
  0
LWPOLYLINE
  5
332
330
17
100
AcDbEntity
  8
A-EQUIPO-FINO
100
AcDbPolyline
 90
4
 70
1
 10
585.0
 20
488.0
 10
603.0
 20
488.0
 10
603.0
 20
503.0
 10
585.0
 20
503.0
  0
TEXT
  5
333
330
17
100
AcDbEntity
  8
A-TEXTO
100
AcDbText
 10
594.0
 20
495.5
 30
0.0
 40
1.2
  1
Q01
  7
ISO3098
 72
1
 11
594.0
 21
495.5
 31
0.0
100
AcDbText
 73
2
  0
LWPOLYLINE
  5
334
330
17
100
AcDbEntity
  8
A-EQUIPO-FINO
100
AcDbPolyline
 90
4
 70
1
 10
620.0
 20
495.0
 10
635.0
 20
495.0
 10
635.0
 20
506.0
 10
620.0
 20
506.0
  0
TEXT
  5
335
330
17
100
AcDbEntity
  8
A-TEXTO
100
AcDbText
 10
627.5
 20
500.5
 30
0.0
 40
1.2
  1
T12
  7
ISO3098
 72
1
 11
627.5
 21
500.5
 31
0.0
100
AcDbText
 73
2
  0
LWPOLYLINE
  5
336
330
17
100
AcDbEntity
  8
A-EQUIPO-FINO
100
AcDbPolyline
 90
4
 70
1
 10
643.0
 20
495.0
 10
656.0
 20
495.0
 10
656.0
 20
506.0
 10
643.0
 20
506.0
  0
TEXT
  5
337
330
17
100
AcDbEntity
  8
A-TEXTO
100
AcDbText
 10
649.5
 20
500.5
 30
0.0
 40
1.2
  1
T13
  7
ISO3098
 72
1
 11
649.5
 21
500.5
 31
0.0
100
AcDbText
 73
2
  0
LWPOLYLINE
  5
338
330
17
100
AcDbEntity
  8
A-EQUIPO-FINO
100
AcDbPolyline
 90
4
 70
1
 10
660.0
 20
502.0
 10
675.0
 20
502.0
 10
675.0
 20
513.0
 10
660.0
 20
513.0
  0
LINE
  5
339
330
17
100
AcDbEntity
  8
A-EQUIPO-FINO
100
AcDbLine
 10
660.0
 20
502.0
 30
0.0
 11
675.0
 21
513.0
 31
0.0
  0
LINE
  5
33A
330
17
100
AcDbEntity
  8
A-EQUIPO-FINO
100
AcDbLine
 10
660.0
 20
513.0
 30
0.0
 11
675.0
 21
502.0
 31
0.0
  0
TEXT
  5
33B
330
17
100
AcDbEntity
  8
A-TEXTO
100
AcDbText
 10
667.5
 20
507.5
 30
0.0
 40
1.2
  1
T14
  7
ISO3098
 72
1
 11
667.5
 21
507.5
 31
0.0
100
AcDbText
 73
2
  0
HATCH
  5
33C
330
17
100
AcDbEntity
  8
A-MURO
 62
7
420
4605510
100
AcDbHatch
 10
0.0
 20
0.0
 30
0.0
210
0.0
220
0.0
230
1.0
  2
SOLID
 70
1
 71
0
 91
1
 92
3
 72
0
 73
1
 93
6
 10
255.0
 20
471.0
 10
255.0
 20
470.0
 10
153.0
 20
470.0
 10
153.0
 20
492.0
 10
154.0
 20
492.0
 10
154.0
 20
471.0
 97
0
 75
1
 76
1
 98
0
  0
LWPOLYLINE
  5
33D
330
17
100
AcDbEntity
  8
A-MURO
100
AcDbPolyline
 90
6
 70
1
 10
255.0
 20
471.0
 10
255.0
 20
470.0
 10
153.0
 20
470.0
 10
153.0
 20
492.0
 10
154.0
 20
492.0
 10
154.0
 20
471.0
  0
HATCH
  5
33E
330
17
100
AcDbEntity
  8
A-MURO
 62
7
420
4605510
100
AcDbHatch
 10
0.0
 20
0.0
 30
0.0
210
0.0
220
0.0
230
1.0
  2
SOLID
 70
1
 71
0
 91
1
 92
3
 72
0
 73
1
 93
4
 10
153.0
 20
512.0
 10
153.0
 20
523.0
 10
154.0
 20
523.0
 10
154.0
 20
512.0
 97
0
 75
1
 76
1
 98
0
  0
LWPOLYLINE
  5
33F
330
17
100
AcDbEntity
  8
A-MURO
100
AcDbPolyline
 90
4
 70
1
 10
153.0
 20
512.0
 10
153.0
 20
523.0
 10
154.0
 20
523.0
 10
154.0
 20
512.0
  0
HATCH
  5
340
330
17
100
AcDbEntity
  8
A-MURO
 62
7
420
4605510
100
AcDbHatch
 10
0.0
 20
0.0
 30
0.0
210
0.0
220
0.0
230
1.0
  2
SOLID
 70
1
 71
0
 91
1
 92
3
 72
0
 73
1
 93
4
 10
153.0
 20
539.0
 10
153.0
 20
544.0
 10
154.0
 20
544.0
 10
154.0
 20
539.0
 97
0
 75
1
 76
1
 98
0
  0
LWPOLYLINE
  5
341
330
17
100
AcDbEntity
  8
A-MURO
100
AcDbPolyline
 90
4
 70
1
 10
153.0
 20
539.0
 10
153.0
 20
544.0
 10
154.0
 20
544.0
 10
154.0
 20
539.0
  0
HATCH
  5
342
330
17
100
AcDbEntity
  8
A-MURO
 62
7
420
4605510
100
AcDbHatch
 10
0.0
 20
0.0
 30
0.0
210
0.0
220
0.0
230
1.0
  2
SOLID
 70
1
 71
0
 91
1
 92
3
 72
0
 73
1
 93
4
 10
153.0
 20
562.0
 10
153.0
 20
574.5
 10
154.0
 20
574.5
 10
154.0
 20
562.0
 97
0
 75
1
 76
1
 98
0
  0
LWPOLYLINE
  5
343
330
17
100
AcDbEntity
  8
A-MURO
100
AcDbPolyline
 90
4
 70
1
 10
153.0
 20
562.0
 10
153.0
 20
574.5
 10
154.0
 20
574.5
 10
154.0
 20
562.0
  0
HATCH
  5
344
330
17
100
AcDbEntity
  8
A-MURO
 62
7
420
4605510
100
AcDbHatch
 10
0.0
 20
0.0
 30
0.0
210
0.0
220
0.0
230
1.0
  2
SOLID
 70
1
 71
0
 91
1
 92
3
 72
0
 73
1
 93
6
 10
154.0
 20
653.0
 10
154.0
 20
580.0
 10
153.0
 20
580.0
 10
153.0
 20
654.0
 10
175.0
 20
654.0
 10
175.0
 20
653.0
 97
0
 75
1
 76
1
 98
0
  0
LWPOLYLINE
  5
345
330
17
100
AcDbEntity
  8
A-MURO
100
AcDbPolyline
 90
6
 70
1
 10
154.0
 20
653.0
 10
154.0
 20
580.0
 10
153.0
 20
580.0
 10
153.0
 20
654.0
 10
175.0
 20
654.0
 10
175.0
 20
653.0
  0
HATCH
  5
346
330
17
100
AcDbEntity
  8
A-MURO
 62
7
420
4605510
100
AcDbHatch
 10
0.0
 20
0.0
 30
0.0
210
0.0
220
0.0
230
1.0
  2
SOLID
 70
1
 71
0
 91
1
 92
3
 72
0
 73
1
 93
4
 10
200.0
 20
654.0
 10
219.5
 20
654.0
 10
219.5
 20
653.0
 10
200.0
 20
653.0
 97
0
 75
1
 76
1
 98
0
  0
LWPOLYLINE
  5
347
330
17
100
AcDbEntity
  8
A-MURO
100
AcDbPolyline
 90
4
 70
1
 10
200.0
 20
654.0
 10
219.5
 20
654.0
 10
219.5
 20
653.0
 10
200.0
 20
653.0
  0
HATCH
  5
348
330
17
100
AcDbEntity
  8
A-MURO
 62
7
420
4605510
100
AcDbHatch
 10
0.0
 20
0.0
 30
0.0
210
0.0
220
0.0
230
1.0
  2
SOLID
 70
1
 71
0
 91
1
 92
3
 72
0
 73
1
 93
4
 10
235.5
 20
654.0
 10
265.0
 20
654.0
 10
265.0
 20
653.0
 10
235.5
 20
653.0
 97
0
 75
1
 76
1
 98
0
  0
LWPOLYLINE
  5
349
330
17
100
AcDbEntity
  8
A-MURO
100
AcDbPolyline
 90
4
 70
1
 10
235.5
 20
654.0
 10
265.0
 20
654.0
 10
265.0
 20
653.0
 10
235.5
 20
653.0
  0
HATCH
  5
34A
330
17
100
AcDbEntity
  8
A-MURO
 62
7
420
4605510
100
AcDbHatch
 10
0.0
 20
0.0
 30
0.0
210
0.0
220
0.0
230
1.0
  2
SOLID
 70
1
 71
0
 91
1
 92
3
 72
0
 73
1
 93
4
 10
270.5
 20
654.0
 10
294.5
 20
654.0
 10
294.5
 20
653.0
 10
270.5
 20
653.0
 97
0
 75
1
 76
1
 98
0
  0
LWPOLYLINE
  5
34B
330
17
100
AcDbEntity
  8
A-MURO
100
AcDbPolyline
 90
4
 70
1
 10
270.5
 20
654.0
 10
294.5
 20
654.0
 10
294.5
 20
653.0
 10
270.5
 20
653.0
  0
HATCH
  5
34C
330
17
100
AcDbEntity
  8
A-MURO
 62
7
420
4605510
100
AcDbHatch
 10
0.0
 20
0.0
 30
0.0
210
0.0
220
0.0
230
1.0
  2
SOLID
 70
1
 71
0
 91
1
 92
3
 72
0
 73
1
 93
4
 10
308.0
 20
654.0
 10
385.0
 20
654.0
 10
385.0
 20
653.0
 10
308.0
 20
653.0
 97
0
 75
1
 76
1
 98
0
  0
LWPOLYLINE
  5
34D
330
17
100
AcDbEntity
  8
A-MURO
100
AcDbPolyline
 90
4
 70
1
 10
308.0
 20
654.0
 10
385.0
 20
654.0
 10
385.0
 20
653.0
 10
308.0
 20
653.0
  0
HATCH
  5
34E
330
17
100
AcDbEntity
  8
A-MURO
 62
7
420
4605510
100
AcDbHatch
 10
0.0
 20
0.0
 30
0.0
210
0.0
220
0.0
230
1.0
  2
SOLID
 70
1
 71
0
 91
1
 92
3
 72
0
 73
1
 93
4
 10
390.5
 20
654.0
 10
465.0
 20
654.0
 10
465.0
 20
653.0
 10
390.5
 20
653.0
 97
0
 75
1
 76
1
 98
0
  0
LWPOLYLINE
  5
34F
330
17
100
AcDbEntity
  8
A-MURO
100
AcDbPolyline
 90
4
 70
1
 10
390.5
 20
654.0
 10
465.0
 20
654.0
 10
465.0
 20
653.0
 10
390.5
 20
653.0
  0
HATCH
  5
350
330
17
100
AcDbEntity
  8
A-MURO
 62
7
420
4605510
100
AcDbHatch
 10
0.0
 20
0.0
 30
0.0
210
0.0
220
0.0
230
1.0
  2
SOLID
 70
1
 71
0
 91
1
 92
3
 72
0
 73
1
 93
4
 10
470.5
 20
654.0
 10
529.0
 20
654.0
 10
529.0
 20
653.0
 10
470.5
 20
653.0
 97
0
 75
1
 76
1
 98
0
  0
LWPOLYLINE
  5
351
330
17
100
AcDbEntity
  8
A-MURO
100
AcDbPolyline
 90
4
 70
1
 10
470.5
 20
654.0
 10
529.0
 20
654.0
 10
529.0
 20
653.0
 10
470.5
 20
653.0
  0
HATCH
  5
352
330
17
100
AcDbEntity
  8
A-MURO
 62
7
420
4605510
100
AcDbHatch
 10
0.0
 20
0.0
 30
0.0
210
0.0
220
0.0
230
1.0
  2
SOLID
 70
1
 71
0
 91
1
 92
3
 72
0
 73
1
 93
4
 10
544.0
 20
654.0
 10
560.0
 20
654.0
 10
560.0
 20
653.0
 10
544.0
 20
653.0
 97
0
 75
1
 76
1
 98
0
  0
LWPOLYLINE
  5
353
330
17
100
AcDbEntity
  8
A-MURO
100
AcDbPolyline
 90
4
 70
1
 10
544.0
 20
654.0
 10
560.0
 20
654.0
 10
560.0
 20
653.0
 10
544.0
 20
653.0
  0
HATCH
  5
354
330
17
100
AcDbEntity
  8
A-MURO
 62
7
420
4605510
100
AcDbHatch
 10
0.0
 20
0.0
 30
0.0
210
0.0
220
0.0
230
1.0
  2
SOLID
 70
1
 71
0
 91
1
 92
3
 72
0
 73
1
 93
4
 10
565.5
 20
654.0
 10
590.0
 20
654.0
 10
590.0
 20
653.0
 10
565.5
 20
653.0
 97
0
 75
1
 76
1
 98
0
  0
LWPOLYLINE
  5
355
330
17
100
AcDbEntity
  8
A-MURO
100
AcDbPolyline
 90
4
 70
1
 10
565.5
 20
654.0
 10
590.0
 20
654.0
 10
590.0
 20
653.0
 10
565.5
 20
653.0
  0
HATCH
  5
356
330
17
100
AcDbEntity
  8
A-MURO
 62
7
420
4605510
100
AcDbHatch
 10
0.0
 20
0.0
 30
0.0
210
0.0
220
0.0
230
1.0
  2
SOLID
 70
1
 71
0
 91
1
 92
3
 72
0
 73
1
 93
4
 10
610.0
 20
654.0
 10
635.0
 20
654.0
 10
635.0
 20
653.0
 10
610.0
 20
653.0
 97
0
 75
1
 76
1
 98
0
  0
LWPOLYLINE
  5
357
330
17
100
AcDbEntity
  8
A-MURO
100
AcDbPolyline
 90
4
 70
1
 10
610.0
 20
654.0
 10
635.0
 20
654.0
 10
635.0
 20
653.0
 10
610.0
 20
653.0
  0
HATCH
  5
358
330
17
100
AcDbEntity
  8
A-MURO
 62
7
420
4605510
100
AcDbHatch
 10
0.0
 20
0.0
 30
0.0
210
0.0
220
0.0
230
1.0
  2
SOLID
 70
1
 71
0
 91
1
 92
3
 72
0
 73
1
 93
4
 10
655.0
 20
654.0
 10
705.0
 20
654.0
 10
705.0
 20
653.0
 10
655.0
 20
653.0
 97
0
 75
1
 76
1
 98
0
  0
LWPOLYLINE
  5
359
330
17
100
AcDbEntity
  8
A-MURO
100
AcDbPolyline
 90
4
 70
1
 10
655.0
 20
654.0
 10
705.0
 20
654.0
 10
705.0
 20
653.0
 10
655.0
 20
653.0
  0
HATCH
  5
35A
330
17
100
AcDbEntity
  8
A-MURO
 62
7
420
4605510
100
AcDbHatch
 10
0.0
 20
0.0
 30
0.0
210
0.0
220
0.0
230
1.0
  2
SOLID
 70
1
 71
0
 91
1
 92
3
 72
0
 73
1
 93
6
 10
756.0
 20
653.0
 10
710.5
 20
653.0
 10
710.5
 20
654.0
 10
757.0
 20
654.0
 10
757.0
 20
642.5
 10
756.0
 20
642.5
 97
0
 75
1
 76
1
 98
0
  0
LWPOLYLINE
  5
35B
330
17
100
AcDbEntity
  8
A-MURO
100
AcDbPolyline
 90
6
 70
1
 10
756.0
 20
653.0
 10
710.5
 20
653.0
 10
710.5
 20
654.0
 10
757.0
 20
654.0
 10
757.0
 20
642.5
 10
756.0
 20
642.5
  0
HATCH
  5
35C
330
17
100
AcDbEntity
  8
A-MURO
 62
7
420
4605510
100
AcDbHatch
 10
0.0
 20
0.0
 30
0.0
210
0.0
220
0.0
230
1.0
  2
SOLID
 70
1
 71
0
 91
1
 92
3
 72
0
 73
1
 93
4
 10
757.0
 20
637.0
 10
757.0
 20
622.0
 10
756.0
 20
622.0
 10
756.0
 20
637.0
 97
0
 75
1
 76
1
 98
0
  0
LWPOLYLINE
  5
35D
330
17
100
AcDbEntity
  8
A-MURO
100
AcDbPolyline
 90
4
 70
1
 10
757.0
 20
637.0
 10
757.0
 20
622.0
 10
756.0
 20
622.0
 10
756.0
 20
637.0
  0
HATCH
  5
35E
330
17
100
AcDbEntity
  8
A-MURO
 62
7
420
4605510
100
AcDbHatch
 10
0.0
 20
0.0
 30
0.0
210
0.0
220
0.0
230
1.0
  2
SOLID
 70
1
 71
0
 91
1
 92
3
 72
0
 73
1
 93
4
 10
757.0
 20
607.0
 10
757.0
 20
587.0
 10
756.0
 20
587.0
 10
756.0
 20
607.0
 97
0
 75
1
 76
1
 98
0
  0
LWPOLYLINE
  5
35F
330
17
100
AcDbEntity
  8
A-MURO
100
AcDbPolyline
 90
4
 70
1
 10
757.0
 20
607.0
 10
757.0
 20
587.0
 10
756.0
 20
587.0
 10
756.0
 20
607.0
  0
HATCH
  5
360
330
17
100
AcDbEntity
  8
A-MURO
 62
7
420
4605510
100
AcDbHatch
 10
0.0
 20
0.0
 30
0.0
210
0.0
220
0.0
230
1.0
  2
SOLID
 70
1
 71
0
 91
1
 92
3
 72
0
 73
1
 93
4
 10
757.0
 20
572.0
 10
757.0
 20
552.0
 10
756.0
 20
552.0
 10
756.0
 20
572.0
 97
0
 75
1
 76
1
 98
0
  0
LWPOLYLINE
  5
361
330
17
100
AcDbEntity
  8
A-MURO
100
AcDbPolyline
 90
4
 70
1
 10
757.0
 20
572.0
 10
757.0
 20
552.0
 10
756.0
 20
552.0
 10
756.0
 20
572.0
  0
HATCH
  5
362
330
17
100
AcDbEntity
  8
A-MURO
 62
7
420
4605510
100
AcDbHatch
 10
0.0
 20
0.0
 30
0.0
210
0.0
220
0.0
230
1.0
  2
SOLID
 70
1
 71
0
 91
1
 92
3
 72
0
 73
1
 93
4
 10
757.0
 20
537.0
 10
757.0
 20
531.0
 10
756.0
 20
531.0
 10
756.0
 20
537.0
 97
0
 75
1
 76
1
 98
0
  0
LWPOLYLINE
  5
363
330
17
100
AcDbEntity
  8
A-MURO
100
AcDbPolyline
 90
4
 70
1
 10
757.0
 20
537.0
 10
757.0
 20
531.0
 10
756.0
 20
531.0
 10
756.0
 20
537.0
  0
HATCH
  5
364
330
17
100
AcDbEntity
  8
A-MURO
 62
7
420
4605510
100
AcDbHatch
 10
0.0
 20
0.0
 30
0.0
210
0.0
220
0.0
230
1.0
  2
SOLID
 70
1
 71
0
 91
1
 92
3
 72
0
 73
1
 93
4
 10
757.0
 20
515.0
 10
757.0
 20
509.0
 10
756.0
 20
509.0
 10
756.0
 20
515.0
 97
0
 75
1
 76
1
 98
0
  0
LWPOLYLINE
  5
365
330
17
100
AcDbEntity
  8
A-MURO
100
AcDbPolyline
 90
4
 70
1
 10
757.0
 20
515.0
 10
757.0
 20
509.0
 10
756.0
 20
509.0
 10
756.0
 20
515.0
  0
HATCH
  5
366
330
17
100
AcDbEntity
  8
A-MURO
 62
7
420
4605510
100
AcDbHatch
 10
0.0
 20
0.0
 30
0.0
210
0.0
220
0.0
230
1.0
  2
SOLID
 70
1
 71
0
 91
1
 92
3
 72
0
 73
1
 93
6
 10
756.0
 20
471.0
 10
756.0
 20
489.0
 10
757.0
 20
489.0
 10
757.0
 20
470.0
 10
665.5
 20
470.0
 10
665.5
 20
471.0
 97
0
 75
1
 76
1
 98
0
  0
LWPOLYLINE
  5
367
330
17
100
AcDbEntity
  8
A-MURO
100
AcDbPolyline
 90
6
 70
1
 10
756.0
 20
471.0
 10
756.0
 20
489.0
 10
757.0
 20
489.0
 10
757.0
 20
470.0
 10
665.5
 20
470.0
 10
665.5
 20
471.0
  0
HATCH
  5
368
330
17
100
AcDbEntity
  8
A-MURO
 62
7
420
4605510
100
AcDbHatch
 10
0.0
 20
0.0
 30
0.0
210
0.0
220
0.0
230
1.0
  2
SOLID
 70
1
 71
0
 91
1
 92
3
 72
0
 73
1
 93
8
 10
660.0
 20
470.0
 10
645.5
 20
470.0
 10
645.5
 20
467.0
 10
644.5
 20
467.0
 10
644.5
 20
470.0
 10
516.0
 20
470.0
 10
516.0
 20
471.0
 10
660.0
 20
471.0
 97
0
 75
1
 76
1
 98
0
  0
LWPOLYLINE
  5
369
330
17
100
AcDbEntity
  8
A-MURO
100
AcDbPolyline
 90
8
 70
1
 10
660.0
 20
470.0
 10
645.5
 20
470.0
 10
645.5
 20
467.0
 10
644.5
 20
467.0
 10
644.5
 20
470.0
 10
516.0
 20
470.0
 10
516.0
 20
471.0
 10
660.0
 20
471.0
  0
HATCH
  5
36A
330
17
100
AcDbEntity
  8
A-MURO
 62
7
420
4605510
100
AcDbHatch
 10
0.0
 20
0.0
 30
0.0
210
0.0
220
0.0
230
1.0
  2
SOLID
 70
1
 71
0
 91
1
 92
3
 72
0
 73
1
 93
4
 10
645.5
 20
412.0
 10
644.5
 20
412.0
 10
644.5
 20
447.0
 10
645.5
 20
447.0
 97
0
 75
1
 76
1
 98
0
  0
LWPOLYLINE
  5
36B
330
17
100
AcDbEntity
  8
A-MURO
100
AcDbPolyline
 90
4
 70
1
 10
645.5
 20
412.0
 10
644.5
 20
412.0
 10
644.5
 20
447.0
 10
645.5
 20
447.0
  0
HATCH
  5
36C
330
17
100
AcDbEntity
  8
A-MURO
 62
7
420
4605510
100
AcDbHatch
 10
0.0
 20
0.0
 30
0.0
210
0.0
220
0.0
230
1.0
  2
SOLID
 70
1
 71
0
 91
1
 92
3
 72
0
 73
1
 93
6
 10
645.5
 20
386.5
 10
625.0
 20
386.5
 10
625.0
 20
387.5
 10
644.5
 20
387.5
 10
644.5
 20
392.0
 10
645.5
 20
392.0
 97
0
 75
1
 76
1
 98
0
  0
LWPOLYLINE
  5
36D
330
17
100
AcDbEntity
  8
A-MURO
100
AcDbPolyline
 90
6
 70
1
 10
645.5
 20
386.5
 10
625.0
 20
386.5
 10
625.0
 20
387.5
 10
644.5
 20
387.5
 10
644.5
 20
392.0
 10
645.5
 20
392.0
  0
HATCH
  5
36E
330
17
100
AcDbEntity
  8
A-MURO
 62
7
420
4605510
100
AcDbHatch
 10
0.0
 20
0.0
 30
0.0
210
0.0
220
0.0
230
1.0
  2
SOLID
 70
1
 71
0
 91
1
 92
3
 72
0
 73
1
 93
6
 10
504.5
 20
386.5
 10
504.5
 20
425.0
 10
505.5
 20
425.0
 10
505.5
 20
387.5
 10
615.0
 20
387.5
 10
615.0
 20
386.5
 97
0
 75
1
 76
1
 98
0
  0
LWPOLYLINE
  5
36F
330
17
100
AcDbEntity
  8
A-MURO
100
AcDbPolyline
 90
6
 70
1
 10
504.5
 20
386.5
 10
504.5
 20
425.0
 10
505.5
 20
425.0
 10
505.5
 20
387.5
 10
615.0
 20
387.5
 10
615.0
 20
386.5
  0
HATCH
  5
370
330
17
100
AcDbEntity
  8
A-MURO
 62
7
420
4605510
100
AcDbHatch
 10
0.0
 20
0.0
 30
0.0
210
0.0
220
0.0
230
1.0
  2
SOLID
 70
1
 71
0
 91
1
 92
3
 72
0
 73
1
 93
8
 10
504.5
 20
470.0
 10
497.5
 20
470.0
 10
497.5
 20
471.0
 10
510.0
 20
471.0
 10
510.0
 20
470.0
 10
505.5
 20
470.0
 10
505.5
 20
431.0
 10
504.5
 20
431.0
 97
0
 75
1
 76
1
 98
0
  0
LWPOLYLINE
  5
371
330
17
100
AcDbEntity
  8
A-MURO
100
AcDbPolyline
 90
8
 70
1
 10
504.5
 20
470.0
 10
497.5
 20
470.0
 10
497.5
 20
471.0
 10
510.0
 20
471.0
 10
510.0
 20
470.0
 10
505.5
 20
470.0
 10
505.5
 20
431.0
 10
504.5
 20
431.0
  0
HATCH
  5
372
330
17
100
AcDbEntity
  8
A-MURO
 62
7
420
4605510
100
AcDbHatch
 10
0.0
 20
0.0
 30
0.0
210
0.0
220
0.0
230
1.0
  2
SOLID
 70
1
 71
0
 91
1
 92
3
 72
0
 73
1
 93
14
 10
492.0
 20
470.0
 10
485.5
 20
470.0
 10
485.5
 20
406.5
 10
361.0
 20
406.5
 10
361.0
 20
407.5
 10
484.5
 20
407.5
 10
484.5
 20
437.0
 10
485.0
 20
437.0
 10
485.0
 20
441.0
 10
484.5
 20
441.0
 10
484.5
 20
470.0
 10
417.0
 20
470.0
 10
417.0
 20
471.0
 10
492.0
 20
471.0
 97
0
 75
1
 76
1
 98
0
  0
LWPOLYLINE
  5
373
330
17
100
AcDbEntity
  8
A-MURO
100
AcDbPolyline
 90
14
 70
1
 10
492.0
 20
470.0
 10
485.5
 20
470.0
 10
485.5
 20
406.5
 10
361.0
 20
406.5
 10
361.0
 20
407.5
 10
484.5
 20
407.5
 10
484.5
 20
437.0
 10
485.0
 20
437.0
 10
485.0
 20
441.0
 10
484.5
 20
441.0
 10
484.5
 20
470.0
 10
417.0
 20
470.0
 10
417.0
 20
471.0
 10
492.0
 20
471.0
  0
HATCH
  5
374
330
17
100
AcDbEntity
  8
A-MURO
 62
7
420
4605510
100
AcDbHatch
 10
0.0
 20
0.0
 30
0.0
210
0.0
220
0.0
230
1.0
  2
SOLID
 70
1
 71
0
 91
1
 92
3
 72
0
 73
1
 93
10
 10
344.5
 20
406.5
 10
344.5
 20
470.0
 10
260.5
 20
470.0
 10
260.5
 20
471.0
 10
407.0
 20
471.0
 10
407.0
 20
470.0
 10
345.5
 20
470.0
 10
345.5
 20
407.5
 10
351.0
 20
407.5
 10
351.0
 20
406.5
 97
0
 75
1
 76
1
 98
0
  0
LWPOLYLINE
  5
375
330
17
100
AcDbEntity
  8
A-MURO
100
AcDbPolyline
 90
10
 70
1
 10
344.5
 20
406.5
 10
344.5
 20
470.0
 10
260.5
 20
470.0
 10
260.5
 20
471.0
 10
407.0
 20
471.0
 10
407.0
 20
470.0
 10
345.5
 20
470.0
 10
345.5
 20
407.5
 10
351.0
 20
407.5
 10
351.0
 20
406.5
  0
HATCH
  5
376
330
17
100
AcDbEntity
  8
A-MURO
 62
7
420
4605510
100
AcDbHatch
 10
0.0
 20
0.0
 30
0.0
210
0.0
220
0.0
230
1.0
  2
SOLID
 70
1
 71
0
 91
1
 92
3
 72
0
 73
1
 93
8
 10
475.5
 20
682.5
 10
475.5
 20
657.0
 10
474.5
 20
657.0
 10
474.5
 20
681.5
 10
415.5
 20
681.5
 10
415.5
 20
657.0
 10
414.5
 20
657.0
 10
414.5
 20
682.5
 97
0
 75
1
 76
1
 98
0
  0
LWPOLYLINE
  5
377
330
17
100
AcDbEntity
  8
A-MURO
100
AcDbPolyline
 90
8
 70
1
 10
475.5
 20
682.5
 10
475.5
 20
657.0
 10
474.5
 20
657.0
 10
474.5
 20
681.5
 10
415.5
 20
681.5
 10
415.5
 20
657.0
 10
414.5
 20
657.0
 10
414.5
 20
682.5
  0
HATCH
  5
378
330
17
100
AcDbEntity
  8
A-COLUMNA
 62
7
420
0
100
AcDbHatch
 10
0.0
 20
0.0
 30
0.0
210
0.0
220
0.0
230
1.0
  2
SOLID
 70
1
 71
0
 91
1
 92
3
 72
0
 73
1
 93
4
 10
154.0
 20
471.0
 10
156.0
 20
471.0
 10
156.0
 20
473.0
 10
154.0
 20
473.0
 97
0
 75
1
 76
1
 98
0
  0
HATCH
  5
379
330
17
100
AcDbEntity
  8
A-COLUMNA
 62
7
420
0
100
AcDbHatch
 10
0.0
 20
0.0
 30
0.0
210
0.0
220
0.0
230
1.0
  2
SOLID
 70
1
 71
0
 91
1
 92
3
 72
0
 73
1
 93
4
 10
154.0
 20
651.0
 10
156.0
 20
651.0
 10
156.0
 20
653.0
 10
154.0
 20
653.0
 97
0
 75
1
 76
1
 98
0
  0
HATCH
  5
37A
330
17
100
AcDbEntity
  8
A-COLUMNA
 62
7
420
0
100
AcDbHatch
 10
0.0
 20
0.0
 30
0.0
210
0.0
220
0.0
230
1.0
  2
SOLID
 70
1
 71
0
 91
1
 92
3
 72
0
 73
1
 93
4
 10
194.0
 20
471.0
 10
196.0
 20
471.0
 10
196.0
 20
473.0
 10
194.0
 20
473.0
 97
0
 75
1
 76
1
 98
0
  0
HATCH
  5
37B
330
17
100
AcDbEntity
  8
A-COLUMNA
 62
7
420
0
100
AcDbHatch
 10
0.0
 20
0.0
 30
0.0
210
0.0
220
0.0
230
1.0
  2
SOLID
 70
1
 71
0
 91
1
 92
3
 72
0
 73
1
 93
4
 10
194.0
 20
651.0
 10
196.0
 20
651.0
 10
196.0
 20
653.0
 10
194.0
 20
653.0
 97
0
 75
1
 76
1
 98
0
  0
HATCH
  5
37C
330
17
100
AcDbEntity
  8
A-COLUMNA
 62
7
420
0
100
AcDbHatch
 10
0.0
 20
0.0
 30
0.0
210
0.0
220
0.0
230
1.0
  2
SOLID
 70
1
 71
0
 91
1
 92
3
 72
0
 73
1
 93
4
 10
234.0
 20
471.0
 10
236.0
 20
471.0
 10
236.0
 20
473.0
 10
234.0
 20
473.0
 97
0
 75
1
 76
1
 98
0
  0
HATCH
  5
37D
330
17
100
AcDbEntity
  8
A-COLUMNA
 62
7
420
0
100
AcDbHatch
 10
0.0
 20
0.0
 30
0.0
210
0.0
220
0.0
230
1.0
  2
SOLID
 70
1
 71
0
 91
1
 92
3
 72
0
 73
1
 93
4
 10
234.0
 20
651.0
 10
236.0
 20
651.0
 10
236.0
 20
653.0
 10
234.0
 20
653.0
 97
0
 75
1
 76
1
 98
0
  0
HATCH
  5
37E
330
17
100
AcDbEntity
  8
A-COLUMNA
 62
7
420
0
100
AcDbHatch
 10
0.0
 20
0.0
 30
0.0
210
0.0
220
0.0
230
1.0
  2
SOLID
 70
1
 71
0
 91
1
 92
3
 72
0
 73
1
 93
4
 10
274.0
 20
471.0
 10
276.0
 20
471.0
 10
276.0
 20
473.0
 10
274.0
 20
473.0
 97
0
 75
1
 76
1
 98
0
  0
HATCH
  5
37F
330
17
100
AcDbEntity
  8
A-COLUMNA
 62
7
420
0
100
AcDbHatch
 10
0.0
 20
0.0
 30
0.0
210
0.0
220
0.0
230
1.0
  2
SOLID
 70
1
 71
0
 91
1
 92
3
 72
0
 73
1
 93
4
 10
274.0
 20
651.0
 10
276.0
 20
651.0
 10
276.0
 20
653.0
 10
274.0
 20
653.0
 97
0
 75
1
 76
1
 98
0
  0
HATCH
  5
380
330
17
100
AcDbEntity
  8
A-COLUMNA
 62
7
420
0
100
AcDbHatch
 10
0.0
 20
0.0
 30
0.0
210
0.0
220
0.0
230
1.0
  2
SOLID
 70
1
 71
0
 91
1
 92
3
 72
0
 73
1
 93
4
 10
314.0
 20
471.0
 10
316.0
 20
471.0
 10
316.0
 20
473.0
 10
314.0
 20
473.0
 97
0
 75
1
 76
1
 98
0
  0
HATCH
  5
381
330
17
100
AcDbEntity
  8
A-COLUMNA
 62
7
420
0
100
AcDbHatch
 10
0.0
 20
0.0
 30
0.0
210
0.0
220
0.0
230
1.0
  2
SOLID
 70
1
 71
0
 91
1
 92
3
 72
0
 73
1
 93
4
 10
314.0
 20
651.0
 10
316.0
 20
651.0
 10
316.0
 20
653.0
 10
314.0
 20
653.0
 97
0
 75
1
 76
1
 98
0
  0
HATCH
  5
382
330
17
100
AcDbEntity
  8
A-COLUMNA
 62
7
420
0
100
AcDbHatch
 10
0.0
 20
0.0
 30
0.0
210
0.0
220
0.0
230
1.0
  2
SOLID
 70
1
 71
0
 91
1
 92
3
 72
0
 73
1
 93
4
 10
354.0
 20
471.0
 10
356.0
 20
471.0
 10
356.0
 20
473.0
 10
354.0
 20
473.0
 97
0
 75
1
 76
1
 98
0
  0
HATCH
  5
383
330
17
100
AcDbEntity
  8
A-COLUMNA
 62
7
420
0
100
AcDbHatch
 10
0.0
 20
0.0
 30
0.0
210
0.0
220
0.0
230
1.0
  2
SOLID
 70
1
 71
0
 91
1
 92
3
 72
0
 73
1
 93
4
 10
354.0
 20
651.0
 10
356.0
 20
651.0
 10
356.0
 20
653.0
 10
354.0
 20
653.0
 97
0
 75
1
 76
1
 98
0
  0
HATCH
  5
384
330
17
100
AcDbEntity
  8
A-COLUMNA
 62
7
420
0
100
AcDbHatch
 10
0.0
 20
0.0
 30
0.0
210
0.0
220
0.0
230
1.0
  2
SOLID
 70
1
 71
0
 91
1
 92
3
 72
0
 73
1
 93
4
 10
394.0
 20
471.0
 10
396.0
 20
471.0
 10
396.0
 20
473.0
 10
394.0
 20
473.0
 97
0
 75
1
 76
1
 98
0
  0
HATCH
  5
385
330
17
100
AcDbEntity
  8
A-COLUMNA
 62
7
420
0
100
AcDbHatch
 10
0.0
 20
0.0
 30
0.0
210
0.0
220
0.0
230
1.0
  2
SOLID
 70
1
 71
0
 91
1
 92
3
 72
0
 73
1
 93
4
 10
394.0
 20
651.0
 10
396.0
 20
651.0
 10
396.0
 20
653.0
 10
394.0
 20
653.0
 97
0
 75
1
 76
1
 98
0
  0
HATCH
  5
386
330
17
100
AcDbEntity
  8
A-COLUMNA
 62
7
420
0
100
AcDbHatch
 10
0.0
 20
0.0
 30
0.0
210
0.0
220
0.0
230
1.0
  2
SOLID
 70
1
 71
0
 91
1
 92
3
 72
0
 73
1
 93
4
 10
434.0
 20
471.0
 10
436.0
 20
471.0
 10
436.0
 20
473.0
 10
434.0
 20
473.0
 97
0
 75
1
 76
1
 98
0
  0
HATCH
  5
387
330
17
100
AcDbEntity
  8
A-COLUMNA
 62
7
420
0
100
AcDbHatch
 10
0.0
 20
0.0
 30
0.0
210
0.0
220
0.0
230
1.0
  2
SOLID
 70
1
 71
0
 91
1
 92
3
 72
0
 73
1
 93
4
 10
434.0
 20
651.0
 10
436.0
 20
651.0
 10
436.0
 20
653.0
 10
434.0
 20
653.0
 97
0
 75
1
 76
1
 98
0
  0
HATCH
  5
388
330
17
100
AcDbEntity
  8
A-COLUMNA
 62
7
420
0
100
AcDbHatch
 10
0.0
 20
0.0
 30
0.0
210
0.0
220
0.0
230
1.0
  2
SOLID
 70
1
 71
0
 91
1
 92
3
 72
0
 73
1
 93
4
 10
474.0
 20
471.0
 10
476.0
 20
471.0
 10
476.0
 20
473.0
 10
474.0
 20
473.0
 97
0
 75
1
 76
1
 98
0
  0
HATCH
  5
389
330
17
100
AcDbEntity
  8
A-COLUMNA
 62
7
420
0
100
AcDbHatch
 10
0.0
 20
0.0
 30
0.0
210
0.0
220
0.0
230
1.0
  2
SOLID
 70
1
 71
0
 91
1
 92
3
 72
0
 73
1
 93
4
 10
474.0
 20
651.0
 10
476.0
 20
651.0
 10
476.0
 20
653.0
 10
474.0
 20
653.0
 97
0
 75
1
 76
1
 98
0
  0
HATCH
  5
38A
330
17
100
AcDbEntity
  8
A-COLUMNA
 62
7
420
0
100
AcDbHatch
 10
0.0
 20
0.0
 30
0.0
210
0.0
220
0.0
230
1.0
  2
SOLID
 70
1
 71
0
 91
1
 92
3
 72
0
 73
1
 93
4
 10
514.0
 20
471.0
 10
516.0
 20
471.0
 10
516.0
 20
473.0
 10
514.0
 20
473.0
 97
0
 75
1
 76
1
 98
0
  0
HATCH
  5
38B
330
17
100
AcDbEntity
  8
A-COLUMNA
 62
7
420
0
100
AcDbHatch
 10
0.0
 20
0.0
 30
0.0
210
0.0
220
0.0
230
1.0
  2
SOLID
 70
1
 71
0
 91
1
 92
3
 72
0
 73
1
 93
4
 10
514.0
 20
651.0
 10
516.0
 20
651.0
 10
516.0
 20
653.0
 10
514.0
 20
653.0
 97
0
 75
1
 76
1
 98
0
  0
HATCH
  5
38C
330
17
100
AcDbEntity
  8
A-COLUMNA
 62
7
420
0
100
AcDbHatch
 10
0.0
 20
0.0
 30
0.0
210
0.0
220
0.0
230
1.0
  2
SOLID
 70
1
 71
0
 91
1
 92
3
 72
0
 73
1
 93
4
 10
554.0
 20
471.0
 10
556.0
 20
471.0
 10
556.0
 20
473.0
 10
554.0
 20
473.0
 97
0
 75
1
 76
1
 98
0
  0
HATCH
  5
38D
330
17
100
AcDbEntity
  8
A-COLUMNA
 62
7
420
0
100
AcDbHatch
 10
0.0
 20
0.0
 30
0.0
210
0.0
220
0.0
230
1.0
  2
SOLID
 70
1
 71
0
 91
1
 92
3
 72
0
 73
1
 93
4
 10
554.0
 20
651.0
 10
556.0
 20
651.0
 10
556.0
 20
653.0
 10
554.0
 20
653.0
 97
0
 75
1
 76
1
 98
0
  0
HATCH
  5
38E
330
17
100
AcDbEntity
  8
A-COLUMNA
 62
7
420
0
100
AcDbHatch
 10
0.0
 20
0.0
 30
0.0
210
0.0
220
0.0
230
1.0
  2
SOLID
 70
1
 71
0
 91
1
 92
3
 72
0
 73
1
 93
4
 10
594.0
 20
471.0
 10
596.0
 20
471.0
 10
596.0
 20
473.0
 10
594.0
 20
473.0
 97
0
 75
1
 76
1
 98
0
  0
HATCH
  5
38F
330
17
100
AcDbEntity
  8
A-COLUMNA
 62
7
420
0
100
AcDbHatch
 10
0.0
 20
0.0
 30
0.0
210
0.0
220
0.0
230
1.0
  2
SOLID
 70
1
 71
0
 91
1
 92
3
 72
0
 73
1
 93
4
 10
594.0
 20
651.0
 10
596.0
 20
651.0
 10
596.0
 20
653.0
 10
594.0
 20
653.0
 97
0
 75
1
 76
1
 98
0
  0
HATCH
  5
390
330
17
100
AcDbEntity
  8
A-COLUMNA
 62
7
420
0
100
AcDbHatch
 10
0.0
 20
0.0
 30
0.0
210
0.0
220
0.0
230
1.0
  2
SOLID
 70
1
 71
0
 91
1
 92
3
 72
0
 73
1
 93
4
 10
634.0
 20
471.0
 10
636.0
 20
471.0
 10
636.0
 20
473.0
 10
634.0
 20
473.0
 97
0
 75
1
 76
1
 98
0
  0
HATCH
  5
391
330
17
100
AcDbEntity
  8
A-COLUMNA
 62
7
420
0
100
AcDbHatch
 10
0.0
 20
0.0
 30
0.0
210
0.0
220
0.0
230
1.0
  2
SOLID
 70
1
 71
0
 91
1
 92
3
 72
0
 73
1
 93
4
 10
634.0
 20
651.0
 10
636.0
 20
651.0
 10
636.0
 20
653.0
 10
634.0
 20
653.0
 97
0
 75
1
 76
1
 98
0
  0
HATCH
  5
392
330
17
100
AcDbEntity
  8
A-COLUMNA
 62
7
420
0
100
AcDbHatch
 10
0.0
 20
0.0
 30
0.0
210
0.0
220
0.0
230
1.0
  2
SOLID
 70
1
 71
0
 91
1
 92
3
 72
0
 73
1
 93
4
 10
674.0
 20
471.0
 10
676.0
 20
471.0
 10
676.0
 20
473.0
 10
674.0
 20
473.0
 97
0
 75
1
 76
1
 98
0
  0
HATCH
  5
393
330
17
100
AcDbEntity
  8
A-COLUMNA
 62
7
420
0
100
AcDbHatch
 10
0.0
 20
0.0
 30
0.0
210
0.0
220
0.0
230
1.0
  2
SOLID
 70
1
 71
0
 91
1
 92
3
 72
0
 73
1
 93
4
 10
674.0
 20
651.0
 10
676.0
 20
651.0
 10
676.0
 20
653.0
 10
674.0
 20
653.0
 97
0
 75
1
 76
1
 98
0
  0
HATCH
  5
394
330
17
100
AcDbEntity
  8
A-COLUMNA
 62
7
420
0
100
AcDbHatch
 10
0.0
 20
0.0
 30
0.0
210
0.0
220
0.0
230
1.0
  2
SOLID
 70
1
 71
0
 91
1
 92
3
 72
0
 73
1
 93
4
 10
714.0
 20
471.0
 10
716.0
 20
471.0
 10
716.0
 20
473.0
 10
714.0
 20
473.0
 97
0
 75
1
 76
1
 98
0
  0
HATCH
  5
395
330
17
100
AcDbEntity
  8
A-COLUMNA
 62
7
420
0
100
AcDbHatch
 10
0.0
 20
0.0
 30
0.0
210
0.0
220
0.0
230
1.0
  2
SOLID
 70
1
 71
0
 91
1
 92
3
 72
0
 73
1
 93
4
 10
714.0
 20
651.0
 10
716.0
 20
651.0
 10
716.0
 20
653.0
 10
714.0
 20
653.0
 97
0
 75
1
 76
1
 98
0
  0
HATCH
  5
396
330
17
100
AcDbEntity
  8
A-COLUMNA
 62
7
420
0
100
AcDbHatch
 10
0.0
 20
0.0
 30
0.0
210
0.0
220
0.0
230
1.0
  2
SOLID
 70
1
 71
0
 91
1
 92
3
 72
0
 73
1
 93
4
 10
754.0
 20
471.0
 10
756.0
 20
471.0
 10
756.0
 20
473.0
 10
754.0
 20
473.0
 97
0
 75
1
 76
1
 98
0
  0
HATCH
  5
397
330
17
100
AcDbEntity
  8
A-COLUMNA
 62
7
420
0
100
AcDbHatch
 10
0.0
 20
0.0
 30
0.0
210
0.0
220
0.0
230
1.0
  2
SOLID
 70
1
 71
0
 91
1
 92
3
 72
0
 73
1
 93
4
 10
754.0
 20
651.0
 10
756.0
 20
651.0
 10
756.0
 20
653.0
 10
754.0
 20
653.0
 97
0
 75
1
 76
1
 98
0
  0
HATCH
  5
398
330
17
100
AcDbEntity
  8
A-COLUMNA
 62
7
420
0
100
AcDbHatch
 10
0.0
 20
0.0
 30
0.0
210
0.0
220
0.0
230
1.0
  2
SOLID
 70
1
 71
0
 91
1
 92
3
 72
0
 73
1
 93
4
 10
154.25
 20
501.25
 10
155.75
 20
501.25
 10
155.75
 20
502.75
 10
154.25
 20
502.75
 97
0
 75
1
 76
1
 98
0
  0
HATCH
  5
399
330
17
100
AcDbEntity
  8
A-COLUMNA
 62
7
420
0
100
AcDbHatch
 10
0.0
 20
0.0
 30
0.0
210
0.0
220
0.0
230
1.0
  2
SOLID
 70
1
 71
0
 91
1
 92
3
 72
0
 73
1
 93
4
 10
154.25
 20
531.25
 10
155.75
 20
531.25
 10
155.75
 20
532.75
 10
154.25
 20
532.75
 97
0
 75
1
 76
1
 98
0
  0
HATCH
  5
39A
330
17
100
AcDbEntity
  8
A-COLUMNA
 62
7
420
0
100
AcDbHatch
 10
0.0
 20
0.0
 30
0.0
210
0.0
220
0.0
230
1.0
  2
SOLID
 70
1
 71
0
 91
1
 92
3
 72
0
 73
1
 93
4
 10
154.25
 20
561.25
 10
155.75
 20
561.25
 10
155.75
 20
562.75
 10
154.25
 20
562.75
 97
0
 75
1
 76
1
 98
0
  0
HATCH
  5
39B
330
17
100
AcDbEntity
  8
A-COLUMNA
 62
7
420
0
100
AcDbHatch
 10
0.0
 20
0.0
 30
0.0
210
0.0
220
0.0
230
1.0
  2
SOLID
 70
1
 71
0
 91
1
 92
3
 72
0
 73
1
 93
4
 10
154.25
 20
591.25
 10
155.75
 20
591.25
 10
155.75
 20
592.75
 10
154.25
 20
592.75
 97
0
 75
1
 76
1
 98
0
  0
HATCH
  5
39C
330
17
100
AcDbEntity
  8
A-COLUMNA
 62
7
420
0
100
AcDbHatch
 10
0.0
 20
0.0
 30
0.0
210
0.0
220
0.0
230
1.0
  2
SOLID
 70
1
 71
0
 91
1
 92
3
 72
0
 73
1
 93
4
 10
154.25
 20
621.25
 10
155.75
 20
621.25
 10
155.75
 20
622.75
 10
154.25
 20
622.75
 97
0
 75
1
 76
1
 98
0
  0
HATCH
  5
39D
330
17
100
AcDbEntity
  8
A-COLUMNA
 62
7
420
0
100
AcDbHatch
 10
0.0
 20
0.0
 30
0.0
210
0.0
220
0.0
230
1.0
  2
SOLID
 70
1
 71
0
 91
1
 92
3
 72
0
 73
1
 93
4
 10
754.25
 20
501.25
 10
755.75
 20
501.25
 10
755.75
 20
502.75
 10
754.25
 20
502.75
 97
0
 75
1
 76
1
 98
0
  0
HATCH
  5
39E
330
17
100
AcDbEntity
  8
A-COLUMNA
 62
7
420
0
100
AcDbHatch
 10
0.0
 20
0.0
 30
0.0
210
0.0
220
0.0
230
1.0
  2
SOLID
 70
1
 71
0
 91
1
 92
3
 72
0
 73
1
 93
4
 10
754.25
 20
531.25
 10
755.75
 20
531.25
 10
755.75
 20
532.75
 10
754.25
 20
532.75
 97
0
 75
1
 76
1
 98
0
  0
HATCH
  5
39F
330
17
100
AcDbEntity
  8
A-COLUMNA
 62
7
420
0
100
AcDbHatch
 10
0.0
 20
0.0
 30
0.0
210
0.0
220
0.0
230
1.0
  2
SOLID
 70
1
 71
0
 91
1
 92
3
 72
0
 73
1
 93
4
 10
754.25
 20
561.25
 10
755.75
 20
561.25
 10
755.75
 20
562.75
 10
754.25
 20
562.75
 97
0
 75
1
 76
1
 98
0
  0
HATCH
  5
3A0
330
17
100
AcDbEntity
  8
A-COLUMNA
 62
7
420
0
100
AcDbHatch
 10
0.0
 20
0.0
 30
0.0
210
0.0
220
0.0
230
1.0
  2
SOLID
 70
1
 71
0
 91
1
 92
3
 72
0
 73
1
 93
4
 10
754.25
 20
591.25
 10
755.75
 20
591.25
 10
755.75
 20
592.75
 10
754.25
 20
592.75
 97
0
 75
1
 76
1
 98
0
  0
HATCH
  5
3A1
330
17
100
AcDbEntity
  8
A-COLUMNA
 62
7
420
0
100
AcDbHatch
 10
0.0
 20
0.0
 30
0.0
210
0.0
220
0.0
230
1.0
  2
SOLID
 70
1
 71
0
 91
1
 92
3
 72
0
 73
1
 93
4
 10
754.25
 20
621.25
 10
755.75
 20
621.25
 10
755.75
 20
622.75
 10
754.25
 20
622.75
 97
0
 75
1
 76
1
 98
0
  0
LINE
  5
3A2
330
17
100
AcDbEntity
  8
A-ABERTURA
100
AcDbLine
 10
175.0
 20
653.5
 30
0.0
 11
200.0
 21
653.5
 31
0.0
  0
LINE
  5
3A3
330
17
100
AcDbEntity
  8
A-ABERTURA
100
AcDbLine
 10
175.0
 20
656.5
 30
0.0
 11
200.0
 21
656.5
 31
0.0
  0
TEXT
  5
3A4
330
17
100
AcDbEntity
  8
A-TEXTO
100
AcDbText
 10
187.5
 20
660.0
 30
0.0
 40
1.6
  1
P1
  7
ISO3098
 72
1
 11
187.5
 21
660.0
 31
0.0
100
AcDbText
 73
2
  0
LINE
  5
3A5
330
17
100
AcDbEntity
  8
A-ABERTURA
100
AcDbLine
 10
219.5
 20
653.5
 30
0.0
 11
235.5
 21
653.5
 31
0.0
  0
LINE
  5
3A6
330
17
100
AcDbEntity
  8
A-ABERTURA
100
AcDbLine
 10
219.5
 20
656.5
 30
0.0
 11
235.5
 21
656.5
 31
0.0
  0
TEXT
  5
3A7
330
17
100
AcDbEntity
  8
A-TEXTO
100
AcDbText
 10
227.5
 20
660.0
 30
0.0
 40
1.6
  1
P1b
  7
ISO3098
 72
1
 11
227.5
 21
660.0
 31
0.0
100
AcDbText
 73
2
  0
LINE
  5
3A8
330
17
100
AcDbEntity
  8
A-ABERTURA
100
AcDbLine
 10
153.5
 20
544.0
 30
0.0
 11
153.5
 21
562.0
 31
0.0
  0
LINE
  5
3A9
330
17
100
AcDbEntity
  8
A-ABERTURA
100
AcDbLine
 10
150.5
 20
544.0
 30
0.0
 11
150.5
 21
562.0
 31
0.0
  0
TEXT
  5
3AA
330
17
100
AcDbEntity
  8
A-TEXTO
100
AcDbText
 10
142.5
 20
553.0
 30
0.0
 40
1.6
  1
P2
  7
ISO3098
 72
1
 11
142.5
 21
553.0
 31
0.0
100
AcDbText
 73
2
  0
LINE
  5
3AB
330
17
100
AcDbEntity
  8
A-ABERTURA
100
AcDbLine
 10
294.5
 20
653.5
 30
0.0
 11
308.0
 21
653.5
 31
0.0
  0
LINE
  5
3AC
330
17
100
AcDbEntity
  8
A-ABERTURA
100
AcDbLine
 10
294.5
 20
656.5
 30
0.0
 11
308.0
 21
656.5
 31
0.0
  0
TEXT
  5
3AD
330
17
100
AcDbEntity
  8
A-TEXTO
100
AcDbText
 10
301.25
 20
660.0
 30
0.0
 40
1.6
  1
P2b
  7
ISO3098
 72
1
 11
301.25
 21
660.0
 31
0.0
100
AcDbText
 73
2
  0
LINE
  5
3AE
330
17
100
AcDbEntity
  8
A-ABERTURA
100
AcDbLine
 10
153.5
 20
492.0
 30
0.0
 11
153.5
 21
512.0
 31
0.0
  0
LINE
  5
3AF
330
17
100
AcDbEntity
  8
A-ABERTURA
100
AcDbLine
 10
150.5
 20
492.0
 30
0.0
 11
150.5
 21
512.0
 31
0.0
  0
TEXT
  5
3B0
330
17
100
AcDbEntity
  8
A-TEXTO
100
AcDbText
 10
142.5
 20
502.0
 30
0.0
 40
1.6
  1
P6
  7
ISO3098
 72
1
 11
142.5
 21
502.0
 31
0.0
100
AcDbText
 73
2
  0
LINE
  5
3B1
330
17
100
AcDbEntity
  8
A-ABERTURA
100
AcDbLine
 10
153.5
 20
523.0
 30
0.0
 11
153.5
 21
539.0
 31
0.0
  0
LINE
  5
3B2
330
17
100
AcDbEntity
  8
A-ABERTURA
100
AcDbLine
 10
150.5
 20
523.0
 30
0.0
 11
150.5
 21
539.0
 31
0.0
  0
TEXT
  5
3B3
330
17
100
AcDbEntity
  8
A-TEXTO
100
AcDbText
 10
142.5
 20
531.0
 30
0.0
 40
1.6
  1
P7
  7
ISO3098
 72
1
 11
142.5
 21
531.0
 31
0.0
100
AcDbText
 73
2
  0
LINE
  5
3B4
330
17
100
AcDbEntity
  8
A-ABERTURA
100
AcDbLine
 10
529.0
 20
653.5
 30
0.0
 11
544.0
 21
653.5
 31
0.0
  0
LINE
  5
3B5
330
17
100
AcDbEntity
  8
A-ABERTURA
100
AcDbLine
 10
529.0
 20
656.5
 30
0.0
 11
544.0
 21
656.5
 31
0.0
  0
TEXT
  5
3B6
330
17
100
AcDbEntity
  8
A-TEXTO
100
AcDbText
 10
536.5
 20
660.0
 30
0.0
 40
1.6
  1
P3
  7
ISO3098
 72
1
 11
536.5
 21
660.0
 31
0.0
100
AcDbText
 73
2
  0
LINE
  5
3B7
330
17
100
AcDbEntity
  8
A-ABERTURA
100
AcDbLine
 10
590.0
 20
653.5
 30
0.0
 11
610.0
 21
653.5
 31
0.0
  0
LINE
  5
3B8
330
17
100
AcDbEntity
  8
A-ABERTURA
100
AcDbLine
 10
590.0
 20
656.5
 30
0.0
 11
610.0
 21
656.5
 31
0.0
  0
TEXT
  5
3B9
330
17
100
AcDbEntity
  8
A-TEXTO
100
AcDbText
 10
600.0
 20
660.0
 30
0.0
 40
1.6
  1
P4
  7
ISO3098
 72
1
 11
600.0
 21
660.0
 31
0.0
100
AcDbText
 73
2
  0
LINE
  5
3BA
330
17
100
AcDbEntity
  8
A-ABERTURA
100
AcDbLine
 10
635.0
 20
653.5
 30
0.0
 11
655.0
 21
653.5
 31
0.0
  0
LINE
  5
3BB
330
17
100
AcDbEntity
  8
A-ABERTURA
100
AcDbLine
 10
635.0
 20
656.5
 30
0.0
 11
655.0
 21
656.5
 31
0.0
  0
TEXT
  5
3BC
330
17
100
AcDbEntity
  8
A-TEXTO
100
AcDbText
 10
645.0
 20
660.0
 30
0.0
 40
1.6
  1
P5
  7
ISO3098
 72
1
 11
645.0
 21
660.0
 31
0.0
100
AcDbText
 73
2
  0
LINE
  5
3BD
330
17
100
AcDbEntity
  8
A-ABERTURA
100
AcDbLine
 10
756.5
 20
515.0
 30
0.0
 11
756.5
 21
531.0
 31
0.0
  0
LINE
  5
3BE
330
17
100
AcDbEntity
  8
A-ABERTURA
100
AcDbLine
 10
759.4999999999999
 20
515.0
 30
0.0
 11
759.4999999999999
 21
531.0
 31
0.0
  0
TEXT
  5
3BF
330
17
100
AcDbEntity
  8
A-TEXTO
100
AcDbText
 10
767.5
 20
523.0
 30
0.0
 40
1.6
  1
P8
  7
ISO3098
 72
1
 11
767.5
 21
523.0
 31
0.0
100
AcDbText
 73
2
  0
LINE
  5
3C0
330
17
100
AcDbEntity
  8
A-ABERTURA
100
AcDbLine
 10
756.5
 20
489.0
 30
0.0
 11
756.5
 21
509.0
 31
0.0
  0
LINE
  5
3C1
330
17
100
AcDbEntity
  8
A-ABERTURA
100
AcDbLine
 10
759.4999999999999
 20
489.0
 30
0.0
 11
759.4999999999999
 21
509.0
 31
0.0
  0
TEXT
  5
3C2
330
17
100
AcDbEntity
  8
A-TEXTO
100
AcDbText
 10
767.5
 20
499.0
 30
0.0
 40
1.6
  1
P9
  7
ISO3098
 72
1
 11
767.5
 21
499.0
 31
0.0
100
AcDbText
 73
2
  0
LINE
  5
3C3
330
17
100
AcDbEntity
  8
A-ABERTURA
100
AcDbLine
 10
756.5
 20
607.0
 30
0.0
 11
756.5
 21
622.0
 31
0.0
  0
LINE
  5
3C4
330
17
100
AcDbEntity
  8
A-ABERTURA
100
AcDbLine
 10
759.4999999999999
 20
607.0
 30
0.0
 11
759.4999999999999
 21
622.0
 31
0.0
  0
LWPOLYLINE
  5
3C5
330
17
100
AcDbEntity
  8
A-ABERTURA
100
AcDbPolyline
 90
4
 70
1
 10
740.0
 20
609.0
 10
754.0
 20
609.0
 10
754.0
 20
620.0
 10
740.0
 20
620.0
  0
LWPOLYLINE
  5
3C6
330
17
100
AcDbEntity
  8
A-ABERTURA
100
AcDbPolyline
 90
4
 70
1
 10
756.0
 20
605.5
 10
759.0
 20
605.5
 10
759.0
 20
623.5
 10
756.0
 20
623.5
  0
TEXT
  5
3C7
330
17
100
AcDbEntity
  8
A-TEXTO
100
AcDbText
 10
767.5
 20
614.5
 30
0.0
 40
1.6
  1
M1
  7
ISO3098
 72
1
 11
767.5
 21
614.5
 31
0.0
100
AcDbText
 73
2
  0
LINE
  5
3C8
330
17
100
AcDbEntity
  8
A-ABERTURA
100
AcDbLine
 10
756.5
 20
572.0
 30
0.0
 11
756.5
 21
587.0
 31
0.0
  0
LINE
  5
3C9
330
17
100
AcDbEntity
  8
A-ABERTURA
100
AcDbLine
 10
759.4999999999999
 20
572.0
 30
0.0
 11
759.4999999999999
 21
587.0
 31
0.0
  0
LWPOLYLINE
  5
3CA
330
17
100
AcDbEntity
  8
A-ABERTURA
100
AcDbPolyline
 90
4
 70
1
 10
740.0
 20
574.0
 10
754.0
 20
574.0
 10
754.0
 20
585.0
 10
740.0
 20
585.0
  0
LWPOLYLINE
  5
3CB
330
17
100
AcDbEntity
  8
A-ABERTURA
100
AcDbPolyline
 90
4
 70
1
 10
756.0
 20
570.5
 10
759.0
 20
570.5
 10
759.0
 20
588.5
 10
756.0
 20
588.5
  0
TEXT
  5
3CC
330
17
100
AcDbEntity
  8
A-TEXTO
100
AcDbText
 10
767.5
 20
579.5
 30
0.0
 40
1.6
  1
M2
  7
ISO3098
 72
1
 11
767.5
 21
579.5
 31
0.0
100
AcDbText
 73
2
  0
LINE
  5
3CD
330
17
100
AcDbEntity
  8
A-ABERTURA
100
AcDbLine
 10
756.5
 20
537.0
 30
0.0
 11
756.5
 21
552.0
 31
0.0
  0
LINE
  5
3CE
330
17
100
AcDbEntity
  8
A-ABERTURA
100
AcDbLine
 10
759.4999999999999
 20
537.0
 30
0.0
 11
759.4999999999999
 21
552.0
 31
0.0
  0
LWPOLYLINE
  5
3CF
330
17
100
AcDbEntity
  8
A-ABERTURA
100
AcDbPolyline
 90
4
 70
1
 10
740.0
 20
539.0
 10
754.0
 20
539.0
 10
754.0
 20
550.0
 10
740.0
 20
550.0
  0
LWPOLYLINE
  5
3D0
330
17
100
AcDbEntity
  8
A-ABERTURA
100
AcDbPolyline
 90
4
 70
1
 10
756.0
 20
535.5
 10
759.0
 20
535.5
 10
759.0
 20
553.5
 10
756.0
 20
553.5
  0
TEXT
  5
3D1
330
17
100
AcDbEntity
  8
A-TEXTO
100
AcDbText
 10
767.5
 20
544.5
 30
0.0
 40
1.6
  1
M3
  7
ISO3098
 72
1
 11
767.5
 21
544.5
 31
0.0
100
AcDbText
 73
2
  0
LINE
  5
3D2
330
17
100
AcDbEntity
  8
A-ABERTURA
100
AcDbLine
 10
153.5
 20
574.5
 30
0.0
 11
148.0
 21
574.5
 31
0.0
  0
ARC
  5
3D3
330
17
100
AcDbEntity
  8
A-ABERTURA
100
AcDbCircle
 10
153.5
 20
574.5
 30
0.0
 40
5.500000000000007
100
AcDbArc
 50
90.0
 51
180.0
  0
TEXT
  5
3D4
330
17
100
AcDbEntity
  8
S-ESCAPE
100
AcDbText
 10
142.0
 20
577.25
 30
0.0
 40
1.6
  1
SE-1
  7
ISO3098
 72
1
 11
142.0
 21
577.25
 31
0.0
100
AcDbText
 73
2
  0
LINE
  5
3D5
330
17
100
AcDbEntity
  8
A-ABERTURA
100
AcDbLine
 10
265.0
 20
653.5
 30
0.0
 11
265.0
 21
659.0
 31
0.0
  0
ARC
  5
3D6
330
17
100
AcDbEntity
  8
A-ABERTURA
100
AcDbCircle
 10
265.0
 20
653.5
 30
0.0
 40
5.500000000000007
100
AcDbArc
 50
0.0
 51
90.0
  0
TEXT
  5
3D7
330
17
100
AcDbEntity
  8
S-ESCAPE
100
AcDbText
 10
267.75
 20
663.5
 30
0.0
 40
1.6
  1
SE-2
  7
ISO3098
 72
1
 11
267.75
 21
663.5
 31
0.0
100
AcDbText
 73
2
  0
LINE
  5
3D8
330
17
100
AcDbEntity
  8
A-ABERTURA
100
AcDbLine
 10
385.0
 20
653.5
 30
0.0
 11
385.0
 21
659.0
 31
0.0
  0
ARC
  5
3D9
330
17
100
AcDbEntity
  8
A-ABERTURA
100
AcDbCircle
 10
385.0
 20
653.5
 30
0.0
 40
5.500000000000007
100
AcDbArc
 50
0.0
 51
90.0
  0
TEXT
  5
3DA
330
17
100
AcDbEntity
  8
S-ESCAPE
100
AcDbText
 10
387.75
 20
663.5
 30
0.0
 40
1.6
  1
SE-3
  7
ISO3098
 72
1
 11
387.75
 21
663.5
 31
0.0
100
AcDbText
 73
2
  0
LINE
  5
3DB
330
17
100
AcDbEntity
  8
A-ABERTURA
100
AcDbLine
 10
465.0
 20
653.5
 30
0.0
 11
465.0
 21
659.0
 31
0.0
  0
ARC
  5
3DC
330
17
100
AcDbEntity
  8
A-ABERTURA
100
AcDbCircle
 10
465.0
 20
653.5
 30
0.0
 40
5.500000000000007
100
AcDbArc
 50
0.0
 51
90.0
  0
TEXT
  5
3DD
330
17
100
AcDbEntity
  8
S-ESCAPE
100
AcDbText
 10
467.75
 20
663.5
 30
0.0
 40
1.6
  1
SE-4
  7
ISO3098
 72
1
 11
467.75
 21
663.5
 31
0.0
100
AcDbText
 73
2
  0
LINE
  5
3DE
330
17
100
AcDbEntity
  8
A-ABERTURA
100
AcDbLine
 10
560.0
 20
653.5
 30
0.0
 11
560.0
 21
659.0
 31
0.0
  0
ARC
  5
3DF
330
17
100
AcDbEntity
  8
A-ABERTURA
100
AcDbCircle
 10
560.0
 20
653.5
 30
0.0
 40
5.499999999999972
100
AcDbArc
 50
0.0
 51
90.0
  0
TEXT
  5
3E0
330
17
100
AcDbEntity
  8
S-ESCAPE
100
AcDbText
 10
562.75
 20
663.4999999999999
 30
0.0
 40
1.6
  1
SE-5
  7
ISO3098
 72
1
 11
562.75
 21
663.4999999999999
 31
0.0
100
AcDbText
 73
2
  0
LINE
  5
3E1
330
17
100
AcDbEntity
  8
A-ABERTURA
100
AcDbLine
 10
705.0
 20
653.5
 30
0.0
 11
705.0
 21
659.0
 31
0.0
  0
ARC
  5
3E2
330
17
100
AcDbEntity
  8
A-ABERTURA
100
AcDbCircle
 10
705.0
 20
653.5
 30
0.0
 40
5.499999999999972
100
AcDbArc
 50
0.0
 51
90.0
  0
TEXT
  5
3E3
330
17
100
AcDbEntity
  8
S-ESCAPE
100
AcDbText
 10
707.75
 20
663.4999999999999
 30
0.0
 40
1.6
  1
SE-6
  7
ISO3098
 72
1
 11
707.75
 21
663.4999999999999
 31
0.0
100
AcDbText
 73
2
  0
LINE
  5
3E4
330
17
100
AcDbEntity
  8
A-ABERTURA
100
AcDbLine
 10
255.0
 20
470.5
 30
0.0
 11
255.0
 21
465.0
 31
0.0
  0
ARC
  5
3E5
330
17
100
AcDbEntity
  8
A-ABERTURA
100
AcDbCircle
 10
255.0
 20
470.5
 30
0.0
 40
5.500000000000007
100
AcDbArc
 50
270.0
 51
360.0
  0
TEXT
  5
3E6
330
17
100
AcDbEntity
  8
S-ESCAPE
100
AcDbText
 10
257.75
 20
460.5
 30
0.0
 40
1.6
  1
SE-7
  7
ISO3098
 72
1
 11
257.75
 21
460.5
 31
0.0
100
AcDbText
 73
2
  0
LINE
  5
3E7
330
17
100
AcDbEntity
  8
A-ABERTURA
100
AcDbLine
 10
492.0
 20
470.5
 30
0.0
 11
492.0
 21
465.00000000000006
 31
0.0
  0
ARC
  5
3E8
330
17
100
AcDbEntity
  8
A-ABERTURA
100
AcDbCircle
 10
492.0
 20
470.5
 30
0.0
 40
5.499999999999972
100
AcDbArc
 50
270.0
 51
360.0
  0
TEXT
  5
3E9
330
17
100
AcDbEntity
  8
S-ESCAPE
100
AcDbText
 10
494.75
 20
460.5
 30
0.0
 40
1.6
  1
SE-8
  7
ISO3098
 72
1
 11
494.75
 21
460.5
 31
0.0
100
AcDbText
 73
2
  0
LINE
  5
3EA
330
17
100
AcDbEntity
  8
A-ABERTURA
100
AcDbLine
 10
660.0
 20
470.5
 30
0.0
 11
660.0
 21
465.00000000000006
 31
0.0
  0
ARC
  5
3EB
330
17
100
AcDbEntity
  8
A-ABERTURA
100
AcDbCircle
 10
660.0
 20
470.5
 30
0.0
 40
5.499999999999972
100
AcDbArc
 50
270.0
 51
360.0
  0
TEXT
  5
3EC
330
17
100
AcDbEntity
  8
S-ESCAPE
100
AcDbText
 10
662.75
 20
460.5
 30
0.0
 40
1.6
  1
SE-9
  7
ISO3098
 72
1
 11
662.75
 21
460.5
 31
0.0
100
AcDbText
 73
2
  0
LINE
  5
3ED
330
17
100
AcDbEntity
  8
A-ABERTURA
100
AcDbLine
 10
756.5
 20
637.0
 30
0.0
 11
762.0
 21
637.0
 31
0.0
  0
ARC
  5
3EE
330
17
100
AcDbEntity
  8
A-ABERTURA
100
AcDbCircle
 10
756.5
 20
637.0
 30
0.0
 40
5.500000000000007
100
AcDbArc
 50
0.0
 51
90.0
  0
TEXT
  5
3EF
330
17
100
AcDbEntity
  8
S-ESCAPE
100
AcDbText
 10
768.0
 20
639.75
 30
0.0
 40
1.6
  1
SE-10
  7
ISO3098
 72
1
 11
768.0
 21
639.75
 31
0.0
100
AcDbText
 73
2
  0
LINE
  5
3F0
330
17
100
AcDbEntity
  8
A-ABERTURA
100
AcDbLine
 10
407.0
 20
470.5
 30
0.0
 11
407.0
 21
460.5
 31
0.0
  0
ARC
  5
3F1
330
17
100
AcDbEntity
  8
A-ABERTURA
100
AcDbCircle
 10
407.0
 20
470.5
 30
0.0
 40
10.0
100
AcDbArc
 50
270.0
 51
360.0
  0
TEXT
  5
3F2
330
17
100
AcDbEntity
  8
A-TEXTO
100
AcDbText
 10
412.0
 20
464.0
 30
0.0
 40
1.6
  1
PP-1
  7
ISO3098
 72
1
 11
412.0
 21
464.0
 31
0.0
100
AcDbText
 73
2
  0
LINE
  5
3F3
330
17
100
AcDbEntity
  8
A-ABERTURA
100
AcDbLine
 10
510.0
 20
470.5
 30
0.0
 11
510.0
 21
464.5
 31
0.0
  0
ARC
  5
3F4
330
17
100
AcDbEntity
  8
A-ABERTURA
100
AcDbCircle
 10
510.0
 20
470.5
 30
0.0
 40
6.000000000000014
100
AcDbArc
 50
270.0
 51
360.0
  0
TEXT
  5
3F5
330
17
100
AcDbEntity
  8
A-TEXTO
100
AcDbText
 10
513.0
 20
464.0
 30
0.0
 40
1.6
  1
PP-3
  7
ISO3098
 72
1
 11
513.0
 21
464.0
 31
0.0
100
AcDbText
 73
2
  0
LINE
  5
3F6
330
17
100
AcDbEntity
  8
A-ABERTURA
100
AcDbLine
 10
351.0
 20
407.0
 30
0.0
 11
351.0
 21
397.0
 31
0.0
  0
ARC
  5
3F7
330
17
100
AcDbEntity
  8
A-ABERTURA
100
AcDbCircle
 10
351.0
 20
407.0
 30
0.0
 40
10.0
100
AcDbArc
 50
270.0
 51
360.0
  0
TEXT
  5
3F8
330
17
100
AcDbEntity
  8
A-TEXTO
100
AcDbText
 10
356.0
 20
400.0
 30
0.0
 40
1.4400000000000002
  1
SV-1
  7
ISO3098
 72
1
 11
356.0
 21
400.0
 31
0.0
100
AcDbText
 73
2
  0
LINE
  5
3F9
330
17
100
AcDbEntity
  8
A-ABERTURA
100
AcDbLine
 10
484.0
 20
439.0
 30
0.0
 11
484.0
 21
438.0
 31
0.0
  0
ARC
  5
3FA
330
17
100
AcDbEntity
  8
A-ABERTURA
100
AcDbCircle
 10
484.0
 20
439.0
 30
0.0
 40
1.0000000000000142
100
AcDbArc
 50
270.0
 51
360.0
  0
TEXT
  5
3FB
330
17
100
AcDbEntity
  8
A-TEXTO
100
AcDbText
 10
484.5
 20
432.0
 30
0.0
 40
1.4400000000000002
  1
SV-2
  7
ISO3098
 72
1
 11
484.5
 21
432.0
 31
0.0
100
AcDbText
 73
2
  0
LINE
  5
3FC
330
17
100
AcDbEntity
  8
A-ABERTURA
100
AcDbLine
 10
645.0
 20
392.0
 30
0.0
 11
645.0
 21
412.0
 31
0.0
  0
TEXT
  5
3FD
330
17
100
AcDbEntity
  8
A-TEXTO
100
AcDbText
 10
653.0
 20
402.0
 30
0.0
 40
1.4400000000000002
  1
RC-1
  7
ISO3098
 72
1
 11
653.0
 21
402.0
 31
0.0
100
AcDbText
 73
2
  0
LINE
  5
3FE
330
17
100
AcDbEntity
  8
A-ABERTURA
100
AcDbLine
 10
645.0
 20
447.0
 30
0.0
 11
645.0
 21
467.0
 31
0.0
  0
TEXT
  5
3FF
330
17
100
AcDbEntity
  8
A-TEXTO
100
AcDbText
 10
653.0
 20
457.0
 30
0.0
 40
1.4400000000000002
  1
RC-2
  7
ISO3098
 72
1
 11
653.0
 21
457.0
 31
0.0
100
AcDbText
 73
2
  0
LINE
  5
400
330
17
100
AcDbEntity
  8
A-ABERTURA
100
AcDbLine
 10
615.0
 20
387.0
 30
0.0
 11
615.0
 21
377.0
 31
0.0
  0
ARC
  5
401
330
17
100
AcDbEntity
  8
A-ABERTURA
100
AcDbCircle
 10
615.0
 20
387.0
 30
0.0
 40
10.0
100
AcDbArc
 50
270.0
 51
360.0
  0
TEXT
  5
402
330
17
100
AcDbEntity
  8
A-TEXTO
100
AcDbText
 10
620.0
 20
380.0
 30
0.0
 40
1.4400000000000002
  1
RC-3
  7
ISO3098
 72
1
 11
620.0
 21
380.0
 31
0.0
100
AcDbText
 73
2
  0
LINE
  5
403
330
17
100
AcDbEntity
  8
A-ABERTURA
100
AcDbLine
 10
505.0
 20
425.0
 30
0.0
 11
511.0
 21
425.0
 31
0.0
  0
ARC
  5
404
330
17
100
AcDbEntity
  8
A-ABERTURA
100
AcDbCircle
 10
505.0
 20
425.0
 30
0.0
 40
6.000000000000005
100
AcDbArc
 50
0.0
 51
90.0
  0
TEXT
  5
405
330
17
100
AcDbEntity
  8
A-TEXTO
100
AcDbText
 10
513.0
 20
428.0
 30
0.0
 40
1.4400000000000002
  1
RC-4
  7
ISO3098
 72
1
 11
513.0
 21
428.0
 31
0.0
100
AcDbText
 73
2
  0
LINE
  5
406
330
17
100
AcDbEntity
  8
A-EJE
100
AcDbLine
 10
155.0
 20
654.0
 30
0.0
 11
155.0
 21
660.0
 31
0.0
  0
CIRCLE
  5
407
330
17
100
AcDbEntity
  8
A-EJE
100
AcDbCircle
 10
155.0
 20
662.6
 30
0.0
 40
2.6
  0
TEXT
  5
408
330
17
100
AcDbEntity
  8
A-TEXTO
100
AcDbText
 10
155.0
 20
662.6
 30
0.0
 40
2.3400000000000003
  1
1
  7
ISO3098
 72
1
 11
155.0
 21
662.6
 31
0.0
100
AcDbText
 73
2
  0
LINE
  5
409
330
17
100
AcDbEntity
  8
A-EJE
100
AcDbLine
 10
195.0
 20
654.0
 30
0.0
 11
195.0
 21
660.0
 31
0.0
  0
CIRCLE
  5
40A
330
17
100
AcDbEntity
  8
A-EJE
100
AcDbCircle
 10
195.0
 20
662.6
 30
0.0
 40
2.6
  0
TEXT
  5
40B
330
17
100
AcDbEntity
  8
A-TEXTO
100
AcDbText
 10
195.0
 20
662.6
 30
0.0
 40
2.3400000000000003
  1
2
  7
ISO3098
 72
1
 11
195.0
 21
662.6
 31
0.0
100
AcDbText
 73
2
  0
LINE
  5
40C
330
17
100
AcDbEntity
  8
A-EJE
100
AcDbLine
 10
235.0
 20
654.0
 30
0.0
 11
235.0
 21
660.0
 31
0.0
  0
CIRCLE
  5
40D
330
17
100
AcDbEntity
  8
A-EJE
100
AcDbCircle
 10
235.0
 20
662.6
 30
0.0
 40
2.6
  0
TEXT
  5
40E
330
17
100
AcDbEntity
  8
A-TEXTO
100
AcDbText
 10
235.0
 20
662.6
 30
0.0
 40
2.3400000000000003
  1
3
  7
ISO3098
 72
1
 11
235.0
 21
662.6
 31
0.0
100
AcDbText
 73
2
  0
LINE
  5
40F
330
17
100
AcDbEntity
  8
A-EJE
100
AcDbLine
 10
275.0
 20
654.0
 30
0.0
 11
275.0
 21
660.0
 31
0.0
  0
CIRCLE
  5
410
330
17
100
AcDbEntity
  8
A-EJE
100
AcDbCircle
 10
275.0
 20
662.6
 30
0.0
 40
2.6
  0
TEXT
  5
411
330
17
100
AcDbEntity
  8
A-TEXTO
100
AcDbText
 10
275.0
 20
662.6
 30
0.0
 40
2.3400000000000003
  1
4
  7
ISO3098
 72
1
 11
275.0
 21
662.6
 31
0.0
100
AcDbText
 73
2
  0
LINE
  5
412
330
17
100
AcDbEntity
  8
A-EJE
100
AcDbLine
 10
315.0
 20
654.0
 30
0.0
 11
315.0
 21
660.0
 31
0.0
  0
CIRCLE
  5
413
330
17
100
AcDbEntity
  8
A-EJE
100
AcDbCircle
 10
315.0
 20
662.6
 30
0.0
 40
2.6
  0
TEXT
  5
414
330
17
100
AcDbEntity
  8
A-TEXTO
100
AcDbText
 10
315.0
 20
662.6
 30
0.0
 40
2.3400000000000003
  1
5
  7
ISO3098
 72
1
 11
315.0
 21
662.6
 31
0.0
100
AcDbText
 73
2
  0
LINE
  5
415
330
17
100
AcDbEntity
  8
A-EJE
100
AcDbLine
 10
355.0
 20
654.0
 30
0.0
 11
355.0
 21
660.0
 31
0.0
  0
CIRCLE
  5
416
330
17
100
AcDbEntity
  8
A-EJE
100
AcDbCircle
 10
355.0
 20
662.6
 30
0.0
 40
2.6
  0
TEXT
  5
417
330
17
100
AcDbEntity
  8
A-TEXTO
100
AcDbText
 10
355.0
 20
662.6
 30
0.0
 40
2.3400000000000003
  1
6
  7
ISO3098
 72
1
 11
355.0
 21
662.6
 31
0.0
100
AcDbText
 73
2
  0
LINE
  5
418
330
17
100
AcDbEntity
  8
A-EJE
100
AcDbLine
 10
395.0
 20
654.0
 30
0.0
 11
395.0
 21
660.0
 31
0.0
  0
CIRCLE
  5
419
330
17
100
AcDbEntity
  8
A-EJE
100
AcDbCircle
 10
395.0
 20
662.6
 30
0.0
 40
2.6
  0
TEXT
  5
41A
330
17
100
AcDbEntity
  8
A-TEXTO
100
AcDbText
 10
395.0
 20
662.6
 30
0.0
 40
2.3400000000000003
  1
7
  7
ISO3098
 72
1
 11
395.0
 21
662.6
 31
0.0
100
AcDbText
 73
2
  0
LINE
  5
41B
330
17
100
AcDbEntity
  8
A-EJE
100
AcDbLine
 10
435.0
 20
654.0
 30
0.0
 11
435.0
 21
660.0
 31
0.0
  0
CIRCLE
  5
41C
330
17
100
AcDbEntity
  8
A-EJE
100
AcDbCircle
 10
435.0
 20
662.6
 30
0.0
 40
2.6
  0
TEXT
  5
41D
330
17
100
AcDbEntity
  8
A-TEXTO
100
AcDbText
 10
435.0
 20
662.6
 30
0.0
 40
2.3400000000000003
  1
8
  7
ISO3098
 72
1
 11
435.0
 21
662.6
 31
0.0
100
AcDbText
 73
2
  0
LINE
  5
41E
330
17
100
AcDbEntity
  8
A-EJE
100
AcDbLine
 10
475.0
 20
654.0
 30
0.0
 11
475.0
 21
660.0
 31
0.0
  0
CIRCLE
  5
41F
330
17
100
AcDbEntity
  8
A-EJE
100
AcDbCircle
 10
475.0
 20
662.6
 30
0.0
 40
2.6
  0
TEXT
  5
420
330
17
100
AcDbEntity
  8
A-TEXTO
100
AcDbText
 10
475.0
 20
662.6
 30
0.0
 40
2.3400000000000003
  1
9
  7
ISO3098
 72
1
 11
475.0
 21
662.6
 31
0.0
100
AcDbText
 73
2
  0
LINE
  5
421
330
17
100
AcDbEntity
  8
A-EJE
100
AcDbLine
 10
515.0
 20
654.0
 30
0.0
 11
515.0
 21
660.0
 31
0.0
  0
CIRCLE
  5
422
330
17
100
AcDbEntity
  8
A-EJE
100
AcDbCircle
 10
515.0
 20
662.6
 30
0.0
 40
2.6
  0
TEXT
  5
423
330
17
100
AcDbEntity
  8
A-TEXTO
100
AcDbText
 10
515.0
 20
662.6
 30
0.0
 40
2.3400000000000003
  1
10
  7
ISO3098
 72
1
 11
515.0
 21
662.6
 31
0.0
100
AcDbText
 73
2
  0
LINE
  5
424
330
17
100
AcDbEntity
  8
A-EJE
100
AcDbLine
 10
555.0
 20
654.0
 30
0.0
 11
555.0
 21
660.0
 31
0.0
  0
CIRCLE
  5
425
330
17
100
AcDbEntity
  8
A-EJE
100
AcDbCircle
 10
555.0
 20
662.6
 30
0.0
 40
2.6
  0
TEXT
  5
426
330
17
100
AcDbEntity
  8
A-TEXTO
100
AcDbText
 10
555.0
 20
662.6
 30
0.0
 40
2.3400000000000003
  1
11
  7
ISO3098
 72
1
 11
555.0
 21
662.6
 31
0.0
100
AcDbText
 73
2
  0
LINE
  5
427
330
17
100
AcDbEntity
  8
A-EJE
100
AcDbLine
 10
595.0
 20
654.0
 30
0.0
 11
595.0
 21
660.0
 31
0.0
  0
CIRCLE
  5
428
330
17
100
AcDbEntity
  8
A-EJE
100
AcDbCircle
 10
595.0
 20
662.6
 30
0.0
 40
2.6
  0
TEXT
  5
429
330
17
100
AcDbEntity
  8
A-TEXTO
100
AcDbText
 10
595.0
 20
662.6
 30
0.0
 40
2.3400000000000003
  1
12
  7
ISO3098
 72
1
 11
595.0
 21
662.6
 31
0.0
100
AcDbText
 73
2
  0
LINE
  5
42A
330
17
100
AcDbEntity
  8
A-EJE
100
AcDbLine
 10
635.0
 20
654.0
 30
0.0
 11
635.0
 21
660.0
 31
0.0
  0
CIRCLE
  5
42B
330
17
100
AcDbEntity
  8
A-EJE
100
AcDbCircle
 10
635.0
 20
662.6
 30
0.0
 40
2.6
  0
TEXT
  5
42C
330
17
100
AcDbEntity
  8
A-TEXTO
100
AcDbText
 10
635.0
 20
662.6
 30
0.0
 40
2.3400000000000003
  1
13
  7
ISO3098
 72
1
 11
635.0
 21
662.6
 31
0.0
100
AcDbText
 73
2
  0
LINE
  5
42D
330
17
100
AcDbEntity
  8
A-EJE
100
AcDbLine
 10
675.0
 20
654.0
 30
0.0
 11
675.0
 21
660.0
 31
0.0
  0
CIRCLE
  5
42E
330
17
100
AcDbEntity
  8
A-EJE
100
AcDbCircle
 10
675.0
 20
662.6
 30
0.0
 40
2.6
  0
TEXT
  5
42F
330
17
100
AcDbEntity
  8
A-TEXTO
100
AcDbText
 10
675.0
 20
662.6
 30
0.0
 40
2.3400000000000003
  1
14
  7
ISO3098
 72
1
 11
675.0
 21
662.6
 31
0.0
100
AcDbText
 73
2
  0
LINE
  5
430
330
17
100
AcDbEntity
  8
A-EJE
100
AcDbLine
 10
715.0
 20
654.0
 30
0.0
 11
715.0
 21
660.0
 31
0.0
  0
CIRCLE
  5
431
330
17
100
AcDbEntity
  8
A-EJE
100
AcDbCircle
 10
715.0
 20
662.6
 30
0.0
 40
2.6
  0
TEXT
  5
432
330
17
100
AcDbEntity
  8
A-TEXTO
100
AcDbText
 10
715.0
 20
662.6
 30
0.0
 40
2.3400000000000003
  1
15
  7
ISO3098
 72
1
 11
715.0
 21
662.6
 31
0.0
100
AcDbText
 73
2
  0
LINE
  5
433
330
17
100
AcDbEntity
  8
A-EJE
100
AcDbLine
 10
755.0
 20
654.0
 30
0.0
 11
755.0
 21
660.0
 31
0.0
  0
CIRCLE
  5
434
330
17
100
AcDbEntity
  8
A-EJE
100
AcDbCircle
 10
755.0
 20
662.6
 30
0.0
 40
2.6
  0
TEXT
  5
435
330
17
100
AcDbEntity
  8
A-TEXTO
100
AcDbText
 10
755.0
 20
662.6
 30
0.0
 40
2.3400000000000003
  1
16
  7
ISO3098
 72
1
 11
755.0
 21
662.6
 31
0.0
100
AcDbText
 73
2
  0
LWPOLYLINE
  5
436
330
17
100
AcDbEntity
  8
A-EXTERIOR
100
AcDbPolyline
 90
4
 70
1
 10
207.0
 20
677.0
 10
300.0
 20
677.0
 10
300.0
 20
690.0
 10
207.0
 20
690.0
  0
LINE
  5
437
330
17
100
AcDbEntity
  8
A-EXTERIOR
100
AcDbLine
 10
218.5
 20
677.0
 30
0.0
 11
218.5
 21
690.0
 31
0.0
  0
TEXT
  5
438
330
17
100
AcDbEntity
  8
A-TEXTO
100
AcDbText
 10
253.5
 20
683.5
 30
0.0
 40
1.5
  1
Semi 30 t
  7
ISO3098
 72
1
 11
253.5
 21
683.5
 31
0.0
100
AcDbText
 73
2
  0
LWPOLYLINE
  5
439
330
17
100
AcDbEntity
  8
A-EXTERIOR
100
AcDbPolyline
 90
4
 70
1
 10
181.0
 20
596.0
 10
194.0
 20
596.0
 10
194.0
 20
646.0
 10
181.0
 20
646.0
  0
LINE
  5
43A
330
17
100
AcDbEntity
  8
A-EXTERIOR
100
AcDbLine
 10
181.0
 20
634.5
 30
0.0
 11
194.0
 21
634.5
 31
0.0
  0
TEXT
  5
43B
330
17
100
AcDbEntity
  8
A-TEXTO
100
AcDbText
 10
187.5
 20
621.0
 30
0.0
 40
1.5
  1
Chasis 16 t
 50
90.0
  7
ISO3098
 72
1
 11
187.5
 21
621.0
 31
0.0
100
AcDbText
 73
2
  0
LWPOLYLINE
  5
43C
330
17
100
AcDbEntity
  8
A-EXTERIOR
100
AcDbPolyline
 90
4
 70
1
 10
100.0
 20
474.5
 10
113.0
 20
474.5
 10
113.0
 20
522.0
 10
100.0
 20
522.0
  0
LINE
  5
43D
330
17
100
AcDbEntity
  8
A-EXTERIOR
100
AcDbLine
 10
100.0
 20
510.5
 30
0.0
 11
113.0
 21
510.5
 31
0.0
  0
TEXT
  5
43E
330
17
100
AcDbEntity
  8
A-TEXTO
100
AcDbText
 10
106.5
 20
498.25
 30
0.0
 40
1.5
  1
Pintor
 50
90.0
  7
ISO3098
 72
1
 11
106.5
 21
498.25
 31
0.0
100
AcDbText
 73
2
  0
LWPOLYLINE
  5
43F
330
17
100
AcDbEntity
  8
A-EXTERIOR
100
AcDbPolyline
 90
4
 70
1
 10
765.0
 20
608.0
 10
812.5
 20
608.0
 10
812.5
 20
621.0
 10
765.0
 20
621.0
  0
LINE
  5
440
330
17
100
AcDbEntity
  8
A-EXTERIOR
100
AcDbLine
 10
776.5
 20
608.0
 30
0.0
 11
776.5
 21
621.0
 31
0.0
  0
TEXT
  5
441
330
17
100
AcDbEntity
  8
A-TEXTO
100
AcDbText
 10
788.75
 20
614.5
 30
0.0
 40
1.5
  1
PT
  7
ISO3098
 72
1
 11
788.75
 21
614.5
 31
0.0
100
AcDbText
 73
2
  0
LWPOLYLINE
  5
442
330
17
100
AcDbEntity
  8
A-EXTERIOR
100
AcDbPolyline
 90
4
 70
1
 10
765.0
 20
538.5
 10
812.5
 20
538.5
 10
812.5
 20
551.5
 10
765.0
 20
551.5
  0
LINE
  5
443
330
17
100
AcDbEntity
  8
A-EXTERIOR
100
AcDbLine
 10
776.5
 20
538.5
 30
0.0
 11
776.5
 21
551.5
 31
0.0
  0
TEXT
  5
444
330
17
100
AcDbEntity
  8
A-TEXTO
100
AcDbText
 10
788.75
 20
545.0
 30
0.0
 40
1.5
  1
Tercerizados
  7
ISO3098
 72
1
 11
788.75
 21
545.0
 31
0.0
100
AcDbText
 73
2
  0
LWPOLYLINE
  5
445
330
17
100
AcDbEntity
  8
A-EXTERIOR
100
AcDbPolyline
 90
4
 70
1
 10
765.0
 20
516.0
 10
812.5
 20
516.0
 10
812.5
 20
529.0
 10
765.0
 20
529.0
  0
LINE
  5
446
330
17
100
AcDbEntity
  8
A-EXTERIOR
100
AcDbLine
 10
776.5
 20
516.0
 30
0.0
 11
776.5
 21
529.0
 31
0.0
  0
TEXT
  5
447
330
17
100
AcDbEntity
  8
A-TEXTO
100
AcDbText
 10
788.75
 20
522.5
 30
0.0
 40
1.5
  1
Carros
  7
ISO3098
 72
1
 11
788.75
 21
522.5
 31
0.0
100
AcDbText
 73
2
  0
LWPOLYLINE
  5
448
330
17
100
AcDbEntity
  8
A-EXTERIOR
100
AcDbPolyline
 90
4
 70
1
 10
580.0
 20
667.0
 10
627.5
 20
667.0
 10
627.5
 20
680.0
 10
580.0
 20
680.0
  0
LINE
  5
449
330
17
100
AcDbEntity
  8
A-EXTERIOR
100
AcDbLine
 10
591.5
 20
667.0
 30
0.0
 11
591.5
 21
680.0
 31
0.0
  0
TEXT
  5
44A
330
17
100
AcDbEntity
  8
A-TEXTO
100
AcDbText
 10
603.75
 20
673.5
 30
0.0
 40
1.5
  1
Polvo / insumos
  7
ISO3098
 72
1
 11
603.75
 21
673.5
 31
0.0
100
AcDbText
 73
2
  0
LWPOLYLINE
  5
44B
330
17
100
AcDbEntity
  8
A-EXTERIOR
100
AcDbPolyline
 90
4
 70
1
 10
660.0
 20
379.5
 10
690.0
 20
379.5
 10
690.0
 20
392.5
 10
660.0
 20
392.5
  0
LINE
  5
44C
330
17
100
AcDbEntity
  8
A-EXTERIOR
100
AcDbLine
 10
671.5
 20
379.5
 30
0.0
 11
671.5
 21
392.5
 31
0.0
  0
TEXT
  5
44D
330
17
100
AcDbEntity
  8
A-TEXTO
100
AcDbText
 10
675.0
 20
386.0
 30
0.0
 40
1.5
  1
Utilitario
  7
ISO3098
 72
1
 11
675.0
 21
386.0
 31
0.0
100
AcDbText
 73
2
  0
LWPOLYLINE
  5
44E
330
17
100
AcDbEntity
  8
F-MP
100
AcDbPolyline
 90
7
 70
0
 10
187.5
 20
692.0
 10
187.5
 20
652.0
 10
187.5
 20
607.0
 10
218.0
 20
598.0
 10
221.0
 20
598.0
 10
221.0
 20
566.5
 10
218.0
 20
566.5
  0
HATCH
  5
44F
330
17
100
AcDbEntity
  8
F-MP
 62
7
420
18120
100
AcDbHatch
 10
0.0
 20
0.0
 30
0.0
210
0.0
220
0.0
230
1.0
  2
SOLID
 70
1
 71
0
 91
1
 92
3
 72
0
 73
1
 93
3
 10
187.5
 20
664.7
 10
188.15
 20
667.3000000000001
 10
186.85
 20
667.3000000000001
 97
0
 75
1
 76
1
 98
0
  0
HATCH
  5
450
330
17
100
AcDbEntity
  8
F-MP
 62
7
420
18120
100
AcDbHatch
 10
0.0
 20
0.0
 30
0.0
210
0.0
220
0.0
230
1.0
  2
SOLID
 70
1
 71
0
 91
1
 92
3
 72
0
 73
1
 93
3
 10
187.5
 20
638.7
 10
188.15
 20
641.3000000000001
 10
186.85
 20
641.3000000000001
 97
0
 75
1
 76
1
 98
0
  0
HATCH
  5
451
330
17
100
AcDbEntity
  8
F-MP
 62
7
420
18120
100
AcDbHatch
 10
0.0
 20
0.0
 30
0.0
210
0.0
220
0.0
230
1.0
  2
SOLID
 70
1
 71
0
 91
1
 92
3
 72
0
 73
1
 93
3
 10
187.5
 20
612.7
 10
188.15
 20
615.3000000000001
 10
186.85
 20
615.3000000000001
 97
0
 75
1
 76
1
 98
0
  0
HATCH
  5
452
330
17
100
AcDbEntity
  8
F-MP
 62
7
420
18120
100
AcDbHatch
 10
0.0
 20
0.0
 30
0.0
210
0.0
220
0.0
230
1.0
  2
SOLID
 70
1
 71
0
 91
1
 92
3
 72
0
 73
1
 93
3
 10
206.9700295183073
 20
601.2547453880404
 10
204.66029251092675
 20
602.6140153968086
 10
204.2923698017865
 20
601.3671662158333
 97
0
 75
1
 76
1
 98
0
  0
HATCH
  5
453
330
17
100
AcDbEntity
  8
F-MP
 62
7
420
18120
100
AcDbHatch
 10
0.0
 20
0.0
 30
0.0
210
0.0
220
0.0
230
1.0
  2
SOLID
 70
1
 71
0
 91
1
 92
3
 72
0
 73
1
 93
3
 10
221.0
 20
586.5001572323157
 10
221.65
 20
589.1001572323157
 10
220.35
 20
589.1001572323157
 97
0
 75
1
 76
1
 98
0
  0
HATCH
  5
454
330
17
100
AcDbEntity
  8
F-MP
 62
7
420
18120
100
AcDbHatch
 10
0.0
 20
0.0
 30
0.0
210
0.0
220
0.0
230
1.0
  2
SOLID
 70
1
 71
0
 91
1
 92
3
 72
0
 73
1
 93
3
 10
218.0
 20
566.5
 10
220.6
 20
565.85
 10
220.6
 20
567.15
 97
0
 75
1
 76
1
 98
0
  0
LWPOLYLINE
  5
455
330
17
100
AcDbEntity
  8
F-MP
100
AcDbPolyline
 90
2
 70
0
 10
218.0
 20
550.0
 10
238.0
 20
550.0
  0
HATCH
  5
456
330
17
100
AcDbEntity
  8
F-MP
 62
7
420
18120
100
AcDbHatch
 10
0.0
 20
0.0
 30
0.0
210
0.0
220
0.0
230
1.0
  2
SOLID
 70
1
 71
0
 91
1
 92
3
 72
0
 73
1
 93
3
 10
238.0
 20
550.0
 10
235.4
 20
550.65
 10
235.4
 20
549.35
 97
0
 75
1
 76
1
 98
0
  0
LWPOLYLINE
  5
457
330
17
100
AcDbEntity
  8
F-MP
100
AcDbPolyline
 90
7
 70
0
 10
195.0
 20
692.0
 10
195.0
 20
652.0
 10
195.0
 20
619.5
 10
218.0
 20
619.5
 10
230.0
 20
603.5
 10
230.0
 20
577.5
 10
237.0
 20
577.5
  0
HATCH
  5
458
330
17
100
AcDbEntity
  8
F-MP
 62
7
420
18120
100
AcDbHatch
 10
0.0
 20
0.0
 30
0.0
210
0.0
220
0.0
230
1.0
  2
SOLID
 70
1
 71
0
 91
1
 92
3
 72
0
 73
1
 93
3
 10
195.0
 20
664.7
 10
195.65
 20
667.3000000000001
 10
194.35
 20
667.3000000000001
 97
0
 75
1
 76
1
 98
0
  0
HATCH
  5
459
330
17
100
AcDbEntity
  8
F-MP
 62
7
420
18120
100
AcDbHatch
 10
0.0
 20
0.0
 30
0.0
210
0.0
220
0.0
230
1.0
  2
SOLID
 70
1
 71
0
 91
1
 92
3
 72
0
 73
1
 93
3
 10
195.0
 20
638.7
 10
195.65
 20
641.3000000000001
 10
194.35
 20
641.3000000000001
 97
0
 75
1
 76
1
 98
0
  0
HATCH
  5
45A
330
17
100
AcDbEntity
  8
F-MP
 62
7
420
18120
100
AcDbHatch
 10
0.0
 20
0.0
 30
0.0
210
0.0
220
0.0
230
1.0
  2
SOLID
 70
1
 71
0
 91
1
 92
3
 72
0
 73
1
 93
3
 10
201.8
 20
619.5
 10
199.20000000000002
 20
620.15
 10
199.20000000000002
 20
618.85
 97
0
 75
1
 76
1
 98
0
  0
HATCH
  5
45B
330
17
100
AcDbEntity
  8
F-MP
 62
7
420
18120
100
AcDbHatch
 10
0.0
 20
0.0
 30
0.0
210
0.0
220
0.0
230
1.0
  2
SOLID
 70
1
 71
0
 91
1
 92
3
 72
0
 73
1
 93
3
 10
223.88
 20
611.66
 10
222.84
 20
614.13
 10
221.79999999999998
 20
613.35
 97
0
 75
1
 76
1
 98
0
  0
HATCH
  5
45C
330
17
100
AcDbEntity
  8
F-MP
 62
7
420
18120
100
AcDbHatch
 10
0.0
 20
0.0
 30
0.0
210
0.0
220
0.0
230
1.0
  2
SOLID
 70
1
 71
0
 91
1
 92
3
 72
0
 73
1
 93
3
 10
230.0
 20
587.7
 10
230.65
 20
590.3000000000001
 10
229.35
 20
590.3000000000001
 97
0
 75
1
 76
1
 98
0
  0
HATCH
  5
45D
330
17
100
AcDbEntity
  8
F-MP
 62
7
420
18120
100
AcDbHatch
 10
0.0
 20
0.0
 30
0.0
210
0.0
220
0.0
230
1.0
  2
SOLID
 70
1
 71
0
 91
1
 92
3
 72
0
 73
1
 93
3
 10
237.0
 20
577.5
 10
234.4
 20
578.15
 10
234.4
 20
576.85
 97
0
 75
1
 76
1
 98
0
  0
LWPOLYLINE
  5
45E
330
17
100
AcDbEntity
  8
F-MP
100
AcDbPolyline
 90
2
 70
0
 10
245.0
 20
577.5
 10
249.0
 20
577.5
  0
HATCH
  5
45F
330
17
100
AcDbEntity
  8
F-MP
 62
7
420
18120
100
AcDbHatch
 10
0.0
 20
0.0
 30
0.0
210
0.0
220
0.0
230
1.0
  2
SOLID
 70
1
 71
0
 91
1
 92
3
 72
0
 73
1
 93
3
 10
249.0
 20
577.5
 10
246.4
 20
578.15
 10
246.4
 20
576.85
 97
0
 75
1
 76
1
 98
0
  0
LWPOLYLINE
  5
460
330
17
100
AcDbEntity
  8
F-MP
100
AcDbPolyline
 90
5
 70
0
 10
226.0
 20
692.0
 10
226.0
 20
652.0
 10
226.0
 20
641.0
 10
262.5
 20
641.0
 10
262.5
 20
633.0
  0
HATCH
  5
461
330
17
100
AcDbEntity
  8
F-MP
 62
7
420
18120
100
AcDbHatch
 10
0.0
 20
0.0
 30
0.0
210
0.0
220
0.0
230
1.0
  2
SOLID
 70
1
 71
0
 91
1
 92
3
 72
0
 73
1
 93
3
 10
226.0
 20
664.7
 10
226.65
 20
667.3000000000001
 10
225.35
 20
667.3000000000001
 97
0
 75
1
 76
1
 98
0
  0
HATCH
  5
462
330
17
100
AcDbEntity
  8
F-MP
 62
7
420
18120
100
AcDbHatch
 10
0.0
 20
0.0
 30
0.0
210
0.0
220
0.0
230
1.0
  2
SOLID
 70
1
 71
0
 91
1
 92
3
 72
0
 73
1
 93
3
 10
228.3
 20
641.0
 10
225.70000000000002
 20
641.65
 10
225.70000000000002
 20
640.35
 97
0
 75
1
 76
1
 98
0
  0
HATCH
  5
463
330
17
100
AcDbEntity
  8
F-MP
 62
7
420
18120
100
AcDbHatch
 10
0.0
 20
0.0
 30
0.0
210
0.0
220
0.0
230
1.0
  2
SOLID
 70
1
 71
0
 91
1
 92
3
 72
0
 73
1
 93
3
 10
254.3
 20
641.0
 10
251.70000000000002
 20
641.65
 10
251.70000000000002
 20
640.35
 97
0
 75
1
 76
1
 98
0
  0
HATCH
  5
464
330
17
100
AcDbEntity
  8
F-MP
 62
7
420
18120
100
AcDbHatch
 10
0.0
 20
0.0
 30
0.0
210
0.0
220
0.0
230
1.0
  2
SOLID
 70
1
 71
0
 91
1
 92
3
 72
0
 73
1
 93
3
 10
262.5
 20
633.0
 10
263.15
 20
635.6
 10
261.85
 20
635.6
 97
0
 75
1
 76
1
 98
0
  0
LWPOLYLINE
  5
465
330
17
100
AcDbEntity
  8
F-MP
100
AcDbPolyline
 90
4
 70
0
 10
238.0
 20
629.5
 10
233.0
 20
629.5
 10
233.0
 20
621.0
 10
238.0
 20
621.0
  0
HATCH
  5
466
330
17
100
AcDbEntity
  8
F-MP
 62
7
420
18120
100
AcDbHatch
 10
0.0
 20
0.0
 30
0.0
210
0.0
220
0.0
230
1.0
  2
SOLID
 70
1
 71
0
 91
1
 92
3
 72
0
 73
1
 93
3
 10
238.0
 20
621.0
 10
235.4
 20
621.65
 10
235.4
 20
620.35
 97
0
 75
1
 76
1
 98
0
  0
LWPOLYLINE
  5
467
330
17
100
AcDbEntity
  8
F-MP
100
AcDbPolyline
 90
5
 70
0
 10
178.0
 20
692.0
 10
178.0
 20
652.0
 10
178.0
 20
622.0
 10
170.0
 20
612.0
 10
170.0
 20
591.0
  0
HATCH
  5
468
330
17
100
AcDbEntity
  8
F-MP
 62
7
420
18120
100
AcDbHatch
 10
0.0
 20
0.0
 30
0.0
210
0.0
220
0.0
230
1.0
  2
SOLID
 70
1
 71
0
 91
1
 92
3
 72
0
 73
1
 93
3
 10
178.0
 20
664.7
 10
178.65
 20
667.3000000000001
 10
177.35
 20
667.3000000000001
 97
0
 75
1
 76
1
 98
0
  0
HATCH
  5
469
330
17
100
AcDbEntity
  8
F-MP
 62
7
420
18120
100
AcDbHatch
 10
0.0
 20
0.0
 30
0.0
210
0.0
220
0.0
230
1.0
  2
SOLID
 70
1
 71
0
 91
1
 92
3
 72
0
 73
1
 93
3
 10
178.0
 20
638.7
 10
178.65
 20
641.3000000000001
 10
177.35
 20
641.3000000000001
 97
0
 75
1
 76
1
 98
0
  0
HATCH
  5
46A
330
17
100
AcDbEntity
  8
F-MP
 62
7
420
18120
100
AcDbHatch
 10
0.0
 20
0.0
 30
0.0
210
0.0
220
0.0
230
1.0
  2
SOLID
 70
1
 71
0
 91
1
 92
3
 72
0
 73
1
 93
3
 10
172.19033605774385
 20
614.7379200721798
 10
174.3221079075233
 20
616.3621271958212
 10
173.3069784552474
 20
617.174230757642
 97
0
 75
1
 76
1
 98
0
  0
HATCH
  5
46B
330
17
100
AcDbEntity
  8
F-MP
 62
7
420
18120
100
AcDbHatch
 10
0.0
 20
0.0
 30
0.0
210
0.0
220
0.0
230
1.0
  2
SOLID
 70
1
 71
0
 91
1
 92
3
 72
0
 73
1
 93
3
 10
170.0
 20
591.0
 10
170.65
 20
593.6
 10
169.35
 20
593.6
 97
0
 75
1
 76
1
 98
0
  0
LWPOLYLINE
  5
46C
330
17
100
AcDbEntity
  8
F-MP
100
AcDbPolyline
 90
4
 70
0
 10
125.0
 20
531.0
 10
155.0
 20
531.0
 10
230.0
 20
531.0
 10
230.0
 20
520.5
  0
HATCH
  5
46D
330
17
100
AcDbEntity
  8
F-MP
 62
7
420
18120
100
AcDbHatch
 10
0.0
 20
0.0
 30
0.0
210
0.0
220
0.0
230
1.0
  2
SOLID
 70
1
 71
0
 91
1
 92
3
 72
0
 73
1
 93
3
 10
152.3
 20
531.0
 10
149.70000000000002
 20
531.65
 10
149.70000000000002
 20
530.35
 97
0
 75
1
 76
1
 98
0
  0
HATCH
  5
46E
330
17
100
AcDbEntity
  8
F-MP
 62
7
420
18120
100
AcDbHatch
 10
0.0
 20
0.0
 30
0.0
210
0.0
220
0.0
230
1.0
  2
SOLID
 70
1
 71
0
 91
1
 92
3
 72
0
 73
1
 93
3
 10
178.3
 20
531.0
 10
175.70000000000002
 20
531.65
 10
175.70000000000002
 20
530.35
 97
0
 75
1
 76
1
 98
0
  0
HATCH
  5
46F
330
17
100
AcDbEntity
  8
F-MP
 62
7
420
18120
100
AcDbHatch
 10
0.0
 20
0.0
 30
0.0
210
0.0
220
0.0
230
1.0
  2
SOLID
 70
1
 71
0
 91
1
 92
3
 72
0
 73
1
 93
3
 10
204.3
 20
531.0
 10
201.70000000000002
 20
531.65
 10
201.70000000000002
 20
530.35
 97
0
 75
1
 76
1
 98
0
  0
HATCH
  5
470
330
17
100
AcDbEntity
  8
F-MP
 62
7
420
18120
100
AcDbHatch
 10
0.0
 20
0.0
 30
0.0
210
0.0
220
0.0
230
1.0
  2
SOLID
 70
1
 71
0
 91
1
 92
3
 72
0
 73
1
 93
3
 10
230.0
 20
520.5
 10
230.65
 20
523.1
 10
229.35
 20
523.1
 97
0
 75
1
 76
1
 98
0
  0
LWPOLYLINE
  5
471
330
17
100
AcDbEntity
  8
F-MP
100
AcDbPolyline
 90
2
 70
0
 10
230.0
 20
513.5
 10
234.5
 20
503.0
  0
HATCH
  5
472
330
17
100
AcDbEntity
  8
F-MP
 62
7
420
18120
100
AcDbHatch
 10
0.0
 20
0.0
 30
0.0
210
0.0
220
0.0
230
1.0
  2
SOLID
 70
1
 71
0
 91
1
 92
3
 72
0
 73
1
 93
3
 10
234.5
 20
503.0
 10
234.0732540932059
 20
505.6458246221234
 10
232.87836555418244
 20
505.1337295339705
 97
0
 75
1
 76
1
 98
0
  0
LWPOLYLINE
  5
473
330
17
100
AcDbEntity
  8
F-MP
100
AcDbPolyline
 90
4
 70
0
 10
600.0
 20
692.0
 10
600.0
 20
652.0
 10
600.0
 20
624.0
 10
605.5
 20
613.0
  0
HATCH
  5
474
330
17
100
AcDbEntity
  8
F-MP
 62
7
420
18120
100
AcDbHatch
 10
0.0
 20
0.0
 30
0.0
210
0.0
220
0.0
230
1.0
  2
SOLID
 70
1
 71
0
 91
1
 92
3
 72
0
 73
1
 93
3
 10
600.0
 20
664.7
 10
600.65
 20
667.3000000000001
 10
599.35
 20
667.3000000000001
 97
0
 75
1
 76
1
 98
0
  0
HATCH
  5
475
330
17
100
AcDbEntity
  8
F-MP
 62
7
420
18120
100
AcDbHatch
 10
0.0
 20
0.0
 30
0.0
210
0.0
220
0.0
230
1.0
  2
SOLID
 70
1
 71
0
 91
1
 92
3
 72
0
 73
1
 93
3
 10
600.0
 20
638.7
 10
600.65
 20
641.3000000000001
 10
599.35
 20
641.3000000000001
 97
0
 75
1
 76
1
 98
0
  0
HATCH
  5
476
330
17
100
AcDbEntity
  8
F-MP
 62
7
420
18120
100
AcDbHatch
 10
0.0
 20
0.0
 30
0.0
210
0.0
220
0.0
230
1.0
  2
SOLID
 70
1
 71
0
 91
1
 92
3
 72
0
 73
1
 93
3
 10
605.5
 20
613.0
 10
604.91862232585
 20
615.6161995336747
 10
603.7558669775501
 20
615.0348218595248
 97
0
 75
1
 76
1
 98
0
  0
LWPOLYLINE
  5
477
330
17
100
AcDbEntity
  8
F-MP
100
AcDbPolyline
 90
4
 70
0
 10
645.0
 20
692.0
 10
645.0
 20
652.0
 10
645.0
 20
624.0
 10
626.0
 20
610.0
  0
HATCH
  5
478
330
17
100
AcDbEntity
  8
F-MP
 62
7
420
18120
100
AcDbHatch
 10
0.0
 20
0.0
 30
0.0
210
0.0
220
0.0
230
1.0
  2
SOLID
 70
1
 71
0
 91
1
 92
3
 72
0
 73
1
 93
3
 10
645.0
 20
664.7
 10
645.65
 20
667.3000000000001
 10
644.35
 20
667.3000000000001
 97
0
 75
1
 76
1
 98
0
  0
HATCH
  5
479
330
17
100
AcDbEntity
  8
F-MP
 62
7
420
18120
100
AcDbHatch
 10
0.0
 20
0.0
 30
0.0
210
0.0
220
0.0
230
1.0
  2
SOLID
 70
1
 71
0
 91
1
 92
3
 72
0
 73
1
 93
3
 10
645.0
 20
638.7
 10
645.65
 20
641.3000000000001
 10
644.35
 20
641.3000000000001
 97
0
 75
1
 76
1
 98
0
  0
HATCH
  5
47A
330
17
100
AcDbEntity
  8
F-MP
 62
7
420
18120
100
AcDbHatch
 10
0.0
 20
0.0
 30
0.0
210
0.0
220
0.0
230
1.0
  2
SOLID
 70
1
 71
0
 91
1
 92
3
 72
0
 73
1
 93
3
 10
635.902869037907
 20
617.2968508700367
 10
638.3815935897582
 20
618.3158820746866
 10
637.6104348402934
 20
619.362454663246
 97
0
 75
1
 76
1
 98
0
  0
HATCH
  5
47B
330
17
100
AcDbEntity
  8
F-MP
 62
7
420
18120
100
AcDbHatch
 10
0.0
 20
0.0
 30
0.0
210
0.0
220
0.0
230
1.0
  2
SOLID
 70
1
 71
0
 91
1
 92
3
 72
0
 73
1
 93
3
 10
626.0
 20
610.0
 10
628.4787245518512
 20
611.0190312046499
 10
627.7075658023864
 20
612.0656037932093
 97
0
 75
1
 76
1
 98
0
  0
LWPOLYLINE
  5
47C
330
17
100
AcDbEntity
  8
F-MP
100
AcDbPolyline
 90
3
 70
0
 10
536.5
 20
692.0
 10
536.5
 20
652.0
 10
536.5
 20
629.5
  0
HATCH
  5
47D
330
17
100
AcDbEntity
  8
F-MP
 62
7
420
18120
100
AcDbHatch
 10
0.0
 20
0.0
 30
0.0
210
0.0
220
0.0
230
1.0
  2
SOLID
 70
1
 71
0
 91
1
 92
3
 72
0
 73
1
 93
3
 10
536.5
 20
664.7
 10
537.15
 20
667.3000000000001
 10
535.85
 20
667.3000000000001
 97
0
 75
1
 76
1
 98
0
  0
HATCH
  5
47E
330
17
100
AcDbEntity
  8
F-MP
 62
7
420
18120
100
AcDbHatch
 10
0.0
 20
0.0
 30
0.0
210
0.0
220
0.0
230
1.0
  2
SOLID
 70
1
 71
0
 91
1
 92
3
 72
0
 73
1
 93
3
 10
536.5
 20
638.7
 10
537.15
 20
641.3000000000001
 10
535.85
 20
641.3000000000001
 97
0
 75
1
 76
1
 98
0
  0
HATCH
  5
47F
330
17
100
AcDbEntity
  8
F-MP
 62
7
420
18120
100
AcDbHatch
 10
0.0
 20
0.0
 30
0.0
210
0.0
220
0.0
230
1.0
  2
SOLID
 70
1
 71
0
 91
1
 92
3
 72
0
 73
1
 93
3
 10
536.5
 20
629.5
 10
537.15
 20
632.1
 10
535.85
 20
632.1
 97
0
 75
1
 76
1
 98
0
  0
LWPOLYLINE
  5
480
330
17
100
AcDbEntity
  8
F-MP
100
AcDbPolyline
 90
3
 70
0
 10
536.5
 20
629.5
 10
536.5
 20
592.0
 10
512.0
 20
567.0
  0
HATCH
  5
481
330
17
100
AcDbEntity
  8
F-MP
 62
7
420
18120
100
AcDbHatch
 10
0.0
 20
0.0
 30
0.0
210
0.0
220
0.0
230
1.0
  2
SOLID
 70
1
 71
0
 91
1
 92
3
 72
0
 73
1
 93
3
 10
536.5
 20
602.2
 10
537.15
 20
604.8000000000001
 10
535.85
 20
604.8000000000001
 97
0
 75
1
 76
1
 98
0
  0
HATCH
  5
482
330
17
100
AcDbEntity
  8
F-MP
 62
7
420
18120
100
AcDbHatch
 10
0.0
 20
0.0
 30
0.0
210
0.0
220
0.0
230
1.0
  2
SOLID
 70
1
 71
0
 91
1
 92
3
 72
0
 73
1
 93
3
 10
525.4411283987174
 20
580.7154371415484
 10
527.7251810582951
 20
582.117436944785
 10
526.7967043674099
 20
583.0273441018527
 97
0
 75
1
 76
1
 98
0
  0
HATCH
  5
483
330
17
100
AcDbEntity
  8
F-MP
 62
7
420
18120
100
AcDbHatch
 10
0.0
 20
0.0
 30
0.0
210
0.0
220
0.0
230
1.0
  2
SOLID
 70
1
 71
0
 91
1
 92
3
 72
0
 73
1
 93
3
 10
512.0
 20
567.0
 10
514.2840526595777
 20
568.4019998032367
 10
513.3555759686925
 20
569.3119069603043
 97
0
 75
1
 76
1
 98
0
  0
LWPOLYLINE
  5
484
330
17
100
AcDbEntity
  8
F-MP
100
AcDbPolyline
 90
3
 70
0
 10
536.5
 20
592.0
 10
536.5
 20
572.0
 10
528.0
 20
496.5
  0
HATCH
  5
485
330
17
100
AcDbEntity
  8
F-MP
 62
7
420
18120
100
AcDbHatch
 10
0.0
 20
0.0
 30
0.0
210
0.0
220
0.0
230
1.0
  2
SOLID
 70
1
 71
0
 91
1
 92
3
 72
0
 73
1
 93
3
 10
535.6833051536431
 20
564.7458281294187
 10
536.6201021832877
 20
567.2567863778269
 10
535.3282633570199
 20
567.4022251860821
 97
0
 75
1
 76
1
 98
0
  0
HATCH
  5
486
330
17
100
AcDbEntity
  8
F-MP
 62
7
420
18120
100
AcDbHatch
 10
0.0
 20
0.0
 30
0.0
210
0.0
220
0.0
230
1.0
  2
SOLID
 70
1
 71
0
 91
1
 92
3
 72
0
 73
1
 93
3
 10
532.7745289885365
 20
538.9090516040603
 10
533.7113260181811
 20
541.4200098524685
 10
532.4194871919133
 20
541.5654486607237
 97
0
 75
1
 76
1
 98
0
  0
HATCH
  5
487
330
17
100
AcDbEntity
  8
F-MP
 62
7
420
18120
100
AcDbHatch
 10
0.0
 20
0.0
 30
0.0
210
0.0
220
0.0
230
1.0
  2
SOLID
 70
1
 71
0
 91
1
 92
3
 72
0
 73
1
 93
3
 10
529.8657528234301
 20
513.072275078702
 10
530.8025498530747
 20
515.5832333271102
 10
529.5107110268068
 20
515.7286721353654
 97
0
 75
1
 76
1
 98
0
  0
HATCH
  5
488
330
17
100
AcDbEntity
  8
F-MP
 62
7
420
18120
100
AcDbHatch
 10
0.0
 20
0.0
 30
0.0
210
0.0
220
0.0
230
1.0
  2
SOLID
 70
1
 71
0
 91
1
 92
3
 72
0
 73
1
 93
3
 10
528.0
 20
496.5
 10
528.9367970296446
 20
499.01095824840814
 10
527.6449582033767
 20
499.1563970566635
 97
0
 75
1
 76
1
 98
0
  0
LWPOLYLINE
  5
489
330
17
100
AcDbEntity
  8
F-MP
100
AcDbPolyline
 90
4
 70
0
 10
795.0
 20
517.0
 10
753.5
 20
517.0
 10
667.5
 20
517.0
 10
667.5
 20
513.0
  0
HATCH
  5
48A
330
17
100
AcDbEntity
  8
F-MP
 62
7
420
18120
100
AcDbHatch
 10
0.0
 20
0.0
 30
0.0
210
0.0
220
0.0
230
1.0
  2
SOLID
 70
1
 71
0
 91
1
 92
3
 72
0
 73
1
 93
3
 10
767.7
 20
517.0
 10
770.3000000000001
 20
516.35
 10
770.3000000000001
 20
517.65
 97
0
 75
1
 76
1
 98
0
  0
HATCH
  5
48B
330
17
100
AcDbEntity
  8
F-MP
 62
7
420
18120
100
AcDbHatch
 10
0.0
 20
0.0
 30
0.0
210
0.0
220
0.0
230
1.0
  2
SOLID
 70
1
 71
0
 91
1
 92
3
 72
0
 73
1
 93
3
 10
741.7
 20
517.0
 10
744.3000000000001
 20
516.35
 10
744.3000000000001
 20
517.65
 97
0
 75
1
 76
1
 98
0
  0
HATCH
  5
48C
330
17
100
AcDbEntity
  8
F-MP
 62
7
420
18120
100
AcDbHatch
 10
0.0
 20
0.0
 30
0.0
210
0.0
220
0.0
230
1.0
  2
SOLID
 70
1
 71
0
 91
1
 92
3
 72
0
 73
1
 93
3
 10
715.7
 20
517.0
 10
718.3000000000001
 20
516.35
 10
718.3000000000001
 20
517.65
 97
0
 75
1
 76
1
 98
0
  0
HATCH
  5
48D
330
17
100
AcDbEntity
  8
F-MP
 62
7
420
18120
100
AcDbHatch
 10
0.0
 20
0.0
 30
0.0
210
0.0
220
0.0
230
1.0
  2
SOLID
 70
1
 71
0
 91
1
 92
3
 72
0
 73
1
 93
3
 10
689.7
 20
517.0
 10
692.3000000000001
 20
516.35
 10
692.3000000000001
 20
517.65
 97
0
 75
1
 76
1
 98
0
  0
HATCH
  5
48E
330
17
100
AcDbEntity
  8
F-MP
 62
7
420
18120
100
AcDbHatch
 10
0.0
 20
0.0
 30
0.0
210
0.0
220
0.0
230
1.0
  2
SOLID
 70
1
 71
0
 91
1
 92
3
 72
0
 73
1
 93
3
 10
667.5
 20
513.0
 10
668.15
 20
515.6
 10
666.85
 20
515.6
 97
0
 75
1
 76
1
 98
0
  0
LWPOLYLINE
  5
48F
330
17
100
AcDbEntity
  8
F-MP
100
AcDbPolyline
 90
4
 70
0
 10
795.0
 20
526.0
 10
753.5
 20
526.0
 10
615.0
 20
526.0
 10
611.0
 20
526.0
  0
HATCH
  5
490
330
17
100
AcDbEntity
  8
F-MP
 62
7
420
18120
100
AcDbHatch
 10
0.0
 20
0.0
 30
0.0
210
0.0
220
0.0
230
1.0
  2
SOLID
 70
1
 71
0
 91
1
 92
3
 72
0
 73
1
 93
3
 10
767.7
 20
526.0
 10
770.3000000000001
 20
525.35
 10
770.3000000000001
 20
526.65
 97
0
 75
1
 76
1
 98
0
  0
HATCH
  5
491
330
17
100
AcDbEntity
  8
F-MP
 62
7
420
18120
100
AcDbHatch
 10
0.0
 20
0.0
 30
0.0
210
0.0
220
0.0
230
1.0
  2
SOLID
 70
1
 71
0
 91
1
 92
3
 72
0
 73
1
 93
3
 10
741.7
 20
526.0
 10
744.3000000000001
 20
525.35
 10
744.3000000000001
 20
526.65
 97
0
 75
1
 76
1
 98
0
  0
HATCH
  5
492
330
17
100
AcDbEntity
  8
F-MP
 62
7
420
18120
100
AcDbHatch
 10
0.0
 20
0.0
 30
0.0
210
0.0
220
0.0
230
1.0
  2
SOLID
 70
1
 71
0
 91
1
 92
3
 72
0
 73
1
 93
3
 10
715.7
 20
526.0
 10
718.3000000000001
 20
525.35
 10
718.3000000000001
 20
526.65
 97
0
 75
1
 76
1
 98
0
  0
HATCH
  5
493
330
17
100
AcDbEntity
  8
F-MP
 62
7
420
18120
100
AcDbHatch
 10
0.0
 20
0.0
 30
0.0
210
0.0
220
0.0
230
1.0
  2
SOLID
 70
1
 71
0
 91
1
 92
3
 72
0
 73
1
 93
3
 10
689.7
 20
526.0
 10
692.3000000000001
 20
525.35
 10
692.3000000000001
 20
526.65
 97
0
 75
1
 76
1
 98
0
  0
HATCH
  5
494
330
17
100
AcDbEntity
  8
F-MP
 62
7
420
18120
100
AcDbHatch
 10
0.0
 20
0.0
 30
0.0
210
0.0
220
0.0
230
1.0
  2
SOLID
 70
1
 71
0
 91
1
 92
3
 72
0
 73
1
 93
3
 10
663.7
 20
526.0
 10
666.3000000000001
 20
525.35
 10
666.3000000000001
 20
526.65
 97
0
 75
1
 76
1
 98
0
  0
HATCH
  5
495
330
17
100
AcDbEntity
  8
F-MP
 62
7
420
18120
100
AcDbHatch
 10
0.0
 20
0.0
 30
0.0
210
0.0
220
0.0
230
1.0
  2
SOLID
 70
1
 71
0
 91
1
 92
3
 72
0
 73
1
 93
3
 10
637.7
 20
526.0
 10
640.3000000000001
 20
525.35
 10
640.3000000000001
 20
526.65
 97
0
 75
1
 76
1
 98
0
  0
HATCH
  5
496
330
17
100
AcDbEntity
  8
F-MP
 62
7
420
18120
100
AcDbHatch
 10
0.0
 20
0.0
 30
0.0
210
0.0
220
0.0
230
1.0
  2
SOLID
 70
1
 71
0
 91
1
 92
3
 72
0
 73
1
 93
3
 10
611.0
 20
526.0
 10
613.6
 20
525.35
 10
613.6
 20
526.65
 97
0
 75
1
 76
1
 98
0
  0
LWPOLYLINE
  5
497
330
17
100
AcDbEntity
  8
F-MP
100
AcDbPolyline
 90
3
 70
0
 10
795.0
 20
544.5
 10
753.5
 20
544.5
 10
735.0
 20
544.5
  0
HATCH
  5
498
330
17
100
AcDbEntity
  8
F-MP
 62
7
420
18120
100
AcDbHatch
 10
0.0
 20
0.0
 30
0.0
210
0.0
220
0.0
230
1.0
  2
SOLID
 70
1
 71
0
 91
1
 92
3
 72
0
 73
1
 93
3
 10
767.7
 20
544.5
 10
770.3000000000001
 20
543.85
 10
770.3000000000001
 20
545.15
 97
0
 75
1
 76
1
 98
0
  0
HATCH
  5
499
330
17
100
AcDbEntity
  8
F-MP
 62
7
420
18120
100
AcDbHatch
 10
0.0
 20
0.0
 30
0.0
210
0.0
220
0.0
230
1.0
  2
SOLID
 70
1
 71
0
 91
1
 92
3
 72
0
 73
1
 93
3
 10
741.7
 20
544.5
 10
744.3000000000001
 20
543.85
 10
744.3000000000001
 20
545.15
 97
0
 75
1
 76
1
 98
0
  0
HATCH
  5
49A
330
17
100
AcDbEntity
  8
F-MP
 62
7
420
18120
100
AcDbHatch
 10
0.0
 20
0.0
 30
0.0
210
0.0
220
0.0
230
1.0
  2
SOLID
 70
1
 71
0
 91
1
 92
3
 72
0
 73
1
 93
3
 10
735.0
 20
544.5
 10
737.6
 20
543.85
 10
737.6
 20
545.15
 97
0
 75
1
 76
1
 98
0
  0
LWPOLYLINE
  5
49B
330
17
100
AcDbEntity
  8
F-SE
100
AcDbPolyline
 90
3
 70
0
 10
268.0
 20
552.0
 10
284.0
 20
552.0
 10
309.0
 20
552.0
  0
HATCH
  5
49C
330
17
100
AcDbEntity
  8
F-SE
 62
7
420
15431680
100
AcDbHatch
 10
0.0
 20
0.0
 30
0.0
210
0.0
220
0.0
230
1.0
  2
SOLID
 70
1
 71
0
 91
1
 92
3
 72
0
 73
1
 93
3
 10
291.3
 20
552.0
 10
288.7
 20
552.65
 10
288.7
 20
551.35
 97
0
 75
1
 76
1
 98
0
  0
HATCH
  5
49D
330
17
100
AcDbEntity
  8
F-SE
 62
7
420
15431680
100
AcDbHatch
 10
0.0
 20
0.0
 30
0.0
210
0.0
220
0.0
230
1.0
  2
SOLID
 70
1
 71
0
 91
1
 92
3
 72
0
 73
1
 93
3
 10
309.0
 20
552.0
 10
306.4
 20
552.65
 10
306.4
 20
551.35
 97
0
 75
1
 76
1
 98
0
  0
LWPOLYLINE
  5
49E
330
17
100
AcDbEntity
  8
F-SE
100
AcDbPolyline
 90
2
 70
0
 10
319.0
 20
541.5
 10
319.0
 20
502.0
  0
HATCH
  5
49F
330
17
100
AcDbEntity
  8
F-SE
 62
7
420
15431680
100
AcDbHatch
 10
0.0
 20
0.0
 30
0.0
210
0.0
220
0.0
230
1.0
  2
SOLID
 70
1
 71
0
 91
1
 92
3
 72
0
 73
1
 93
3
 10
319.0
 20
518.2
 10
319.65
 20
520.8000000000001
 10
318.35
 20
520.8000000000001
 97
0
 75
1
 76
1
 98
0
  0
HATCH
  5
4A0
330
17
100
AcDbEntity
  8
F-SE
 62
7
420
15431680
100
AcDbHatch
 10
0.0
 20
0.0
 30
0.0
210
0.0
220
0.0
230
1.0
  2
SOLID
 70
1
 71
0
 91
1
 92
3
 72
0
 73
1
 93
3
 10
319.0
 20
502.0
 10
319.65
 20
504.6
 10
318.35
 20
504.6
 97
0
 75
1
 76
1
 98
0
  0
LWPOLYLINE
  5
4A1
330
17
100
AcDbEntity
  8
F-SE
100
AcDbPolyline
 90
11
 70
0
 10
319.0
 20
498.5
 10
301.5
 20
498.5
 10
285.5
 20
498.5
 10
267.0
 20
498.5
 10
246.0
 20
498.5
 10
226.5
 20
498.5
 10
210.0
 20
498.5
 10
187.5
 20
497.0
 10
176.0
 20
500.0
 10
155.0
 20
500.0
 10
125.0
 20
500.0
  0
HATCH
  5
4A2
330
17
100
AcDbEntity
  8
F-SE
 62
7
420
15431680
100
AcDbHatch
 10
0.0
 20
0.0
 30
0.0
210
0.0
220
0.0
230
1.0
  2
SOLID
 70
1
 71
0
 91
1
 92
3
 72
0
 73
1
 93
3
 10
295.7
 20
498.5
 10
298.3
 20
497.85
 10
298.3
 20
499.15
 97
0
 75
1
 76
1
 98
0
  0
HATCH
  5
4A3
330
17
100
AcDbEntity
  8
F-SE
 62
7
420
15431680
100
AcDbHatch
 10
0.0
 20
0.0
 30
0.0
210
0.0
220
0.0
230
1.0
  2
SOLID
 70
1
 71
0
 91
1
 92
3
 72
0
 73
1
 93
3
 10
273.7
 20
498.5
 10
276.3
 20
497.85
 10
276.3
 20
499.15
 97
0
 75
1
 76
1
 98
0
  0
HATCH
  5
4A4
330
17
100
AcDbEntity
  8
F-SE
 62
7
420
15431680
100
AcDbHatch
 10
0.0
 20
0.0
 30
0.0
210
0.0
220
0.0
230
1.0
  2
SOLID
 70
1
 71
0
 91
1
 92
3
 72
0
 73
1
 93
3
 10
251.7
 20
498.5
 10
254.29999999999998
 20
497.85
 10
254.29999999999998
 20
499.15
 97
0
 75
1
 76
1
 98
0
  0
HATCH
  5
4A5
330
17
100
AcDbEntity
  8
F-SE
 62
7
420
15431680
100
AcDbHatch
 10
0.0
 20
0.0
 30
0.0
210
0.0
220
0.0
230
1.0
  2
SOLID
 70
1
 71
0
 91
1
 92
3
 72
0
 73
1
 93
3
 10
229.7
 20
498.5
 10
232.29999999999998
 20
497.85
 10
232.29999999999998
 20
499.15
 97
0
 75
1
 76
1
 98
0
  0
HATCH
  5
4A6
330
17
100
AcDbEntity
  8
F-SE
 62
7
420
15431680
100
AcDbHatch
 10
0.0
 20
0.0
 30
0.0
210
0.0
220
0.0
230
1.0
  2
SOLID
 70
1
 71
0
 91
1
 92
3
 72
0
 73
1
 93
3
 10
207.7050941369298
 20
498.3470062757953
 10
210.34257290419743
 20
497.8713953505503
 10
210.25609819051652
 20
499.1685160557639
 97
0
 75
1
 76
1
 98
0
  0
HATCH
  5
4A7
330
17
100
AcDbEntity
  8
F-SE
 62
7
420
15431680
100
AcDbHatch
 10
0.0
 20
0.0
 30
0.0
210
0.0
220
0.0
230
1.0
  2
SOLID
 70
1
 71
0
 91
1
 92
3
 72
0
 73
1
 93
3
 10
185.80661613591852
 20
497.4417523123691
 10
188.15834681100475
 20
496.1565041527289
 10
188.48649527729586
 20
497.4144066068448
 97
0
 75
1
 76
1
 98
0
  0
HATCH
  5
4A8
330
17
100
AcDbEntity
  8
F-SE
 62
7
420
15431680
100
AcDbHatch
 10
0.0
 20
0.0
 30
0.0
210
0.0
220
0.0
230
1.0
  2
SOLID
 70
1
 71
0
 91
1
 92
3
 72
0
 73
1
 93
3
 10
164.13480889156406
 20
500.0
 10
166.73480889156406
 20
499.35
 10
166.73480889156406
 20
500.65
 97
0
 75
1
 76
1
 98
0
  0
HATCH
  5
4A9
330
17
100
AcDbEntity
  8
F-SE
 62
7
420
15431680
100
AcDbHatch
 10
0.0
 20
0.0
 30
0.0
210
0.0
220
0.0
230
1.0
  2
SOLID
 70
1
 71
0
 91
1
 92
3
 72
0
 73
1
 93
3
 10
142.13480889156406
 20
500.0
 10
144.73480889156406
 20
499.35
 10
144.73480889156406
 20
500.65
 97
0
 75
1
 76
1
 98
0
  0
HATCH
  5
4AA
330
17
100
AcDbEntity
  8
F-SE
 62
7
420
15431680
100
AcDbHatch
 10
0.0
 20
0.0
 30
0.0
210
0.0
220
0.0
230
1.0
  2
SOLID
 70
1
 71
0
 91
1
 92
3
 72
0
 73
1
 93
3
 10
125.0
 20
500.0
 10
127.6
 20
499.35
 10
127.6
 20
500.65
 97
0
 75
1
 76
1
 98
0
  0
LWPOLYLINE
  5
4AB
330
17
100
AcDbEntity
  8
F-SE
100
AcDbPolyline
 90
2
 70
0
 10
334.0
 20
558.0
 10
340.0
 20
558.0
  0
HATCH
  5
4AC
330
17
100
AcDbEntity
  8
F-SE
 62
7
420
15431680
100
AcDbHatch
 10
0.0
 20
0.0
 30
0.0
210
0.0
220
0.0
230
1.0
  2
SOLID
 70
1
 71
0
 91
1
 92
3
 72
0
 73
1
 93
3
 10
340.0
 20
558.0
 10
337.4
 20
558.65
 10
337.4
 20
557.35
 97
0
 75
1
 76
1
 98
0
  0
LWPOLYLINE
  5
4AD
330
17
100
AcDbEntity
  8
F-SE
100
AcDbPolyline
 90
2
 70
0
 10
251.0
 20
599.25
 10
251.0
 20
599.75
  0
HATCH
  5
4AE
330
17
100
AcDbEntity
  8
F-SE
 62
7
420
15431680
100
AcDbHatch
 10
0.0
 20
0.0
 30
0.0
210
0.0
220
0.0
230
1.0
  2
SOLID
 70
1
 71
0
 91
1
 92
3
 72
0
 73
1
 93
3
 10
251.0
 20
599.75
 10
250.35
 20
597.15
 10
251.65
 20
597.15
 97
0
 75
1
 76
1
 98
0
  0
LWPOLYLINE
  5
4AF
330
17
100
AcDbEntity
  8
F-SE
100
AcDbPolyline
 90
2
 70
0
 10
261.0
 20
599.25
 10
261.0
 20
599.75
  0
HATCH
  5
4B0
330
17
100
AcDbEntity
  8
F-SE
 62
7
420
15431680
100
AcDbHatch
 10
0.0
 20
0.0
 30
0.0
210
0.0
220
0.0
230
1.0
  2
SOLID
 70
1
 71
0
 91
1
 92
3
 72
0
 73
1
 93
3
 10
261.0
 20
599.75
 10
260.35
 20
597.15
 10
261.65
 20
597.15
 97
0
 75
1
 76
1
 98
0
  0
LWPOLYLINE
  5
4B1
330
17
100
AcDbEntity
  8
F-SE
100
AcDbPolyline
 90
3
 70
0
 10
266.0
 20
601.75
 10
335.0
 20
601.75
 10
340.0
 20
601.75
  0
HATCH
  5
4B2
330
17
100
AcDbEntity
  8
F-SE
 62
7
420
15431680
100
AcDbHatch
 10
0.0
 20
0.0
 30
0.0
210
0.0
220
0.0
230
1.0
  2
SOLID
 70
1
 71
0
 91
1
 92
3
 72
0
 73
1
 93
3
 10
289.3
 20
601.75
 10
286.7
 20
602.4
 10
286.7
 20
601.1
 97
0
 75
1
 76
1
 98
0
  0
HATCH
  5
4B3
330
17
100
AcDbEntity
  8
F-SE
 62
7
420
15431680
100
AcDbHatch
 10
0.0
 20
0.0
 30
0.0
210
0.0
220
0.0
230
1.0
  2
SOLID
 70
1
 71
0
 91
1
 92
3
 72
0
 73
1
 93
3
 10
311.3
 20
601.75
 10
308.7
 20
602.4
 10
308.7
 20
601.1
 97
0
 75
1
 76
1
 98
0
  0
HATCH
  5
4B4
330
17
100
AcDbEntity
  8
F-SE
 62
7
420
15431680
100
AcDbHatch
 10
0.0
 20
0.0
 30
0.0
210
0.0
220
0.0
230
1.0
  2
SOLID
 70
1
 71
0
 91
1
 92
3
 72
0
 73
1
 93
3
 10
340.0
 20
601.75
 10
337.4
 20
602.4
 10
337.4
 20
601.1
 97
0
 75
1
 76
1
 98
0
  0
LWPOLYLINE
  5
4B5
330
17
100
AcDbEntity
  8
F-SE
100
AcDbPolyline
 90
6
 70
0
 10
250.0
 20
615.0
 10
258.5
 20
615.0
 10
273.5
 20
615.0
 10
277.0
 20
615.0
 10
294.0
 20
615.0
 10
309.5
 20
615.0
  0
HATCH
  5
4B6
330
17
100
AcDbEntity
  8
F-SE
 62
7
420
15431680
100
AcDbHatch
 10
0.0
 20
0.0
 30
0.0
210
0.0
220
0.0
230
1.0
  2
SOLID
 70
1
 71
0
 91
1
 92
3
 72
0
 73
1
 93
3
 10
309.5
 20
615.0
 10
306.9
 20
615.65
 10
306.9
 20
614.35
 97
0
 75
1
 76
1
 98
0
  0
LWPOLYLINE
  5
4B7
330
17
100
AcDbEntity
  8
F-SE
100
AcDbPolyline
 90
2
 70
0
 10
334.0
 20
615.0
 10
340.0
 20
615.0
  0
HATCH
  5
4B8
330
17
100
AcDbEntity
  8
F-SE
 62
7
420
15431680
100
AcDbHatch
 10
0.0
 20
0.0
 30
0.0
210
0.0
220
0.0
230
1.0
  2
SOLID
 70
1
 71
0
 91
1
 92
3
 72
0
 73
1
 93
3
 10
340.0
 20
615.0
 10
337.4
 20
615.65
 10
337.4
 20
614.35
 97
0
 75
1
 76
1
 98
0
  0
LWPOLYLINE
  5
4B9
330
17
100
AcDbEntity
  8
F-TL
100
AcDbPolyline
 90
6
 70
0
 10
340.0
 20
645.0
 10
340.0
 20
545.0
 10
351.0
 20
545.0
 10
351.0
 20
633.0
 10
514.0
 20
633.0
 10
514.0
 20
645.0
  0
HATCH
  5
4BA
330
17
100
AcDbEntity
  8
F-TL
 62
7
420
15431680
100
AcDbHatch
 10
0.0
 20
0.0
 30
0.0
210
0.0
220
0.0
230
1.0
  2
SOLID
 70
1
 71
0
 91
1
 92
3
 72
0
 73
1
 93
3
 10
340.0
 20
621.3
 10
340.95
 20
624.6999999999999
 10
339.05
 20
624.6999999999999
 97
0
 75
1
 76
1
 98
0
  0
HATCH
  5
4BB
330
17
100
AcDbEntity
  8
F-TL
 62
7
420
15431680
100
AcDbHatch
 10
0.0
 20
0.0
 30
0.0
210
0.0
220
0.0
230
1.0
  2
SOLID
 70
1
 71
0
 91
1
 92
3
 72
0
 73
1
 93
3
 10
340.0
 20
599.3
 10
340.95
 20
602.6999999999999
 10
339.05
 20
602.6999999999999
 97
0
 75
1
 76
1
 98
0
  0
HATCH
  5
4BC
330
17
100
AcDbEntity
  8
F-TL
 62
7
420
15431680
100
AcDbHatch
 10
0.0
 20
0.0
 30
0.0
210
0.0
220
0.0
230
1.0
  2
SOLID
 70
1
 71
0
 91
1
 92
3
 72
0
 73
1
 93
3
 10
340.0
 20
577.3
 10
340.95
 20
580.6999999999999
 10
339.05
 20
580.6999999999999
 97
0
 75
1
 76
1
 98
0
  0
HATCH
  5
4BD
330
17
100
AcDbEntity
  8
F-TL
 62
7
420
15431680
100
AcDbHatch
 10
0.0
 20
0.0
 30
0.0
210
0.0
220
0.0
230
1.0
  2
SOLID
 70
1
 71
0
 91
1
 92
3
 72
0
 73
1
 93
3
 10
340.0
 20
555.3
 10
340.95
 20
558.6999999999999
 10
339.05
 20
558.6999999999999
 97
0
 75
1
 76
1
 98
0
  0
HATCH
  5
4BE
330
17
100
AcDbEntity
  8
F-TL
 62
7
420
15431680
100
AcDbHatch
 10
0.0
 20
0.0
 30
0.0
210
0.0
220
0.0
230
1.0
  2
SOLID
 70
1
 71
0
 91
1
 92
3
 72
0
 73
1
 93
3
 10
351.0
 20
567.7
 10
350.05
 20
564.3000000000001
 10
351.95
 20
564.3000000000001
 97
0
 75
1
 76
1
 98
0
  0
HATCH
  5
4BF
330
17
100
AcDbEntity
  8
F-TL
 62
7
420
15431680
100
AcDbHatch
 10
0.0
 20
0.0
 30
0.0
210
0.0
220
0.0
230
1.0
  2
SOLID
 70
1
 71
0
 91
1
 92
3
 72
0
 73
1
 93
3
 10
351.0
 20
589.7
 10
350.05
 20
586.3000000000001
 10
351.95
 20
586.3000000000001
 97
0
 75
1
 76
1
 98
0
  0
HATCH
  5
4C0
330
17
100
AcDbEntity
  8
F-TL
 62
7
420
15431680
100
AcDbHatch
 10
0.0
 20
0.0
 30
0.0
210
0.0
220
0.0
230
1.0
  2
SOLID
 70
1
 71
0
 91
1
 92
3
 72
0
 73
1
 93
3
 10
351.0
 20
611.7
 10
350.05
 20
608.3000000000001
 10
351.95
 20
608.3000000000001
 97
0
 75
1
 76
1
 98
0
  0
HATCH
  5
4C1
330
17
100
AcDbEntity
  8
F-TL
 62
7
420
15431680
100
AcDbHatch
 10
0.0
 20
0.0
 30
0.0
210
0.0
220
0.0
230
1.0
  2
SOLID
 70
1
 71
0
 91
1
 92
3
 72
0
 73
1
 93
3
 10
373.7
 20
633.0
 10
370.3
 20
633.95
 10
370.3
 20
632.05
 97
0
 75
1
 76
1
 98
0
  0
HATCH
  5
4C2
330
17
100
AcDbEntity
  8
F-TL
 62
7
420
15431680
100
AcDbHatch
 10
0.0
 20
0.0
 30
0.0
210
0.0
220
0.0
230
1.0
  2
SOLID
 70
1
 71
0
 91
1
 92
3
 72
0
 73
1
 93
3
 10
395.7
 20
633.0
 10
392.3
 20
633.95
 10
392.3
 20
632.05
 97
0
 75
1
 76
1
 98
0
  0
HATCH
  5
4C3
330
17
100
AcDbEntity
  8
F-TL
 62
7
420
15431680
100
AcDbHatch
 10
0.0
 20
0.0
 30
0.0
210
0.0
220
0.0
230
1.0
  2
SOLID
 70
1
 71
0
 91
1
 92
3
 72
0
 73
1
 93
3
 10
417.7
 20
633.0
 10
414.3
 20
633.95
 10
414.3
 20
632.05
 97
0
 75
1
 76
1
 98
0
  0
HATCH
  5
4C4
330
17
100
AcDbEntity
  8
F-TL
 62
7
420
15431680
100
AcDbHatch
 10
0.0
 20
0.0
 30
0.0
210
0.0
220
0.0
230
1.0
  2
SOLID
 70
1
 71
0
 91
1
 92
3
 72
0
 73
1
 93
3
 10
439.7
 20
633.0
 10
436.3
 20
633.95
 10
436.3
 20
632.05
 97
0
 75
1
 76
1
 98
0
  0
HATCH
  5
4C5
330
17
100
AcDbEntity
  8
F-TL
 62
7
420
15431680
100
AcDbHatch
 10
0.0
 20
0.0
 30
0.0
210
0.0
220
0.0
230
1.0
  2
SOLID
 70
1
 71
0
 91
1
 92
3
 72
0
 73
1
 93
3
 10
461.7
 20
633.0
 10
458.3
 20
633.95
 10
458.3
 20
632.05
 97
0
 75
1
 76
1
 98
0
  0
HATCH
  5
4C6
330
17
100
AcDbEntity
  8
F-TL
 62
7
420
15431680
100
AcDbHatch
 10
0.0
 20
0.0
 30
0.0
210
0.0
220
0.0
230
1.0
  2
SOLID
 70
1
 71
0
 91
1
 92
3
 72
0
 73
1
 93
3
 10
483.7
 20
633.0
 10
480.3
 20
633.95
 10
480.3
 20
632.05
 97
0
 75
1
 76
1
 98
0
  0
HATCH
  5
4C7
330
17
100
AcDbEntity
  8
F-TL
 62
7
420
15431680
100
AcDbHatch
 10
0.0
 20
0.0
 30
0.0
210
0.0
220
0.0
230
1.0
  2
SOLID
 70
1
 71
0
 91
1
 92
3
 72
0
 73
1
 93
3
 10
505.7
 20
633.0
 10
502.3
 20
633.95
 10
502.3
 20
632.05
 97
0
 75
1
 76
1
 98
0
  0
HATCH
  5
4C8
330
17
100
AcDbEntity
  8
F-TL
 62
7
420
15431680
100
AcDbHatch
 10
0.0
 20
0.0
 30
0.0
210
0.0
220
0.0
230
1.0
  2
SOLID
 70
1
 71
0
 91
1
 92
3
 72
0
 73
1
 93
3
 10
514.0
 20
645.0
 10
513.05
 20
641.6
 10
514.95
 20
641.6
 97
0
 75
1
 76
1
 98
0
  0
LWPOLYLINE
  5
4C9
330
17
100
AcDbEntity
  8
F-RET
100
AcDbPolyline
 90
2
 70
0
 10
514.0
 20
645.0
 10
340.0
 20
645.0
  0
HATCH
  5
4CA
330
17
100
AcDbEntity
  8
F-RET
 62
7
420
9868950
100
AcDbHatch
 10
0.0
 20
0.0
 30
0.0
210
0.0
220
0.0
230
1.0
  2
SOLID
 70
1
 71
0
 91
1
 92
3
 72
0
 73
1
 93
3
 10
486.7
 20
645.0
 10
489.3
 20
644.35
 10
489.3
 20
645.65
 97
0
 75
1
 76
1
 98
0
  0
HATCH
  5
4CB
330
17
100
AcDbEntity
  8
F-RET
 62
7
420
9868950
100
AcDbHatch
 10
0.0
 20
0.0
 30
0.0
210
0.0
220
0.0
230
1.0
  2
SOLID
 70
1
 71
0
 91
1
 92
3
 72
0
 73
1
 93
3
 10
460.7
 20
645.0
 10
463.3
 20
644.35
 10
463.3
 20
645.65
 97
0
 75
1
 76
1
 98
0
  0
HATCH
  5
4CC
330
17
100
AcDbEntity
  8
F-RET
 62
7
420
9868950
100
AcDbHatch
 10
0.0
 20
0.0
 30
0.0
210
0.0
220
0.0
230
1.0
  2
SOLID
 70
1
 71
0
 91
1
 92
3
 72
0
 73
1
 93
3
 10
434.7
 20
645.0
 10
437.3
 20
644.35
 10
437.3
 20
645.65
 97
0
 75
1
 76
1
 98
0
  0
HATCH
  5
4CD
330
17
100
AcDbEntity
  8
F-RET
 62
7
420
9868950
100
AcDbHatch
 10
0.0
 20
0.0
 30
0.0
210
0.0
220
0.0
230
1.0
  2
SOLID
 70
1
 71
0
 91
1
 92
3
 72
0
 73
1
 93
3
 10
408.7
 20
645.0
 10
411.3
 20
644.35
 10
411.3
 20
645.65
 97
0
 75
1
 76
1
 98
0
  0
HATCH
  5
4CE
330
17
100
AcDbEntity
  8
F-RET
 62
7
420
9868950
100
AcDbHatch
 10
0.0
 20
0.0
 30
0.0
210
0.0
220
0.0
230
1.0
  2
SOLID
 70
1
 71
0
 91
1
 92
3
 72
0
 73
1
 93
3
 10
382.7
 20
645.0
 10
385.3
 20
644.35
 10
385.3
 20
645.65
 97
0
 75
1
 76
1
 98
0
  0
HATCH
  5
4CF
330
17
100
AcDbEntity
  8
F-RET
 62
7
420
9868950
100
AcDbHatch
 10
0.0
 20
0.0
 30
0.0
210
0.0
220
0.0
230
1.0
  2
SOLID
 70
1
 71
0
 91
1
 92
3
 72
0
 73
1
 93
3
 10
356.7
 20
645.0
 10
359.3
 20
644.35
 10
359.3
 20
645.65
 97
0
 75
1
 76
1
 98
0
  0
HATCH
  5
4D0
330
17
100
AcDbEntity
  8
F-RET
 62
7
420
9868950
100
AcDbHatch
 10
0.0
 20
0.0
 30
0.0
210
0.0
220
0.0
230
1.0
  2
SOLID
 70
1
 71
0
 91
1
 92
3
 72
0
 73
1
 93
3
 10
340.0
 20
645.0
 10
342.6
 20
644.35
 10
342.6
 20
645.65
 97
0
 75
1
 76
1
 98
0
  0
LWPOLYLINE
  5
4D1
330
17
100
AcDbEntity
  8
F-SE
100
AcDbPolyline
 90
2
 70
0
 10
369.0
 20
633.0
 10
369.0
 20
627.0
  0
HATCH
  5
4D2
330
17
100
AcDbEntity
  8
F-SE
 62
7
420
15431680
100
AcDbHatch
 10
0.0
 20
0.0
 30
0.0
210
0.0
220
0.0
230
1.0
  2
SOLID
 70
1
 71
0
 91
1
 92
3
 72
0
 73
1
 93
3
 10
369.0
 20
627.0
 10
369.65
 20
629.6
 10
368.35
 20
629.6
 97
0
 75
1
 76
1
 98
0
  0
LWPOLYLINE
  5
4D3
330
17
100
AcDbEntity
  8
F-SE
100
AcDbPolyline
 90
12
 70
0
 10
367.0
 20
609.0
 10
367.0
 20
604.0
 10
367.0
 20
593.0
 10
367.0
 20
583.0
 10
367.0
 20
573.0
 10
367.0
 20
535.0
 10
413.5
 20
535.0
 10
413.5
 20
539.0
 10
413.5
 20
549.0
 10
413.5
 20
568.0
 10
413.5
 20
600.0
 10
413.5
 20
605.0
  0
HATCH
  5
4D4
330
17
100
AcDbEntity
  8
F-SE
 62
7
420
15431680
100
AcDbHatch
 10
0.0
 20
0.0
 30
0.0
210
0.0
220
0.0
230
1.0
  2
SOLID
 70
1
 71
0
 91
1
 92
3
 72
0
 73
1
 93
3
 10
367.0
 20
585.7
 10
367.65
 20
588.3000000000001
 10
366.35
 20
588.3000000000001
 97
0
 75
1
 76
1
 98
0
  0
HATCH
  5
4D5
330
17
100
AcDbEntity
  8
F-SE
 62
7
420
15431680
100
AcDbHatch
 10
0.0
 20
0.0
 30
0.0
210
0.0
220
0.0
230
1.0
  2
SOLID
 70
1
 71
0
 91
1
 92
3
 72
0
 73
1
 93
3
 10
367.0
 20
563.7
 10
367.65
 20
566.3000000000001
 10
366.35
 20
566.3000000000001
 97
0
 75
1
 76
1
 98
0
  0
HATCH
  5
4D6
330
17
100
AcDbEntity
  8
F-SE
 62
7
420
15431680
100
AcDbHatch
 10
0.0
 20
0.0
 30
0.0
210
0.0
220
0.0
230
1.0
  2
SOLID
 70
1
 71
0
 91
1
 92
3
 72
0
 73
1
 93
3
 10
367.0
 20
541.7
 10
367.65
 20
544.3000000000001
 10
366.35
 20
544.3000000000001
 97
0
 75
1
 76
1
 98
0
  0
HATCH
  5
4D7
330
17
100
AcDbEntity
  8
F-SE
 62
7
420
15431680
100
AcDbHatch
 10
0.0
 20
0.0
 30
0.0
210
0.0
220
0.0
230
1.0
  2
SOLID
 70
1
 71
0
 91
1
 92
3
 72
0
 73
1
 93
3
 10
382.3
 20
535.0
 10
379.7
 20
535.65
 10
379.7
 20
534.35
 97
0
 75
1
 76
1
 98
0
  0
HATCH
  5
4D8
330
17
100
AcDbEntity
  8
F-SE
 62
7
420
15431680
100
AcDbHatch
 10
0.0
 20
0.0
 30
0.0
210
0.0
220
0.0
230
1.0
  2
SOLID
 70
1
 71
0
 91
1
 92
3
 72
0
 73
1
 93
3
 10
404.3
 20
535.0
 10
401.7
 20
535.65
 10
401.7
 20
534.35
 97
0
 75
1
 76
1
 98
0
  0
HATCH
  5
4D9
330
17
100
AcDbEntity
  8
F-SE
 62
7
420
15431680
100
AcDbHatch
 10
0.0
 20
0.0
 30
0.0
210
0.0
220
0.0
230
1.0
  2
SOLID
 70
1
 71
0
 91
1
 92
3
 72
0
 73
1
 93
3
 10
413.5
 20
569.8
 10
412.85
 20
567.1999999999999
 10
414.15
 20
567.1999999999999
 97
0
 75
1
 76
1
 98
0
  0
HATCH
  5
4DA
330
17
100
AcDbEntity
  8
F-SE
 62
7
420
15431680
100
AcDbHatch
 10
0.0
 20
0.0
 30
0.0
210
0.0
220
0.0
230
1.0
  2
SOLID
 70
1
 71
0
 91
1
 92
3
 72
0
 73
1
 93
3
 10
413.5
 20
591.8
 10
412.85
 20
589.1999999999999
 10
414.15
 20
589.1999999999999
 97
0
 75
1
 76
1
 98
0
  0
HATCH
  5
4DB
330
17
100
AcDbEntity
  8
F-SE
 62
7
420
15431680
100
AcDbHatch
 10
0.0
 20
0.0
 30
0.0
210
0.0
220
0.0
230
1.0
  2
SOLID
 70
1
 71
0
 91
1
 92
3
 72
0
 73
1
 93
3
 10
413.5
 20
605.0
 10
412.85
 20
602.4
 10
414.15
 20
602.4
 97
0
 75
1
 76
1
 98
0
  0
LWPOLYLINE
  5
4DC
330
17
100
AcDbEntity
  8
F-SE
100
AcDbPolyline
 90
2
 70
0
 10
413.5
 20
627.5
 10
413.5
 20
633.0
  0
HATCH
  5
4DD
330
17
100
AcDbEntity
  8
F-SE
 62
7
420
15431680
100
AcDbHatch
 10
0.0
 20
0.0
 30
0.0
210
0.0
220
0.0
230
1.0
  2
SOLID
 70
1
 71
0
 91
1
 92
3
 72
0
 73
1
 93
3
 10
413.5
 20
633.0
 10
412.85
 20
630.4
 10
414.15
 20
630.4
 97
0
 75
1
 76
1
 98
0
  0
LWPOLYLINE
  5
4DE
330
17
100
AcDbEntity
  8
F-SE
100
AcDbPolyline
 90
2
 70
0
 10
433.0
 20
633.0
 10
433.0
 20
627.5
  0
HATCH
  5
4DF
330
17
100
AcDbEntity
  8
F-SE
 62
7
420
15431680
100
AcDbHatch
 10
0.0
 20
0.0
 30
0.0
210
0.0
220
0.0
230
1.0
  2
SOLID
 70
1
 71
0
 91
1
 92
3
 72
0
 73
1
 93
3
 10
433.0
 20
627.5
 10
433.65
 20
630.1
 10
432.35
 20
630.1
 97
0
 75
1
 76
1
 98
0
  0
LWPOLYLINE
  5
4E0
330
17
100
AcDbEntity
  8
F-SE
100
AcDbPolyline
 90
14
 70
0
 10
431.0
 20
611.0
 10
431.0
 20
607.0
 10
431.0
 20
597.5
 10
431.0
 20
584.0
 10
431.0
 20
566.5
 10
431.0
 20
557.0
 10
431.0
 20
535.75
 10
442.0
 20
535.75
 10
457.0
 20
535.75
 10
478.25
 20
537.0
 10
478.25
 20
559.5
 10
477.5
 20
567.0
 10
477.5
 20
586.5
 10
475.0
 20
605.0
  0
HATCH
  5
4E1
330
17
100
AcDbEntity
  8
F-SE
 62
7
420
15431680
100
AcDbHatch
 10
0.0
 20
0.0
 30
0.0
210
0.0
220
0.0
230
1.0
  2
SOLID
 70
1
 71
0
 91
1
 92
3
 72
0
 73
1
 93
3
 10
431.0
 20
587.7
 10
431.65
 20
590.3000000000001
 10
430.35
 20
590.3000000000001
 97
0
 75
1
 76
1
 98
0
  0
HATCH
  5
4E2
330
17
100
AcDbEntity
  8
F-SE
 62
7
420
15431680
100
AcDbHatch
 10
0.0
 20
0.0
 30
0.0
210
0.0
220
0.0
230
1.0
  2
SOLID
 70
1
 71
0
 91
1
 92
3
 72
0
 73
1
 93
3
 10
431.0
 20
543.7
 10
431.65
 20
546.3000000000001
 10
430.35
 20
546.3000000000001
 97
0
 75
1
 76
1
 98
0
  0
HATCH
  5
4E3
330
17
100
AcDbEntity
  8
F-SE
 62
7
420
15431680
100
AcDbHatch
 10
0.0
 20
0.0
 30
0.0
210
0.0
220
0.0
230
1.0
  2
SOLID
 70
1
 71
0
 91
1
 92
3
 72
0
 73
1
 93
3
 10
445.05
 20
535.75
 10
442.45
 20
536.4
 10
442.45
 20
535.1
 97
0
 75
1
 76
1
 98
0
  0
HATCH
  5
4E4
330
17
100
AcDbEntity
  8
F-SE
 62
7
420
15431680
100
AcDbHatch
 10
0.0
 20
0.0
 30
0.0
210
0.0
220
0.0
230
1.0
  2
SOLID
 70
1
 71
0
 91
1
 92
3
 72
0
 73
1
 93
3
 10
467.0326574504087
 20
536.3401563206123
 10
464.39897476588527
 20
536.8363574061023
 10
464.47531339442213
 20
535.5386007209747
 97
0
 75
1
 76
1
 98
0
  0
HATCH
  5
4E5
330
17
100
AcDbEntity
  8
F-SE
 62
7
420
15431680
100
AcDbHatch
 10
0.0
 20
0.0
 30
0.0
210
0.0
220
0.0
230
1.0
  2
SOLID
 70
1
 71
0
 91
1
 92
3
 72
0
 73
1
 93
3
 10
478.25
 20
547.763267042592
 10
477.6
 20
545.163267042592
 10
478.9
 20
545.163267042592
 97
0
 75
1
 76
1
 98
0
  0
HATCH
  5
4E6
330
17
100
AcDbEntity
  8
F-SE
 62
7
420
15431680
100
AcDbHatch
 10
0.0
 20
0.0
 30
0.0
210
0.0
220
0.0
230
1.0
  2
SOLID
 70
1
 71
0
 91
1
 92
3
 72
0
 73
1
 93
3
 10
477.5
 20
569.7258603267513
 10
476.85
 20
567.1258603267513
 10
478.15
 20
567.1258603267513
 97
0
 75
1
 76
1
 98
0
  0
HATCH
  5
4E7
330
17
100
AcDbEntity
  8
F-SE
 62
7
420
15431680
100
AcDbHatch
 10
0.0
 20
0.0
 30
0.0
210
0.0
220
0.0
230
1.0
  2
SOLID
 70
1
 71
0
 91
1
 92
3
 72
0
 73
1
 93
3
 10
476.8001637802443
 20
591.6787880261921
 10
476.50420523008125
 20
589.0151610747245
 10
477.79249538961466
 20
589.1892543395262
 97
0
 75
1
 76
1
 98
0
  0
HATCH
  5
4E8
330
17
100
AcDbEntity
  8
F-SE
 62
7
420
15431680
100
AcDbHatch
 10
0.0
 20
0.0
 30
0.0
210
0.0
220
0.0
230
1.0
  2
SOLID
 70
1
 71
0
 91
1
 92
3
 72
0
 73
1
 93
3
 10
475.0
 20
605.0
 10
474.70404144983695
 20
602.3363730485323
 10
475.99233160937035
 20
602.5104663133341
 97
0
 75
1
 76
1
 98
0
  0
LWPOLYLINE
  5
4E9
330
17
100
AcDbEntity
  8
F-SE
100
AcDbPolyline
 90
2
 70
0
 10
475.0
 20
627.5
 10
475.0
 20
633.0
  0
HATCH
  5
4EA
330
17
100
AcDbEntity
  8
F-SE
 62
7
420
15431680
100
AcDbHatch
 10
0.0
 20
0.0
 30
0.0
210
0.0
220
0.0
230
1.0
  2
SOLID
 70
1
 71
0
 91
1
 92
3
 72
0
 73
1
 93
3
 10
475.0
 20
633.0
 10
474.35
 20
630.4
 10
475.65
 20
630.4
 97
0
 75
1
 76
1
 98
0
  0
LWPOLYLINE
  5
4EB
330
17
100
AcDbEntity
  8
F-SE
100
AcDbPolyline
 90
2
 70
0
 10
509.5
 20
633.0
 10
509.5
 20
627.0
  0
HATCH
  5
4EC
330
17
100
AcDbEntity
  8
F-SE
 62
7
420
15431680
100
AcDbHatch
 10
0.0
 20
0.0
 30
0.0
210
0.0
220
0.0
230
1.0
  2
SOLID
 70
1
 71
0
 91
1
 92
3
 72
0
 73
1
 93
3
 10
509.5
 20
627.0
 10
510.15
 20
629.6
 10
508.85
 20
629.6
 97
0
 75
1
 76
1
 98
0
  0
LWPOLYLINE
  5
4ED
330
17
100
AcDbEntity
  8
F-SE
100
AcDbPolyline
 90
14
 70
0
 10
503.5
 20
594.0
 10
503.5
 20
588.0
 10
503.5
 20
546.0
 10
503.5
 20
540.0
 10
503.5
 20
510.0
 10
503.5
 20
499.0
 10
523.0
 20
493.0
 10
533.0
 20
493.0
 10
567.0
 20
499.0
 10
567.0
 20
510.0
 10
567.0
 20
540.0
 10
567.0
 20
546.0
 10
567.0
 20
588.0
 10
560.5
 20
594.0
  0
HATCH
  5
4EE
330
17
100
AcDbEntity
  8
F-SE
 62
7
420
15431680
100
AcDbHatch
 10
0.0
 20
0.0
 30
0.0
210
0.0
220
0.0
230
1.0
  2
SOLID
 70
1
 71
0
 91
1
 92
3
 72
0
 73
1
 93
3
 10
503.5
 20
570.7
 10
504.15
 20
573.3000000000001
 10
502.85
 20
573.3000000000001
 97
0
 75
1
 76
1
 98
0
  0
HATCH
  5
4EF
330
17
100
AcDbEntity
  8
F-SE
 62
7
420
15431680
100
AcDbHatch
 10
0.0
 20
0.0
 30
0.0
210
0.0
220
0.0
230
1.0
  2
SOLID
 70
1
 71
0
 91
1
 92
3
 72
0
 73
1
 93
3
 10
503.5
 20
548.7
 10
504.15
 20
551.3000000000001
 10
502.85
 20
551.3000000000001
 97
0
 75
1
 76
1
 98
0
  0
HATCH
  5
4F0
330
17
100
AcDbEntity
  8
F-SE
 62
7
420
15431680
100
AcDbHatch
 10
0.0
 20
0.0
 30
0.0
210
0.0
220
0.0
230
1.0
  2
SOLID
 70
1
 71
0
 91
1
 92
3
 72
0
 73
1
 93
3
 10
503.5
 20
526.7
 10
504.15
 20
529.3000000000001
 10
502.85
 20
529.3000000000001
 97
0
 75
1
 76
1
 98
0
  0
HATCH
  5
4F1
330
17
100
AcDbEntity
  8
F-SE
 62
7
420
15431680
100
AcDbHatch
 10
0.0
 20
0.0
 30
0.0
210
0.0
220
0.0
230
1.0
  2
SOLID
 70
1
 71
0
 91
1
 92
3
 72
0
 73
1
 93
3
 10
503.5
 20
504.7
 10
504.15
 20
507.3
 10
502.85
 20
507.3
 97
0
 75
1
 76
1
 98
0
  0
HATCH
  5
4F2
330
17
100
AcDbEntity
  8
F-SE
 62
7
420
15431680
100
AcDbHatch
 10
0.0
 20
0.0
 30
0.0
210
0.0
220
0.0
230
1.0
  2
SOLID
 70
1
 71
0
 91
1
 92
3
 72
0
 73
1
 93
3
 10
519.0791978421678
 20
494.2064006639484
 10
516.7853282212351
 20
495.5922802265952
 10
516.4030166177464
 20
494.34976751525664
 97
0
 75
1
 76
1
 98
0
  0
HATCH
  5
4F3
330
17
100
AcDbEntity
  8
F-SE
 62
7
420
15431680
100
AcDbHatch
 10
0.0
 20
0.0
 30
0.0
210
0.0
220
0.0
230
1.0
  2
SOLID
 70
1
 71
0
 91
1
 92
3
 72
0
 73
1
 93
3
 10
540.7776179154231
 20
494.37252080860407
 10
538.1042201954556
 20
494.56078825367223
 10
538.3301411295374
 20
493.2805696272089
 97
0
 75
1
 76
1
 98
0
  0
HATCH
  5
4F4
330
17
100
AcDbEntity
  8
F-SE
 62
7
420
15431680
100
AcDbHatch
 10
0.0
 20
0.0
 30
0.0
210
0.0
220
0.0
230
1.0
  2
SOLID
 70
1
 71
0
 91
1
 92
3
 72
0
 73
1
 93
3
 10
562.4428562094176
 20
498.1957981546031
 10
559.7694584894501
 20
498.38406559967126
 10
559.995379423532
 20
497.1038469732079
 97
0
 75
1
 76
1
 98
0
  0
HATCH
  5
4F5
330
17
100
AcDbEntity
  8
F-SE
 62
7
420
15431680
100
AcDbHatch
 10
0.0
 20
0.0
 30
0.0
210
0.0
220
0.0
230
1.0
  2
SOLID
 70
1
 71
0
 91
1
 92
3
 72
0
 73
1
 93
3
 10
567.0
 20
516.3724412336327
 10
566.35
 20
513.7724412336327
 10
567.65
 20
513.7724412336327
 97
0
 75
1
 76
1
 98
0
  0
HATCH
  5
4F6
330
17
100
AcDbEntity
  8
F-SE
 62
7
420
15431680
100
AcDbHatch
 10
0.0
 20
0.0
 30
0.0
210
0.0
220
0.0
230
1.0
  2
SOLID
 70
1
 71
0
 91
1
 92
3
 72
0
 73
1
 93
3
 10
567.0
 20
560.3724412336327
 10
566.35
 20
557.7724412336327
 10
567.65
 20
557.7724412336327
 97
0
 75
1
 76
1
 98
0
  0
HATCH
  5
4F7
330
17
100
AcDbEntity
  8
F-SE
 62
7
420
15431680
100
AcDbHatch
 10
0.0
 20
0.0
 30
0.0
210
0.0
220
0.0
230
1.0
  2
SOLID
 70
1
 71
0
 91
1
 92
3
 72
0
 73
1
 93
3
 10
567.0
 20
582.3724412336327
 10
566.35
 20
579.7724412336327
 10
567.65
 20
579.7724412336327
 97
0
 75
1
 76
1
 98
0
  0
HATCH
  5
4F8
330
17
100
AcDbEntity
  8
F-SE
 62
7
420
15431680
100
AcDbHatch
 10
0.0
 20
0.0
 30
0.0
210
0.0
220
0.0
230
1.0
  2
SOLID
 70
1
 71
0
 91
1
 92
3
 72
0
 73
1
 93
3
 10
560.5
 20
594.0
 10
561.969606889255
 20
591.7588494938863
 10
562.8513710228079
 20
592.7140939719019
 97
0
 75
1
 76
1
 98
0
  0
LWPOLYLINE
  5
4F9
330
17
100
AcDbEntity
  8
F-SE
100
AcDbPolyline
 90
3
 70
0
 10
574.0
 20
608.0
 10
582.5
 20
608.0
 10
597.0
 20
605.5
  0
HATCH
  5
4FA
330
17
100
AcDbEntity
  8
F-SE
 62
7
420
15431680
100
AcDbHatch
 10
0.0
 20
0.0
 30
0.0
210
0.0
220
0.0
230
1.0
  2
SOLID
 70
1
 71
0
 91
1
 92
3
 72
0
 73
1
 93
3
 10
597.0
 20
605.5
 10
594.5482431947947
 20
606.5823070581537
 10
594.3273642033347
 20
605.301208907686
 97
0
 75
1
 76
1
 98
0
  0
LWPOLYLINE
  5
4FB
330
17
100
AcDbEntity
  8
F-SE
100
AcDbPolyline
 90
3
 70
0
 10
614.0
 20
605.5
 10
618.5
 20
603.0
 10
621.0
 20
607.5
  0
HATCH
  5
4FC
330
17
100
AcDbEntity
  8
F-SE
 62
7
420
15431680
100
AcDbHatch
 10
0.0
 20
0.0
 30
0.0
210
0.0
220
0.0
230
1.0
  2
SOLID
 70
1
 71
0
 91
1
 92
3
 72
0
 73
1
 93
3
 10
621.0
 20
607.5
 10
619.1691261494566
 20
605.5428589873501
 10
620.3055306084145
 20
604.9115231768179
 97
0
 75
1
 76
1
 98
0
  0
LWPOLYLINE
  5
4FD
330
17
100
AcDbEntity
  8
F-SE
100
AcDbPolyline
 90
2
 70
0
 10
618.5
 20
603.0
 10
621.0
 20
597.5
  0
HATCH
  5
4FE
330
17
100
AcDbEntity
  8
F-SE
 62
7
420
15431680
100
AcDbHatch
 10
0.0
 20
0.0
 30
0.0
210
0.0
220
0.0
230
1.0
  2
SOLID
 70
1
 71
0
 91
1
 92
3
 72
0
 73
1
 93
3
 10
621.0
 20
597.5
 10
620.5158505551676
 20
600.1359247551985
 10
619.3323741344661
 20
599.597980927607
 97
0
 75
1
 76
1
 98
0
  0
LWPOLYLINE
  5
4FF
330
17
100
AcDbEntity
  8
F-SE
100
AcDbPolyline
 90
8
 70
0
 10
631.0
 20
602.5
 10
635.0
 20
602.5
 10
642.5
 20
602.5
 10
645.0
 20
602.5
 10
652.5
 20
602.5
 10
655.0
 20
602.5
 10
662.5
 20
602.5
 10
664.5
 20
609.5
  0
HATCH
  5
500
330
17
100
AcDbEntity
  8
F-SE
 62
7
420
15431680
100
AcDbHatch
 10
0.0
 20
0.0
 30
0.0
210
0.0
220
0.0
230
1.0
  2
SOLID
 70
1
 71
0
 91
1
 92
3
 72
0
 73
1
 93
3
 10
664.5
 20
609.5
 10
663.1607345015003
 20
607.1786064692672
 10
664.4107156334334
 20
606.8214690030006
 97
0
 75
1
 76
1
 98
0
  0
LWPOLYLINE
  5
501
330
17
100
AcDbEntity
  8
F-SE
100
AcDbPolyline
 90
2
 70
0
 10
662.5
 20
602.5
 10
664.5
 20
597.0
  0
HATCH
  5
502
330
17
100
AcDbEntity
  8
F-SE
 62
7
420
15431680
100
AcDbHatch
 10
0.0
 20
0.0
 30
0.0
210
0.0
220
0.0
230
1.0
  2
SOLID
 70
1
 71
0
 91
1
 92
3
 72
0
 73
1
 93
3
 10
664.5
 20
597.0
 10
664.222333761242
 20
599.6655958920762
 10
663.0006023107071
 20
599.2213299100636
 97
0
 75
1
 76
1
 98
0
  0
LWPOLYLINE
  5
503
330
17
100
AcDbEntity
  8
F-SE
100
AcDbPolyline
 90
2
 70
0
 10
662.5
 20
602.5
 10
664.5
 20
618.5
  0
HATCH
  5
504
330
17
100
AcDbEntity
  8
F-SE
 62
7
420
15431680
100
AcDbHatch
 10
0.0
 20
0.0
 30
0.0
210
0.0
220
0.0
230
1.0
  2
SOLID
 70
1
 71
0
 91
1
 92
3
 72
0
 73
1
 93
3
 10
664.5
 20
618.5
 10
663.5325290702042
 20
616.0007000980276
 10
664.8224903099319
 20
615.8394549430615
 97
0
 75
1
 76
1
 98
0
  0
LWPOLYLINE
  5
505
330
17
100
AcDbEntity
  8
F-SE
100
AcDbPolyline
 90
4
 70
0
 10
795.0
 20
521.0
 10
753.5
 20
521.0
 10
615.0
 20
521.0
 10
600.0
 20
521.0
  0
HATCH
  5
506
330
17
100
AcDbEntity
  8
F-SE
 62
7
420
15431680
100
AcDbHatch
 10
0.0
 20
0.0
 30
0.0
210
0.0
220
0.0
230
1.0
  2
SOLID
 70
1
 71
0
 91
1
 92
3
 72
0
 73
1
 93
3
 10
771.7
 20
521.0
 10
774.3000000000001
 20
520.35
 10
774.3000000000001
 20
521.65
 97
0
 75
1
 76
1
 98
0
  0
HATCH
  5
507
330
17
100
AcDbEntity
  8
F-SE
 62
7
420
15431680
100
AcDbHatch
 10
0.0
 20
0.0
 30
0.0
210
0.0
220
0.0
230
1.0
  2
SOLID
 70
1
 71
0
 91
1
 92
3
 72
0
 73
1
 93
3
 10
749.7
 20
521.0
 10
752.3000000000001
 20
520.35
 10
752.3000000000001
 20
521.65
 97
0
 75
1
 76
1
 98
0
  0
HATCH
  5
508
330
17
100
AcDbEntity
  8
F-SE
 62
7
420
15431680
100
AcDbHatch
 10
0.0
 20
0.0
 30
0.0
210
0.0
220
0.0
230
1.0
  2
SOLID
 70
1
 71
0
 91
1
 92
3
 72
0
 73
1
 93
3
 10
727.7
 20
521.0
 10
730.3000000000001
 20
520.35
 10
730.3000000000001
 20
521.65
 97
0
 75
1
 76
1
 98
0
  0
HATCH
  5
509
330
17
100
AcDbEntity
  8
F-SE
 62
7
420
15431680
100
AcDbHatch
 10
0.0
 20
0.0
 30
0.0
210
0.0
220
0.0
230
1.0
  2
SOLID
 70
1
 71
0
 91
1
 92
3
 72
0
 73
1
 93
3
 10
705.7
 20
521.0
 10
708.3000000000001
 20
520.35
 10
708.3000000000001
 20
521.65
 97
0
 75
1
 76
1
 98
0
  0
HATCH
  5
50A
330
17
100
AcDbEntity
  8
F-SE
 62
7
420
15431680
100
AcDbHatch
 10
0.0
 20
0.0
 30
0.0
210
0.0
220
0.0
230
1.0
  2
SOLID
 70
1
 71
0
 91
1
 92
3
 72
0
 73
1
 93
3
 10
683.7
 20
521.0
 10
686.3000000000001
 20
520.35
 10
686.3000000000001
 20
521.65
 97
0
 75
1
 76
1
 98
0
  0
HATCH
  5
50B
330
17
100
AcDbEntity
  8
F-SE
 62
7
420
15431680
100
AcDbHatch
 10
0.0
 20
0.0
 30
0.0
210
0.0
220
0.0
230
1.0
  2
SOLID
 70
1
 71
0
 91
1
 92
3
 72
0
 73
1
 93
3
 10
661.7
 20
521.0
 10
664.3000000000001
 20
520.35
 10
664.3000000000001
 20
521.65
 97
0
 75
1
 76
1
 98
0
  0
HATCH
  5
50C
330
17
100
AcDbEntity
  8
F-SE
 62
7
420
15431680
100
AcDbHatch
 10
0.0
 20
0.0
 30
0.0
210
0.0
220
0.0
230
1.0
  2
SOLID
 70
1
 71
0
 91
1
 92
3
 72
0
 73
1
 93
3
 10
639.7
 20
521.0
 10
642.3000000000001
 20
520.35
 10
642.3000000000001
 20
521.65
 97
0
 75
1
 76
1
 98
0
  0
HATCH
  5
50D
330
17
100
AcDbEntity
  8
F-SE
 62
7
420
15431680
100
AcDbHatch
 10
0.0
 20
0.0
 30
0.0
210
0.0
220
0.0
230
1.0
  2
SOLID
 70
1
 71
0
 91
1
 92
3
 72
0
 73
1
 93
3
 10
617.7
 20
521.0
 10
620.3000000000001
 20
520.35
 10
620.3000000000001
 20
521.65
 97
0
 75
1
 76
1
 98
0
  0
HATCH
  5
50E
330
17
100
AcDbEntity
  8
F-SE
 62
7
420
15431680
100
AcDbHatch
 10
0.0
 20
0.0
 30
0.0
210
0.0
220
0.0
230
1.0
  2
SOLID
 70
1
 71
0
 91
1
 92
3
 72
0
 73
1
 93
3
 10
600.0
 20
521.0
 10
602.6
 20
520.35
 10
602.6
 20
521.65
 97
0
 75
1
 76
1
 98
0
  0
LWPOLYLINE
  5
50F
330
17
100
AcDbEntity
  8
F-SE
100
AcDbPolyline
 90
8
 70
0
 10
592.5
 20
511.0
 10
592.5
 20
508.5
 10
610.0
 20
508.5
 10
610.0
 20
500.5
 10
615.0
 20
500.5
 10
620.0
 20
500.5
 10
635.0
 20
500.5
 10
643.0
 20
500.5
  0
HATCH
  5
510
330
17
100
AcDbEntity
  8
F-SE
 62
7
420
15431680
100
AcDbHatch
 10
0.0
 20
0.0
 30
0.0
210
0.0
220
0.0
230
1.0
  2
SOLID
 70
1
 71
0
 91
1
 92
3
 72
0
 73
1
 93
3
 10
610.0
 20
505.2
 10
610.65
 20
507.8
 10
609.35
 20
507.8
 97
0
 75
1
 76
1
 98
0
  0
HATCH
  5
511
330
17
100
AcDbEntity
  8
F-SE
 62
7
420
15431680
100
AcDbHatch
 10
0.0
 20
0.0
 30
0.0
210
0.0
220
0.0
230
1.0
  2
SOLID
 70
1
 71
0
 91
1
 92
3
 72
0
 73
1
 93
3
 10
627.3
 20
500.5
 10
624.6999999999999
 20
501.15
 10
624.6999999999999
 20
499.85
 97
0
 75
1
 76
1
 98
0
  0
HATCH
  5
512
330
17
100
AcDbEntity
  8
F-SE
 62
7
420
15431680
100
AcDbHatch
 10
0.0
 20
0.0
 30
0.0
210
0.0
220
0.0
230
1.0
  2
SOLID
 70
1
 71
0
 91
1
 92
3
 72
0
 73
1
 93
3
 10
643.0
 20
500.5
 10
640.4
 20
501.15
 10
640.4
 20
499.85
 97
0
 75
1
 76
1
 98
0
  0
LWPOLYLINE
  5
513
330
17
100
AcDbEntity
  8
F-PT
100
AcDbPolyline
 90
2
 70
0
 10
674.5
 20
609.75
 10
677.0
 20
611.5
  0
HATCH
  5
514
330
17
100
AcDbEntity
  8
F-PT
 62
7
420
38460
100
AcDbHatch
 10
0.0
 20
0.0
 30
0.0
210
0.0
220
0.0
230
1.0
  2
SOLID
 70
1
 71
0
 91
1
 92
3
 72
0
 73
1
 93
3
 10
677.0
 20
611.5
 10
674.4972464828143
 20
610.5414986529927
 10
675.2427475304867
 20
609.4764971563179
 97
0
 75
1
 76
1
 98
0
  0
LWPOLYLINE
  5
515
330
17
100
AcDbEntity
  8
F-PT
100
AcDbPolyline
 90
2
 70
0
 10
674.5
 20
596.75
 10
677.0
 20
606.0
  0
HATCH
  5
516
330
17
100
AcDbEntity
  8
F-PT
 62
7
420
38460
100
AcDbHatch
 10
0.0
 20
0.0
 30
0.0
210
0.0
220
0.0
230
1.0
  2
SOLID
 70
1
 71
0
 91
1
 92
3
 72
0
 73
1
 93
3
 10
677.0
 20
606.0
 10
675.6941503291604
 20
603.6596460444692
 10
676.9491227400971
 20
603.3204643117837
 97
0
 75
1
 76
1
 98
0
  0
LWPOLYLINE
  5
517
330
17
100
AcDbEntity
  8
F-PT
100
AcDbPolyline
 90
2
 70
0
 10
674.5
 20
618.75
 10
677.0
 20
617.0
  0
HATCH
  5
518
330
17
100
AcDbEntity
  8
F-PT
 62
7
420
38460
100
AcDbHatch
 10
0.0
 20
0.0
 30
0.0
210
0.0
220
0.0
230
1.0
  2
SOLID
 70
1
 71
0
 91
1
 92
3
 72
0
 73
1
 93
3
 10
677.0
 20
617.0
 10
675.2427475304867
 20
619.0235028436821
 10
674.4972464828143
 20
617.9585013470073
 97
0
 75
1
 76
1
 98
0
  0
LWPOLYLINE
  5
519
330
17
100
AcDbEntity
  8
F-PT
100
AcDbPolyline
 90
4
 70
0
 10
684.5
 20
611.5
 10
693.75
 20
611.5
 10
693.75
 20
602.0
 10
702.5
 20
602.0
  0
HATCH
  5
51A
330
17
100
AcDbEntity
  8
F-PT
 62
7
420
38460
100
AcDbHatch
 10
0.0
 20
0.0
 30
0.0
210
0.0
220
0.0
230
1.0
  2
SOLID
 70
1
 71
0
 91
1
 92
3
 72
0
 73
1
 93
3
 10
702.5
 20
602.0
 10
699.9
 20
602.65
 10
699.9
 20
601.35
 97
0
 75
1
 76
1
 98
0
  0
LWPOLYLINE
  5
51B
330
17
100
AcDbEntity
  8
F-PT
100
AcDbPolyline
 90
4
 70
0
 10
713.5
 20
614.5
 10
722.25
 20
614.5
 10
753.5
 20
614.5
 10
785.0
 20
614.5
  0
HATCH
  5
51C
330
17
100
AcDbEntity
  8
F-PT
 62
7
420
38460
100
AcDbHatch
 10
0.0
 20
0.0
 30
0.0
210
0.0
220
0.0
230
1.0
  2
SOLID
 70
1
 71
0
 91
1
 92
3
 72
0
 73
1
 93
3
 10
740.8
 20
614.5
 10
738.1999999999999
 20
615.15
 10
738.1999999999999
 20
613.85
 97
0
 75
1
 76
1
 98
0
  0
HATCH
  5
51D
330
17
100
AcDbEntity
  8
F-PT
 62
7
420
38460
100
AcDbHatch
 10
0.0
 20
0.0
 30
0.0
210
0.0
220
0.0
230
1.0
  2
SOLID
 70
1
 71
0
 91
1
 92
3
 72
0
 73
1
 93
3
 10
766.8
 20
614.5
 10
764.1999999999999
 20
615.15
 10
764.1999999999999
 20
613.85
 97
0
 75
1
 76
1
 98
0
  0
HATCH
  5
51E
330
17
100
AcDbEntity
  8
F-PT
 62
7
420
38460
100
AcDbHatch
 10
0.0
 20
0.0
 30
0.0
210
0.0
220
0.0
230
1.0
  2
SOLID
 70
1
 71
0
 91
1
 92
3
 72
0
 73
1
 93
3
 10
785.0
 20
614.5
 10
782.4
 20
615.15
 10
782.4
 20
613.85
 97
0
 75
1
 76
1
 98
0
  0
LWPOLYLINE
  5
51F
330
17
100
AcDbEntity
  8
F-PT
100
AcDbPolyline
 90
4
 70
0
 10
713.5
 20
579.5
 10
722.25
 20
579.5
 10
753.5
 20
579.5
 10
785.0
 20
579.5
  0
HATCH
  5
520
330
17
100
AcDbEntity
  8
F-PT
 62
7
420
38460
100
AcDbHatch
 10
0.0
 20
0.0
 30
0.0
210
0.0
220
0.0
230
1.0
  2
SOLID
 70
1
 71
0
 91
1
 92
3
 72
0
 73
1
 93
3
 10
740.8
 20
579.5
 10
738.1999999999999
 20
580.15
 10
738.1999999999999
 20
578.85
 97
0
 75
1
 76
1
 98
0
  0
HATCH
  5
521
330
17
100
AcDbEntity
  8
F-PT
 62
7
420
38460
100
AcDbHatch
 10
0.0
 20
0.0
 30
0.0
210
0.0
220
0.0
230
1.0
  2
SOLID
 70
1
 71
0
 91
1
 92
3
 72
0
 73
1
 93
3
 10
766.8
 20
579.5
 10
764.1999999999999
 20
580.15
 10
764.1999999999999
 20
578.85
 97
0
 75
1
 76
1
 98
0
  0
HATCH
  5
522
330
17
100
AcDbEntity
  8
F-PT
 62
7
420
38460
100
AcDbHatch
 10
0.0
 20
0.0
 30
0.0
210
0.0
220
0.0
230
1.0
  2
SOLID
 70
1
 71
0
 91
1
 92
3
 72
0
 73
1
 93
3
 10
785.0
 20
579.5
 10
782.4
 20
580.15
 10
782.4
 20
578.85
 97
0
 75
1
 76
1
 98
0
  0
LWPOLYLINE
  5
523
330
17
100
AcDbEntity
  8
F-PT
100
AcDbPolyline
 90
4
 70
0
 10
656.0
 20
500.5
 10
676.0
 20
500.5
 10
753.5
 20
499.0
 10
795.0
 20
499.0
  0
HATCH
  5
524
330
17
100
AcDbEntity
  8
F-PT
 62
7
420
38460
100
AcDbHatch
 10
0.0
 20
0.0
 30
0.0
210
0.0
220
0.0
230
1.0
  2
SOLID
 70
1
 71
0
 91
1
 92
3
 72
0
 73
1
 93
3
 10
683.2986330583379
 20
500.35873613435473
 10
680.7116982036791
 20
501.05892757799825
 10
680.6865416248656
 20
499.7591710059654
 97
0
 75
1
 76
1
 98
0
  0
HATCH
  5
525
330
17
100
AcDbEntity
  8
F-PT
 62
7
420
38460
100
AcDbHatch
 10
0.0
 20
0.0
 30
0.0
210
0.0
220
0.0
230
1.0
  2
SOLID
 70
1
 71
0
 91
1
 92
3
 72
0
 73
1
 93
3
 10
709.2937644989935
 20
499.855604558084
 10
706.7068296443347
 20
500.5557960017275
 10
706.6816730655212
 20
499.2560394296947
 97
0
 75
1
 76
1
 98
0
  0
HATCH
  5
526
330
17
100
AcDbEntity
  8
F-PT
 62
7
420
38460
100
AcDbHatch
 10
0.0
 20
0.0
 30
0.0
210
0.0
220
0.0
230
1.0
  2
SOLID
 70
1
 71
0
 91
1
 92
3
 72
0
 73
1
 93
3
 10
735.288895939649
 20
499.35247298181326
 10
732.7019610849902
 20
500.0526644254568
 10
732.6768045061767
 20
498.75290785342395
 97
0
 75
1
 76
1
 98
0
  0
HATCH
  5
527
330
17
100
AcDbEntity
  8
F-PT
 62
7
420
38460
100
AcDbHatch
 10
0.0
 20
0.0
 30
0.0
210
0.0
220
0.0
230
1.0
  2
SOLID
 70
1
 71
0
 91
1
 92
3
 72
0
 73
1
 93
3
 10
761.2854852301841
 20
499.0
 10
758.6854852301841
 20
499.65
 10
758.6854852301841
 20
498.35
 97
0
 75
1
 76
1
 98
0
  0
HATCH
  5
528
330
17
100
AcDbEntity
  8
F-PT
 62
7
420
38460
100
AcDbHatch
 10
0.0
 20
0.0
 30
0.0
210
0.0
220
0.0
230
1.0
  2
SOLID
 70
1
 71
0
 91
1
 92
3
 72
0
 73
1
 93
3
 10
787.2854852301841
 20
499.0
 10
784.6854852301841
 20
499.65
 10
784.6854852301841
 20
498.35
 97
0
 75
1
 76
1
 98
0
  0
HATCH
  5
529
330
17
100
AcDbEntity
  8
F-PT
 62
7
420
38460
100
AcDbHatch
 10
0.0
 20
0.0
 30
0.0
210
0.0
220
0.0
230
1.0
  2
SOLID
 70
1
 71
0
 91
1
 92
3
 72
0
 73
1
 93
3
 10
795.0
 20
499.0
 10
792.4
 20
499.65
 10
792.4
 20
498.35
 97
0
 75
1
 76
1
 98
0
  0
LWPOLYLINE
  5
52A
330
17
100
AcDbEntity
  8
F-PT
100
AcDbPolyline
 90
3
 70
0
 10
735.0
 20
556.0
 10
735.0
 20
569.5
 10
753.5
 20
575.0
  0
HATCH
  5
52B
330
17
100
AcDbEntity
  8
F-PT
 62
7
420
38460
100
AcDbHatch
 10
0.0
 20
0.0
 30
0.0
210
0.0
220
0.0
230
1.0
  2
SOLID
 70
1
 71
0
 91
1
 92
3
 72
0
 73
1
 93
3
 10
748.2278017166509
 20
573.4325896995449
 10
745.5503765160714
 20
573.3147156341106
 10
745.9208378645793
 20
572.0686183709479
 97
0
 75
1
 76
1
 98
0
  0
HATCH
  5
52C
330
17
100
AcDbEntity
  8
F-PT
 62
7
420
38460
100
AcDbHatch
 10
0.0
 20
0.0
 30
0.0
210
0.0
220
0.0
230
1.0
  2
SOLID
 70
1
 71
0
 91
1
 92
3
 72
0
 73
1
 93
3
 10
753.5
 20
575.0
 10
750.8225747994205
 20
574.8821259345657
 10
751.1930361479284
 20
573.636028671403
 97
0
 75
1
 76
1
 98
0
  0
LWPOLYLINE
  5
52D
330
17
100
AcDbEntity
  8
F-SCRAP
100
AcDbPolyline
 90
4
 70
0
 10
262.0
 20
541.75
 10
262.0
 20
537.0
 10
182.5
 20
537.0
 10
182.5
 20
541.5
  0
HATCH
  5
52E
330
17
100
AcDbEntity
  8
F-SCRAP
 62
7
420
7895160
100
AcDbHatch
 10
0.0
 20
0.0
 30
0.0
210
0.0
220
0.0
230
1.0
  2
SOLID
 70
1
 71
0
 91
1
 92
3
 72
0
 73
1
 93
3
 10
239.45
 20
537.0
 10
242.04999999999998
 20
536.35
 10
242.04999999999998
 20
537.65
 97
0
 75
1
 76
1
 98
0
  0
HATCH
  5
52F
330
17
100
AcDbEntity
  8
F-SCRAP
 62
7
420
7895160
100
AcDbHatch
 10
0.0
 20
0.0
 30
0.0
210
0.0
220
0.0
230
1.0
  2
SOLID
 70
1
 71
0
 91
1
 92
3
 72
0
 73
1
 93
3
 10
213.45
 20
537.0
 10
216.04999999999998
 20
536.35
 10
216.04999999999998
 20
537.65
 97
0
 75
1
 76
1
 98
0
  0
HATCH
  5
530
330
17
100
AcDbEntity
  8
F-SCRAP
 62
7
420
7895160
100
AcDbHatch
 10
0.0
 20
0.0
 30
0.0
210
0.0
220
0.0
230
1.0
  2
SOLID
 70
1
 71
0
 91
1
 92
3
 72
0
 73
1
 93
3
 10
187.45
 20
537.0
 10
190.04999999999998
 20
536.35
 10
190.04999999999998
 20
537.65
 97
0
 75
1
 76
1
 98
0
  0
HATCH
  5
531
330
17
100
AcDbEntity
  8
F-SCRAP
 62
7
420
7895160
100
AcDbHatch
 10
0.0
 20
0.0
 30
0.0
210
0.0
220
0.0
230
1.0
  2
SOLID
 70
1
 71
0
 91
1
 92
3
 72
0
 73
1
 93
3
 10
182.5
 20
541.5
 10
181.85
 20
538.9
 10
183.15
 20
538.9
 97
0
 75
1
 76
1
 98
0
  0
LWPOLYLINE
  5
532
330
17
100
AcDbEntity
  8
F-SCRAP
100
AcDbPolyline
 90
3
 70
0
 10
182.5
 20
553.0
 10
155.0
 20
553.0
 10
120.0
 20
553.0
  0
HATCH
  5
533
330
17
100
AcDbEntity
  8
F-SCRAP
 62
7
420
7895160
100
AcDbHatch
 10
0.0
 20
0.0
 30
0.0
210
0.0
220
0.0
230
1.0
  2
SOLID
 70
1
 71
0
 91
1
 92
3
 72
0
 73
1
 93
3
 10
129.2
 20
553.0
 10
131.79999999999998
 20
552.35
 10
131.79999999999998
 20
553.65
 97
0
 75
1
 76
1
 98
0
  0
HATCH
  5
534
330
17
100
AcDbEntity
  8
F-SCRAP
 62
7
420
7895160
100
AcDbHatch
 10
0.0
 20
0.0
 30
0.0
210
0.0
220
0.0
230
1.0
  2
SOLID
 70
1
 71
0
 91
1
 92
3
 72
0
 73
1
 93
3
 10
120.0
 20
553.0
 10
122.6
 20
552.35
 10
122.6
 20
553.65
 97
0
 75
1
 76
1
 98
0
  0
LWPOLYLINE
  5
535
330
17
100
AcDbEntity
  8
F-SCRAP
100
AcDbPolyline
 90
4
 70
0
 10
273.5
 20
623.0
 10
273.5
 20
625.5
 10
301.0
 20
625.5
 10
301.0
 20
629.0
  0
HATCH
  5
536
330
17
100
AcDbEntity
  8
F-SCRAP
 62
7
420
7895160
100
AcDbHatch
 10
0.0
 20
0.0
 30
0.0
210
0.0
220
0.0
230
1.0
  2
SOLID
 70
1
 71
0
 91
1
 92
3
 72
0
 73
1
 93
3
 10
298.3
 20
625.5
 10
295.7
 20
626.15
 10
295.7
 20
624.85
 97
0
 75
1
 76
1
 98
0
  0
HATCH
  5
537
330
17
100
AcDbEntity
  8
F-SCRAP
 62
7
420
7895160
100
AcDbHatch
 10
0.0
 20
0.0
 30
0.0
210
0.0
220
0.0
230
1.0
  2
SOLID
 70
1
 71
0
 91
1
 92
3
 72
0
 73
1
 93
3
 10
301.0
 20
629.0
 10
300.35
 20
626.4
 10
301.65
 20
626.4
 97
0
 75
1
 76
1
 98
0
  0
LWPOLYLINE
  5
538
330
17
100
AcDbEntity
  8
F-SCRAP
100
AcDbPolyline
 90
3
 70
0
 10
301.0
 20
650.5
 10
301.0
 20
652.0
 10
301.0
 20
677.0
  0
HATCH
  5
539
330
17
100
AcDbEntity
  8
F-SCRAP
 62
7
420
7895160
100
AcDbHatch
 10
0.0
 20
0.0
 30
0.0
210
0.0
220
0.0
230
1.0
  2
SOLID
 70
1
 71
0
 91
1
 92
3
 72
0
 73
1
 93
3
 10
301.0
 20
677.0
 10
300.35
 20
674.4
 10
301.65
 20
674.4
 97
0
 75
1
 76
1
 98
0
  0
LWPOLYLINE
  5
53A
330
17
100
AcDbEntity
  8
F-SE
100
AcDbPolyline
 90
17
 70
0
 10
675.0
 20
402.0
 10
645.0
 20
402.0
 10
625.0
 20
401.0
 10
588.0
 20
401.0
 10
553.0
 20
401.0
 10
526.0
 20
405.0
 10
520.5
 20
417.0
 10
520.5
 20
428.5
 10
551.5
 20
428.5
 10
577.5
 20
428.5
 10
596.5
 20
428.5
 10
625.0
 20
428.5
 10
625.0
 20
442.0
 10
595.0
 20
456.0
 10
620.0
 20
457.0
 10
645.0
 20
457.0
 10
675.0
 20
457.0
  0
HATCH
  5
53B
330
17
100
AcDbEntity
  8
F-SE
 62
7
420
15431680
100
AcDbHatch
 10
0.0
 20
0.0
 30
0.0
210
0.0
220
0.0
230
1.0
  2
SOLID
 70
1
 71
0
 91
1
 92
3
 72
0
 73
1
 93
3
 10
651.7
 20
402.0
 10
654.3000000000001
 20
401.35
 10
654.3000000000001
 20
402.65
 97
0
 75
1
 76
1
 98
0
  0
HATCH
  5
53C
330
17
100
AcDbEntity
  8
F-SE
 62
7
420
15431680
100
AcDbHatch
 10
0.0
 20
0.0
 30
0.0
210
0.0
220
0.0
230
1.0
  2
SOLID
 70
1
 71
0
 91
1
 92
3
 72
0
 73
1
 93
3
 10
629.719089215169
 20
401.2359544607584
 10
632.3483047472649
 20
400.71660324454194
 10
632.2833858452378
 20
402.0149812850832
 97
0
 75
1
 76
1
 98
0
  0
HATCH
  5
53D
330
17
100
AcDbEntity
  8
F-SE
 62
7
420
15431680
100
AcDbHatch
 10
0.0
 20
0.0
 30
0.0
210
0.0
220
0.0
230
1.0
  2
SOLID
 70
1
 71
0
 91
1
 92
3
 72
0
 73
1
 93
3
 10
607.7249843945008
 20
401.0
 10
610.3249843945008
 20
400.35
 10
610.3249843945008
 20
401.65
 97
0
 75
1
 76
1
 98
0
  0
HATCH
  5
53E
330
17
100
AcDbEntity
  8
F-SE
 62
7
420
15431680
100
AcDbHatch
 10
0.0
 20
0.0
 30
0.0
210
0.0
220
0.0
230
1.0
  2
SOLID
 70
1
 71
0
 91
1
 92
3
 72
0
 73
1
 93
3
 10
585.7249843945008
 20
401.0
 10
588.3249843945008
 20
400.35
 10
588.3249843945008
 20
401.65
 97
0
 75
1
 76
1
 98
0
  0
HATCH
  5
53F
330
17
100
AcDbEntity
  8
F-SE
 62
7
420
15431680
100
AcDbHatch
 10
0.0
 20
0.0
 30
0.0
210
0.0
220
0.0
230
1.0
  2
SOLID
 70
1
 71
0
 91
1
 92
3
 72
0
 73
1
 93
3
 10
563.7249843945008
 20
401.0
 10
566.3249843945008
 20
400.35
 10
566.3249843945008
 20
401.65
 97
0
 75
1
 76
1
 98
0
  0
HATCH
  5
540
330
17
100
AcDbEntity
  8
F-SE
 62
7
420
15431680
100
AcDbHatch
 10
0.0
 20
0.0
 30
0.0
210
0.0
220
0.0
230
1.0
  2
SOLID
 70
1
 71
0
 91
1
 92
3
 72
0
 73
1
 93
3
 10
541.8467155249463
 20
402.6523384407487
 10
544.3233878973582
 20
401.6283296713861
 10
544.5139011567745
 20
402.9142941724461
 97
0
 75
1
 76
1
 98
0
  0
HATCH
  5
541
330
17
100
AcDbEntity
  8
F-SE
 62
7
420
15431680
100
AcDbHatch
 10
0.0
 20
0.0
 30
0.0
210
0.0
220
0.0
230
1.0
  2
SOLID
 70
1
 71
0
 91
1
 92
3
 72
0
 73
1
 93
3
 10
523.5082683861715
 20
410.4365053392623
 10
524.0006784985726
 20
407.80211123791656
 10
525.1824627683352
 20
408.3437623615577
 97
0
 75
1
 76
1
 98
0
  0
HATCH
  5
542
330
17
100
AcDbEntity
  8
F-SE
 62
7
420
15431680
100
AcDbHatch
 10
0.0
 20
0.0
 30
0.0
210
0.0
220
0.0
230
1.0
  2
SOLID
 70
1
 71
0
 91
1
 92
3
 72
0
 73
1
 93
3
 10
523.7799486951427
 20
428.5
 10
521.1799486951427
 20
429.15
 10
521.1799486951427
 20
427.85
 97
0
 75
1
 76
1
 98
0
  0
HATCH
  5
543
330
17
100
AcDbEntity
  8
F-SE
 62
7
420
15431680
100
AcDbHatch
 10
0.0
 20
0.0
 30
0.0
210
0.0
220
0.0
230
1.0
  2
SOLID
 70
1
 71
0
 91
1
 92
3
 72
0
 73
1
 93
3
 10
545.7799486951427
 20
428.5
 10
543.1799486951427
 20
429.15
 10
543.1799486951427
 20
427.85
 97
0
 75
1
 76
1
 98
0
  0
HATCH
  5
544
330
17
100
AcDbEntity
  8
F-SE
 62
7
420
15431680
100
AcDbHatch
 10
0.0
 20
0.0
 30
0.0
210
0.0
220
0.0
230
1.0
  2
SOLID
 70
1
 71
0
 91
1
 92
3
 72
0
 73
1
 93
3
 10
567.7799486951427
 20
428.5
 10
565.1799486951427
 20
429.15
 10
565.1799486951427
 20
427.85
 97
0
 75
1
 76
1
 98
0
  0
HATCH
  5
545
330
17
100
AcDbEntity
  8
F-SE
 62
7
420
15431680
100
AcDbHatch
 10
0.0
 20
0.0
 30
0.0
210
0.0
220
0.0
230
1.0
  2
SOLID
 70
1
 71
0
 91
1
 92
3
 72
0
 73
1
 93
3
 10
589.7799486951427
 20
428.5
 10
587.1799486951427
 20
429.15
 10
587.1799486951427
 20
427.85
 97
0
 75
1
 76
1
 98
0
  0
HATCH
  5
546
330
17
100
AcDbEntity
  8
F-SE
 62
7
420
15431680
100
AcDbHatch
 10
0.0
 20
0.0
 30
0.0
210
0.0
220
0.0
230
1.0
  2
SOLID
 70
1
 71
0
 91
1
 92
3
 72
0
 73
1
 93
3
 10
611.7799486951427
 20
428.5
 10
609.1799486951427
 20
429.15
 10
609.1799486951427
 20
427.85
 97
0
 75
1
 76
1
 98
0
  0
HATCH
  5
547
330
17
100
AcDbEntity
  8
F-SE
 62
7
420
15431680
100
AcDbHatch
 10
0.0
 20
0.0
 30
0.0
210
0.0
220
0.0
230
1.0
  2
SOLID
 70
1
 71
0
 91
1
 92
3
 72
0
 73
1
 93
3
 10
625.0
 20
437.27994869514276
 10
624.35
 20
434.67994869514274
 10
625.65
 20
434.67994869514274
 97
0
 75
1
 76
1
 98
0
  0
HATCH
  5
548
330
17
100
AcDbEntity
  8
F-SE
 62
7
420
15431680
100
AcDbHatch
 10
0.0
 20
0.0
 30
0.0
210
0.0
220
0.0
230
1.0
  2
SOLID
 70
1
 71
0
 91
1
 92
3
 72
0
 73
1
 93
3
 10
609.3412018324784
 20
449.3074391448434
 10
611.4224024440009
 20
447.61891789398555
 10
611.9721535489314
 20
448.79695597597936
 97
0
 75
1
 76
1
 98
0
  0
HATCH
  5
549
330
17
100
AcDbEntity
  8
F-SE
 62
7
420
15431680
100
AcDbHatch
 10
0.0
 20
0.0
 30
0.0
210
0.0
220
0.0
230
1.0
  2
SOLID
 70
1
 71
0
 91
1
 92
3
 72
0
 73
1
 93
3
 10
601.1691246534684
 20
456.2467649861387
 10
598.545222935865
 20
456.7923287096008
 10
598.5971813857186
 20
455.4933674632625
 97
0
 75
1
 76
1
 98
0
  0
HATCH
  5
54A
330
17
100
AcDbEntity
  8
F-SE
 62
7
420
15431680
100
AcDbHatch
 10
0.0
 20
0.0
 30
0.0
210
0.0
220
0.0
230
1.0
  2
SOLID
 70
1
 71
0
 91
1
 92
3
 72
0
 73
1
 93
3
 10
623.1540659742554
 20
457.0
 10
620.5540659742554
 20
457.65
 10
620.5540659742554
 20
456.35
 97
0
 75
1
 76
1
 98
0
  0
HATCH
  5
54B
330
17
100
AcDbEntity
  8
F-SE
 62
7
420
15431680
100
AcDbHatch
 10
0.0
 20
0.0
 30
0.0
210
0.0
220
0.0
230
1.0
  2
SOLID
 70
1
 71
0
 91
1
 92
3
 72
0
 73
1
 93
3
 10
667.1540659742554
 20
457.0
 10
664.5540659742554
 20
457.65
 10
664.5540659742554
 20
456.35
 97
0
 75
1
 76
1
 98
0
  0
HATCH
  5
54C
330
17
100
AcDbEntity
  8
F-SE
 62
7
420
15431680
100
AcDbHatch
 10
0.0
 20
0.0
 30
0.0
210
0.0
220
0.0
230
1.0
  2
SOLID
 70
1
 71
0
 91
1
 92
3
 72
0
 73
1
 93
3
 10
675.0
 20
457.0
 10
672.4
 20
457.65
 10
672.4
 20
456.35
 97
0
 75
1
 76
1
 98
0
  0
LWPOLYLINE
  5
54D
330
17
100
AcDbEntity
  8
F-EFL-LIQ
100
AcDbPolyline
 90
4
 70
0
 10
503.5
 20
567.0
 10
492.0
 20
567.0
 10
492.0
 20
472.0
 10
492.0
 20
367.0
  0
HATCH
  5
54E
330
17
100
AcDbEntity
  8
F-EFL-LIQ
 62
7
420
9195550
100
AcDbHatch
 10
0.0
 20
0.0
 30
0.0
210
0.0
220
0.0
230
1.0
  2
SOLID
 70
1
 71
0
 91
1
 92
3
 72
0
 73
1
 93
3
 10
492.0
 20
547.3
 10
492.6
 20
549.6999999999999
 10
491.4
 20
549.6999999999999
 97
0
 75
1
 76
1
 98
0
  0
HATCH
  5
54F
330
17
100
AcDbEntity
  8
F-EFL-LIQ
 62
7
420
9195550
100
AcDbHatch
 10
0.0
 20
0.0
 30
0.0
210
0.0
220
0.0
230
1.0
  2
SOLID
 70
1
 71
0
 91
1
 92
3
 72
0
 73
1
 93
3
 10
492.0
 20
517.3
 10
492.6
 20
519.6999999999999
 10
491.4
 20
519.6999999999999
 97
0
 75
1
 76
1
 98
0
  0
HATCH
  5
550
330
17
100
AcDbEntity
  8
F-EFL-LIQ
 62
7
420
9195550
100
AcDbHatch
 10
0.0
 20
0.0
 30
0.0
210
0.0
220
0.0
230
1.0
  2
SOLID
 70
1
 71
0
 91
1
 92
3
 72
0
 73
1
 93
3
 10
492.0
 20
487.3
 10
492.6
 20
489.7
 10
491.4
 20
489.7
 97
0
 75
1
 76
1
 98
0
  0
HATCH
  5
551
330
17
100
AcDbEntity
  8
F-EFL-LIQ
 62
7
420
9195550
100
AcDbHatch
 10
0.0
 20
0.0
 30
0.0
210
0.0
220
0.0
230
1.0
  2
SOLID
 70
1
 71
0
 91
1
 92
3
 72
0
 73
1
 93
3
 10
492.0
 20
457.3
 10
492.6
 20
459.7
 10
491.4
 20
459.7
 97
0
 75
1
 76
1
 98
0
  0
HATCH
  5
552
330
17
100
AcDbEntity
  8
F-EFL-LIQ
 62
7
420
9195550
100
AcDbHatch
 10
0.0
 20
0.0
 30
0.0
210
0.0
220
0.0
230
1.0
  2
SOLID
 70
1
 71
0
 91
1
 92
3
 72
0
 73
1
 93
3
 10
492.0
 20
427.3
 10
492.6
 20
429.7
 10
491.4
 20
429.7
 97
0
 75
1
 76
1
 98
0
  0
HATCH
  5
553
330
17
100
AcDbEntity
  8
F-EFL-LIQ
 62
7
420
9195550
100
AcDbHatch
 10
0.0
 20
0.0
 30
0.0
210
0.0
220
0.0
230
1.0
  2
SOLID
 70
1
 71
0
 91
1
 92
3
 72
0
 73
1
 93
3
 10
492.0
 20
397.3
 10
492.6
 20
399.7
 10
491.4
 20
399.7
 97
0
 75
1
 76
1
 98
0
  0
HATCH
  5
554
330
17
100
AcDbEntity
  8
F-EFL-LIQ
 62
7
420
9195550
100
AcDbHatch
 10
0.0
 20
0.0
 30
0.0
210
0.0
220
0.0
230
1.0
  2
SOLID
 70
1
 71
0
 91
1
 92
3
 72
0
 73
1
 93
3
 10
492.0
 20
367.0
 10
492.6
 20
369.4
 10
491.4
 20
369.4
 97
0
 75
1
 76
1
 98
0
  0
LWPOLYLINE
  5
555
330
17
100
AcDbEntity
  8
F-EFL-LIQ
100
AcDbPolyline
 90
4
 70
0
 10
413.5
 20
553.0
 10
407.5
 20
553.0
 10
407.5
 20
478.0
 10
492.0
 20
478.0
  0
HATCH
  5
556
330
17
100
AcDbEntity
  8
F-EFL-LIQ
 62
7
420
9195550
100
AcDbHatch
 10
0.0
 20
0.0
 30
0.0
210
0.0
220
0.0
230
1.0
  2
SOLID
 70
1
 71
0
 91
1
 92
3
 72
0
 73
1
 93
3
 10
407.5
 20
527.8
 10
408.1
 20
530.1999999999999
 10
406.9
 20
530.1999999999999
 97
0
 75
1
 76
1
 98
0
  0
HATCH
  5
557
330
17
100
AcDbEntity
  8
F-EFL-LIQ
 62
7
420
9195550
100
AcDbHatch
 10
0.0
 20
0.0
 30
0.0
210
0.0
220
0.0
230
1.0
  2
SOLID
 70
1
 71
0
 91
1
 92
3
 72
0
 73
1
 93
3
 10
407.5
 20
497.8
 10
408.1
 20
500.2
 10
406.9
 20
500.2
 97
0
 75
1
 76
1
 98
0
  0
HATCH
  5
558
330
17
100
AcDbEntity
  8
F-EFL-LIQ
 62
7
420
9195550
100
AcDbHatch
 10
0.0
 20
0.0
 30
0.0
210
0.0
220
0.0
230
1.0
  2
SOLID
 70
1
 71
0
 91
1
 92
3
 72
0
 73
1
 93
3
 10
417.7
 20
478.0
 10
415.3
 20
478.6
 10
415.3
 20
477.4
 97
0
 75
1
 76
1
 98
0
  0
HATCH
  5
559
330
17
100
AcDbEntity
  8
F-EFL-LIQ
 62
7
420
9195550
100
AcDbHatch
 10
0.0
 20
0.0
 30
0.0
210
0.0
220
0.0
230
1.0
  2
SOLID
 70
1
 71
0
 91
1
 92
3
 72
0
 73
1
 93
3
 10
447.7
 20
478.0
 10
445.3
 20
478.6
 10
445.3
 20
477.4
 97
0
 75
1
 76
1
 98
0
  0
HATCH
  5
55A
330
17
100
AcDbEntity
  8
F-EFL-LIQ
 62
7
420
9195550
100
AcDbHatch
 10
0.0
 20
0.0
 30
0.0
210
0.0
220
0.0
230
1.0
  2
SOLID
 70
1
 71
0
 91
1
 92
3
 72
0
 73
1
 93
3
 10
477.7
 20
478.0
 10
475.3
 20
478.6
 10
475.3
 20
477.4
 97
0
 75
1
 76
1
 98
0
  0
HATCH
  5
55B
330
17
100
AcDbEntity
  8
F-EFL-LIQ
 62
7
420
9195550
100
AcDbHatch
 10
0.0
 20
0.0
 30
0.0
210
0.0
220
0.0
230
1.0
  2
SOLID
 70
1
 71
0
 91
1
 92
3
 72
0
 73
1
 93
3
 10
492.0
 20
478.0
 10
489.6
 20
478.6
 10
489.6
 20
477.4
 97
0
 75
1
 76
1
 98
0
  0
LWPOLYLINE
  5
55C
330
17
100
AcDbEntity
  8
F-EFL-LIQ
100
AcDbPolyline
 90
4
 70
0
 10
449.5
 20
532.0
 10
449.5
 20
517.0
 10
486.0
 20
517.0
 10
492.0
 20
517.0
  0
HATCH
  5
55D
330
17
100
AcDbEntity
  8
F-EFL-LIQ
 62
7
420
9195550
100
AcDbHatch
 10
0.0
 20
0.0
 30
0.0
210
0.0
220
0.0
230
1.0
  2
SOLID
 70
1
 71
0
 91
1
 92
3
 72
0
 73
1
 93
3
 10
465.7
 20
517.0
 10
463.3
 20
517.6
 10
463.3
 20
516.4
 97
0
 75
1
 76
1
 98
0
  0
HATCH
  5
55E
330
17
100
AcDbEntity
  8
F-EFL-LIQ
 62
7
420
9195550
100
AcDbHatch
 10
0.0
 20
0.0
 30
0.0
210
0.0
220
0.0
230
1.0
  2
SOLID
 70
1
 71
0
 91
1
 92
3
 72
0
 73
1
 93
3
 10
492.0
 20
517.0
 10
489.6
 20
517.6
 10
489.6
 20
516.4
 97
0
 75
1
 76
1
 98
0
  0
LWPOLYLINE
  5
55F
330
17
100
AcDbEntity
  8
F-EFL-LIQ
100
AcDbPolyline
 90
3
 70
0
 10
520.0
 20
428.5
 10
498.0
 20
428.5
 10
498.0
 20
367.0
  0
HATCH
  5
560
330
17
100
AcDbEntity
  8
F-EFL-LIQ
 62
7
420
9195550
100
AcDbHatch
 10
0.0
 20
0.0
 30
0.0
210
0.0
220
0.0
230
1.0
  2
SOLID
 70
1
 71
0
 91
1
 92
3
 72
0
 73
1
 93
3
 10
498.0
 20
419.3
 10
498.6
 20
421.7
 10
497.4
 20
421.7
 97
0
 75
1
 76
1
 98
0
  0
HATCH
  5
561
330
17
100
AcDbEntity
  8
F-EFL-LIQ
 62
7
420
9195550
100
AcDbHatch
 10
0.0
 20
0.0
 30
0.0
210
0.0
220
0.0
230
1.0
  2
SOLID
 70
1
 71
0
 91
1
 92
3
 72
0
 73
1
 93
3
 10
498.0
 20
389.3
 10
498.6
 20
391.7
 10
497.4
 20
391.7
 97
0
 75
1
 76
1
 98
0
  0
HATCH
  5
562
330
17
100
AcDbEntity
  8
F-EFL-LIQ
 62
7
420
9195550
100
AcDbHatch
 10
0.0
 20
0.0
 30
0.0
210
0.0
220
0.0
230
1.0
  2
SOLID
 70
1
 71
0
 91
1
 92
3
 72
0
 73
1
 93
3
 10
498.0
 20
367.0
 10
498.6
 20
369.4
 10
497.4
 20
369.4
 97
0
 75
1
 76
1
 98
0
  0
LWPOLYLINE
  5
563
330
17
100
AcDbEntity
  8
F-EFL-LIQ
100
AcDbPolyline
 90
2
 70
0
 10
500.0
 20
327.0
 10
500.0
 20
172.0
  0
HATCH
  5
564
330
17
100
AcDbEntity
  8
F-EFL-LIQ
 62
7
420
9195550
100
AcDbHatch
 10
0.0
 20
0.0
 30
0.0
210
0.0
220
0.0
230
1.0
  2
SOLID
 70
1
 71
0
 91
1
 92
3
 72
0
 73
1
 93
3
 10
500.0
 20
295.8
 10
500.6
 20
298.2
 10
499.4
 20
298.2
 97
0
 75
1
 76
1
 98
0
  0
HATCH
  5
565
330
17
100
AcDbEntity
  8
F-EFL-LIQ
 62
7
420
9195550
100
AcDbHatch
 10
0.0
 20
0.0
 30
0.0
210
0.0
220
0.0
230
1.0
  2
SOLID
 70
1
 71
0
 91
1
 92
3
 72
0
 73
1
 93
3
 10
500.0
 20
265.8
 10
500.6
 20
268.2
 10
499.4
 20
268.2
 97
0
 75
1
 76
1
 98
0
  0
HATCH
  5
566
330
17
100
AcDbEntity
  8
F-EFL-LIQ
 62
7
420
9195550
100
AcDbHatch
 10
0.0
 20
0.0
 30
0.0
210
0.0
220
0.0
230
1.0
  2
SOLID
 70
1
 71
0
 91
1
 92
3
 72
0
 73
1
 93
3
 10
500.0
 20
235.8
 10
500.6
 20
238.20000000000002
 10
499.4
 20
238.20000000000002
 97
0
 75
1
 76
1
 98
0
  0
HATCH
  5
567
330
17
100
AcDbEntity
  8
F-EFL-LIQ
 62
7
420
9195550
100
AcDbHatch
 10
0.0
 20
0.0
 30
0.0
210
0.0
220
0.0
230
1.0
  2
SOLID
 70
1
 71
0
 91
1
 92
3
 72
0
 73
1
 93
3
 10
500.0
 20
205.8
 10
500.6
 20
208.20000000000002
 10
499.4
 20
208.20000000000002
 97
0
 75
1
 76
1
 98
0
  0
HATCH
  5
568
330
17
100
AcDbEntity
  8
F-EFL-LIQ
 62
7
420
9195550
100
AcDbHatch
 10
0.0
 20
0.0
 30
0.0
210
0.0
220
0.0
230
1.0
  2
SOLID
 70
1
 71
0
 91
1
 92
3
 72
0
 73
1
 93
3
 10
500.0
 20
175.8
 10
500.6
 20
178.20000000000002
 10
499.4
 20
178.20000000000002
 97
0
 75
1
 76
1
 98
0
  0
HATCH
  5
569
330
17
100
AcDbEntity
  8
F-EFL-LIQ
 62
7
420
9195550
100
AcDbHatch
 10
0.0
 20
0.0
 30
0.0
210
0.0
220
0.0
230
1.0
  2
SOLID
 70
1
 71
0
 91
1
 92
3
 72
0
 73
1
 93
3
 10
500.0
 20
172.0
 10
500.6
 20
174.4
 10
499.4
 20
174.4
 97
0
 75
1
 76
1
 98
0
  0
CIRCLE
  5
56A
330
17
100
AcDbEntity
  8
F-EFL-GAS
100
AcDbCircle
 10
260.0
 20
617.0
 30
0.0
 40
3.5
  0
LINE
  5
56B
330
17
100
AcDbEntity
  8
F-EFL-GAS
100
AcDbLine
 10
257.55
 20
614.55
 30
0.0
 11
262.45
 21
619.45
 31
0.0
  0
LINE
  5
56C
330
17
100
AcDbEntity
  8
F-EFL-GAS
100
AcDbLine
 10
257.55
 20
619.45
 30
0.0
 11
262.45
 21
614.55
 31
0.0
  0
CIRCLE
  5
56D
330
17
100
AcDbEntity
  8
F-EFL-GAS
100
AcDbCircle
 10
259.5
 20
498.5
 30
0.0
 40
3.5
  0
LINE
  5
56E
330
17
100
AcDbEntity
  8
F-EFL-GAS
100
AcDbLine
 10
257.04999999999995
 20
496.05
 30
0.0
 11
261.95
 21
500.95000000000005
 31
0.0
  0
LINE
  5
56F
330
17
100
AcDbEntity
  8
F-EFL-GAS
100
AcDbLine
 10
257.04999999999995
 20
500.95000000000005
 30
0.0
 11
261.95
 21
496.05
 31
0.0
  0
CIRCLE
  5
570
330
17
100
AcDbEntity
  8
F-EFL-GAS
100
AcDbCircle
 10
238.5
 20
498.5
 30
0.0
 40
3.5
  0
LINE
  5
571
330
17
100
AcDbEntity
  8
F-EFL-GAS
100
AcDbLine
 10
236.05
 20
496.05
 30
0.0
 11
240.95
 21
500.95000000000005
 31
0.0
  0
LINE
  5
572
330
17
100
AcDbEntity
  8
F-EFL-GAS
100
AcDbLine
 10
236.05
 20
500.95000000000005
 30
0.0
 11
240.95
 21
496.05
 31
0.0
  0
CIRCLE
  5
573
330
17
100
AcDbEntity
  8
F-EFL-GAS
100
AcDbCircle
 10
413.5
 20
544.0
 30
0.0
 40
3.5
  0
LINE
  5
574
330
17
100
AcDbEntity
  8
F-EFL-GAS
100
AcDbLine
 10
411.05000000000007
 20
541.55
 30
0.0
 11
415.95
 21
546.45
 31
0.0
  0
LINE
  5
575
330
17
100
AcDbEntity
  8
F-EFL-GAS
100
AcDbLine
 10
411.05000000000007
 20
546.45
 30
0.0
 11
415.95
 21
541.55
 31
0.0
  0
CIRCLE
  5
576
330
17
100
AcDbEntity
  8
F-EFL-GAS
100
AcDbCircle
 10
431.0
 20
578.5
 30
0.0
 40
3.5
  0
LINE
  5
577
330
17
100
AcDbEntity
  8
F-EFL-GAS
100
AcDbLine
 10
428.55000000000007
 20
576.05
 30
0.0
 11
433.45
 21
580.9499999999999
 31
0.0
  0
LINE
  5
578
330
17
100
AcDbEntity
  8
F-EFL-GAS
100
AcDbLine
 10
428.55000000000007
 20
580.9499999999999
 30
0.0
 11
433.45
 21
576.05
 31
0.0
  0
CIRCLE
  5
579
330
17
100
AcDbEntity
  8
F-EFL-GAS
100
AcDbCircle
 10
431.0
 20
541.5
 30
0.0
 40
3.5
  0
LINE
  5
57A
330
17
100
AcDbEntity
  8
F-EFL-GAS
100
AcDbLine
 10
428.55000000000007
 20
539.05
 30
0.0
 11
433.45
 21
543.95
 31
0.0
  0
LINE
  5
57B
330
17
100
AcDbEntity
  8
F-EFL-GAS
100
AcDbLine
 10
428.55000000000007
 20
543.95
 30
0.0
 11
433.45
 21
539.05
 31
0.0
  0
CIRCLE
  5
57C
330
17
100
AcDbEntity
  8
F-EFL-GAS
100
AcDbCircle
 10
470.0
 20
541.5
 30
0.0
 40
3.5
  0
LINE
  5
57D
330
17
100
AcDbEntity
  8
F-EFL-GAS
100
AcDbLine
 10
467.54999999999995
 20
539.05
 30
0.0
 11
472.45000000000005
 21
543.95
 31
0.0
  0
LINE
  5
57E
330
17
100
AcDbEntity
  8
F-EFL-GAS
100
AcDbLine
 10
467.54999999999995
 20
543.95
 30
0.0
 11
472.45000000000005
 21
539.05
 31
0.0
  0
CIRCLE
  5
57F
330
17
100
AcDbEntity
  8
F-EFL-GAS
100
AcDbCircle
 10
503.5
 20
525.0
 30
0.0
 40
3.5
  0
LINE
  5
580
330
17
100
AcDbEntity
  8
F-EFL-GAS
100
AcDbLine
 10
501.05000000000007
 20
522.55
 30
0.0
 11
505.95
 21
527.45
 31
0.0
  0
LINE
  5
581
330
17
100
AcDbEntity
  8
F-EFL-GAS
100
AcDbLine
 10
501.05000000000007
 20
527.45
 30
0.0
 11
505.95
 21
522.55
 31
0.0
  0
CIRCLE
  5
582
330
17
100
AcDbEntity
  8
F-EFL-GAS
100
AcDbCircle
 10
567.0
 20
525.0
 30
0.0
 40
3.5
  0
LINE
  5
583
330
17
100
AcDbEntity
  8
F-EFL-GAS
100
AcDbLine
 10
564.5500000000001
 20
522.55
 30
0.0
 11
569.45
 21
527.45
 31
0.0
  0
LINE
  5
584
330
17
100
AcDbEntity
  8
F-EFL-GAS
100
AcDbLine
 10
564.5500000000001
 20
527.45
 30
0.0
 11
569.45
 21
522.55
 31
0.0
  0
CIRCLE
  5
585
330
17
100
AcDbEntity
  8
F-EFL-GAS
100
AcDbCircle
 10
542.5
 20
491.0
 30
0.0
 40
3.5
  0
LINE
  5
586
330
17
100
AcDbEntity
  8
F-EFL-GAS
100
AcDbLine
 10
540.05
 20
488.55
 30
0.0
 11
544.95
 21
493.45000000000005
 31
0.0
  0
LINE
  5
587
330
17
100
AcDbEntity
  8
F-EFL-GAS
100
AcDbLine
 10
540.05
 20
493.45000000000005
 30
0.0
 11
544.95
 21
488.55
 31
0.0
  0
CIRCLE
  5
588
330
17
100
AcDbEntity
  8
F-EFL-GAS
100
AcDbCircle
 10
590.0
 20
587.5
 30
0.0
 40
3.5
  0
LINE
  5
589
330
17
100
AcDbEntity
  8
F-EFL-GAS
100
AcDbLine
 10
587.5500000000001
 20
585.05
 30
0.0
 11
592.4499999999999
 21
589.95
 31
0.0
  0
LINE
  5
58A
330
17
100
AcDbEntity
  8
F-EFL-GAS
100
AcDbLine
 10
587.5500000000001
 20
589.95
 30
0.0
 11
592.4499999999999
 21
585.05
 31
0.0
  0
CIRCLE
  5
58B
330
17
100
AcDbEntity
  8
F-EFL-GAS
100
AcDbCircle
 10
595.0
 20
497.0
 30
0.0
 40
3.5
  0
LINE
  5
58C
330
17
100
AcDbEntity
  8
F-EFL-GAS
100
AcDbLine
 10
592.5500000000001
 20
494.55
 30
0.0
 11
597.4499999999999
 21
499.45
 31
0.0
  0
LINE
  5
58D
330
17
100
AcDbEntity
  8
F-EFL-GAS
100
AcDbLine
 10
592.5500000000001
 20
499.45
 30
0.0
 11
597.4499999999999
 21
494.55
 31
0.0
  0
CIRCLE
  5
58E
330
17
100
AcDbEntity
  8
F-EFL-GAS
100
AcDbCircle
 10
256.0
 20
582.0
 30
0.0
 40
3.5
  0
LINE
  5
58F
330
17
100
AcDbEntity
  8
F-EFL-GAS
100
AcDbLine
 10
253.55
 20
579.55
 30
0.0
 11
258.45
 21
584.45
 31
0.0
  0
LINE
  5
590
330
17
100
AcDbEntity
  8
F-EFL-GAS
100
AcDbLine
 10
253.55
 20
584.45
 30
0.0
 11
258.45
 21
579.55
 31
0.0
  0
CIRCLE
  5
591
330
17
100
AcDbEntity
  8
F-EFL-GAS
100
AcDbCircle
 10
557.0
 20
428.5
 30
0.0
 40
3.5
  0
LINE
  5
592
330
17
100
AcDbEntity
  8
F-EFL-GAS
100
AcDbLine
 10
554.5500000000001
 20
426.05
 30
0.0
 11
559.45
 21
430.95
 31
0.0
  0
LINE
  5
593
330
17
100
AcDbEntity
  8
F-EFL-GAS
100
AcDbLine
 10
554.5500000000001
 20
430.95
 30
0.0
 11
559.45
 21
426.05
 31
0.0
  0
TEXT
  5
594
330
17
100
AcDbEntity
  8
A-TEXTO
100
AcDbText
 10
158.5
 20
648.5
 30
0.0
 40
1.7
  1
BR
  7
ISO3098
 11
158.5
 21
648.5
 31
0.0
100
AcDbText
 73
3
  0
TEXT
  5
595
330
17
100
AcDbEntity
  8
A-TEXTO
100
AcDbText
 10
211.0
 20
589.0
 30
0.0
 40
1.7
  1
AL-1H
  7
ISO3098
 11
211.0
 21
589.0
 31
0.0
100
AcDbText
 73
3
  0
TEXT
  5
596
330
17
100
AcDbEntity
  8
A-TEXTO
100
AcDbText
 10
240.0
 20
631.0
 30
0.0
 40
1.7
  1
AL-1F
  7
ISO3098
 11
240.0
 21
631.0
 31
0.0
100
AcDbText
 73
3
  0
TEXT
  5
597
330
17
100
AcDbEntity
  8
A-TEXTO
100
AcDbText
 10
239.0
 20
593.0
 30
0.0
 40
1.7
  1
AL-1T
  7
ISO3098
 11
239.0
 21
593.0
 31
0.0
100
AcDbText
 73
3
  0
TEXT
  5
598
330
17
100
AcDbEntity
  8
A-TEXTO
100
AcDbText
 10
217.0
 20
518.5
 30
0.0
 40
1.7
  1
AL-1C
  7
ISO3098
 11
217.0
 21
518.5
 31
0.0
100
AcDbText
 73
3
  0
TEXT
  5
599
330
17
100
AcDbEntity
  8
A-TEXTO
100
AcDbText
 10
158.5
 20
589.0
 30
0.0
 40
1.7
  1
PÑ
  7
ISO3098
 11
158.5
 21
589.0
 31
0.0
100
AcDbText
 73
3
  0
TEXT
  5
59A
330
17
100
AcDbEntity
  8
A-TEXTO
100
AcDbText
 10
158.5
 20
563.0
 30
0.0
 40
1.7
  1
SCR-O
  7
ISO3098
 11
158.5
 21
563.0
 31
0.0
100
AcDbText
 73
3
  0
TEXT
  5
59B
330
17
100
AcDbEntity
  8
A-TEXTO
100
AcDbText
 10
296.0
 20
648.5
 30
0.0
 40
1.7
  1
SCR-N
  7
ISO3098
 11
296.0
 21
648.5
 31
0.0
100
AcDbText
 73
3
  0
TEXT
  5
59C
330
17
100
AcDbEntity
  8
A-TEXTO
100
AcDbText
 10
239.0
 20
557.0
 30
0.0
 40
1.7
  1
MQ-G
  7
ISO3098
 11
239.0
 21
557.0
 31
0.0
100
AcDbText
 73
3
  0
TEXT
  5
59D
330
17
100
AcDbEntity
  8
A-TEXTO
100
AcDbText
 10
249.0
 20
602.0
 30
0.0
 40
1.7
  1
MQ-T
  7
ISO3098
 11
249.0
 21
602.0
 31
0.0
100
AcDbText
 73
3
  0
TEXT
  5
59E
330
17
100
AcDbEntity
  8
A-TEXTO
100
AcDbText
 10
239.0
 20
623.0
 30
0.0
 40
1.7
  1
MQ-K
  7
ISO3098
 11
239.0
 21
623.0
 31
0.0
100
AcDbText
 73
3
  0
TEXT
  5
59F
330
17
100
AcDbEntity
  8
A-TEXTO
100
AcDbText
 10
311.5
 20
626.0
 30
0.0
 40
1.7
  1
SM-K
  7
ISO3098
 11
311.5
 21
626.0
 31
0.0
100
AcDbText
 73
3
  0
TEXT
  5
5A0
330
17
100
AcDbEntity
  8
A-TEXTO
100
AcDbText
 10
311.0
 20
565.0
 30
0.0
 40
1.7
  1
PU-G
  7
ISO3098
 11
311.0
 21
565.0
 31
0.0
100
AcDbText
 73
3
  0
TEXT
  5
5A1
330
17
100
AcDbEntity
  8
A-TEXTO
100
AcDbText
 10
269.0
 20
602.0
 30
0.0
 40
1.7
  1
OP-MP
  7
ISO3098
 11
269.0
 21
602.0
 31
0.0
100
AcDbText
 73
3
  0
TEXT
  5
5A2
330
17
100
AcDbEntity
  8
A-TEXTO
100
AcDbText
 10
158.5
 20
519.5
 30
0.0
 40
1.7
  1
S3
  7
ISO3098
 11
158.5
 21
519.5
 31
0.0
100
AcDbText
 73
3
  0
TEXT
  5
5A3
330
17
100
AcDbEntity
  8
A-TEXTO
100
AcDbText
 10
364.0
 20
626.5
 30
0.0
 40
1.7
  1
S1
  7
ISO3098
 11
364.0
 21
626.5
 31
0.0
100
AcDbText
 73
3
  0
TEXT
  5
5A4
330
17
100
AcDbEntity
  8
A-TEXTO
100
AcDbText
 10
427.0
 20
626.5
 30
0.0
 40
1.7
  1
S2
  7
ISO3098
 11
427.0
 21
626.5
 31
0.0
100
AcDbText
 73
3
  0
TEXT
  5
5A5
330
17
100
AcDbEntity
  8
A-TEXTO
100
AcDbText
 10
365.0
 20
511.0
 30
0.0
 40
1.7
  1
Q
  7
ISO3098
 11
365.0
 21
511.0
 31
0.0
100
AcDbText
 73
3
  0
TEXT
  5
5A6
330
17
100
AcDbEntity
  8
A-TEXTO
100
AcDbText
 10
365.0
 20
529.0
 30
0.0
 40
1.7
  1
QR
  7
ISO3098
 11
365.0
 21
529.0
 31
0.0
100
AcDbText
 73
3
  0
TEXT
  5
5A7
330
17
100
AcDbEntity
  8
A-TEXTO
100
AcDbText
 10
389.0
 20
529.0
 30
0.0
 40
1.7
  1
EPP
  7
ISO3098
 11
389.0
 21
529.0
 31
0.0
100
AcDbText
 73
3
  0
TEXT
  5
5A8
330
17
100
AcDbEntity
  8
A-TEXTO
100
AcDbText
 10
432.0
 20
511.0
 30
0.0
 40
1.7
  1
MT
  7
ISO3098
 11
432.0
 21
511.0
 31
0.0
100
AcDbText
 73
3
  0
TEXT
  5
5A9
330
17
100
AcDbEntity
  8
A-TEXTO
100
AcDbText
 10
468.0
 20
511.0
 30
0.0
 40
1.7
  1
SUP
  7
ISO3098
 11
468.0
 21
511.0
 31
0.0
100
AcDbText
 73
3
  0
TEXT
  5
5AA
330
17
100
AcDbEntity
  8
A-TEXTO
100
AcDbText
 10
496.0
 20
626.5
 30
0.0
 40
1.7
  1
S-P
  7
ISO3098
 11
496.0
 21
626.5
 31
0.0
100
AcDbText
 73
3
  0
TEXT
  5
5AB
330
17
100
AcDbEntity
  8
A-TEXTO
100
AcDbText
 10
525.0
 20
648.5
 30
0.0
 40
1.7
  1
QP
  7
ISO3098
 11
525.0
 21
648.5
 31
0.0
100
AcDbText
 73
3
  0
TEXT
  5
5AC
330
17
100
AcDbEntity
  8
A-TEXTO
100
AcDbText
 10
584.5
 20
648.5
 30
0.0
 40
1.7
  1
AL-PV
  7
ISO3098
 11
584.5
 21
648.5
 31
0.0
100
AcDbText
 73
3
  0
TEXT
  5
5AD
330
17
100
AcDbEntity
  8
A-TEXTO
100
AcDbText
 10
620.5
 20
648.5
 30
0.0
 40
1.7
  1
AL-2
  7
ISO3098
 11
620.5
 21
648.5
 31
0.0
100
AcDbText
 73
3
  0
TEXT
  5
5AE
330
17
100
AcDbEntity
  8
A-TEXTO
100
AcDbText
 10
584.5
 20
621.0
 30
0.0
 40
1.7
  1
SP-1
  7
ISO3098
 11
584.5
 21
621.0
 31
0.0
100
AcDbText
 73
3
  0
TEXT
  5
5AF
330
17
100
AcDbEntity
  8
A-TEXTO
100
AcDbText
 10
620.5
 20
621.0
 30
0.0
 40
1.7
  1
S-T
  7
ISO3098
 11
620.5
 21
621.0
 31
0.0
100
AcDbText
 73
3
  0
TEXT
  5
5B0
330
17
100
AcDbEntity
  8
A-TEXTO
100
AcDbText
 10
584.5
 20
573.0
 30
0.0
 40
1.7
  1
BAT
  7
ISO3098
 11
584.5
 21
573.0
 31
0.0
100
AcDbText
 73
3
  0
TEXT
  5
5B1
330
17
100
AcDbEntity
  8
A-TEXTO
100
AcDbText
 10
618.0
 20
573.0
 30
0.0
 40
1.7
  1
EST
  7
ISO3098
 11
618.0
 21
573.0
 31
0.0
100
AcDbText
 73
3
  0
TEXT
  5
5B2
330
17
100
AcDbEntity
  8
A-TEXTO
100
AcDbText
 10
648.0
 20
573.0
 30
0.0
 40
1.7
  1
OF-E
  7
ISO3098
 11
648.0
 21
573.0
 31
0.0
100
AcDbText
 73
3
  0
TEXT
  5
5B3
330
17
100
AcDbEntity
  8
A-TEXTO
100
AcDbText
 10
584.5
 20
529.0
 30
0.0
 40
1.7
  1
SP-2
  7
ISO3098
 11
584.5
 21
529.0
 31
0.0
100
AcDbText
 73
3
  0
TEXT
  5
5B4
330
17
100
AcDbEntity
  8
A-TEXTO
100
AcDbText
 10
618.0
 20
512.0
 30
0.0
 40
1.7
  1
S-TC
  7
ISO3098
 11
618.0
 21
512.0
 31
0.0
100
AcDbText
 73
3
  0
TEXT
  5
5B5
330
17
100
AcDbEntity
  8
A-TEXTO
100
AcDbText
 10
678.0000000000001
 20
512.0
 30
0.0
 40
1.7
  1
PTC
  7
ISO3098
 11
678.0000000000001
 21
512.0
 31
0.0
100
AcDbText
 73
3
  0
TEXT
  5
5B6
330
17
100
AcDbEntity
  8
A-TEXTO
100
AcDbText
 10
678.0000000000001
 20
648.5
 30
0.0
 40
1.7
  1
AL-3
  7
ISO3098
 11
678.0000000000001
 21
648.5
 31
0.0
100
AcDbText
 73
3
  0
TEXT
  5
5B7
330
17
100
AcDbEntity
  8
A-TEXTO
100
AcDbText
 10
733.0000000000001
 20
648.5
 30
0.0
 40
1.7
  1
EXP
  7
ISO3098
 11
733.0000000000001
 21
648.5
 31
0.0
100
AcDbText
 73
3
  0
TEXT
  5
5B8
330
17
100
AcDbEntity
  8
A-TEXTO
100
AcDbText
 10
715.5000000000001
 20
554.0
 30
0.0
 40
1.7
  1
S4
  7
ISO3098
 11
715.5000000000001
 21
554.0
 31
0.0
100
AcDbText
 73
3
  0
CIRCLE
  5
5B9
330
17
100
AcDbEntity
  8
A-TEXTO
100
AcDbCircle
 10
187.5
 20
732.0
 30
0.0
 40
2.2
  0
TEXT
  5
5BA
330
17
100
AcDbEntity
  8
A-TEXTO
100
AcDbText
 10
187.5
 20
732.0
 30
0.0
 40
2.0
  1
1
  7
ISO3098
 72
1
 11
187.5
 21
732.0
 31
0.0
100
AcDbText
 73
2
  0
CIRCLE
  5
5BB
330
17
100
AcDbEntity
  8
A-TEXTO
100
AcDbCircle
 10
226.0
 20
732.0
 30
0.0
 40
2.2
  0
TEXT
  5
5BC
330
17
100
AcDbEntity
  8
A-TEXTO
100
AcDbText
 10
226.0
 20
732.0
 30
0.0
 40
2.0
  1
2
  7
ISO3098
 72
1
 11
226.0
 21
732.0
 31
0.0
100
AcDbText
 73
2
  0
CIRCLE
  5
5BD
330
17
100
AcDbEntity
  8
A-TEXTO
100
AcDbCircle
 10
195.0
 20
719.5
 30
0.0
 40
2.2
  0
TEXT
  5
5BE
330
17
100
AcDbEntity
  8
A-TEXTO
100
AcDbText
 10
195.0
 20
719.5
 30
0.0
 40
2.0
  1
3
  7
ISO3098
 72
1
 11
195.0
 21
719.5
 31
0.0
100
AcDbText
 73
2
  0
CIRCLE
  5
5BF
330
17
100
AcDbEntity
  8
A-TEXTO
100
AcDbCircle
 10
125.0
 20
541.0
 30
0.0
 40
2.2
  0
TEXT
  5
5C0
330
17
100
AcDbEntity
  8
A-TEXTO
100
AcDbText
 10
125.0
 20
541.0
 30
0.0
 40
2.0
  1
4
  7
ISO3098
 72
1
 11
125.0
 21
541.0
 31
0.0
100
AcDbText
 73
2
  0
CIRCLE
  5
5C1
330
17
100
AcDbEntity
  8
A-TEXTO
100
AcDbCircle
 10
600.0
 20
727.0
 30
0.0
 40
2.2
  0
TEXT
  5
5C2
330
17
100
AcDbEntity
  8
A-TEXTO
100
AcDbText
 10
600.0
 20
727.0
 30
0.0
 40
2.0
  1
5
  7
ISO3098
 72
1
 11
600.0
 21
727.0
 31
0.0
100
AcDbText
 73
2
  0
CIRCLE
  5
5C3
330
17
100
AcDbEntity
  8
A-TEXTO
100
AcDbCircle
 10
645.0
 20
727.0
 30
0.0
 40
2.2
  0
TEXT
  5
5C4
330
17
100
AcDbEntity
  8
A-TEXTO
100
AcDbText
 10
645.0
 20
727.0
 30
0.0
 40
2.0
  1
6
  7
ISO3098
 72
1
 11
645.0
 21
727.0
 31
0.0
100
AcDbText
 73
2
  0
CIRCLE
  5
5C5
330
17
100
AcDbEntity
  8
A-TEXTO
100
AcDbCircle
 10
536.5
 20
727.0
 30
0.0
 40
2.2
  0
TEXT
  5
5C6
330
17
100
AcDbEntity
  8
A-TEXTO
100
AcDbText
 10
536.5
 20
727.0
 30
0.0
 40
2.0
  1
7
  7
ISO3098
 72
1
 11
536.5
 21
727.0
 31
0.0
100
AcDbText
 73
2
  0
CIRCLE
  5
5C7
330
17
100
AcDbEntity
  8
A-TEXTO
100
AcDbCircle
 10
800.0
 20
535.0
 30
0.0
 40
2.2
  0
TEXT
  5
5C8
330
17
100
AcDbEntity
  8
A-TEXTO
100
AcDbText
 10
800.0
 20
535.0
 30
0.0
 40
2.0
  1
8
  7
ISO3098
 72
1
 11
800.0
 21
535.0
 31
0.0
100
AcDbText
 73
2
  0
CIRCLE
  5
5C9
330
17
100
AcDbEntity
  8
A-TEXTO
100
AcDbCircle
 10
800.0
 20
554.0
 30
0.0
 40
2.2
  0
TEXT
  5
5CA
330
17
100
AcDbEntity
  8
A-TEXTO
100
AcDbText
 10
800.0
 20
554.0
 30
0.0
 40
2.0
  1
9
  7
ISO3098
 72
1
 11
800.0
 21
554.0
 31
0.0
100
AcDbText
 73
2
  0
CIRCLE
  5
5CB
330
17
100
AcDbEntity
  8
A-TEXTO
100
AcDbCircle
 10
425.0
 20
662.0
 30
0.0
 40
2.2
  0
TEXT
  5
5CC
330
17
100
AcDbEntity
  8
A-TEXTO
100
AcDbText
 10
425.0
 20
662.0
 30
0.0
 40
2.0
  1
10
  7
ISO3098
 72
1
 11
425.0
 21
662.0
 31
0.0
100
AcDbText
 73
2
  0
CIRCLE
  5
5CD
330
17
100
AcDbEntity
  8
A-TEXTO
100
AcDbCircle
 10
125.0
 20
509.0
 30
0.0
 40
2.2
  0
TEXT
  5
5CE
330
17
100
AcDbEntity
  8
A-TEXTO
100
AcDbText
 10
125.0
 20
509.0
 30
0.0
 40
2.0
  1
11
  7
ISO3098
 72
1
 11
125.0
 21
509.0
 31
0.0
100
AcDbText
 73
2
  0
CIRCLE
  5
5CF
330
17
100
AcDbEntity
  8
A-TEXTO
100
AcDbCircle
 10
800.0
 20
627.0
 30
0.0
 40
2.2
  0
TEXT
  5
5D0
330
17
100
AcDbEntity
  8
A-TEXTO
100
AcDbText
 10
800.0
 20
627.0
 30
0.0
 40
2.0
  1
12
  7
ISO3098
 72
1
 11
800.0
 21
627.0
 31
0.0
100
AcDbText
 73
2
  0
CIRCLE
  5
5D1
330
17
100
AcDbEntity
  8
A-TEXTO
100
AcDbCircle
 10
800.0
 20
489.0
 30
0.0
 40
2.2
  0
TEXT
  5
5D2
330
17
100
AcDbEntity
  8
A-TEXTO
100
AcDbText
 10
800.0
 20
489.0
 30
0.0
 40
2.0
  1
13
  7
ISO3098
 72
1
 11
800.0
 21
489.0
 31
0.0
100
AcDbText
 73
2
  0
CIRCLE
  5
5D3
330
17
100
AcDbEntity
  8
A-TEXTO
100
AcDbCircle
 10
125.0
 20
573.0
 30
0.0
 40
2.2
  0
TEXT
  5
5D4
330
17
100
AcDbEntity
  8
A-TEXTO
100
AcDbText
 10
125.0
 20
573.0
 30
0.0
 40
2.0
  1
14
  7
ISO3098
 72
1
 11
125.0
 21
573.0
 31
0.0
100
AcDbText
 73
2
  0
CIRCLE
  5
5D5
330
17
100
AcDbEntity
  8
A-TEXTO
100
AcDbCircle
 10
319.0
 20
702.0
 30
0.0
 40
2.2
  0
TEXT
  5
5D6
330
17
100
AcDbEntity
  8
A-TEXTO
100
AcDbText
 10
319.0
 20
702.0
 30
0.0
 40
2.0
  1
15
  7
ISO3098
 72
1
 11
319.0
 21
702.0
 31
0.0
100
AcDbText
 73
2
  0
CIRCLE
  5
5D7
330
17
100
AcDbEntity
  8
A-TEXTO
100
AcDbCircle
 10
512.5
 20
312.0
 30
0.0
 40
2.2
  0
TEXT
  5
5D8
330
17
100
AcDbEntity
  8
A-TEXTO
100
AcDbText
 10
512.5
 20
312.0
 30
0.0
 40
2.0
  1
16
  7
ISO3098
 72
1
 11
512.5
 21
312.0
 31
0.0
100
AcDbText
 73
2
  0
CIRCLE
  5
5D9
330
17
100
AcDbEntity
  8
A-TEXTO
100
AcDbCircle
 10
675.0
 20
429.5
 30
0.0
 40
2.2
  0
TEXT
  5
5DA
330
17
100
AcDbEntity
  8
A-TEXTO
100
AcDbText
 10
675.0
 20
429.5
 30
0.0
 40
2.0
  1
17
  7
ISO3098
 72
1
 11
675.0
 21
429.5
 31
0.0
100
AcDbText
 73
2
  0
TEXT
  5
5DB
330
17
100
AcDbEntity
  8
A-TEXTO
100
AcDbText
 10
897.0
 20
797.0
 30
0.0
 40
3.5
  1
Referencias
  7
ISO3098
 11
897.0
 21
797.0
 31
0.0
100
AcDbText
 73
1
  0
LWPOLYLINE
  5
5DC
330
17
100
AcDbEntity
  8
F-MP
100
AcDbPolyline
 90
2
 70
0
 10
897.0
 20
791.0
 10
913.0
 20
791.0
  0
HATCH
  5
5DD
330
17
100
AcDbEntity
  8
F-MP
 62
7
420
18120
100
AcDbHatch
 10
0.0
 20
0.0
 30
0.0
210
0.0
220
0.0
230
1.0
  2
SOLID
 70
1
 71
0
 91
1
 92
3
 72
0
 73
1
 93
3
 10
913.0
 20
791.0
 10
910.0
 20
791.75
 10
910.0
 20
790.25
 97
0
 75
1
 76
1
 98
0
  0
TEXT
  5
5DE
330
17
100
AcDbEntity
  8
A-TEXTO
100
AcDbText
 10
917.0
 20
791.0
 30
0.0
 40
2.5
  1
MP: materia prima (azul)
  7
ISO3098
 11
917.0
 21
791.0
 31
0.0
100
AcDbText
 73
2
  0
LWPOLYLINE
  5
5DF
330
17
100
AcDbEntity
  8
F-SE
100
AcDbPolyline
 90
2
 70
0
 10
897.0
 20
785.5
 10
913.0
 20
785.5
  0
HATCH
  5
5E0
330
17
100
AcDbEntity
  8
F-SE
 62
7
420
15431680
100
AcDbHatch
 10
0.0
 20
0.0
 30
0.0
210
0.0
220
0.0
230
1.0
  2
SOLID
 70
1
 71
0
 91
1
 92
3
 72
0
 73
1
 93
3
 10
913.0
 20
785.5
 10
910.0
 20
786.25
 10
910.0
 20
784.75
 97
0
 75
1
 76
1
 98
0
  0
TEXT
  5
5E1
330
17
100
AcDbEntity
  8
A-TEXTO
100
AcDbText
 10
917.0
 20
785.5
 30
0.0
 40
2.5
  1
SE: semielaborado (naranja)
  7
ISO3098
 11
917.0
 21
785.5
 31
0.0
100
AcDbText
 73
2
  0
LWPOLYLINE
  5
5E2
330
17
100
AcDbEntity
  8
F-TL
100
AcDbPolyline
 90
2
 70
0
 10
897.0
 20
780.0
 10
913.0
 20
780.0
  0
HATCH
  5
5E3
330
17
100
AcDbEntity
  8
F-TL
 62
7
420
15431680
100
AcDbHatch
 10
0.0
 20
0.0
 30
0.0
210
0.0
220
0.0
230
1.0
  2
SOLID
 70
1
 71
0
 91
1
 92
3
 72
0
 73
1
 93
3
 10
913.0
 20
780.0
 10
910.0
 20
780.75
 10
910.0
 20
779.25
 97
0
 75
1
 76
1
 98
0
  0
TEXT
  5
5E4
330
17
100
AcDbEntity
  8
A-TEXTO
100
AcDbText
 10
917.0
 20
780.0
 30
0.0
 40
2.5
  1
Tren logístico de un sentido (SE)
  7
ISO3098
 11
917.0
 21
780.0
 31
0.0
100
AcDbText
 73
2
  0
LWPOLYLINE
  5
5E5
330
17
100
AcDbEntity
  8
F-RET
100
AcDbPolyline
 90
2
 70
0
 10
897.0
 20
774.5
 10
913.0
 20
774.5
  0
HATCH
  5
5E6
330
17
100
AcDbEntity
  8
F-RET
 62
7
420
9868950
100
AcDbHatch
 10
0.0
 20
0.0
 30
0.0
210
0.0
220
0.0
230
1.0
  2
SOLID
 70
1
 71
0
 91
1
 92
3
 72
0
 73
1
 93
3
 10
913.0
 20
774.5
 10
910.0
 20
775.25
 10
910.0
 20
773.75
 97
0
 75
1
 76
1
 98
0
  0
TEXT
  5
5E7
330
17
100
AcDbEntity
  8
A-TEXTO
100
AcDbText
 10
917.0
 20
774.5
 30
0.0
 40
2.5
  1
Retorno vacío del tren
  7
ISO3098
 11
917.0
 21
774.5
 31
0.0
100
AcDbText
 73
2
  0
LWPOLYLINE
  5
5E8
330
17
100
AcDbEntity
  8
F-PT
100
AcDbPolyline
 90
2
 70
0
 10
897.0
 20
769.0
 10
913.0
 20
769.0
  0
HATCH
  5
5E9
330
17
100
AcDbEntity
  8
F-PT
 62
7
420
38460
100
AcDbHatch
 10
0.0
 20
0.0
 30
0.0
210
0.0
220
0.0
230
1.0
  2
SOLID
 70
1
 71
0
 91
1
 92
3
 72
0
 73
1
 93
3
 10
913.0
 20
769.0
 10
910.0
 20
769.75
 10
910.0
 20
768.25
 97
0
 75
1
 76
1
 98
0
  0
TEXT
  5
5EA
330
17
100
AcDbEntity
  8
A-TEXTO
100
AcDbText
 10
917.0
 20
769.0
 30
0.0
 40
2.5
  1
PT: producto terminado (verde)
  7
ISO3098
 11
917.0
 21
769.0
 31
0.0
100
AcDbText
 73
2
  0
LWPOLYLINE
  5
5EB
330
17
100
AcDbEntity
  8
F-SCRAP
100
AcDbPolyline
 90
2
 70
0
 10
897.0
 20
763.5
 10
913.0
 20
763.5
  0
HATCH
  5
5EC
330
17
100
AcDbEntity
  8
F-SCRAP
 62
7
420
7895160
100
AcDbHatch
 10
0.0
 20
0.0
 30
0.0
210
0.0
220
0.0
230
1.0
  2
SOLID
 70
1
 71
0
 91
1
 92
3
 72
0
 73
1
 93
3
 10
913.0
 20
763.5
 10
910.0
 20
764.25
 10
910.0
 20
762.75
 97
0
 75
1
 76
1
 98
0
  0
TEXT
  5
5ED
330
17
100
AcDbEntity
  8
A-TEXTO
100
AcDbText
 10
917.0
 20
763.5
 30
0.0
 40
2.5
  1
Scrap y retal (gris)
  7
ISO3098
 11
917.0
 21
763.5
 31
0.0
100
AcDbText
 73
2
  0
LWPOLYLINE
  5
5EE
330
17
100
AcDbEntity
  8
F-EFL-LIQ
100
AcDbPolyline
 90
2
 70
0
 10
897.0
 20
758.0
 10
913.0
 20
758.0
  0
HATCH
  5
5EF
330
17
100
AcDbEntity
  8
F-EFL-LIQ
 62
7
420
9195550
100
AcDbHatch
 10
0.0
 20
0.0
 30
0.0
210
0.0
220
0.0
230
1.0
  2
SOLID
 70
1
 71
0
 91
1
 92
3
 72
0
 73
1
 93
3
 10
913.0
 20
758.0
 10
910.0
 20
758.75
 10
910.0
 20
757.25
 97
0
 75
1
 76
1
 98
0
  0
TEXT
  5
5F0
330
17
100
AcDbEntity
  8
A-TEXTO
100
AcDbText
 10
917.0
 20
758.0
 30
0.0
 40
2.5
  1
Efluentes líquidos (marrón)
  7
ISO3098
 11
917.0
 21
758.0
 31
0.0
100
AcDbText
 73
2
  0
LWPOLYLINE
  5
5F1
330
17
100
AcDbEntity
  8
F-EFL-GAS
100
AcDbPolyline
 90
2
 70
0
 10
897.0
 20
752.5
 10
913.0
 20
752.5
  0
HATCH
  5
5F2
330
17
100
AcDbEntity
  8
F-EFL-GAS
 62
7
420
43720
100
AcDbHatch
 10
0.0
 20
0.0
 30
0.0
210
0.0
220
0.0
230
1.0
  2
SOLID
 70
1
 71
0
 91
1
 92
3
 72
0
 73
1
 93
3
 10
913.0
 20
752.5
 10
910.0
 20
753.25
 10
910.0
 20
751.75
 97
0
 75
1
 76
1
 98
0
  0
TEXT
  5
5F3
330
17
100
AcDbEntity
  8
A-TEXTO
100
AcDbText
 10
917.0
 20
752.5
 30
0.0
 40
2.5
  1
Emisiones gaseosas: captación y salida por techo (cian)
  7
ISO3098
 11
917.0
 21
752.5
 31
0.0
100
AcDbText
 73
2
  0
TEXT
  5
5F4
330
17
100
AcDbEntity
  8
A-TEXTO
100
AcDbText
 10
897.0
 20
744.0
 30
0.0
 40
3.5
  1
Flujos numerados
  7
ISO3098
 11
897.0
 21
744.0
 31
0.0
100
AcDbText
 73
1
  0
CIRCLE
  5
5F5
330
17
100
AcDbEntity
  8
A-TEXTO
100
AcDbCircle
 10
900.0
 20
738.5
 30
0.0
 40
2.2
  0
TEXT
  5
5F6
330
17
100
AcDbEntity
  8
A-TEXTO
100
AcDbText
 10
900.0
 20
738.5
 30
0.0
 40
2.0
  1
1
  7
ISO3098
 72
1
 11
900.0
 21
738.5
 31
0.0
100
AcDbText
 73
2
  0
TEXT
  5
5F7
330
17
100
AcDbEntity
  8
A-TEXTO
100
AcDbText
 10
905.0
 20
738.5
 30
0.0
 40
2.2
  1
MP-1 hojas y flejes en chasis: bahía interior BR, descarga por los dos lados (P1)
  7
ISO3098
 11
905.0
 21
738.5
 31
0.0
100
AcDbText
 73
2
  0
CIRCLE
  5
5F8
330
17
100
AcDbEntity
  8
A-TEXTO
100
AcDbCircle
 10
900.0
 20
733.5
 30
0.0
 40
2.2
  0
TEXT
  5
5F9
330
17
100
AcDbEntity
  8
A-TEXTO
100
AcDbText
 10
900.0
 20
733.5
 30
0.0
 40
2.0
  1
2
  7
ISO3098
 72
1
 11
900.0
 21
733.5
 31
0.0
100
AcDbText
 73
2
  0
TEXT
  5
5FA
330
17
100
AcDbEntity
  8
A-TEXTO
100
AcDbText
 10
905.0
 20
733.5
 30
0.0
 40
2.2
  1
MP-2 hojas o flejes en semi: playa norte bajo alero, descarga por los dos lados (P1b)
  7
ISO3098
 11
905.0
 21
733.5
 31
0.0
100
AcDbText
 73
2
  0
CIRCLE
  5
5FB
330
17
100
AcDbEntity
  8
A-TEXTO
100
AcDbCircle
 10
900.0
 20
728.5
 30
0.0
 40
2.2
  0
TEXT
  5
5FC
330
17
100
AcDbEntity
  8
A-TEXTO
100
AcDbText
 10
900.0
 20
728.5
 30
0.0
 40
2.0
  1
3
  7
ISO3098
 72
1
 11
900.0
 21
728.5
 31
0.0
100
AcDbText
 73
2
  0
TEXT
  5
5FD
330
17
100
AcDbEntity
  8
A-TEXTO
100
AcDbText
 10
905.0
 20
728.5
 30
0.0
 40
2.2
  1
MP-3 caño Ø76,2 × 6 m en atados (P1)
  7
ISO3098
 11
905.0
 21
728.5
 31
0.0
100
AcDbText
 73
2
  0
CIRCLE
  5
5FE
330
17
100
AcDbEntity
  8
A-TEXTO
100
AcDbCircle
 10
900.0
 20
723.5
 30
0.0
 40
2.2
  0
TEXT
  5
5FF
330
17
100
AcDbEntity
  8
A-TEXTO
100
AcDbText
 10
900.0
 20
723.5
 30
0.0
 40
2.0
  1
4
  7
ISO3098
 72
1
 11
900.0
 21
723.5
 31
0.0
100
AcDbText
 73
2
  0
TEXT
  5
600
330
17
100
AcDbEntity
  8
A-TEXTO
100
AcDbText
 10
905.0
 20
723.5
 30
0.0
 40
2.2
  1
MP-4 casquetes de carros (P7)
  7
ISO3098
 11
905.0
 21
723.5
 31
0.0
100
AcDbText
 73
2
  0
CIRCLE
  5
601
330
17
100
AcDbEntity
  8
A-TEXTO
100
AcDbCircle
 10
900.0
 20
718.5
 30
0.0
 40
2.2
  0
TEXT
  5
602
330
17
100
AcDbEntity
  8
A-TEXTO
100
AcDbText
 10
900.0
 20
718.5
 30
0.0
 40
2.0
  1
5
  7
ISO3098
 72
1
 11
900.0
 21
718.5
 31
0.0
100
AcDbText
 73
2
  0
TEXT
  5
603
330
17
100
AcDbEntity
  8
A-TEXTO
100
AcDbText
 10
905.0
 20
718.5
 30
0.0
 40
2.2
  1
MP-5 polvo químico en big bags (P4)
  7
ISO3098
 11
905.0
 21
718.5
 31
0.0
100
AcDbText
 73
2
  0
CIRCLE
  5
604
330
17
100
AcDbEntity
  8
A-TEXTO
100
AcDbCircle
 10
900.0
 20
713.5
 30
0.0
 40
2.2
  0
TEXT
  5
605
330
17
100
AcDbEntity
  8
A-TEXTO
100
AcDbText
 10
900.0
 20
713.5
 30
0.0
 40
2.0
  1
6
  7
ISO3098
 72
1
 11
900.0
 21
713.5
 31
0.0
100
AcDbText
 73
2
  0
TEXT
  5
606
330
17
100
AcDbEntity
  8
A-TEXTO
100
AcDbText
 10
905.0
 20
713.5
 30
0.0
 40
2.2
  1
MP-6 válvulas, manómetros, etiquetas y embalaje (P5)
  7
ISO3098
 11
905.0
 21
713.5
 31
0.0
100
AcDbText
 73
2
  0
CIRCLE
  5
607
330
17
100
AcDbEntity
  8
A-TEXTO
100
AcDbCircle
 10
900.0
 20
708.5
 30
0.0
 40
2.2
  0
TEXT
  5
608
330
17
100
AcDbEntity
  8
A-TEXTO
100
AcDbText
 10
900.0
 20
708.5
 30
0.0
 40
2.0
  1
7
  7
ISO3098
 72
1
 11
900.0
 21
708.5
 31
0.0
100
AcDbText
 73
2
  0
TEXT
  5
609
330
17
100
AcDbEntity
  8
A-TEXTO
100
AcDbText
 10
905.0
 20
708.5
 30
0.0
 40
2.2
  1
MP-7 químicos de pretratamiento y pintura en polvo (P3)
  7
ISO3098
 11
905.0
 21
708.5
 31
0.0
100
AcDbText
 73
2
  0
CIRCLE
  5
60A
330
17
100
AcDbEntity
  8
A-TEXTO
100
AcDbCircle
 10
900.0
 20
703.5
 30
0.0
 40
2.2
  0
TEXT
  5
60B
330
17
100
AcDbEntity
  8
A-TEXTO
100
AcDbText
 10
900.0
 20
703.5
 30
0.0
 40
2.0
  1
8
  7
ISO3098
 72
1
 11
900.0
 21
703.5
 31
0.0
100
AcDbText
 73
2
  0
TEXT
  5
60C
330
17
100
AcDbEntity
  8
A-TEXTO
100
AcDbText
 10
905.0
 20
703.5
 30
0.0
 40
2.2
  1
MP-8 polvo de carros, estructuras y ruedas (P8)
  7
ISO3098
 11
905.0
 21
703.5
 31
0.0
100
AcDbText
 73
2
  0
CIRCLE
  5
60D
330
17
100
AcDbEntity
  8
A-TEXTO
100
AcDbCircle
 10
900.0
 20
698.5
 30
0.0
 40
2.2
  0
TEXT
  5
60E
330
17
100
AcDbEntity
  8
A-TEXTO
100
AcDbText
 10
900.0
 20
698.5
 30
0.0
 40
2.0
  1
9
  7
ISO3098
 72
1
 11
900.0
 21
698.5
 31
0.0
100
AcDbText
 73
2
  0
TEXT
  5
60F
330
17
100
AcDbEntity
  8
A-TEXTO
100
AcDbText
 10
905.0
 20
698.5
 30
0.0
 40
2.2
  1
MP-9 tercerizados revendidos (M3)
  7
ISO3098
 11
905.0
 21
698.5
 31
0.0
100
AcDbText
 73
2
  0
CIRCLE
  5
610
330
17
100
AcDbEntity
  8
A-TEXTO
100
AcDbCircle
 10
900.0
 20
693.5
 30
0.0
 40
2.2
  0
TEXT
  5
611
330
17
100
AcDbEntity
  8
A-TEXTO
100
AcDbText
 10
900.0
 20
693.5
 30
0.0
 40
2.0
  1
10
  7
ISO3098
 72
1
 11
900.0
 21
693.5
 31
0.0
100
AcDbText
 73
2
  0
TEXT
  5
612
330
17
100
AcDbEntity
  8
A-TEXTO
100
AcDbText
 10
905.0
 20
693.5
 30
0.0
 40
2.2
  1
SE tren logístico: sector MP -> celdas -> pintura, un solo sentido
  7
ISO3098
 11
905.0
 21
693.5
 31
0.0
100
AcDbText
 73
2
  0
CIRCLE
  5
613
330
17
100
AcDbEntity
  8
A-TEXTO
100
AcDbCircle
 10
900.0
 20
688.5
 30
0.0
 40
2.2
  0
TEXT
  5
614
330
17
100
AcDbEntity
  8
A-TEXTO
100
AcDbText
 10
900.0
 20
688.5
 30
0.0
 40
2.0
  1
11
  7
ISO3098
 72
1
 11
900.0
 21
688.5
 31
0.0
100
AcDbText
 73
2
  0
TEXT
  5
615
330
17
100
AcDbEntity
  8
A-TEXTO
100
AcDbText
 10
905.0
 20
688.5
 30
0.0
 40
2.2
  1
SE carros a pintura tercerizada (P6); vuelven pintados por P8
  7
ISO3098
 11
905.0
 21
688.5
 31
0.0
100
AcDbText
 73
2
  0
CIRCLE
  5
616
330
17
100
AcDbEntity
  8
A-TEXTO
100
AcDbCircle
 10
900.0
 20
683.5
 30
0.0
 40
2.2
  0
TEXT
  5
617
330
17
100
AcDbEntity
  8
A-TEXTO
100
AcDbText
 10
900.0
 20
683.5
 30
0.0
 40
2.0
  1
12
  7
ISO3098
 72
1
 11
900.0
 21
683.5
 31
0.0
100
AcDbText
 73
2
  0
TEXT
  5
618
330
17
100
AcDbEntity
  8
A-TEXTO
100
AcDbText
 10
905.0
 20
683.5
 30
0.0
 40
2.2
  1
PT a expedición por los muelles M1 y M2
  7
ISO3098
 11
905.0
 21
683.5
 31
0.0
100
AcDbText
 73
2
  0
CIRCLE
  5
619
330
17
100
AcDbEntity
  8
A-TEXTO
100
AcDbCircle
 10
900.0
 20
678.5
 30
0.0
 40
2.2
  0
TEXT
  5
61A
330
17
100
AcDbEntity
  8
A-TEXTO
100
AcDbText
 10
900.0
 20
678.5
 30
0.0
 40
2.0
  1
13
  7
ISO3098
 72
1
 11
900.0
 21
678.5
 31
0.0
100
AcDbText
 73
2
  0
TEXT
  5
61B
330
17
100
AcDbEntity
  8
A-TEXTO
100
AcDbText
 10
905.0
 20
678.5
 30
0.0
 40
2.2
  1
PT carros terminados (P9)
  7
ISO3098
 11
905.0
 21
678.5
 31
0.0
100
AcDbText
 73
2
  0
CIRCLE
  5
61C
330
17
100
AcDbEntity
  8
A-TEXTO
100
AcDbCircle
 10
900.0
 20
673.5
 30
0.0
 40
2.2
  0
TEXT
  5
61D
330
17
100
AcDbEntity
  8
A-TEXTO
100
AcDbText
 10
900.0
 20
673.5
 30
0.0
 40
2.0
  1
14
  7
ISO3098
 72
1
 11
900.0
 21
673.5
 31
0.0
100
AcDbText
 73
2
  0
TEXT
  5
61E
330
17
100
AcDbEntity
  8
A-TEXTO
100
AcDbText
 10
905.0
 20
673.5
 30
0.0
 40
2.2
  1
Scrap oeste: orillas de hoja (P2)
  7
ISO3098
 11
905.0
 21
673.5
 31
0.0
100
AcDbText
 73
2
  0
CIRCLE
  5
61F
330
17
100
AcDbEntity
  8
A-TEXTO
100
AcDbCircle
 10
900.0
 20
668.5
 30
0.0
 40
2.2
  0
TEXT
  5
620
330
17
100
AcDbEntity
  8
A-TEXTO
100
AcDbText
 10
900.0
 20
668.5
 30
0.0
 40
2.0
  1
15
  7
ISO3098
 72
1
 11
900.0
 21
668.5
 31
0.0
100
AcDbText
 73
2
  0
TEXT
  5
621
330
17
100
AcDbEntity
  8
A-TEXTO
100
AcDbText
 10
905.0
 20
668.5
 30
0.0
 40
2.2
  1
Scrap norte: esqueleto de fleje (P2b)
  7
ISO3098
 11
905.0
 21
668.5
 31
0.0
100
AcDbText
 73
2
  0
CIRCLE
  5
622
330
17
100
AcDbEntity
  8
A-TEXTO
100
AcDbCircle
 10
900.0
 20
663.5
 30
0.0
 40
2.2
  0
TEXT
  5
623
330
17
100
AcDbEntity
  8
A-TEXTO
100
AcDbText
 10
900.0
 20
663.5
 30
0.0
 40
2.0
  1
16
  7
ISO3098
 72
1
 11
900.0
 21
663.5
 31
0.0
100
AcDbText
 73
2
  0
TEXT
  5
624
330
17
100
AcDbEntity
  8
A-TEXTO
100
AcDbText
 10
905.0
 20
663.5
 30
0.0
 40
2.2
  1
Efluentes líquidos a tratamiento PTE y colectora
  7
ISO3098
 11
905.0
 21
663.5
 31
0.0
100
AcDbText
 73
2
  0
CIRCLE
  5
625
330
17
100
AcDbEntity
  8
A-TEXTO
100
AcDbCircle
 10
900.0
 20
658.5
 30
0.0
 40
2.2
  0
TEXT
  5
626
330
17
100
AcDbEntity
  8
A-TEXTO
100
AcDbText
 10
900.0
 20
658.5
 30
0.0
 40
2.0
  1
17
  7
ISO3098
 72
1
 11
900.0
 21
658.5
 31
0.0
100
AcDbText
 73
2
  0
TEXT
  5
627
330
17
100
AcDbEntity
  8
A-TEXTO
100
AcDbText
 10
905.0
 20
658.5
 30
0.0
 40
2.2
  1
Recargas: RC-1 -> descarga -> PH -> recarga -> despacho RC-2
  7
ISO3098
 11
905.0
 21
658.5
 31
0.0
100
AcDbText
 73
2
  0
TEXT
  5
628
330
17
100
AcDbEntity
  8
A-TEXTO
100
AcDbText
 10
897.0
 20
651.5
 30
0.0
 40
2.2
  1
Criterios: cada MP entra por el portón más cercano a la máquina que la transforma;
  7
ISO3098
 11
897.0
 21
651.5
 31
0.0
100
AcDbText
 73
3
  0
TEXT
  5
629
330
17
100
AcDbEntity
  8
A-TEXTO
100
AcDbText
 10
897.0
 20
648.09
 30
0.0
 40
2.2
  1
recorrido recto oeste -> este con 0 cruces entre MP, SE y PT (verificado por cálculo);
  7
ISO3098
 11
897.0
 21
648.09
 31
0.0
100
AcDbText
 73
3
  0
TEXT
  5
62A
330
17
100
AcDbEntity
  8
A-TEXTO
100
AcDbText
 10
897.0
 20
644.6800000000001
 30
0.0
 40
2.2
  1
tren logístico de un solo sentido; scrap por portones propios a volquetes exteriores
  7
ISO3098
 11
897.0
 21
644.6800000000001
 31
0.0
100
AcDbText
 73
3
  0
TEXT
  5
62B
330
17
100
AcDbEntity
  8
A-TEXTO
100
AcDbText
 10
897.0
 20
641.2700000000001
 30
0.0
 40
2.2
  1
(el chatarrero no entra); efluentes por gravedad a PTE junto a la colectora.
  7
ISO3098
 11
897.0
 21
641.2700000000001
 31
0.0
100
AcDbText
 73
3
  0
TEXT
  5
62C
330
17
100
AcDbEntity
  8
A-TEXTO
100
AcDbText
 10
897.0
 20
627.3600000000001
 30
0.0
 40
3.0
  1
Recepción de MP por entrega (año 10)
  7
ISO3098
 11
897.0
 21
627.3600000000001
 31
0.0
100
AcDbText
 73
1
  0
LWPOLYLINE
  5
62D
330
17
100
AcDbEntity
  8
A-COTA
370
35
100
AcDbPolyline
 90
4
 70
1
 10
897.0
 20
625.8600000000001
 10
1107.0
 20
625.8600000000001
 10
1107.0
 20
552.7600000000001
 10
897.0
 20
552.7600000000001
  0
LINE
  5
62E
330
17
100
AcDbEntity
  8
A-COTA
370
35
100
AcDbLine
 10
897.0
 20
621.5600000000002
 30
0.0
 11
1107.0
 21
621.5600000000002
 31
0.0
  0
LINE
  5
62F
330
17
100
AcDbEntity
  8
A-COTA
370
13
100
AcDbLine
 10
897.0
 20
617.2600000000001
 30
0.0
 11
1107.0
 21
617.2600000000001
 31
0.0
  0
LINE
  5
630
330
17
100
AcDbEntity
  8
A-COTA
370
13
100
AcDbLine
 10
897.0
 20
612.9600000000002
 30
0.0
 11
1107.0
 21
612.9600000000002
 31
0.0
  0
LINE
  5
631
330
17
100
AcDbEntity
  8
A-COTA
370
13
100
AcDbLine
 10
897.0
 20
608.6600000000001
 30
0.0
 11
1107.0
 21
608.6600000000001
 31
0.0
  0
LINE
  5
632
330
17
100
AcDbEntity
  8
A-COTA
370
13
100
AcDbLine
 10
897.0
 20
604.3600000000001
 30
0.0
 11
1107.0
 21
604.3600000000001
 31
0.0
  0
LINE
  5
633
330
17
100
AcDbEntity
  8
A-COTA
370
13
100
AcDbLine
 10
897.0
 20
600.0600000000002
 30
0.0
 11
1107.0
 21
600.0600000000002
 31
0.0
  0
LINE
  5
634
330
17
100
AcDbEntity
  8
A-COTA
370
13
100
AcDbLine
 10
897.0
 20
595.7600000000001
 30
0.0
 11
1107.0
 21
595.7600000000001
 31
0.0
  0
LINE
  5
635
330
17
100
AcDbEntity
  8
A-COTA
370
13
100
AcDbLine
 10
897.0
 20
591.4600000000002
 30
0.0
 11
1107.0
 21
591.4600000000002
 31
0.0
  0
LINE
  5
636
330
17
100
AcDbEntity
  8
A-COTA
370
13
100
AcDbLine
 10
897.0
 20
587.1600000000001
 30
0.0
 11
1107.0
 21
587.1600000000001
 31
0.0
  0
LINE
  5
637
330
17
100
AcDbEntity
  8
A-COTA
370
13
100
AcDbLine
 10
897.0
 20
582.8600000000001
 30
0.0
 11
1107.0
 21
582.8600000000001
 31
0.0
  0
LINE
  5
638
330
17
100
AcDbEntity
  8
A-COTA
370
13
100
AcDbLine
 10
897.0
 20
578.5600000000002
 30
0.0
 11
1107.0
 21
578.5600000000002
 31
0.0
  0
LINE
  5
639
330
17
100
AcDbEntity
  8
A-COTA
370
13
100
AcDbLine
 10
897.0
 20
574.2600000000001
 30
0.0
 11
1107.0
 21
574.2600000000001
 31
0.0
  0
LINE
  5
63A
330
17
100
AcDbEntity
  8
A-COTA
370
13
100
AcDbLine
 10
897.0
 20
569.9600000000002
 30
0.0
 11
1107.0
 21
569.9600000000002
 31
0.0
  0
LINE
  5
63B
330
17
100
AcDbEntity
  8
A-COTA
370
13
100
AcDbLine
 10
897.0
 20
565.6600000000001
 30
0.0
 11
1107.0
 21
565.6600000000001
 31
0.0
  0
LINE
  5
63C
330
17
100
AcDbEntity
  8
A-COTA
370
13
100
AcDbLine
 10
897.0
 20
561.3600000000001
 30
0.0
 11
1107.0
 21
561.3600000000001
 31
0.0
  0
LINE
  5
63D
330
17
100
AcDbEntity
  8
A-COTA
370
13
100
AcDbLine
 10
897.0
 20
557.0600000000002
 30
0.0
 11
1107.0
 21
557.0600000000002
 31
0.0
  0
LINE
  5
63E
330
17
100
AcDbEntity
  8
A-COTA
370
13
100
AcDbLine
 10
955.0
 20
625.8600000000001
 30
0.0
 11
955.0
 21
552.7600000000001
 31
0.0
  0
LINE
  5
63F
330
17
100
AcDbEntity
  8
A-COTA
370
13
100
AcDbLine
 10
969.0
 20
625.8600000000001
 30
0.0
 11
969.0
 21
552.7600000000001
 31
0.0
  0
LINE
  5
640
330
17
100
AcDbEntity
  8
A-COTA
370
13
100
AcDbLine
 10
984.0
 20
625.8600000000001
 30
0.0
 11
984.0
 21
552.7600000000001
 31
0.0
  0
LINE
  5
641
330
17
100
AcDbEntity
  8
A-COTA
370
13
100
AcDbLine
 10
1046.0
 20
625.8600000000001
 30
0.0
 11
1046.0
 21
552.7600000000001
 31
0.0
  0
LINE
  5
642
330
17
100
AcDbEntity
  8
A-COTA
370
13
100
AcDbLine
 10
1082.0
 20
625.8600000000001
 30
0.0
 11
1082.0
 21
552.7600000000001
 31
0.0
  0
TEXT
  5
643
330
17
100
AcDbEntity
  8
A-TEXTO
100
AcDbText
 10
897.8
 20
623.7100000000002
 30
0.0
 40
2.1
  1
Proveedor / material
  7
ISO3098
 11
897.8
 21
623.7100000000002
 31
0.0
100
AcDbText
 73
2
  0
TEXT
  5
644
330
17
100
AcDbEntity
  8
A-TEXTO
100
AcDbText
 10
962.0
 20
623.7100000000002
 30
0.0
 40
2.1
  1
t/entr.
  7
ISO3098
 72
1
 11
962.0
 21
623.7100000000002
 31
0.0
100
AcDbText
 73
2
  0
TEXT
  5
645
330
17
100
AcDbEntity
  8
A-TEXTO
100
AcDbText
 10
976.5
 20
623.7100000000002
 30
0.0
 40
2.1
  1
Entr./año
  7
ISO3098
 72
1
 11
976.5
 21
623.7100000000002
 31
0.0
100
AcDbText
 73
2
  0
TEXT
  5
646
330
17
100
AcDbEntity
  8
A-TEXTO
100
AcDbText
 10
984.8
 20
623.7100000000002
 30
0.0
 40
2.1
  1
Vehículo
  7
ISO3098
 11
984.8
 21
623.7100000000002
 31
0.0
100
AcDbText
 73
2
  0
TEXT
  5
647
330
17
100
AcDbEntity
  8
A-TEXTO
100
AcDbText
 10
1064.0
 20
623.7100000000002
 30
0.0
 40
2.1
  1
Portón
  7
ISO3098
 72
1
 11
1064.0
 21
623.7100000000002
 31
0.0
100
AcDbText
 73
2
  0
TEXT
  5
648
330
17
100
AcDbEntity
  8
A-TEXTO
100
AcDbText
 10
1094.5
 20
623.7100000000002
 30
0.0
 40
2.1
  1
Destino
  7
ISO3098
 72
1
 11
1094.5
 21
623.7100000000002
 31
0.0
100
AcDbText
 73
2
  0
TEXT
  5
649
330
17
100
AcDbEntity
  8
A-TEXTO
100
AcDbText
 10
897.8
 20
619.4100000000001
 30
0.0
 40
2.1
  1
Pradecon: hojas + fleje 0,9
  7
ISO3098
 11
897.8
 21
619.4100000000001
 31
0.0
100
AcDbText
 73
2
  0
TEXT
  5
64A
330
17
100
AcDbEntity
  8
A-TEXTO
100
AcDbText
 10
962.0
 20
619.4100000000001
 30
0.0
 40
2.1
  1
35,3
  7
ISO3098
 72
1
 11
962.0
 21
619.4100000000001
 31
0.0
100
AcDbText
 73
2
  0
TEXT
  5
64B
330
17
100
AcDbEntity
  8
A-TEXTO
100
AcDbText
 10
976.5
 20
619.4100000000001
 30
0.0
 40
2.1
  1
18,1
  7
ISO3098
 72
1
 11
976.5
 21
619.4100000000001
 31
0.0
100
AcDbText
 73
2
  0
TEXT
  5
64C
330
17
100
AcDbEntity
  8
A-TEXTO
100
AcDbText
 10
984.8
 20
619.4100000000001
 30
0.0
 40
2.1
  1
Semi (máx.) o 2 chasis quincenales
  7
ISO3098
 11
984.8
 21
619.4100000000001
 31
0.0
100
AcDbText
 73
2
  0
TEXT
  5
64D
330
17
100
AcDbEntity
  8
A-TEXTO
100
AcDbText
 10
1064.0
 20
619.4100000000001
 30
0.0
 40
2.1
  1
P1b / P1
  7
ISO3098
 72
1
 11
1064.0
 21
619.4100000000001
 31
0.0
100
AcDbText
 73
2
  0
TEXT
  5
64E
330
17
100
AcDbEntity
  8
A-TEXTO
100
AcDbText
 10
1094.5
 20
619.4100000000001
 30
0.0
 40
2.1
  1
AL-1H, AL-1F
  7
ISO3098
 72
1
 11
1094.5
 21
619.4100000000001
 31
0.0
100
AcDbText
 73
2
  0
TEXT
  5
64F
330
17
100
AcDbEntity
  8
A-TEXTO
100
AcDbText
 10
897.8
 20
615.1100000000001
 30
0.0
 40
2.1
  1
Pacheco: flejes 1,25-2,0
  7
ISO3098
 11
897.8
 21
615.1100000000001
 31
0.0
100
AcDbText
 73
2
  0
TEXT
  5
650
330
17
100
AcDbEntity
  8
A-TEXTO
100
AcDbText
 10
962.0
 20
615.1100000000001
 30
0.0
 40
2.1
  1
5,0
  7
ISO3098
 72
1
 11
962.0
 21
615.1100000000001
 31
0.0
100
AcDbText
 73
2
  0
TEXT
  5
651
330
17
100
AcDbEntity
  8
A-TEXTO
100
AcDbText
 10
976.5
 20
615.1100000000001
 30
0.0
 40
2.1
  1
29,3
  7
ISO3098
 72
1
 11
976.5
 21
615.1100000000001
 31
0.0
100
AcDbText
 73
2
  0
TEXT
  5
652
330
17
100
AcDbEntity
  8
A-TEXTO
100
AcDbText
 10
984.8
 20
615.1100000000001
 30
0.0
 40
2.1
  1
Chasis 2 ejes
  7
ISO3098
 11
984.8
 21
615.1100000000001
 31
0.0
100
AcDbText
 73
2
  0
TEXT
  5
653
330
17
100
AcDbEntity
  8
A-TEXTO
100
AcDbText
 10
1064.0
 20
615.1100000000001
 30
0.0
 40
2.1
  1
P1b
  7
ISO3098
 72
1
 11
1064.0
 21
615.1100000000001
 31
0.0
100
AcDbText
 73
2
  0
TEXT
  5
654
330
17
100
AcDbEntity
  8
A-TEXTO
100
AcDbText
 10
1094.5
 20
615.1100000000001
 30
0.0
 40
2.1
  1
AL-1F
  7
ISO3098
 72
1
 11
1094.5
 21
615.1100000000001
 31
0.0
100
AcDbText
 73
2
  0
TEXT
  5
655
330
17
100
AcDbEntity
  8
A-TEXTO
100
AcDbText
 10
897.8
 20
610.8100000000002
 30
0.0
 40
2.1
  1
Metalprisa: caño Ø76,2
  7
ISO3098
 11
897.8
 21
610.8100000000002
 31
0.0
100
AcDbText
 73
2
  0
TEXT
  5
656
330
17
100
AcDbEntity
  8
A-TEXTO
100
AcDbText
 10
962.0
 20
610.8100000000002
 30
0.0
 40
2.1
  1
4,2
  7
ISO3098
 72
1
 11
962.0
 21
610.8100000000002
 31
0.0
100
AcDbText
 73
2
  0
TEXT
  5
657
330
17
100
AcDbEntity
  8
A-TEXTO
100
AcDbText
 10
976.5
 20
610.8100000000002
 30
0.0
 40
2.1
  1
28,9
  7
ISO3098
 72
1
 11
976.5
 21
610.8100000000002
 31
0.0
100
AcDbText
 73
2
  0
TEXT
  5
658
330
17
100
AcDbEntity
  8
A-TEXTO
100
AcDbText
 10
984.8
 20
610.8100000000002
 30
0.0
 40
2.1
  1
Chasis 2 ejes
  7
ISO3098
 11
984.8
 21
610.8100000000002
 31
0.0
100
AcDbText
 73
2
  0
TEXT
  5
659
330
17
100
AcDbEntity
  8
A-TEXTO
100
AcDbText
 10
1064.0
 20
610.8100000000002
 30
0.0
 40
2.1
  1
P1
  7
ISO3098
 72
1
 11
1064.0
 21
610.8100000000002
 31
0.0
100
AcDbText
 73
2
  0
TEXT
  5
65A
330
17
100
AcDbEntity
  8
A-TEXTO
100
AcDbText
 10
1094.5
 20
610.8100000000002
 30
0.0
 40
2.1
  1
AL-1T
  7
ISO3098
 72
1
 11
1094.5
 21
610.8100000000002
 31
0.0
100
AcDbText
 73
2
  0
TEXT
  5
65B
330
17
100
AcDbEntity
  8
A-TEXTO
100
AcDbText
 10
897.8
 20
606.5100000000001
 30
0.0
 40
2.1
  1
Casquetes de carros
  7
ISO3098
 11
897.8
 21
606.5100000000001
 31
0.0
100
AcDbText
 73
2
  0
TEXT
  5
65C
330
17
100
AcDbEntity
  8
A-TEXTO
100
AcDbText
 10
962.0
 20
606.5100000000001
 30
0.0
 40
2.1
  1
5,9
  7
ISO3098
 72
1
 11
962.0
 21
606.5100000000001
 31
0.0
100
AcDbText
 73
2
  0
TEXT
  5
65D
330
17
100
AcDbEntity
  8
A-TEXTO
100
AcDbText
 10
976.5
 20
606.5100000000001
 30
0.0
 40
2.1
  1
4,1
  7
ISO3098
 72
1
 11
976.5
 21
606.5100000000001
 31
0.0
100
AcDbText
 73
2
  0
TEXT
  5
65E
330
17
100
AcDbEntity
  8
A-TEXTO
100
AcDbText
 10
984.8
 20
606.5100000000001
 30
0.0
 40
2.1
  1
Chasis 2 ejes
  7
ISO3098
 11
984.8
 21
606.5100000000001
 31
0.0
100
AcDbText
 73
2
  0
TEXT
  5
65F
330
17
100
AcDbEntity
  8
A-TEXTO
100
AcDbText
 10
1064.0
 20
606.5100000000001
 30
0.0
 40
2.1
  1
P7
  7
ISO3098
 72
1
 11
1064.0
 21
606.5100000000001
 31
0.0
100
AcDbText
 73
2
  0
TEXT
  5
660
330
17
100
AcDbEntity
  8
A-TEXTO
100
AcDbText
 10
1094.5
 20
606.5100000000001
 30
0.0
 40
2.1
  1
AL-1C
  7
ISO3098
 72
1
 11
1094.5
 21
606.5100000000001
 31
0.0
100
AcDbText
 73
2
  0
TEXT
  5
661
330
17
100
AcDbEntity
  8
A-TEXTO
100
AcDbText
 10
897.8
 20
602.2100000000002
 30
0.0
 40
2.1
  1
Eli-Met: cuplas y asientos
  7
ISO3098
 11
897.8
 21
602.2100000000002
 31
0.0
100
AcDbText
 73
2
  0
TEXT
  5
662
330
17
100
AcDbEntity
  8
A-TEXTO
100
AcDbText
 10
962.0
 20
602.2100000000002
 30
0.0
 40
2.1
  1
3,7
  7
ISO3098
 72
1
 11
962.0
 21
602.2100000000002
 31
0.0
100
AcDbText
 73
2
  0
TEXT
  5
663
330
17
100
AcDbEntity
  8
A-TEXTO
100
AcDbText
 10
976.5
 20
602.2100000000002
 30
0.0
 40
2.1
  1
5,6
  7
ISO3098
 72
1
 11
976.5
 21
602.2100000000002
 31
0.0
100
AcDbText
 73
2
  0
TEXT
  5
664
330
17
100
AcDbEntity
  8
A-TEXTO
100
AcDbText
 10
984.8
 20
602.2100000000002
 30
0.0
 40
2.1
  1
Chasis 2 ejes
  7
ISO3098
 11
984.8
 21
602.2100000000002
 31
0.0
100
AcDbText
 73
2
  0
TEXT
  5
665
330
17
100
AcDbEntity
  8
A-TEXTO
100
AcDbText
 10
1064.0
 20
602.2100000000002
 30
0.0
 40
2.1
  1
P1
  7
ISO3098
 72
1
 11
1064.0
 21
602.2100000000002
 31
0.0
100
AcDbText
 73
2
  0
TEXT
  5
666
330
17
100
AcDbEntity
  8
A-TEXTO
100
AcDbText
 10
1094.5
 20
602.2100000000002
 30
0.0
 40
2.1
  1
PÑ
  7
ISO3098
 72
1
 11
1094.5
 21
602.2100000000002
 31
0.0
100
AcDbText
 73
2
  0
TEXT
  5
667
330
17
100
AcDbEntity
  8
A-TEXTO
100
AcDbText
 10
897.8
 20
597.9100000000001
 30
0.0
 40
2.1
  1
Soldadura: alambre y consumibles
  7
ISO3098
 11
897.8
 21
597.9100000000001
 31
0.0
100
AcDbText
 73
2
  0
TEXT
  5
668
330
17
100
AcDbEntity
  8
A-TEXTO
100
AcDbText
 10
962.0
 20
597.9100000000001
 30
0.0
 40
2.1
  1
1,9
  7
ISO3098
 72
1
 11
962.0
 21
597.9100000000001
 31
0.0
100
AcDbText
 73
2
  0
TEXT
  5
669
330
17
100
AcDbEntity
  8
A-TEXTO
100
AcDbText
 10
976.5
 20
597.9100000000001
 30
0.0
 40
2.1
  1
8,1
  7
ISO3098
 72
1
 11
976.5
 21
597.9100000000001
 31
0.0
100
AcDbText
 73
2
  0
TEXT
  5
66A
330
17
100
AcDbEntity
  8
A-TEXTO
100
AcDbText
 10
984.8
 20
597.9100000000001
 30
0.0
 40
2.1
  1
Chasis 2 ejes
  7
ISO3098
 11
984.8
 21
597.9100000000001
 31
0.0
100
AcDbText
 73
2
  0
TEXT
  5
66B
330
17
100
AcDbEntity
  8
A-TEXTO
100
AcDbText
 10
1064.0
 20
597.9100000000001
 30
0.0
 40
2.1
  1
P1
  7
ISO3098
 72
1
 11
1064.0
 21
597.9100000000001
 31
0.0
100
AcDbText
 73
2
  0
TEXT
  5
66C
330
17
100
AcDbEntity
  8
A-TEXTO
100
AcDbText
 10
1094.5
 20
597.9100000000001
 30
0.0
 40
2.1
  1
PÑ
  7
ISO3098
 72
1
 11
1094.5
 21
597.9100000000001
 31
0.0
100
AcDbText
 73
2
  0
TEXT
  5
66D
330
17
100
AcDbEntity
  8
A-TEXTO
100
AcDbText
 10
897.8
 20
593.6100000000001
 30
0.0
 40
2.1
  1
CYM: granalla
  7
ISO3098
 11
897.8
 21
593.6100000000001
 31
0.0
100
AcDbText
 73
2
  0
TEXT
  5
66E
330
17
100
AcDbEntity
  8
A-TEXTO
100
AcDbText
 10
962.0
 20
593.6100000000001
 30
0.0
 40
2.1
  1
3,1
  7
ISO3098
 72
1
 11
962.0
 21
593.6100000000001
 31
0.0
100
AcDbText
 73
2
  0
TEXT
  5
66F
330
17
100
AcDbEntity
  8
A-TEXTO
100
AcDbText
 10
976.5
 20
593.6100000000001
 30
0.0
 40
2.1
  1
2,0
  7
ISO3098
 72
1
 11
976.5
 21
593.6100000000001
 31
0.0
100
AcDbText
 73
2
  0
TEXT
  5
670
330
17
100
AcDbEntity
  8
A-TEXTO
100
AcDbText
 10
984.8
 20
593.6100000000001
 30
0.0
 40
2.1
  1
Chasis 2 ejes
  7
ISO3098
 11
984.8
 21
593.6100000000001
 31
0.0
100
AcDbText
 73
2
  0
TEXT
  5
671
330
17
100
AcDbEntity
  8
A-TEXTO
100
AcDbText
 10
1064.0
 20
593.6100000000001
 30
0.0
 40
2.1
  1
P1
  7
ISO3098
 72
1
 11
1064.0
 21
593.6100000000001
 31
0.0
100
AcDbText
 73
2
  0
TEXT
  5
672
330
17
100
AcDbEntity
  8
A-TEXTO
100
AcDbText
 10
1094.5
 20
593.6100000000001
 30
0.0
 40
2.1
  1
PÑ
  7
ISO3098
 72
1
 11
1094.5
 21
593.6100000000001
 31
0.0
100
AcDbText
 73
2
  0
TEXT
  5
673
330
17
100
AcDbEntity
  8
A-TEXTO
100
AcDbText
 10
897.8
 20
589.3100000000002
 30
0.0
 40
2.1
  1
Air Liquide: gases
  7
ISO3098
 11
897.8
 21
589.3100000000002
 31
0.0
100
AcDbText
 73
2
  0
TEXT
  5
674
330
17
100
AcDbEntity
  8
A-TEXTO
100
AcDbText
 10
962.0
 20
589.3100000000002
 30
0.0
 40
2.1
  1
7,6
  7
ISO3098
 72
1
 11
962.0
 21
589.3100000000002
 31
0.0
100
AcDbText
 73
2
  0
TEXT
  5
675
330
17
100
AcDbEntity
  8
A-TEXTO
100
AcDbText
 10
976.5
 20
589.3100000000002
 30
0.0
 40
2.1
  1
31,3
  7
ISO3098
 72
1
 11
976.5
 21
589.3100000000002
 31
0.0
100
AcDbText
 73
2
  0
TEXT
  5
676
330
17
100
AcDbEntity
  8
A-TEXTO
100
AcDbText
 10
984.8
 20
589.3100000000002
 30
0.0
 40
2.1
  1
Chasis 2 ejes (baterías)
  7
ISO3098
 11
984.8
 21
589.3100000000002
 31
0.0
100
AcDbText
 73
2
  0
TEXT
  5
677
330
17
100
AcDbEntity
  8
A-TEXTO
100
AcDbText
 10
1064.0
 20
589.3100000000002
 30
0.0
 40
2.1
  1
Jaulas JG-S y JG-N
  7
ISO3098
 72
1
 11
1064.0
 21
589.3100000000002
 31
0.0
100
AcDbText
 73
2
  0
TEXT
  5
678
330
17
100
AcDbEntity
  8
A-TEXTO
100
AcDbText
 10
1094.5
 20
589.3100000000002
 30
0.0
 40
2.1
  1
Exterior
  7
ISO3098
 72
1
 11
1094.5
 21
589.3100000000002
 31
0.0
100
AcDbText
 73
2
  0
TEXT
  5
679
330
17
100
AcDbEntity
  8
A-TEXTO
100
AcDbText
 10
897.8
 20
585.0100000000001
 30
0.0
 40
2.1
  1
Polvo químico (Polvex / DEMSA)
  7
ISO3098
 11
897.8
 21
585.0100000000001
 31
0.0
100
AcDbText
 73
2
  0
TEXT
  5
67A
330
17
100
AcDbEntity
  8
A-TEXTO
100
AcDbText
 10
962.0
 20
585.0100000000001
 30
0.0
 40
2.1
  1
13,1
  7
ISO3098
 72
1
 11
962.0
 21
585.0100000000001
 31
0.0
100
AcDbText
 73
2
  0
TEXT
  5
67B
330
17
100
AcDbEntity
  8
A-TEXTO
100
AcDbText
 10
976.5
 20
585.0100000000001
 30
0.0
 40
2.1
  1
31,0
  7
ISO3098
 72
1
 11
976.5
 21
585.0100000000001
 31
0.0
100
AcDbText
 73
2
  0
TEXT
  5
67C
330
17
100
AcDbEntity
  8
A-TEXTO
100
AcDbText
 10
984.8
 20
585.0100000000001
 30
0.0
 40
2.1
  1
Chasis con balancín
  7
ISO3098
 11
984.8
 21
585.0100000000001
 31
0.0
100
AcDbText
 73
2
  0
TEXT
  5
67D
330
17
100
AcDbEntity
  8
A-TEXTO
100
AcDbText
 10
1064.0
 20
585.0100000000001
 30
0.0
 40
2.1
  1
P4 (1-10 kg) y P8 (carros)
  7
ISO3098
 72
1
 11
1064.0
 21
585.0100000000001
 31
0.0
100
AcDbText
 73
2
  0
TEXT
  5
67E
330
17
100
AcDbEntity
  8
A-TEXTO
100
AcDbText
 10
1094.5
 20
585.0100000000001
 30
0.0
 40
2.1
  1
AL-PV, SP-2
  7
ISO3098
 72
1
 11
1094.5
 21
585.0100000000001
 31
0.0
100
AcDbText
 73
2
  0
TEXT
  5
67F
330
17
100
AcDbEntity
  8
A-TEXTO
100
AcDbText
 10
897.8
 20
580.7100000000002
 30
0.0
 40
2.1
  1
Válvulas y componentes
  7
ISO3098
 11
897.8
 21
580.7100000000002
 31
0.0
100
AcDbText
 73
2
  0
TEXT
  5
680
330
17
100
AcDbEntity
  8
A-TEXTO
100
AcDbText
 10
962.0
 20
580.7100000000002
 30
0.0
 40
2.1
  1
8,2
  7
ISO3098
 72
1
 11
962.0
 21
580.7100000000002
 31
0.0
100
AcDbText
 73
2
  0
TEXT
  5
681
330
17
100
AcDbEntity
  8
A-TEXTO
100
AcDbText
 10
976.5
 20
580.7100000000002
 30
0.0
 40
2.1
  1
8,3
  7
ISO3098
 72
1
 11
976.5
 21
580.7100000000002
 31
0.0
100
AcDbText
 73
2
  0
TEXT
  5
682
330
17
100
AcDbEntity
  8
A-TEXTO
100
AcDbText
 10
984.8
 20
580.7100000000002
 30
0.0
 40
2.1
  1
Chasis con balancín
  7
ISO3098
 11
984.8
 21
580.7100000000002
 31
0.0
100
AcDbText
 73
2
  0
TEXT
  5
683
330
17
100
AcDbEntity
  8
A-TEXTO
100
AcDbText
 10
1064.0
 20
580.7100000000002
 30
0.0
 40
2.1
  1
P5
  7
ISO3098
 72
1
 11
1064.0
 21
580.7100000000002
 31
0.0
100
AcDbText
 73
2
  0
TEXT
  5
684
330
17
100
AcDbEntity
  8
A-TEXTO
100
AcDbText
 10
1094.5
 20
580.7100000000002
 30
0.0
 40
2.1
  1
AL-2
  7
ISO3098
 72
1
 11
1094.5
 21
580.7100000000002
 31
0.0
100
AcDbText
 73
2
  0
TEXT
  5
685
330
17
100
AcDbEntity
  8
A-TEXTO
100
AcDbText
 10
897.8
 20
576.4100000000001
 30
0.0
 40
2.1
  1
Estructuras y ruedas de carros
  7
ISO3098
 11
897.8
 21
576.4100000000001
 31
0.0
100
AcDbText
 73
2
  0
TEXT
  5
686
330
17
100
AcDbEntity
  8
A-TEXTO
100
AcDbText
 10
962.0
 20
576.4100000000001
 30
0.0
 40
2.1
  1
5,5
  7
ISO3098
 72
1
 11
962.0
 21
576.4100000000001
 31
0.0
100
AcDbText
 73
2
  0
TEXT
  5
687
330
17
100
AcDbEntity
  8
A-TEXTO
100
AcDbText
 10
976.5
 20
576.4100000000001
 30
0.0
 40
2.1
  1
15,1
  7
ISO3098
 72
1
 11
976.5
 21
576.4100000000001
 31
0.0
100
AcDbText
 73
2
  0
TEXT
  5
688
330
17
100
AcDbEntity
  8
A-TEXTO
100
AcDbText
 10
984.8
 20
576.4100000000001
 30
0.0
 40
2.1
  1
Chasis 2 ejes
  7
ISO3098
 11
984.8
 21
576.4100000000001
 31
0.0
100
AcDbText
 73
2
  0
TEXT
  5
689
330
17
100
AcDbEntity
  8
A-TEXTO
100
AcDbText
 10
1064.0
 20
576.4100000000001
 30
0.0
 40
2.1
  1
P8
  7
ISO3098
 72
1
 11
1064.0
 21
576.4100000000001
 31
0.0
100
AcDbText
 73
2
  0
TEXT
  5
68A
330
17
100
AcDbEntity
  8
A-TEXTO
100
AcDbText
 10
1094.5
 20
576.4100000000001
 30
0.0
 40
2.1
  1
T14
  7
ISO3098
 72
1
 11
1094.5
 21
576.4100000000001
 31
0.0
100
AcDbText
 73
2
  0
TEXT
  5
68B
330
17
100
AcDbEntity
  8
A-TEXTO
100
AcDbText
 10
897.8
 20
572.1100000000001
 30
0.0
 40
2.1
  1
Pintura en polvo
  7
ISO3098
 11
897.8
 21
572.1100000000001
 31
0.0
100
AcDbText
 73
2
  0
TEXT
  5
68C
330
17
100
AcDbEntity
  8
A-TEXTO
100
AcDbText
 10
962.0
 20
572.1100000000001
 30
0.0
 40
2.1
  1
0,8
  7
ISO3098
 72
1
 11
962.0
 21
572.1100000000001
 31
0.0
100
AcDbText
 73
2
  0
TEXT
  5
68D
330
17
100
AcDbEntity
  8
A-TEXTO
100
AcDbText
 10
976.5
 20
572.1100000000001
 30
0.0
 40
2.1
  1
8,3
  7
ISO3098
 72
1
 11
976.5
 21
572.1100000000001
 31
0.0
100
AcDbText
 73
2
  0
TEXT
  5
68E
330
17
100
AcDbEntity
  8
A-TEXTO
100
AcDbText
 10
984.8
 20
572.1100000000001
 30
0.0
 40
2.1
  1
Utilitario
  7
ISO3098
 11
984.8
 21
572.1100000000001
 31
0.0
100
AcDbText
 73
2
  0
TEXT
  5
68F
330
17
100
AcDbEntity
  8
A-TEXTO
100
AcDbText
 10
1064.0
 20
572.1100000000001
 30
0.0
 40
2.1
  1
P3
  7
ISO3098
 72
1
 11
1064.0
 21
572.1100000000001
 31
0.0
100
AcDbText
 73
2
  0
TEXT
  5
690
330
17
100
AcDbEntity
  8
A-TEXTO
100
AcDbText
 10
1094.5
 20
572.1100000000001
 30
0.0
 40
2.1
  1
QP
  7
ISO3098
 72
1
 11
1094.5
 21
572.1100000000001
 31
0.0
100
AcDbText
 73
2
  0
TEXT
  5
691
330
17
100
AcDbEntity
  8
A-TEXTO
100
AcDbText
 10
897.8
 20
567.8100000000002
 30
0.0
 40
2.1
  1
Químicos de pretratamiento
  7
ISO3098
 11
897.8
 21
567.8100000000002
 31
0.0
100
AcDbText
 73
2
  0
TEXT
  5
692
330
17
100
AcDbEntity
  8
A-TEXTO
100
AcDbText
 10
962.0
 20
567.8100000000002
 30
0.0
 40
2.1
  1
0,5
  7
ISO3098
 72
1
 11
962.0
 21
567.8100000000002
 31
0.0
100
AcDbText
 73
2
  0
TEXT
  5
693
330
17
100
AcDbEntity
  8
A-TEXTO
100
AcDbText
 10
976.5
 20
567.8100000000002
 30
0.0
 40
2.1
  1
1,8
  7
ISO3098
 72
1
 11
976.5
 21
567.8100000000002
 31
0.0
100
AcDbText
 73
2
  0
TEXT
  5
694
330
17
100
AcDbEntity
  8
A-TEXTO
100
AcDbText
 10
984.8
 20
567.8100000000002
 30
0.0
 40
2.1
  1
Utilitario
  7
ISO3098
 11
984.8
 21
567.8100000000002
 31
0.0
100
AcDbText
 73
2
  0
TEXT
  5
695
330
17
100
AcDbEntity
  8
A-TEXTO
100
AcDbText
 10
1064.0
 20
567.8100000000002
 30
0.0
 40
2.1
  1
P3
  7
ISO3098
 72
1
 11
1064.0
 21
567.8100000000002
 31
0.0
100
AcDbText
 73
2
  0
TEXT
  5
696
330
17
100
AcDbEntity
  8
A-TEXTO
100
AcDbText
 10
1094.5
 20
567.8100000000002
 30
0.0
 40
2.1
  1
QP
  7
ISO3098
 72
1
 11
1094.5
 21
567.8100000000002
 31
0.0
100
AcDbText
 73
2
  0
TEXT
  5
697
330
17
100
AcDbEntity
  8
A-TEXTO
100
AcDbText
 10
897.8
 20
563.5100000000001
 30
0.0
 40
2.1
  1
Embalaje, pallets e imprenta
  7
ISO3098
 11
897.8
 21
563.5100000000001
 31
0.0
100
AcDbText
 73
2
  0
TEXT
  5
698
330
17
100
AcDbEntity
  8
A-TEXTO
100
AcDbText
 10
962.0
 20
563.5100000000001
 30
0.0
 40
2.1
  1
4,6
  7
ISO3098
 72
1
 11
962.0
 21
563.5100000000001
 31
0.0
100
AcDbText
 73
2
  0
TEXT
  5
699
330
17
100
AcDbEntity
  8
A-TEXTO
100
AcDbText
 10
976.5
 20
563.5100000000001
 30
0.0
 40
2.1
  1
15,3
  7
ISO3098
 72
1
 11
976.5
 21
563.5100000000001
 31
0.0
100
AcDbText
 73
2
  0
TEXT
  5
69A
330
17
100
AcDbEntity
  8
A-TEXTO
100
AcDbText
 10
984.8
 20
563.5100000000001
 30
0.0
 40
2.1
  1
Chasis 2 ejes
  7
ISO3098
 11
984.8
 21
563.5100000000001
 31
0.0
100
AcDbText
 73
2
  0
TEXT
  5
69B
330
17
100
AcDbEntity
  8
A-TEXTO
100
AcDbText
 10
1064.0
 20
563.5100000000001
 30
0.0
 40
2.1
  1
P5
  7
ISO3098
 72
1
 11
1064.0
 21
563.5100000000001
 31
0.0
100
AcDbText
 73
2
  0
TEXT
  5
69C
330
17
100
AcDbEntity
  8
A-TEXTO
100
AcDbText
 10
1094.5
 20
563.5100000000001
 30
0.0
 40
2.1
  1
AL-2
  7
ISO3098
 72
1
 11
1094.5
 21
563.5100000000001
 31
0.0
100
AcDbText
 73
2
  0
TEXT
  5
69D
330
17
100
AcDbEntity
  8
A-TEXTO
100
AcDbText
 10
897.8
 20
559.2100000000002
 30
0.0
 40
2.1
  1
Agentes para recargas
  7
ISO3098
 11
897.8
 21
559.2100000000002
 31
0.0
100
AcDbText
 73
2
  0
TEXT
  5
69E
330
17
100
AcDbEntity
  8
A-TEXTO
100
AcDbText
 10
962.0
 20
559.2100000000002
 30
0.0
 40
2.1
  1
2,9
  7
ISO3098
 72
1
 11
962.0
 21
559.2100000000002
 31
0.0
100
AcDbText
 73
2
  0
TEXT
  5
69F
330
17
100
AcDbEntity
  8
A-TEXTO
100
AcDbText
 10
976.5
 20
559.2100000000002
 30
0.0
 40
2.1
  1
8,2
  7
ISO3098
 72
1
 11
976.5
 21
559.2100000000002
 31
0.0
100
AcDbText
 73
2
  0
TEXT
  5
6A0
330
17
100
AcDbEntity
  8
A-TEXTO
100
AcDbText
 10
984.8
 20
559.2100000000002
 30
0.0
 40
2.1
  1
Chasis 2 ejes
  7
ISO3098
 11
984.8
 21
559.2100000000002
 31
0.0
100
AcDbText
 73
2
  0
TEXT
  5
6A1
330
17
100
AcDbEntity
  8
A-TEXTO
100
AcDbText
 10
1064.0
 20
559.2100000000002
 30
0.0
 40
2.1
  1
RC-1
  7
ISO3098
 72
1
 11
1064.0
 21
559.2100000000002
 31
0.0
100
AcDbText
 73
2
  0
TEXT
  5
6A2
330
17
100
AcDbEntity
  8
A-TEXTO
100
AcDbText
 10
1094.5
 20
559.2100000000002
 30
0.0
 40
2.1
  1
RC
  7
ISO3098
 72
1
 11
1094.5
 21
559.2100000000002
 31
0.0
100
AcDbText
 73
2
  0
TEXT
  5
6A3
330
17
100
AcDbEntity
  8
A-TEXTO
100
AcDbText
 10
897.8
 20
554.9100000000001
 30
0.0
 40
2.1
  1
Tercerizados revendidos
  7
ISO3098
 11
897.8
 21
554.9100000000001
 31
0.0
100
AcDbText
 73
2
  0
TEXT
  5
6A4
330
17
100
AcDbEntity
  8
A-TEXTO
100
AcDbText
 10
962.0
 20
554.9100000000001
 30
0.0
 40
2.1
  1
3,0
  7
ISO3098
 72
1
 11
962.0
 21
554.9100000000001
 31
0.0
100
AcDbText
 73
2
  0
TEXT
  5
6A5
330
17
100
AcDbEntity
  8
A-TEXTO
100
AcDbText
 10
976.5
 20
554.9100000000001
 30
0.0
 40
2.1
  1
24,0
  7
ISO3098
 72
1
 11
976.5
 21
554.9100000000001
 31
0.0
100
AcDbText
 73
2
  0
TEXT
  5
6A6
330
17
100
AcDbEntity
  8
A-TEXTO
100
AcDbText
 10
984.8
 20
554.9100000000001
 30
0.0
 40
2.1
  1
Chasis 2 ejes (SUPUESTO)
  7
ISO3098
 11
984.8
 21
554.9100000000001
 31
0.0
100
AcDbText
 73
2
  0
TEXT
  5
6A7
330
17
100
AcDbEntity
  8
A-TEXTO
100
AcDbText
 10
1064.0
 20
554.9100000000001
 30
0.0
 40
2.1
  1
M3
  7
ISO3098
 72
1
 11
1064.0
 21
554.9100000000001
 31
0.0
100
AcDbText
 73
2
  0
TEXT
  5
6A8
330
17
100
AcDbEntity
  8
A-TEXTO
100
AcDbText
 10
1094.5
 20
554.9100000000001
 30
0.0
 40
2.1
  1
S4
  7
ISO3098
 72
1
 11
1094.5
 21
554.9100000000001
 31
0.0
100
AcDbText
 73
2
  0
TEXT
  5
6A9
330
17
100
AcDbEntity
  8
A-TEXTO
100
AcDbText
 10
897.0
 20
542.2600000000001
 30
0.0
 40
3.0
  1
Formatos de descarga (Ley 24.449: ancho 2,60 m, alto 4,10 m)
  7
ISO3098
 11
897.0
 21
542.2600000000001
 31
0.0
100
AcDbText
 73
1
  0
LWPOLYLINE
  5
6AA
330
17
100
AcDbEntity
  8
A-COTA
370
35
100
AcDbPolyline
 90
4
 70
1
 10
897.0
 20
540.7600000000001
 10
1107.0
 20
540.7600000000001
 10
1107.0
 20
519.2600000000001
 10
897.0
 20
519.2600000000001
  0
LINE
  5
6AB
330
17
100
AcDbEntity
  8
A-COTA
370
35
100
AcDbLine
 10
897.0
 20
536.4600000000002
 30
0.0
 11
1107.0
 21
536.4600000000002
 31
0.0
  0
LINE
  5
6AC
330
17
100
AcDbEntity
  8
A-COTA
370
13
100
AcDbLine
 10
897.0
 20
532.1600000000001
 30
0.0
 11
1107.0
 21
532.1600000000001
 31
0.0
  0
LINE
  5
6AD
330
17
100
AcDbEntity
  8
A-COTA
370
13
100
AcDbLine
 10
897.0
 20
527.8600000000001
 30
0.0
 11
1107.0
 21
527.8600000000001
 31
0.0
  0
LINE
  5
6AE
330
17
100
AcDbEntity
  8
A-COTA
370
13
100
AcDbLine
 10
897.0
 20
523.5600000000001
 30
0.0
 11
1107.0
 21
523.5600000000001
 31
0.0
  0
LINE
  5
6AF
330
17
100
AcDbEntity
  8
A-COTA
370
13
100
AcDbLine
 10
953.0
 20
540.7600000000001
 30
0.0
 11
953.0
 21
519.2600000000001
 31
0.0
  0
LINE
  5
6B0
330
17
100
AcDbEntity
  8
A-COTA
370
13
100
AcDbLine
 10
967.0
 20
540.7600000000001
 30
0.0
 11
967.0
 21
519.2600000000001
 31
0.0
  0
LINE
  5
6B1
330
17
100
AcDbEntity
  8
A-COTA
370
13
100
AcDbLine
 10
981.0
 20
540.7600000000001
 30
0.0
 11
981.0
 21
519.2600000000001
 31
0.0
  0
LINE
  5
6B2
330
17
100
AcDbEntity
  8
A-COTA
370
13
100
AcDbLine
 10
993.0
 20
540.7600000000001
 30
0.0
 11
993.0
 21
519.2600000000001
 31
0.0
  0
TEXT
  5
6B3
330
17
100
AcDbEntity
  8
A-TEXTO
100
AcDbText
 10
897.8
 20
538.6100000000001
 30
0.0
 40
2.0
  1
Formato de camión
  7
ISO3098
 11
897.8
 21
538.6100000000001
 31
0.0
100
AcDbText
 73
2
  0
TEXT
  5
6B4
330
17
100
AcDbEntity
  8
A-TEXTO
100
AcDbText
 10
960.0
 20
538.6100000000001
 30
0.0
 40
2.0
  1
Largo m
  7
ISO3098
 72
1
 11
960.0
 21
538.6100000000001
 31
0.0
100
AcDbText
 73
2
  0
TEXT
  5
6B5
330
17
100
AcDbEntity
  8
A-TEXTO
100
AcDbText
 10
974.0
 20
538.6100000000001
 30
0.0
 40
2.0
  1
Carga t
  7
ISO3098
 72
1
 11
974.0
 21
538.6100000000001
 31
0.0
100
AcDbText
 73
2
  0
TEXT
  5
6B6
330
17
100
AcDbEntity
  8
A-TEXTO
100
AcDbText
 10
987.0
 20
538.6100000000001
 30
0.0
 40
2.0
  1
PBT t
  7
ISO3098
 72
1
 11
987.0
 21
538.6100000000001
 31
0.0
100
AcDbText
 73
2
  0
TEXT
  5
6B7
330
17
100
AcDbEntity
  8
A-TEXTO
100
AcDbText
 10
993.8
 20
538.6100000000001
 30
0.0
 40
2.0
  1
Dónde se descarga
  7
ISO3098
 11
993.8
 21
538.6100000000001
 31
0.0
100
AcDbText
 73
2
  0
TEXT
  5
6B8
330
17
100
AcDbEntity
  8
A-TEXTO
100
AcDbText
 10
897.8
 20
534.3100000000001
 30
0.0
 40
2.0
  1
Semirremolque playo 3+3 ejes
  7
ISO3098
 11
897.8
 21
534.3100000000001
 31
0.0
100
AcDbText
 73
2
  0
TEXT
  5
6B9
330
17
100
AcDbEntity
  8
A-TEXTO
100
AcDbText
 10
960.0
 20
534.3100000000001
 30
0.0
 40
2.0
  1
18,6
  7
ISO3098
 72
1
 11
960.0
 21
534.3100000000001
 31
0.0
100
AcDbText
 73
2
  0
TEXT
  5
6BA
330
17
100
AcDbEntity
  8
A-TEXTO
100
AcDbText
 10
974.0
 20
534.3100000000001
 30
0.0
 40
2.0
  1
30,0
  7
ISO3098
 72
1
 11
974.0
 21
534.3100000000001
 31
0.0
100
AcDbText
 73
2
  0
TEXT
  5
6BB
330
17
100
AcDbEntity
  8
A-TEXTO
100
AcDbText
 10
987.0
 20
534.3100000000001
 30
0.0
 40
2.0
  1
45,0
  7
ISO3098
 72
1
 11
987.0
 21
534.3100000000001
 31
0.0
100
AcDbText
 73
2
  0
TEXT
  5
6BC
330
17
100
AcDbEntity
  8
A-TEXTO
100
AcDbText
 10
993.8
 20
534.3100000000001
 30
0.0
 40
2.0
  1
Playa norte techada (alero): autoelevador por los dos lados; entra al sector MP por P1b
  7
ISO3098
 11
993.8
 21
534.3100000000001
 31
0.0
100
AcDbText
 73
2
  0
TEXT
  5
6BD
330
17
100
AcDbEntity
  8
A-TEXTO
100
AcDbText
 10
897.8
 20
530.0100000000001
 30
0.0
 40
2.0
  1
Camión chasis con balancín (3 ejes)
  7
ISO3098
 11
897.8
 21
530.0100000000001
 31
0.0
100
AcDbText
 73
2
  0
TEXT
  5
6BE
330
17
100
AcDbEntity
  8
A-TEXTO
100
AcDbText
 10
960.0
 20
530.0100000000001
 30
0.0
 40
2.0
  1
11,0
  7
ISO3098
 72
1
 11
960.0
 21
530.0100000000001
 31
0.0
100
AcDbText
 73
2
  0
TEXT
  5
6BF
330
17
100
AcDbEntity
  8
A-TEXTO
100
AcDbText
 10
974.0
 20
530.0100000000001
 30
0.0
 40
2.0
  1
16,0
  7
ISO3098
 72
1
 11
974.0
 21
530.0100000000001
 31
0.0
100
AcDbText
 73
2
  0
TEXT
  5
6C0
330
17
100
AcDbEntity
  8
A-TEXTO
100
AcDbText
 10
987.0
 20
530.0100000000001
 30
0.0
 40
2.0
  1
26,0
  7
ISO3098
 72
1
 11
987.0
 21
530.0100000000001
 31
0.0
100
AcDbText
 73
2
  0
TEXT
  5
6C1
330
17
100
AcDbEntity
  8
A-TEXTO
100
AcDbText
 10
993.8
 20
530.0100000000001
 30
0.0
 40
2.0
  1
Bahía interior BR (entra por P1): autoelevador por los dos lados, bajo techo
  7
ISO3098
 11
993.8
 21
530.0100000000001
 31
0.0
100
AcDbText
 73
2
  0
TEXT
  5
6C2
330
17
100
AcDbEntity
  8
A-TEXTO
100
AcDbText
 10
897.8
 20
525.7100000000002
 30
0.0
 40
2.0
  1
Camión chasis 2 ejes
  7
ISO3098
 11
897.8
 21
525.7100000000002
 31
0.0
100
AcDbText
 73
2
  0
TEXT
  5
6C3
330
17
100
AcDbEntity
  8
A-TEXTO
100
AcDbText
 10
960.0
 20
525.7100000000002
 30
0.0
 40
2.0
  1
9,5
  7
ISO3098
 72
1
 11
960.0
 21
525.7100000000002
 31
0.0
100
AcDbText
 73
2
  0
TEXT
  5
6C4
330
17
100
AcDbEntity
  8
A-TEXTO
100
AcDbText
 10
974.0
 20
525.7100000000002
 30
0.0
 40
2.0
  1
9,0
  7
ISO3098
 72
1
 11
974.0
 21
525.7100000000002
 31
0.0
100
AcDbText
 73
2
  0
TEXT
  5
6C5
330
17
100
AcDbEntity
  8
A-TEXTO
100
AcDbText
 10
987.0
 20
525.7100000000002
 30
0.0
 40
2.0
  1
16,5
  7
ISO3098
 72
1
 11
987.0
 21
525.7100000000002
 31
0.0
100
AcDbText
 73
2
  0
TEXT
  5
6C6
330
17
100
AcDbEntity
  8
A-TEXTO
100
AcDbText
 10
993.8
 20
525.7100000000002
 30
0.0
 40
2.0
  1
Bahía interior BR, P4, P5, P3, P8 o M3 según el material
  7
ISO3098
 11
993.8
 21
525.7100000000002
 31
0.0
100
AcDbText
 73
2
  0
TEXT
  5
6C7
330
17
100
AcDbEntity
  8
A-TEXTO
100
AcDbText
 10
897.8
 20
521.4100000000001
 30
0.0
 40
2.0
  1
Utilitario / furgón
  7
ISO3098
 11
897.8
 21
521.4100000000001
 31
0.0
100
AcDbText
 73
2
  0
TEXT
  5
6C8
330
17
100
AcDbEntity
  8
A-TEXTO
100
AcDbText
 10
960.0
 20
521.4100000000001
 30
0.0
 40
2.0
  1
6,0
  7
ISO3098
 72
1
 11
960.0
 21
521.4100000000001
 31
0.0
100
AcDbText
 73
2
  0
TEXT
  5
6C9
330
17
100
AcDbEntity
  8
A-TEXTO
100
AcDbText
 10
974.0
 20
521.4100000000001
 30
0.0
 40
2.0
  1
1,5
  7
ISO3098
 72
1
 11
974.0
 21
521.4100000000001
 31
0.0
100
AcDbText
 73
2
  0
TEXT
  5
6CA
330
17
100
AcDbEntity
  8
A-TEXTO
100
AcDbText
 10
987.0
 20
521.4100000000001
 30
0.0
 40
2.0
  1
3,5
  7
ISO3098
 72
1
 11
987.0
 21
521.4100000000001
 31
0.0
100
AcDbText
 73
2
  0
TEXT
  5
6CB
330
17
100
AcDbEntity
  8
A-TEXTO
100
AcDbText
 10
993.8
 20
521.4100000000001
 30
0.0
 40
2.0
  1
Portones de cada sector; recargas por RC-1
  7
ISO3098
 11
993.8
 21
521.4100000000001
 31
0.0
100
AcDbText
 73
2
  0
TEXT
  5
6CC
330
17
100
AcDbEntity
  8
A-TEXTO
100
AcDbText
 10
897.0
 20
508.7600000000001
 30
0.0
 40
3.0
  1
Análisis de peso: paquete de hoja 1500 × 3000 de 2 t
  7
ISO3098
 11
897.0
 21
508.7600000000001
 31
0.0
100
AcDbText
 73
1
  0
LWPOLYLINE
  5
6CD
330
17
100
AcDbEntity
  8
A-COTA
370
35
100
AcDbPolyline
 90
4
 70
1
 10
897.0
 20
507.2600000000001
 10
1055.0
 20
507.2600000000001
 10
1055.0
 20
490.0600000000001
 10
897.0
 20
490.0600000000001
  0
LINE
  5
6CE
330
17
100
AcDbEntity
  8
A-COTA
370
35
100
AcDbLine
 10
897.0
 20
502.9600000000001
 30
0.0
 11
1055.0
 21
502.9600000000001
 31
0.0
  0
LINE
  5
6CF
330
17
100
AcDbEntity
  8
A-COTA
370
13
100
AcDbLine
 10
897.0
 20
498.6600000000001
 30
0.0
 11
1055.0
 21
498.6600000000001
 31
0.0
  0
LINE
  5
6D0
330
17
100
AcDbEntity
  8
A-COTA
370
13
100
AcDbLine
 10
897.0
 20
494.3600000000001
 30
0.0
 11
1055.0
 21
494.3600000000001
 31
0.0
  0
LINE
  5
6D1
330
17
100
AcDbEntity
  8
A-COTA
370
13
100
AcDbLine
 10
947.0
 20
507.2600000000001
 30
0.0
 11
947.0
 21
490.0600000000001
 31
0.0
  0
LINE
  5
6D2
330
17
100
AcDbEntity
  8
A-COTA
370
13
100
AcDbLine
 10
1005.0
 20
507.2600000000001
 30
0.0
 11
1005.0
 21
490.0600000000001
 31
0.0
  0
TEXT
  5
6D3
330
17
100
AcDbEntity
  8
A-TEXTO
100
AcDbText
 10
897.8
 20
505.1100000000001
 30
0.0
 40
2.1
  1
Autoelevador (c = 500 mm)
  7
ISO3098
 11
897.8
 21
505.1100000000001
 31
0.0
100
AcDbText
 73
2
  0
TEXT
  5
6D4
330
17
100
AcDbEntity
  8
A-TEXTO
100
AcDbText
 10
976.0
 20
505.1100000000001
 30
0.0
 40
2.1
  1
Paquete por el lado largo (c = 750)
  7
ISO3098
 72
1
 11
976.0
 21
505.1100000000001
 31
0.0
100
AcDbText
 73
2
  0
TEXT
  5
6D5
330
17
100
AcDbEntity
  8
A-TEXTO
100
AcDbText
 10
1030.0
 20
505.1100000000001
 30
0.0
 40
2.1
  1
Por el lado corto (c = 1500)
  7
ISO3098
 72
1
 11
1030.0
 21
505.1100000000001
 31
0.0
100
AcDbText
 73
2
  0
TEXT
  5
6D6
330
17
100
AcDbEntity
  8
A-TEXTO
100
AcDbText
 10
897.8
 20
500.8100000000001
 30
0.0
 40
2.1
  1
2,5 t nominal
  7
ISO3098
 11
897.8
 21
500.8100000000001
 31
0.0
100
AcDbText
 73
2
  0
TEXT
  5
6D7
330
17
100
AcDbEntity
  8
A-TEXTO
100
AcDbText
 10
976.0
 20
500.8100000000001
 30
0.0
 40
2.1
  1
1,98 t NO
  7
ISO3098
 72
1
 11
976.0
 21
500.8100000000001
 31
0.0
100
AcDbText
 73
2
  0
TEXT
  5
6D8
330
17
100
AcDbEntity
  8
A-TEXTO
100
AcDbText
 10
1030.0
 20
500.8100000000001
 30
0.0
 40
2.1
  1
1,22 t NO
  7
ISO3098
 72
1
 11
1030.0
 21
500.8100000000001
 31
0.0
100
AcDbText
 73
2
  0
TEXT
  5
6D9
330
17
100
AcDbEntity
  8
A-TEXTO
100
AcDbText
 10
897.8
 20
496.5100000000001
 30
0.0
 40
2.1
  1
3,0 t nominal
  7
ISO3098
 11
897.8
 21
496.5100000000001
 31
0.0
100
AcDbText
 73
2
  0
TEXT
  5
6DA
330
17
100
AcDbEntity
  8
A-TEXTO
100
AcDbText
 10
976.0
 20
496.5100000000001
 30
0.0
 40
2.1
  1
2,38 t OK
  7
ISO3098
 72
1
 11
976.0
 21
496.5100000000001
 31
0.0
100
AcDbText
 73
2
  0
TEXT
  5
6DB
330
17
100
AcDbEntity
  8
A-TEXTO
100
AcDbText
 10
1030.0
 20
496.5100000000001
 30
0.0
 40
2.1
  1
1,46 t NO
  7
ISO3098
 72
1
 11
1030.0
 21
496.5100000000001
 31
0.0
100
AcDbText
 73
2
  0
TEXT
  5
6DC
330
17
100
AcDbEntity
  8
A-TEXTO
100
AcDbText
 10
897.8
 20
492.2100000000001
 30
0.0
 40
2.1
  1
3,5 t nominal
  7
ISO3098
 11
897.8
 21
492.2100000000001
 31
0.0
100
AcDbText
 73
2
  0
TEXT
  5
6DD
330
17
100
AcDbEntity
  8
A-TEXTO
100
AcDbText
 10
976.0
 20
492.2100000000001
 30
0.0
 40
2.1
  1
2,77 t OK
  7
ISO3098
 72
1
 11
976.0
 21
492.2100000000001
 31
0.0
100
AcDbText
 73
2
  0
TEXT
  5
6DE
330
17
100
AcDbEntity
  8
A-TEXTO
100
AcDbText
 10
1030.0
 20
492.2100000000001
 30
0.0
 40
2.1
  1
1,71 t NO
  7
ISO3098
 72
1
 11
1030.0
 21
492.2100000000001
 31
0.0
100
AcDbText
 73
2
  0
TEXT
  5
6DF
330
17
100
AcDbEntity
  8
A-TEXTO
100
AcDbText
 10
897.0
 20
487.0600000000001
 30
0.0
 40
2.1
  1
Q = Qn · (cn + d) / (c + d), d = 0,45 m. Se adopta autoelevador eléctrico de 3,0 t con horquillas
  7
ISO3098
 11
897.0
 21
487.0600000000001
 31
0.0
100
AcDbText
 73
3
  0
TEXT
  5
6E0
330
17
100
AcDbEntity
  8
A-TEXTO
100
AcDbText
 10
897.0
 20
483.8050000000001
 30
0.0
 40
2.1
  1
de 1,8 m y posicionador (toma el paquete por el lado largo: 2,37 t > 2 t).
  7
ISO3098
 11
897.0
 21
483.8050000000001
 31
0.0
100
AcDbText
 73
3
  0
TEXT
  5
6E1
330
17
100
AcDbEntity
  8
A-TEXTO
100
AcDbText
 10
897.0
 20
480.5500000000001
 30
0.0
 40
2.1
  1
Pradecon entrega 35,3 t por mes: supera un semi (30 t). Se parte en dos entregas quincenales
  7
ISO3098
 11
897.0
 21
480.5500000000001
 31
0.0
100
AcDbText
 73
3
  0
TEXT
  5
6E2
330
17
100
AcDbEntity
  8
A-TEXTO
100
AcDbText
 10
897.0
 20
477.29500000000013
 30
0.0
 40
2.1
  1
de 17,6 t en chasis con balancín; baja el stock máximo de chapa.
  7
ISO3098
 11
897.0
 21
477.29500000000013
 31
0.0
100
AcDbText
 73
3
  0
TEXT
  5
6E3
330
17
100
AcDbEntity
  8
A-TEXTO
100
AcDbText
 10
897.0
 20
474.04000000000013
 30
0.0
 40
2.1
  1
Dimensionado a la carga máxima: playa norte para semi de 18,6 m / 30 t y bahía interior para
  7
ISO3098
 11
897.0
 21
474.04000000000013
 31
0.0
100
AcDbText
 73
3
  0
TEXT
  5
6E4
330
17
100
AcDbEntity
  8
A-TEXTO
100
AcDbText
 10
897.0
 20
470.78500000000014
 30
0.0
 40
2.1
  1
chasis de 10 m; las dos con descarga por ambos lados.
  7
ISO3098
 11
897.0
 21
470.78500000000014
 31
0.0
100
AcDbText
 73
3
  0
TEXT
  5
6E5
330
17
100
AcDbEntity
  8
A-TEXTO
100
AcDbText
 10
897.0
 20
457.03000000000014
 30
0.0
 40
3.0
  1
Anti-sobrestock de chapa SAE 1010
  7
ISO3098
 11
897.0
 21
457.03000000000014
 31
0.0
100
AcDbText
 73
1
  0
LWPOLYLINE
  5
6E6
330
17
100
AcDbEntity
  8
A-COTA
370
35
100
AcDbPolyline
 90
4
 70
1
 10
897.0
 20
455.53000000000014
 10
1069.0
 20
455.53000000000014
 10
1069.0
 20
429.73000000000013
 10
897.0
 20
429.73000000000013
  0
LINE
  5
6E7
330
17
100
AcDbEntity
  8
A-COTA
370
35
100
AcDbLine
 10
897.0
 20
451.23000000000013
 30
0.0
 11
1069.0
 21
451.23000000000013
 31
0.0
  0
LINE
  5
6E8
330
17
100
AcDbEntity
  8
A-COTA
370
13
100
AcDbLine
 10
897.0
 20
446.9300000000001
 30
0.0
 11
1069.0
 21
446.9300000000001
 31
0.0
  0
LINE
  5
6E9
330
17
100
AcDbEntity
  8
A-COTA
370
13
100
AcDbLine
 10
897.0
 20
442.63000000000017
 30
0.0
 11
1069.0
 21
442.63000000000017
 31
0.0
  0
LINE
  5
6EA
330
17
100
AcDbEntity
  8
A-COTA
370
13
100
AcDbLine
 10
897.0
 20
438.33000000000015
 30
0.0
 11
1069.0
 21
438.33000000000015
 31
0.0
  0
LINE
  5
6EB
330
17
100
AcDbEntity
  8
A-COTA
370
13
100
AcDbLine
 10
897.0
 20
434.03000000000014
 30
0.0
 11
1069.0
 21
434.03000000000014
 31
0.0
  0
LINE
  5
6EC
330
17
100
AcDbEntity
  8
A-COTA
370
13
100
AcDbLine
 10
963.0
 20
455.53000000000014
 30
0.0
 11
963.0
 21
429.73000000000013
 31
0.0
  0
LINE
  5
6ED
330
17
100
AcDbEntity
  8
A-COTA
370
13
100
AcDbLine
 10
981.0
 20
455.53000000000014
 30
0.0
 11
981.0
 21
429.73000000000013
 31
0.0
  0
LINE
  5
6EE
330
17
100
AcDbEntity
  8
A-COTA
370
13
100
AcDbLine
 10
1013.0
 20
455.53000000000014
 30
0.0
 11
1013.0
 21
429.73000000000013
 31
0.0
  0
LINE
  5
6EF
330
17
100
AcDbEntity
  8
A-COTA
370
13
100
AcDbLine
 10
1045.0
 20
455.53000000000014
 30
0.0
 11
1045.0
 21
429.73000000000013
 31
0.0
  0
TEXT
  5
6F0
330
17
100
AcDbEntity
  8
A-TEXTO
100
AcDbText
 10
897.8
 20
453.38000000000017
 30
0.0
 40
2.1
  1
Formato de hoja
  7
ISO3098
 11
897.8
 21
453.38000000000017
 31
0.0
100
AcDbText
 73
2
  0
TEXT
  5
6F1
330
17
100
AcDbEntity
  8
A-TEXTO
100
AcDbText
 10
972.0
 20
453.38000000000017
 30
0.0
 40
2.1
  1
Hojas/sem
  7
ISO3098
 72
1
 11
972.0
 21
453.38000000000017
 31
0.0
100
AcDbText
 73
2
  0
TEXT
  5
6F2
330
17
100
AcDbEntity
  8
A-TEXTO
100
AcDbText
 10
997.0
 20
453.38000000000017
 30
0.0
 40
2.1
  1
Paquete 2 t cubre (sem)
  7
ISO3098
 72
1
 11
997.0
 21
453.38000000000017
 31
0.0
100
AcDbText
 73
2
  0
TEXT
  5
6F3
330
17
100
AcDbEntity
  8
A-TEXTO
100
AcDbText
 10
1029.0
 20
453.38000000000017
 30
0.0
 40
2.1
  1
Paquete propuesto
  7
ISO3098
 72
1
 11
1029.0
 21
453.38000000000017
 31
0.0
100
AcDbText
 73
2
  0
TEXT
  5
6F4
330
17
100
AcDbEntity
  8
A-TEXTO
100
AcDbText
 10
1057.0
 20
453.38000000000017
 30
0.0
 40
2.1
  1
Stock máx. (sem)
  7
ISO3098
 72
1
 11
1057.0
 21
453.38000000000017
 31
0.0
100
AcDbText
 73
2
  0
TEXT
  5
6F5
330
17
100
AcDbEntity
  8
A-TEXTO
100
AcDbText
 10
897.8
 20
449.08000000000015
 30
0.0
 40
2.1
  1
LAF 1,25 × 1220 × 2440 (2,5 kg)
  7
ISO3098
 11
897.8
 21
449.08000000000015
 31
0.0
100
AcDbText
 73
2
  0
TEXT
  5
6F6
330
17
100
AcDbEntity
  8
A-TEXTO
100
AcDbText
 10
972.0
 20
449.08000000000015
 30
0.0
 40
2.1
  1
10,9
  7
ISO3098
 72
1
 11
972.0
 21
449.08000000000015
 31
0.0
100
AcDbText
 73
2
  0
TEXT
  5
6F7
330
17
100
AcDbEntity
  8
A-TEXTO
100
AcDbText
 10
997.0
 20
449.08000000000015
 30
0.0
 40
2.1
  1
6,3
  7
ISO3098
 72
1
 11
997.0
 21
449.08000000000015
 31
0.0
100
AcDbText
 73
2
  0
TEXT
  5
6F8
330
17
100
AcDbEntity
  8
A-TEXTO
100
AcDbText
 10
1029.0
 20
449.08000000000015
 30
0.0
 40
2.1
  1
22 h (0,64 t)
  7
ISO3098
 72
1
 11
1029.0
 21
449.08000000000015
 31
0.0
100
AcDbText
 73
2
  0
TEXT
  5
6F9
330
17
100
AcDbEntity
  8
A-TEXTO
100
AcDbText
 10
1057.0
 20
449.08000000000015
 30
0.0
 40
2.1
  1
4,0
  7
ISO3098
 72
1
 11
1057.0
 21
449.08000000000015
 31
0.0
100
AcDbText
 73
2
  0
TEXT
  5
6FA
330
17
100
AcDbEntity
  8
A-TEXTO
100
AcDbText
 10
897.8
 20
444.78000000000014
 30
0.0
 40
2.1
  1
LAF 1,6 × 1000 × 2000 (5 kg)
  7
ISO3098
 11
897.8
 21
444.78000000000014
 31
0.0
100
AcDbText
 73
2
  0
TEXT
  5
6FB
330
17
100
AcDbEntity
  8
A-TEXTO
100
AcDbText
 10
972.0
 20
444.78000000000014
 30
0.0
 40
2.1
  1
110,5
  7
ISO3098
 72
1
 11
972.0
 21
444.78000000000014
 31
0.0
100
AcDbText
 73
2
  0
TEXT
  5
6FC
330
17
100
AcDbEntity
  8
A-TEXTO
100
AcDbText
 10
997.0
 20
444.78000000000014
 30
0.0
 40
2.1
  1
0,7
  7
ISO3098
 72
1
 11
997.0
 21
444.78000000000014
 31
0.0
100
AcDbText
 73
2
  0
TEXT
  5
6FD
330
17
100
AcDbEntity
  8
A-TEXTO
100
AcDbText
 10
1029.0
 20
444.78000000000014
 30
0.0
 40
2.1
  1
79 h (1,99 t)
  7
ISO3098
 72
1
 11
1029.0
 21
444.78000000000014
 31
0.0
100
AcDbText
 73
2
  0
TEXT
  5
6FE
330
17
100
AcDbEntity
  8
A-TEXTO
100
AcDbText
 10
1057.0
 20
444.78000000000014
 30
0.0
 40
2.1
  1
1,4
  7
ISO3098
 72
1
 11
1057.0
 21
444.78000000000014
 31
0.0
100
AcDbText
 73
2
  0
TEXT
  5
6FF
330
17
100
AcDbEntity
  8
A-TEXTO
100
AcDbText
 10
897.8
 20
440.48000000000013
 30
0.0
 40
2.1
  1
LAF 2,0 × 1500 × 3000 (10 kg)
  7
ISO3098
 11
897.8
 21
440.48000000000013
 31
0.0
100
AcDbText
 73
2
  0
TEXT
  5
700
330
17
100
AcDbEntity
  8
A-TEXTO
100
AcDbText
 10
972.0
 20
440.48000000000013
 30
0.0
 40
2.1
  1
5,4
  7
ISO3098
 72
1
 11
972.0
 21
440.48000000000013
 31
0.0
100
AcDbText
 73
2
  0
TEXT
  5
701
330
17
100
AcDbEntity
  8
A-TEXTO
100
AcDbText
 10
997.0
 20
440.48000000000013
 30
0.0
 40
2.1
  1
5,2
  7
ISO3098
 72
1
 11
997.0
 21
440.48000000000013
 31
0.0
100
AcDbText
 73
2
  0
TEXT
  5
702
330
17
100
AcDbEntity
  8
A-TEXTO
100
AcDbText
 10
1029.0
 20
440.48000000000013
 30
0.0
 40
2.1
  1
11 h (0,78 t)
  7
ISO3098
 72
1
 11
1029.0
 21
440.48000000000013
 31
0.0
100
AcDbText
 73
2
  0
TEXT
  5
703
330
17
100
AcDbEntity
  8
A-TEXTO
100
AcDbText
 10
1057.0
 20
440.48000000000013
 30
0.0
 40
2.1
  1
4,1
  7
ISO3098
 72
1
 11
1057.0
 21
440.48000000000013
 31
0.0
100
AcDbText
 73
2
  0
TEXT
  5
704
330
17
100
AcDbEntity
  8
A-TEXTO
100
AcDbText
 10
897.8
 20
436.1800000000001
 30
0.0
 40
2.1
  1
LAC 3,2 × 1500 × 3000 (25 y 50 kg)
  7
ISO3098
 11
897.8
 21
436.1800000000001
 31
0.0
100
AcDbText
 73
2
  0
TEXT
  5
705
330
17
100
AcDbEntity
  8
A-TEXTO
100
AcDbText
 10
972.0
 20
436.1800000000001
 30
0.0
 40
2.1
  1
7,7
  7
ISO3098
 72
1
 11
972.0
 21
436.1800000000001
 31
0.0
100
AcDbText
 73
2
  0
TEXT
  5
706
330
17
100
AcDbEntity
  8
A-TEXTO
100
AcDbText
 10
997.0
 20
436.1800000000001
 30
0.0
 40
2.1
  1
2,2
  7
ISO3098
 72
1
 11
997.0
 21
436.1800000000001
 31
0.0
100
AcDbText
 73
2
  0
TEXT
  5
707
330
17
100
AcDbEntity
  8
A-TEXTO
100
AcDbText
 10
1029.0
 20
436.1800000000001
 30
0.0
 40
2.1
  1
16 h (1,81 t)
  7
ISO3098
 72
1
 11
1029.0
 21
436.1800000000001
 31
0.0
100
AcDbText
 73
2
  0
TEXT
  5
708
330
17
100
AcDbEntity
  8
A-TEXTO
100
AcDbText
 10
1057.0
 20
436.1800000000001
 30
0.0
 40
2.1
  1
4,1
  7
ISO3098
 72
1
 11
1057.0
 21
436.1800000000001
 31
0.0
100
AcDbText
 73
2
  0
TEXT
  5
709
330
17
100
AcDbEntity
  8
A-TEXTO
100
AcDbText
 10
897.8
 20
431.88000000000017
 30
0.0
 40
2.1
  1
LAC 4,75 × 1500 × 3000 (70 y 100 kg)
  7
ISO3098
 11
897.8
 21
431.88000000000017
 31
0.0
100
AcDbText
 73
2
  0
TEXT
  5
70A
330
17
100
AcDbEntity
  8
A-TEXTO
100
AcDbText
 10
972.0
 20
431.88000000000017
 30
0.0
 40
2.1
  1
3,4
  7
ISO3098
 72
1
 11
972.0
 21
431.88000000000017
 31
0.0
100
AcDbText
 73
2
  0
TEXT
  5
70B
330
17
100
AcDbEntity
  8
A-TEXTO
100
AcDbText
 10
997.0
 20
431.88000000000017
 30
0.0
 40
2.1
  1
3,2
  7
ISO3098
 72
1
 11
997.0
 21
431.88000000000017
 31
0.0
100
AcDbText
 73
2
  0
TEXT
  5
70C
330
17
100
AcDbEntity
  8
A-TEXTO
100
AcDbText
 10
1029.0
 20
431.88000000000017
 30
0.0
 40
2.1
  1
7 h (1,18 t)
  7
ISO3098
 72
1
 11
1029.0
 21
431.88000000000017
 31
0.0
100
AcDbText
 73
2
  0
TEXT
  5
70D
330
17
100
AcDbEntity
  8
A-TEXTO
100
AcDbText
 10
1057.0
 20
431.88000000000017
 30
0.0
 40
2.1
  1
4,1
  7
ISO3098
 72
1
 11
1057.0
 21
431.88000000000017
 31
0.0
100
AcDbText
 73
2
  0
TEXT
  5
70E
330
17
100
AcDbEntity
  8
A-TEXTO
100
AcDbText
 10
897.0
 20
426.73000000000013
 30
0.0
 40
2.1
  1
1. Un módulo del cantiléver por formato con 2 posiciones (en uso y en espera): si están ocupadas no se
  7
ISO3098
 11
897.0
 21
426.73000000000013
 31
0.0
100
AcDbText
 73
3
  0
TEXT
  5
70F
330
17
100
AcDbEntity
  8
A-TEXTO
100
AcDbText
 10
897.0
 20
423.47500000000014
 30
0.0
 40
2.1
  1
   pide (kanban de 2 paquetes, tope pintado). 2. Paquetes chicos en formatos de bajo consumo: ninguno
  7
ISO3098
 11
897.0
 21
423.47500000000014
 31
0.0
100
AcDbText
 73
3
  0
TEXT
  5
710
330
17
100
AcDbEntity
  8
A-TEXTO
100
AcDbText
 10
897.0
 20
420.22000000000014
 30
0.0
 40
2.1
  1
   cubre más de 2 semanas. 3. Tarjeta de color por mes de ingreso; semáforo verde < 4 sem., amarillo
  7
ISO3098
 11
897.0
 21
420.22000000000014
 31
0.0
100
AcDbText
 73
3
  0
TEXT
  5
711
330
17
100
AcDbEntity
  8
A-TEXTO
100
AcDbText
 10
897.0
 20
416.96500000000015
 30
0.0
 40
2.1
  1
   4 a 6, rojo > 6 (se consume primero y se inspecciona óxido). 4. LAF aceitada con film VCI, bajo techo.
  7
ISO3098
 11
897.0
 21
416.96500000000015
 31
0.0
100
AcDbText
 73
3
  0
LWPOLYLINE
  5
712
330
17
100
AcDbEntity
  8
08-FINA
100
AcDbPolyline
 90
4
 70
1
 10
1589.0
 20
0.0
 10
2778.0
 20
0.0
 10
2778.0
 20
841.0
 10
1589.0
 20
841.0
  0
LWPOLYLINE
  5
713
330
17
100
AcDbEntity
  8
07-RECUADRO
100
AcDbPolyline
 90
4
 70
1
 10
1614.0
 20
10.0
 10
2768.0
 20
10.0
 10
2768.0
 20
831.0
 10
1614.0
 20
831.0
  0
LINE
  5
714
330
17
100
AcDbEntity
  8
07-RECUADRO
100
AcDbLine
 10
2183.5
 20
0.0
 30
0.0
 11
2183.5
 21
15.0
 31
0.0
  0
LINE
  5
715
330
17
100
AcDbEntity
  8
07-RECUADRO
100
AcDbLine
 10
2183.5
 20
841.0
 30
0.0
 11
2183.5
 21
826.0
 31
0.0
  0
LINE
  5
716
330
17
100
AcDbEntity
  8
07-RECUADRO
100
AcDbLine
 10
1589.0
 20
420.5
 30
0.0
 11
1619.0
 21
420.5
 31
0.0
  0
LINE
  5
717
330
17
100
AcDbEntity
  8
07-RECUADRO
100
AcDbLine
 10
2778.0
 20
420.5
 30
0.0
 11
2763.0
 21
420.5
 31
0.0
  0
LINE
  5
718
330
17
100
AcDbEntity
  8
08-FINA
100
AcDbLine
 10
1633.5
 20
10.0
 30
0.0
 11
1633.5
 21
5.0
 31
0.0
  0
LINE
  5
719
330
17
100
AcDbEntity
  8
08-FINA
100
AcDbLine
 10
1633.5
 20
831.0
 30
0.0
 11
1633.5
 21
836.0
 31
0.0
  0
LINE
  5
71A
330
17
100
AcDbEntity
  8
08-FINA
100
AcDbLine
 10
1683.5
 20
10.0
 30
0.0
 11
1683.5
 21
5.0
 31
0.0
  0
LINE
  5
71B
330
17
100
AcDbEntity
  8
08-FINA
100
AcDbLine
 10
1683.5
 20
831.0
 30
0.0
 11
1683.5
 21
836.0
 31
0.0
  0
LINE
  5
71C
330
17
100
AcDbEntity
  8
08-FINA
100
AcDbLine
 10
1733.5
 20
10.0
 30
0.0
 11
1733.5
 21
5.0
 31
0.0
  0
LINE
  5
71D
330
17
100
AcDbEntity
  8
08-FINA
100
AcDbLine
 10
1733.5
 20
831.0
 30
0.0
 11
1733.5
 21
836.0
 31
0.0
  0
LINE
  5
71E
330
17
100
AcDbEntity
  8
08-FINA
100
AcDbLine
 10
1783.5
 20
10.0
 30
0.0
 11
1783.5
 21
5.0
 31
0.0
  0
LINE
  5
71F
330
17
100
AcDbEntity
  8
08-FINA
100
AcDbLine
 10
1783.5
 20
831.0
 30
0.0
 11
1783.5
 21
836.0
 31
0.0
  0
LINE
  5
720
330
17
100
AcDbEntity
  8
08-FINA
100
AcDbLine
 10
1833.5
 20
10.0
 30
0.0
 11
1833.5
 21
5.0
 31
0.0
  0
LINE
  5
721
330
17
100
AcDbEntity
  8
08-FINA
100
AcDbLine
 10
1833.5
 20
831.0
 30
0.0
 11
1833.5
 21
836.0
 31
0.0
  0
LINE
  5
722
330
17
100
AcDbEntity
  8
08-FINA
100
AcDbLine
 10
1883.5
 20
10.0
 30
0.0
 11
1883.5
 21
5.0
 31
0.0
  0
LINE
  5
723
330
17
100
AcDbEntity
  8
08-FINA
100
AcDbLine
 10
1883.5
 20
831.0
 30
0.0
 11
1883.5
 21
836.0
 31
0.0
  0
LINE
  5
724
330
17
100
AcDbEntity
  8
08-FINA
100
AcDbLine
 10
1933.5
 20
10.0
 30
0.0
 11
1933.5
 21
5.0
 31
0.0
  0
LINE
  5
725
330
17
100
AcDbEntity
  8
08-FINA
100
AcDbLine
 10
1933.5
 20
831.0
 30
0.0
 11
1933.5
 21
836.0
 31
0.0
  0
LINE
  5
726
330
17
100
AcDbEntity
  8
08-FINA
100
AcDbLine
 10
1983.5
 20
10.0
 30
0.0
 11
1983.5
 21
5.0
 31
0.0
  0
LINE
  5
727
330
17
100
AcDbEntity
  8
08-FINA
100
AcDbLine
 10
1983.5
 20
831.0
 30
0.0
 11
1983.5
 21
836.0
 31
0.0
  0
LINE
  5
728
330
17
100
AcDbEntity
  8
08-FINA
100
AcDbLine
 10
2033.5
 20
10.0
 30
0.0
 11
2033.5
 21
5.0
 31
0.0
  0
LINE
  5
729
330
17
100
AcDbEntity
  8
08-FINA
100
AcDbLine
 10
2033.5
 20
831.0
 30
0.0
 11
2033.5
 21
836.0
 31
0.0
  0
LINE
  5
72A
330
17
100
AcDbEntity
  8
08-FINA
100
AcDbLine
 10
2083.5
 20
10.0
 30
0.0
 11
2083.5
 21
5.0
 31
0.0
  0
LINE
  5
72B
330
17
100
AcDbEntity
  8
08-FINA
100
AcDbLine
 10
2083.5
 20
831.0
 30
0.0
 11
2083.5
 21
836.0
 31
0.0
  0
LINE
  5
72C
330
17
100
AcDbEntity
  8
08-FINA
100
AcDbLine
 10
2133.5
 20
10.0
 30
0.0
 11
2133.5
 21
5.0
 31
0.0
  0
LINE
  5
72D
330
17
100
AcDbEntity
  8
08-FINA
100
AcDbLine
 10
2133.5
 20
831.0
 30
0.0
 11
2133.5
 21
836.0
 31
0.0
  0
LINE
  5
72E
330
17
100
AcDbEntity
  8
08-FINA
100
AcDbLine
 10
2233.5
 20
10.0
 30
0.0
 11
2233.5
 21
5.0
 31
0.0
  0
LINE
  5
72F
330
17
100
AcDbEntity
  8
08-FINA
100
AcDbLine
 10
2233.5
 20
831.0
 30
0.0
 11
2233.5
 21
836.0
 31
0.0
  0
LINE
  5
730
330
17
100
AcDbEntity
  8
08-FINA
100
AcDbLine
 10
2283.5
 20
10.0
 30
0.0
 11
2283.5
 21
5.0
 31
0.0
  0
LINE
  5
731
330
17
100
AcDbEntity
  8
08-FINA
100
AcDbLine
 10
2283.5
 20
831.0
 30
0.0
 11
2283.5
 21
836.0
 31
0.0
  0
LINE
  5
732
330
17
100
AcDbEntity
  8
08-FINA
100
AcDbLine
 10
2333.5
 20
10.0
 30
0.0
 11
2333.5
 21
5.0
 31
0.0
  0
LINE
  5
733
330
17
100
AcDbEntity
  8
08-FINA
100
AcDbLine
 10
2333.5
 20
831.0
 30
0.0
 11
2333.5
 21
836.0
 31
0.0
  0
LINE
  5
734
330
17
100
AcDbEntity
  8
08-FINA
100
AcDbLine
 10
2383.5
 20
10.0
 30
0.0
 11
2383.5
 21
5.0
 31
0.0
  0
LINE
  5
735
330
17
100
AcDbEntity
  8
08-FINA
100
AcDbLine
 10
2383.5
 20
831.0
 30
0.0
 11
2383.5
 21
836.0
 31
0.0
  0
LINE
  5
736
330
17
100
AcDbEntity
  8
08-FINA
100
AcDbLine
 10
2433.5
 20
10.0
 30
0.0
 11
2433.5
 21
5.0
 31
0.0
  0
LINE
  5
737
330
17
100
AcDbEntity
  8
08-FINA
100
AcDbLine
 10
2433.5
 20
831.0
 30
0.0
 11
2433.5
 21
836.0
 31
0.0
  0
LINE
  5
738
330
17
100
AcDbEntity
  8
08-FINA
100
AcDbLine
 10
2483.5
 20
10.0
 30
0.0
 11
2483.5
 21
5.0
 31
0.0
  0
LINE
  5
739
330
17
100
AcDbEntity
  8
08-FINA
100
AcDbLine
 10
2483.5
 20
831.0
 30
0.0
 11
2483.5
 21
836.0
 31
0.0
  0
LINE
  5
73A
330
17
100
AcDbEntity
  8
08-FINA
100
AcDbLine
 10
2533.5
 20
10.0
 30
0.0
 11
2533.5
 21
5.0
 31
0.0
  0
LINE
  5
73B
330
17
100
AcDbEntity
  8
08-FINA
100
AcDbLine
 10
2533.5
 20
831.0
 30
0.0
 11
2533.5
 21
836.0
 31
0.0
  0
LINE
  5
73C
330
17
100
AcDbEntity
  8
08-FINA
100
AcDbLine
 10
2583.5
 20
10.0
 30
0.0
 11
2583.5
 21
5.0
 31
0.0
  0
LINE
  5
73D
330
17
100
AcDbEntity
  8
08-FINA
100
AcDbLine
 10
2583.5
 20
831.0
 30
0.0
 11
2583.5
 21
836.0
 31
0.0
  0
LINE
  5
73E
330
17
100
AcDbEntity
  8
08-FINA
100
AcDbLine
 10
2633.5
 20
10.0
 30
0.0
 11
2633.5
 21
5.0
 31
0.0
  0
LINE
  5
73F
330
17
100
AcDbEntity
  8
08-FINA
100
AcDbLine
 10
2633.5
 20
831.0
 30
0.0
 11
2633.5
 21
836.0
 31
0.0
  0
LINE
  5
740
330
17
100
AcDbEntity
  8
08-FINA
100
AcDbLine
 10
2683.5
 20
10.0
 30
0.0
 11
2683.5
 21
5.0
 31
0.0
  0
LINE
  5
741
330
17
100
AcDbEntity
  8
08-FINA
100
AcDbLine
 10
2683.5
 20
831.0
 30
0.0
 11
2683.5
 21
836.0
 31
0.0
  0
LINE
  5
742
330
17
100
AcDbEntity
  8
08-FINA
100
AcDbLine
 10
2733.5
 20
10.0
 30
0.0
 11
2733.5
 21
5.0
 31
0.0
  0
LINE
  5
743
330
17
100
AcDbEntity
  8
08-FINA
100
AcDbLine
 10
2733.5
 20
831.0
 30
0.0
 11
2733.5
 21
836.0
 31
0.0
  0
LINE
  5
744
330
17
100
AcDbEntity
  8
08-FINA
100
AcDbLine
 10
1614.0
 20
20.5
 30
0.0
 11
1609.0
 21
20.5
 31
0.0
  0
LINE
  5
745
330
17
100
AcDbEntity
  8
08-FINA
100
AcDbLine
 10
2768.0
 20
20.5
 30
0.0
 11
2773.0
 21
20.5
 31
0.0
  0
LINE
  5
746
330
17
100
AcDbEntity
  8
08-FINA
100
AcDbLine
 10
1614.0
 20
70.5
 30
0.0
 11
1609.0
 21
70.5
 31
0.0
  0
LINE
  5
747
330
17
100
AcDbEntity
  8
08-FINA
100
AcDbLine
 10
2768.0
 20
70.5
 30
0.0
 11
2773.0
 21
70.5
 31
0.0
  0
LINE
  5
748
330
17
100
AcDbEntity
  8
08-FINA
100
AcDbLine
 10
1614.0
 20
120.5
 30
0.0
 11
1609.0
 21
120.5
 31
0.0
  0
LINE
  5
749
330
17
100
AcDbEntity
  8
08-FINA
100
AcDbLine
 10
2768.0
 20
120.5
 30
0.0
 11
2773.0
 21
120.5
 31
0.0
  0
LINE
  5
74A
330
17
100
AcDbEntity
  8
08-FINA
100
AcDbLine
 10
1614.0
 20
170.5
 30
0.0
 11
1609.0
 21
170.5
 31
0.0
  0
LINE
  5
74B
330
17
100
AcDbEntity
  8
08-FINA
100
AcDbLine
 10
2768.0
 20
170.5
 30
0.0
 11
2773.0
 21
170.5
 31
0.0
  0
LINE
  5
74C
330
17
100
AcDbEntity
  8
08-FINA
100
AcDbLine
 10
1614.0
 20
220.5
 30
0.0
 11
1609.0
 21
220.5
 31
0.0
  0
LINE
  5
74D
330
17
100
AcDbEntity
  8
08-FINA
100
AcDbLine
 10
2768.0
 20
220.5
 30
0.0
 11
2773.0
 21
220.5
 31
0.0
  0
LINE
  5
74E
330
17
100
AcDbEntity
  8
08-FINA
100
AcDbLine
 10
1614.0
 20
270.5
 30
0.0
 11
1609.0
 21
270.5
 31
0.0
  0
LINE
  5
74F
330
17
100
AcDbEntity
  8
08-FINA
100
AcDbLine
 10
2768.0
 20
270.5
 30
0.0
 11
2773.0
 21
270.5
 31
0.0
  0
LINE
  5
750
330
17
100
AcDbEntity
  8
08-FINA
100
AcDbLine
 10
1614.0
 20
320.5
 30
0.0
 11
1609.0
 21
320.5
 31
0.0
  0
LINE
  5
751
330
17
100
AcDbEntity
  8
08-FINA
100
AcDbLine
 10
2768.0
 20
320.5
 30
0.0
 11
2773.0
 21
320.5
 31
0.0
  0
LINE
  5
752
330
17
100
AcDbEntity
  8
08-FINA
100
AcDbLine
 10
1614.0
 20
370.5
 30
0.0
 11
1609.0
 21
370.5
 31
0.0
  0
LINE
  5
753
330
17
100
AcDbEntity
  8
08-FINA
100
AcDbLine
 10
2768.0
 20
370.5
 30
0.0
 11
2773.0
 21
370.5
 31
0.0
  0
LINE
  5
754
330
17
100
AcDbEntity
  8
08-FINA
100
AcDbLine
 10
1614.0
 20
470.5
 30
0.0
 11
1609.0
 21
470.5
 31
0.0
  0
LINE
  5
755
330
17
100
AcDbEntity
  8
08-FINA
100
AcDbLine
 10
2768.0
 20
470.5
 30
0.0
 11
2773.0
 21
470.5
 31
0.0
  0
LINE
  5
756
330
17
100
AcDbEntity
  8
08-FINA
100
AcDbLine
 10
1614.0
 20
520.5
 30
0.0
 11
1609.0
 21
520.5
 31
0.0
  0
LINE
  5
757
330
17
100
AcDbEntity
  8
08-FINA
100
AcDbLine
 10
2768.0
 20
520.5
 30
0.0
 11
2773.0
 21
520.5
 31
0.0
  0
LINE
  5
758
330
17
100
AcDbEntity
  8
08-FINA
100
AcDbLine
 10
1614.0
 20
570.5
 30
0.0
 11
1609.0
 21
570.5
 31
0.0
  0
LINE
  5
759
330
17
100
AcDbEntity
  8
08-FINA
100
AcDbLine
 10
2768.0
 20
570.5
 30
0.0
 11
2773.0
 21
570.5
 31
0.0
  0
LINE
  5
75A
330
17
100
AcDbEntity
  8
08-FINA
100
AcDbLine
 10
1614.0
 20
620.5
 30
0.0
 11
1609.0
 21
620.5
 31
0.0
  0
LINE
  5
75B
330
17
100
AcDbEntity
  8
08-FINA
100
AcDbLine
 10
2768.0
 20
620.5
 30
0.0
 11
2773.0
 21
620.5
 31
0.0
  0
LINE
  5
75C
330
17
100
AcDbEntity
  8
08-FINA
100
AcDbLine
 10
1614.0
 20
670.5
 30
0.0
 11
1609.0
 21
670.5
 31
0.0
  0
LINE
  5
75D
330
17
100
AcDbEntity
  8
08-FINA
100
AcDbLine
 10
2768.0
 20
670.5
 30
0.0
 11
2773.0
 21
670.5
 31
0.0
  0
LINE
  5
75E
330
17
100
AcDbEntity
  8
08-FINA
100
AcDbLine
 10
1614.0
 20
720.5
 30
0.0
 11
1609.0
 21
720.5
 31
0.0
  0
LINE
  5
75F
330
17
100
AcDbEntity
  8
08-FINA
100
AcDbLine
 10
2768.0
 20
720.5
 30
0.0
 11
2773.0
 21
720.5
 31
0.0
  0
LINE
  5
760
330
17
100
AcDbEntity
  8
08-FINA
100
AcDbLine
 10
1614.0
 20
770.5
 30
0.0
 11
1609.0
 21
770.5
 31
0.0
  0
LINE
  5
761
330
17
100
AcDbEntity
  8
08-FINA
100
AcDbLine
 10
2768.0
 20
770.5
 30
0.0
 11
2773.0
 21
770.5
 31
0.0
  0
LINE
  5
762
330
17
100
AcDbEntity
  8
08-FINA
100
AcDbLine
 10
1614.0
 20
820.5
 30
0.0
 11
1609.0
 21
820.5
 31
0.0
  0
LINE
  5
763
330
17
100
AcDbEntity
  8
08-FINA
100
AcDbLine
 10
2768.0
 20
820.5
 30
0.0
 11
2773.0
 21
820.5
 31
0.0
  0
TEXT
  5
764
330
17
100
AcDbEntity
  8
06-TEXTO
100
AcDbText
 10
1623.75
 20
5.0
 30
0.0
 40
3.5
  1
1
  7
ISO3098
 72
1
 11
1623.75
 21
5.0
 31
0.0
100
AcDbText
 73
2
  0
TEXT
  5
765
330
17
100
AcDbEntity
  8
06-TEXTO
100
AcDbText
 10
1623.75
 20
836.0
 30
0.0
 40
3.5
  1
1
  7
ISO3098
 72
1
 11
1623.75
 21
836.0
 31
0.0
100
AcDbText
 73
2
  0
TEXT
  5
766
330
17
100
AcDbEntity
  8
06-TEXTO
100
AcDbText
 10
1658.5
 20
5.0
 30
0.0
 40
3.5
  1
2
  7
ISO3098
 72
1
 11
1658.5
 21
5.0
 31
0.0
100
AcDbText
 73
2
  0
TEXT
  5
767
330
17
100
AcDbEntity
  8
06-TEXTO
100
AcDbText
 10
1658.5
 20
836.0
 30
0.0
 40
3.5
  1
2
  7
ISO3098
 72
1
 11
1658.5
 21
836.0
 31
0.0
100
AcDbText
 73
2
  0
TEXT
  5
768
330
17
100
AcDbEntity
  8
06-TEXTO
100
AcDbText
 10
1708.5
 20
5.0
 30
0.0
 40
3.5
  1
3
  7
ISO3098
 72
1
 11
1708.5
 21
5.0
 31
0.0
100
AcDbText
 73
2
  0
TEXT
  5
769
330
17
100
AcDbEntity
  8
06-TEXTO
100
AcDbText
 10
1708.5
 20
836.0
 30
0.0
 40
3.5
  1
3
  7
ISO3098
 72
1
 11
1708.5
 21
836.0
 31
0.0
100
AcDbText
 73
2
  0
TEXT
  5
76A
330
17
100
AcDbEntity
  8
06-TEXTO
100
AcDbText
 10
1758.5
 20
5.0
 30
0.0
 40
3.5
  1
4
  7
ISO3098
 72
1
 11
1758.5
 21
5.0
 31
0.0
100
AcDbText
 73
2
  0
TEXT
  5
76B
330
17
100
AcDbEntity
  8
06-TEXTO
100
AcDbText
 10
1758.5
 20
836.0
 30
0.0
 40
3.5
  1
4
  7
ISO3098
 72
1
 11
1758.5
 21
836.0
 31
0.0
100
AcDbText
 73
2
  0
TEXT
  5
76C
330
17
100
AcDbEntity
  8
06-TEXTO
100
AcDbText
 10
1808.5
 20
5.0
 30
0.0
 40
3.5
  1
5
  7
ISO3098
 72
1
 11
1808.5
 21
5.0
 31
0.0
100
AcDbText
 73
2
  0
TEXT
  5
76D
330
17
100
AcDbEntity
  8
06-TEXTO
100
AcDbText
 10
1808.5
 20
836.0
 30
0.0
 40
3.5
  1
5
  7
ISO3098
 72
1
 11
1808.5
 21
836.0
 31
0.0
100
AcDbText
 73
2
  0
TEXT
  5
76E
330
17
100
AcDbEntity
  8
06-TEXTO
100
AcDbText
 10
1858.5
 20
5.0
 30
0.0
 40
3.5
  1
6
  7
ISO3098
 72
1
 11
1858.5
 21
5.0
 31
0.0
100
AcDbText
 73
2
  0
TEXT
  5
76F
330
17
100
AcDbEntity
  8
06-TEXTO
100
AcDbText
 10
1858.5
 20
836.0
 30
0.0
 40
3.5
  1
6
  7
ISO3098
 72
1
 11
1858.5
 21
836.0
 31
0.0
100
AcDbText
 73
2
  0
TEXT
  5
770
330
17
100
AcDbEntity
  8
06-TEXTO
100
AcDbText
 10
1908.5
 20
5.0
 30
0.0
 40
3.5
  1
7
  7
ISO3098
 72
1
 11
1908.5
 21
5.0
 31
0.0
100
AcDbText
 73
2
  0
TEXT
  5
771
330
17
100
AcDbEntity
  8
06-TEXTO
100
AcDbText
 10
1908.5
 20
836.0
 30
0.0
 40
3.5
  1
7
  7
ISO3098
 72
1
 11
1908.5
 21
836.0
 31
0.0
100
AcDbText
 73
2
  0
TEXT
  5
772
330
17
100
AcDbEntity
  8
06-TEXTO
100
AcDbText
 10
1958.5
 20
5.0
 30
0.0
 40
3.5
  1
8
  7
ISO3098
 72
1
 11
1958.5
 21
5.0
 31
0.0
100
AcDbText
 73
2
  0
TEXT
  5
773
330
17
100
AcDbEntity
  8
06-TEXTO
100
AcDbText
 10
1958.5
 20
836.0
 30
0.0
 40
3.5
  1
8
  7
ISO3098
 72
1
 11
1958.5
 21
836.0
 31
0.0
100
AcDbText
 73
2
  0
TEXT
  5
774
330
17
100
AcDbEntity
  8
06-TEXTO
100
AcDbText
 10
2008.5
 20
5.0
 30
0.0
 40
3.5
  1
9
  7
ISO3098
 72
1
 11
2008.5
 21
5.0
 31
0.0
100
AcDbText
 73
2
  0
TEXT
  5
775
330
17
100
AcDbEntity
  8
06-TEXTO
100
AcDbText
 10
2008.5
 20
836.0
 30
0.0
 40
3.5
  1
9
  7
ISO3098
 72
1
 11
2008.5
 21
836.0
 31
0.0
100
AcDbText
 73
2
  0
TEXT
  5
776
330
17
100
AcDbEntity
  8
06-TEXTO
100
AcDbText
 10
2058.5
 20
5.0
 30
0.0
 40
3.5
  1
10
  7
ISO3098
 72
1
 11
2058.5
 21
5.0
 31
0.0
100
AcDbText
 73
2
  0
TEXT
  5
777
330
17
100
AcDbEntity
  8
06-TEXTO
100
AcDbText
 10
2058.5
 20
836.0
 30
0.0
 40
3.5
  1
10
  7
ISO3098
 72
1
 11
2058.5
 21
836.0
 31
0.0
100
AcDbText
 73
2
  0
TEXT
  5
778
330
17
100
AcDbEntity
  8
06-TEXTO
100
AcDbText
 10
2108.5
 20
5.0
 30
0.0
 40
3.5
  1
11
  7
ISO3098
 72
1
 11
2108.5
 21
5.0
 31
0.0
100
AcDbText
 73
2
  0
TEXT
  5
779
330
17
100
AcDbEntity
  8
06-TEXTO
100
AcDbText
 10
2108.5
 20
836.0
 30
0.0
 40
3.5
  1
11
  7
ISO3098
 72
1
 11
2108.5
 21
836.0
 31
0.0
100
AcDbText
 73
2
  0
TEXT
  5
77A
330
17
100
AcDbEntity
  8
06-TEXTO
100
AcDbText
 10
2158.5
 20
5.0
 30
0.0
 40
3.5
  1
12
  7
ISO3098
 72
1
 11
2158.5
 21
5.0
 31
0.0
100
AcDbText
 73
2
  0
TEXT
  5
77B
330
17
100
AcDbEntity
  8
06-TEXTO
100
AcDbText
 10
2158.5
 20
836.0
 30
0.0
 40
3.5
  1
12
  7
ISO3098
 72
1
 11
2158.5
 21
836.0
 31
0.0
100
AcDbText
 73
2
  0
TEXT
  5
77C
330
17
100
AcDbEntity
  8
06-TEXTO
100
AcDbText
 10
2208.5
 20
5.0
 30
0.0
 40
3.5
  1
13
  7
ISO3098
 72
1
 11
2208.5
 21
5.0
 31
0.0
100
AcDbText
 73
2
  0
TEXT
  5
77D
330
17
100
AcDbEntity
  8
06-TEXTO
100
AcDbText
 10
2208.5
 20
836.0
 30
0.0
 40
3.5
  1
13
  7
ISO3098
 72
1
 11
2208.5
 21
836.0
 31
0.0
100
AcDbText
 73
2
  0
TEXT
  5
77E
330
17
100
AcDbEntity
  8
06-TEXTO
100
AcDbText
 10
2258.5
 20
5.0
 30
0.0
 40
3.5
  1
14
  7
ISO3098
 72
1
 11
2258.5
 21
5.0
 31
0.0
100
AcDbText
 73
2
  0
TEXT
  5
77F
330
17
100
AcDbEntity
  8
06-TEXTO
100
AcDbText
 10
2258.5
 20
836.0
 30
0.0
 40
3.5
  1
14
  7
ISO3098
 72
1
 11
2258.5
 21
836.0
 31
0.0
100
AcDbText
 73
2
  0
TEXT
  5
780
330
17
100
AcDbEntity
  8
06-TEXTO
100
AcDbText
 10
2308.5
 20
5.0
 30
0.0
 40
3.5
  1
15
  7
ISO3098
 72
1
 11
2308.5
 21
5.0
 31
0.0
100
AcDbText
 73
2
  0
TEXT
  5
781
330
17
100
AcDbEntity
  8
06-TEXTO
100
AcDbText
 10
2308.5
 20
836.0
 30
0.0
 40
3.5
  1
15
  7
ISO3098
 72
1
 11
2308.5
 21
836.0
 31
0.0
100
AcDbText
 73
2
  0
TEXT
  5
782
330
17
100
AcDbEntity
  8
06-TEXTO
100
AcDbText
 10
2358.5
 20
5.0
 30
0.0
 40
3.5
  1
16
  7
ISO3098
 72
1
 11
2358.5
 21
5.0
 31
0.0
100
AcDbText
 73
2
  0
TEXT
  5
783
330
17
100
AcDbEntity
  8
06-TEXTO
100
AcDbText
 10
2358.5
 20
836.0
 30
0.0
 40
3.5
  1
16
  7
ISO3098
 72
1
 11
2358.5
 21
836.0
 31
0.0
100
AcDbText
 73
2
  0
TEXT
  5
784
330
17
100
AcDbEntity
  8
06-TEXTO
100
AcDbText
 10
2408.5
 20
5.0
 30
0.0
 40
3.5
  1
17
  7
ISO3098
 72
1
 11
2408.5
 21
5.0
 31
0.0
100
AcDbText
 73
2
  0
TEXT
  5
785
330
17
100
AcDbEntity
  8
06-TEXTO
100
AcDbText
 10
2408.5
 20
836.0
 30
0.0
 40
3.5
  1
17
  7
ISO3098
 72
1
 11
2408.5
 21
836.0
 31
0.0
100
AcDbText
 73
2
  0
TEXT
  5
786
330
17
100
AcDbEntity
  8
06-TEXTO
100
AcDbText
 10
2458.5
 20
5.0
 30
0.0
 40
3.5
  1
18
  7
ISO3098
 72
1
 11
2458.5
 21
5.0
 31
0.0
100
AcDbText
 73
2
  0
TEXT
  5
787
330
17
100
AcDbEntity
  8
06-TEXTO
100
AcDbText
 10
2458.5
 20
836.0
 30
0.0
 40
3.5
  1
18
  7
ISO3098
 72
1
 11
2458.5
 21
836.0
 31
0.0
100
AcDbText
 73
2
  0
TEXT
  5
788
330
17
100
AcDbEntity
  8
06-TEXTO
100
AcDbText
 10
2508.5
 20
5.0
 30
0.0
 40
3.5
  1
19
  7
ISO3098
 72
1
 11
2508.5
 21
5.0
 31
0.0
100
AcDbText
 73
2
  0
TEXT
  5
789
330
17
100
AcDbEntity
  8
06-TEXTO
100
AcDbText
 10
2508.5
 20
836.0
 30
0.0
 40
3.5
  1
19
  7
ISO3098
 72
1
 11
2508.5
 21
836.0
 31
0.0
100
AcDbText
 73
2
  0
TEXT
  5
78A
330
17
100
AcDbEntity
  8
06-TEXTO
100
AcDbText
 10
2558.5
 20
5.0
 30
0.0
 40
3.5
  1
20
  7
ISO3098
 72
1
 11
2558.5
 21
5.0
 31
0.0
100
AcDbText
 73
2
  0
TEXT
  5
78B
330
17
100
AcDbEntity
  8
06-TEXTO
100
AcDbText
 10
2558.5
 20
836.0
 30
0.0
 40
3.5
  1
20
  7
ISO3098
 72
1
 11
2558.5
 21
836.0
 31
0.0
100
AcDbText
 73
2
  0
TEXT
  5
78C
330
17
100
AcDbEntity
  8
06-TEXTO
100
AcDbText
 10
2608.5
 20
5.0
 30
0.0
 40
3.5
  1
21
  7
ISO3098
 72
1
 11
2608.5
 21
5.0
 31
0.0
100
AcDbText
 73
2
  0
TEXT
  5
78D
330
17
100
AcDbEntity
  8
06-TEXTO
100
AcDbText
 10
2608.5
 20
836.0
 30
0.0
 40
3.5
  1
21
  7
ISO3098
 72
1
 11
2608.5
 21
836.0
 31
0.0
100
AcDbText
 73
2
  0
TEXT
  5
78E
330
17
100
AcDbEntity
  8
06-TEXTO
100
AcDbText
 10
2658.5
 20
5.0
 30
0.0
 40
3.5
  1
22
  7
ISO3098
 72
1
 11
2658.5
 21
5.0
 31
0.0
100
AcDbText
 73
2
  0
TEXT
  5
78F
330
17
100
AcDbEntity
  8
06-TEXTO
100
AcDbText
 10
2658.5
 20
836.0
 30
0.0
 40
3.5
  1
22
  7
ISO3098
 72
1
 11
2658.5
 21
836.0
 31
0.0
100
AcDbText
 73
2
  0
TEXT
  5
790
330
17
100
AcDbEntity
  8
06-TEXTO
100
AcDbText
 10
2708.5
 20
5.0
 30
0.0
 40
3.5
  1
23
  7
ISO3098
 72
1
 11
2708.5
 21
5.0
 31
0.0
100
AcDbText
 73
2
  0
TEXT
  5
791
330
17
100
AcDbEntity
  8
06-TEXTO
100
AcDbText
 10
2708.5
 20
836.0
 30
0.0
 40
3.5
  1
23
  7
ISO3098
 72
1
 11
2708.5
 21
836.0
 31
0.0
100
AcDbText
 73
2
  0
TEXT
  5
792
330
17
100
AcDbEntity
  8
06-TEXTO
100
AcDbText
 10
2750.75
 20
5.0
 30
0.0
 40
3.5
  1
24
  7
ISO3098
 72
1
 11
2750.75
 21
5.0
 31
0.0
100
AcDbText
 73
2
  0
TEXT
  5
793
330
17
100
AcDbEntity
  8
06-TEXTO
100
AcDbText
 10
2750.75
 20
836.0
 30
0.0
 40
3.5
  1
24
  7
ISO3098
 72
1
 11
2750.75
 21
836.0
 31
0.0
100
AcDbText
 73
2
  0
TEXT
  5
794
330
17
100
AcDbEntity
  8
06-TEXTO
100
AcDbText
 10
1604.0
 20
15.25
 30
0.0
 40
3.5
  1
T
  7
ISO3098
 72
1
 11
1604.0
 21
15.25
 31
0.0
100
AcDbText
 73
2
  0
TEXT
  5
795
330
17
100
AcDbEntity
  8
06-TEXTO
100
AcDbText
 10
2773.0
 20
15.25
 30
0.0
 40
3.5
  1
T
  7
ISO3098
 72
1
 11
2773.0
 21
15.25
 31
0.0
100
AcDbText
 73
2
  0
TEXT
  5
796
330
17
100
AcDbEntity
  8
06-TEXTO
100
AcDbText
 10
1604.0
 20
45.5
 30
0.0
 40
3.5
  1
S
  7
ISO3098
 72
1
 11
1604.0
 21
45.5
 31
0.0
100
AcDbText
 73
2
  0
TEXT
  5
797
330
17
100
AcDbEntity
  8
06-TEXTO
100
AcDbText
 10
2773.0
 20
45.5
 30
0.0
 40
3.5
  1
S
  7
ISO3098
 72
1
 11
2773.0
 21
45.5
 31
0.0
100
AcDbText
 73
2
  0
TEXT
  5
798
330
17
100
AcDbEntity
  8
06-TEXTO
100
AcDbText
 10
1604.0
 20
95.5
 30
0.0
 40
3.5
  1
R
  7
ISO3098
 72
1
 11
1604.0
 21
95.5
 31
0.0
100
AcDbText
 73
2
  0
TEXT
  5
799
330
17
100
AcDbEntity
  8
06-TEXTO
100
AcDbText
 10
2773.0
 20
95.5
 30
0.0
 40
3.5
  1
R
  7
ISO3098
 72
1
 11
2773.0
 21
95.5
 31
0.0
100
AcDbText
 73
2
  0
TEXT
  5
79A
330
17
100
AcDbEntity
  8
06-TEXTO
100
AcDbText
 10
1604.0
 20
145.5
 30
0.0
 40
3.5
  1
Q
  7
ISO3098
 72
1
 11
1604.0
 21
145.5
 31
0.0
100
AcDbText
 73
2
  0
TEXT
  5
79B
330
17
100
AcDbEntity
  8
06-TEXTO
100
AcDbText
 10
2773.0
 20
145.5
 30
0.0
 40
3.5
  1
Q
  7
ISO3098
 72
1
 11
2773.0
 21
145.5
 31
0.0
100
AcDbText
 73
2
  0
TEXT
  5
79C
330
17
100
AcDbEntity
  8
06-TEXTO
100
AcDbText
 10
1604.0
 20
195.5
 30
0.0
 40
3.5
  1
P
  7
ISO3098
 72
1
 11
1604.0
 21
195.5
 31
0.0
100
AcDbText
 73
2
  0
TEXT
  5
79D
330
17
100
AcDbEntity
  8
06-TEXTO
100
AcDbText
 10
2773.0
 20
195.5
 30
0.0
 40
3.5
  1
P
  7
ISO3098
 72
1
 11
2773.0
 21
195.5
 31
0.0
100
AcDbText
 73
2
  0
TEXT
  5
79E
330
17
100
AcDbEntity
  8
06-TEXTO
100
AcDbText
 10
1604.0
 20
245.5
 30
0.0
 40
3.5
  1
N
  7
ISO3098
 72
1
 11
1604.0
 21
245.5
 31
0.0
100
AcDbText
 73
2
  0
TEXT
  5
79F
330
17
100
AcDbEntity
  8
06-TEXTO
100
AcDbText
 10
2773.0
 20
245.5
 30
0.0
 40
3.5
  1
N
  7
ISO3098
 72
1
 11
2773.0
 21
245.5
 31
0.0
100
AcDbText
 73
2
  0
TEXT
  5
7A0
330
17
100
AcDbEntity
  8
06-TEXTO
100
AcDbText
 10
1604.0
 20
295.5
 30
0.0
 40
3.5
  1
M
  7
ISO3098
 72
1
 11
1604.0
 21
295.5
 31
0.0
100
AcDbText
 73
2
  0
TEXT
  5
7A1
330
17
100
AcDbEntity
  8
06-TEXTO
100
AcDbText
 10
2773.0
 20
295.5
 30
0.0
 40
3.5
  1
M
  7
ISO3098
 72
1
 11
2773.0
 21
295.5
 31
0.0
100
AcDbText
 73
2
  0
TEXT
  5
7A2
330
17
100
AcDbEntity
  8
06-TEXTO
100
AcDbText
 10
1604.0
 20
345.5
 30
0.0
 40
3.5
  1
L
  7
ISO3098
 72
1
 11
1604.0
 21
345.5
 31
0.0
100
AcDbText
 73
2
  0
TEXT
  5
7A3
330
17
100
AcDbEntity
  8
06-TEXTO
100
AcDbText
 10
2773.0
 20
345.5
 30
0.0
 40
3.5
  1
L
  7
ISO3098
 72
1
 11
2773.0
 21
345.5
 31
0.0
100
AcDbText
 73
2
  0
TEXT
  5
7A4
330
17
100
AcDbEntity
  8
06-TEXTO
100
AcDbText
 10
1604.0
 20
395.5
 30
0.0
 40
3.5
  1
K
  7
ISO3098
 72
1
 11
1604.0
 21
395.5
 31
0.0
100
AcDbText
 73
2
  0
TEXT
  5
7A5
330
17
100
AcDbEntity
  8
06-TEXTO
100
AcDbText
 10
2773.0
 20
395.5
 30
0.0
 40
3.5
  1
K
  7
ISO3098
 72
1
 11
2773.0
 21
395.5
 31
0.0
100
AcDbText
 73
2
  0
TEXT
  5
7A6
330
17
100
AcDbEntity
  8
06-TEXTO
100
AcDbText
 10
1604.0
 20
445.5
 30
0.0
 40
3.5
  1
J
  7
ISO3098
 72
1
 11
1604.0
 21
445.5
 31
0.0
100
AcDbText
 73
2
  0
TEXT
  5
7A7
330
17
100
AcDbEntity
  8
06-TEXTO
100
AcDbText
 10
2773.0
 20
445.5
 30
0.0
 40
3.5
  1
J
  7
ISO3098
 72
1
 11
2773.0
 21
445.5
 31
0.0
100
AcDbText
 73
2
  0
TEXT
  5
7A8
330
17
100
AcDbEntity
  8
06-TEXTO
100
AcDbText
 10
1604.0
 20
495.5
 30
0.0
 40
3.5
  1
H
  7
ISO3098
 72
1
 11
1604.0
 21
495.5
 31
0.0
100
AcDbText
 73
2
  0
TEXT
  5
7A9
330
17
100
AcDbEntity
  8
06-TEXTO
100
AcDbText
 10
2773.0
 20
495.5
 30
0.0
 40
3.5
  1
H
  7
ISO3098
 72
1
 11
2773.0
 21
495.5
 31
0.0
100
AcDbText
 73
2
  0
TEXT
  5
7AA
330
17
100
AcDbEntity
  8
06-TEXTO
100
AcDbText
 10
1604.0
 20
545.5
 30
0.0
 40
3.5
  1
G
  7
ISO3098
 72
1
 11
1604.0
 21
545.5
 31
0.0
100
AcDbText
 73
2
  0
TEXT
  5
7AB
330
17
100
AcDbEntity
  8
06-TEXTO
100
AcDbText
 10
2773.0
 20
545.5
 30
0.0
 40
3.5
  1
G
  7
ISO3098
 72
1
 11
2773.0
 21
545.5
 31
0.0
100
AcDbText
 73
2
  0
TEXT
  5
7AC
330
17
100
AcDbEntity
  8
06-TEXTO
100
AcDbText
 10
1604.0
 20
595.5
 30
0.0
 40
3.5
  1
F
  7
ISO3098
 72
1
 11
1604.0
 21
595.5
 31
0.0
100
AcDbText
 73
2
  0
TEXT
  5
7AD
330
17
100
AcDbEntity
  8
06-TEXTO
100
AcDbText
 10
2773.0
 20
595.5
 30
0.0
 40
3.5
  1
F
  7
ISO3098
 72
1
 11
2773.0
 21
595.5
 31
0.0
100
AcDbText
 73
2
  0
TEXT
  5
7AE
330
17
100
AcDbEntity
  8
06-TEXTO
100
AcDbText
 10
1604.0
 20
645.5
 30
0.0
 40
3.5
  1
E
  7
ISO3098
 72
1
 11
1604.0
 21
645.5
 31
0.0
100
AcDbText
 73
2
  0
TEXT
  5
7AF
330
17
100
AcDbEntity
  8
06-TEXTO
100
AcDbText
 10
2773.0
 20
645.5
 30
0.0
 40
3.5
  1
E
  7
ISO3098
 72
1
 11
2773.0
 21
645.5
 31
0.0
100
AcDbText
 73
2
  0
TEXT
  5
7B0
330
17
100
AcDbEntity
  8
06-TEXTO
100
AcDbText
 10
1604.0
 20
695.5
 30
0.0
 40
3.5
  1
D
  7
ISO3098
 72
1
 11
1604.0
 21
695.5
 31
0.0
100
AcDbText
 73
2
  0
TEXT
  5
7B1
330
17
100
AcDbEntity
  8
06-TEXTO
100
AcDbText
 10
2773.0
 20
695.5
 30
0.0
 40
3.5
  1
D
  7
ISO3098
 72
1
 11
2773.0
 21
695.5
 31
0.0
100
AcDbText
 73
2
  0
TEXT
  5
7B2
330
17
100
AcDbEntity
  8
06-TEXTO
100
AcDbText
 10
1604.0
 20
745.5
 30
0.0
 40
3.5
  1
C
  7
ISO3098
 72
1
 11
1604.0
 21
745.5
 31
0.0
100
AcDbText
 73
2
  0
TEXT
  5
7B3
330
17
100
AcDbEntity
  8
06-TEXTO
100
AcDbText
 10
2773.0
 20
745.5
 30
0.0
 40
3.5
  1
C
  7
ISO3098
 72
1
 11
2773.0
 21
745.5
 31
0.0
100
AcDbText
 73
2
  0
TEXT
  5
7B4
330
17
100
AcDbEntity
  8
06-TEXTO
100
AcDbText
 10
1604.0
 20
795.5
 30
0.0
 40
3.5
  1
B
  7
ISO3098
 72
1
 11
1604.0
 21
795.5
 31
0.0
100
AcDbText
 73
2
  0
TEXT
  5
7B5
330
17
100
AcDbEntity
  8
06-TEXTO
100
AcDbText
 10
2773.0
 20
795.5
 30
0.0
 40
3.5
  1
B
  7
ISO3098
 72
1
 11
2773.0
 21
795.5
 31
0.0
100
AcDbText
 73
2
  0
TEXT
  5
7B6
330
17
100
AcDbEntity
  8
06-TEXTO
100
AcDbText
 10
1604.0
 20
825.75
 30
0.0
 40
3.5
  1
A
  7
ISO3098
 72
1
 11
1604.0
 21
825.75
 31
0.0
100
AcDbText
 73
2
  0
TEXT
  5
7B7
330
17
100
AcDbEntity
  8
06-TEXTO
100
AcDbText
 10
2773.0
 20
825.75
 30
0.0
 40
3.5
  1
A
  7
ISO3098
 72
1
 11
2773.0
 21
825.75
 31
0.0
100
AcDbText
 73
2
  0
LWPOLYLINE
  5
7B8
330
17
100
AcDbEntity
  8
10-ROTULO
100
AcDbPolyline
 90
4
 70
1
 10
2593.0
 20
56.0
 10
2607.0
 20
56.0
 10
2607.0
 20
61.0
 10
2593.0
 20
61.0
  0
LWPOLYLINE
  5
7B9
330
17
100
AcDbEntity
  8
10-ROTULO
100
AcDbPolyline
 90
4
 70
1
 10
2607.0
 20
56.0
 10
2623.0
 20
56.0
 10
2623.0
 20
61.0
 10
2607.0
 20
61.0
  0
TEXT
  5
7BA
330
17
100
AcDbEntity
  8
11-TEXTO-ROTULO
100
AcDbText
 10
2615.0
 20
58.5
 30
0.0
 40
2.5
  1
Fecha
  7
ISO3098
 72
1
 11
2615.0
 21
58.5
 31
0.0
100
AcDbText
 73
2
  0
LWPOLYLINE
  5
7BB
330
17
100
AcDbEntity
  8
10-ROTULO
100
AcDbPolyline
 90
4
 70
1
 10
2623.0
 20
56.0
 10
2648.0
 20
56.0
 10
2648.0
 20
61.0
 10
2623.0
 20
61.0
  0
TEXT
  5
7BC
330
17
100
AcDbEntity
  8
11-TEXTO-ROTULO
100
AcDbText
 10
2635.5
 20
58.5
 30
0.0
 40
2.5
  1
Nombre
  7
ISO3098
 72
1
 11
2635.5
 21
58.5
 31
0.0
100
AcDbText
 73
2
  0
LWPOLYLINE
  5
7BD
330
17
100
AcDbEntity
  8
10-ROTULO
100
AcDbPolyline
 90
4
 70
1
 10
2593.0
 20
50.0
 10
2607.0
 20
50.0
 10
2607.0
 20
56.0
 10
2593.0
 20
56.0
  0
TEXT
  5
7BE
330
17
100
AcDbEntity
  8
11-TEXTO-ROTULO
100
AcDbText
 10
2594.5
 20
53.0
 30
0.0
 40
2.5
  1
Dibujó
  7
ISO3098
 11
2594.5
 21
53.0
 31
0.0
100
AcDbText
 73
2
  0
LWPOLYLINE
  5
7BF
330
17
100
AcDbEntity
  8
10-ROTULO
100
AcDbPolyline
 90
4
 70
1
 10
2607.0
 20
50.0
 10
2623.0
 20
50.0
 10
2623.0
 20
56.0
 10
2607.0
 20
56.0
  0
TEXT
  5
7C0
330
17
100
AcDbEntity
  8
11-TEXTO-ROTULO
100
AcDbText
 10
2615.0
 20
53.0
 30
0.0
 40
2.5
  1
30/09/26
  7
ISO3098
 72
1
 11
2615.0
 21
53.0
 31
0.0
100
AcDbText
 73
2
  0
LWPOLYLINE
  5
7C1
330
17
100
AcDbEntity
  8
10-ROTULO
100
AcDbPolyline
 90
4
 70
1
 10
2623.0
 20
50.0
 10
2648.0
 20
50.0
 10
2648.0
 20
56.0
 10
2623.0
 20
56.0
  0
TEXT
  5
7C2
330
17
100
AcDbEntity
  8
11-TEXTO-ROTULO
100
AcDbText
 10
2635.5
 20
53.0
 30
0.0
 40
2.5
  1
Claude Code
  7
ISO3098
 72
1
 11
2635.5
 21
53.0
 31
0.0
100
AcDbText
 73
2
  0
LWPOLYLINE
  5
7C3
330
17
100
AcDbEntity
  8
10-ROTULO
100
AcDbPolyline
 90
4
 70
1
 10
2593.0
 20
44.0
 10
2607.0
 20
44.0
 10
2607.0
 20
50.0
 10
2593.0
 20
50.0
  0
TEXT
  5
7C4
330
17
100
AcDbEntity
  8
11-TEXTO-ROTULO
100
AcDbText
 10
2594.5
 20
47.0
 30
0.0
 40
2.5
  1
Revisó
  7
ISO3098
 11
2594.5
 21
47.0
 31
0.0
100
AcDbText
 73
2
  0
LWPOLYLINE
  5
7C5
330
17
100
AcDbEntity
  8
10-ROTULO
100
AcDbPolyline
 90
4
 70
1
 10
2607.0
 20
44.0
 10
2623.0
 20
44.0
 10
2623.0
 20
50.0
 10
2607.0
 20
50.0
  0
LWPOLYLINE
  5
7C6
330
17
100
AcDbEntity
  8
10-ROTULO
100
AcDbPolyline
 90
4
 70
1
 10
2623.0
 20
44.0
 10
2648.0
 20
44.0
 10
2648.0
 20
50.0
 10
2623.0
 20
50.0
  0
LWPOLYLINE
  5
7C7
330
17
100
AcDbEntity
  8
10-ROTULO
100
AcDbPolyline
 90
4
 70
1
 10
2593.0
 20
38.0
 10
2607.0
 20
38.0
 10
2607.0
 20
44.0
 10
2593.0
 20
44.0
  0
TEXT
  5
7C8
330
17
100
AcDbEntity
  8
11-TEXTO-ROTULO
100
AcDbText
 10
2594.5
 20
41.0
 30
0.0
 40
2.5
  1
Aprobó
  7
ISO3098
 11
2594.5
 21
41.0
 31
0.0
100
AcDbText
 73
2
  0
LWPOLYLINE
  5
7C9
330
17
100
AcDbEntity
  8
10-ROTULO
100
AcDbPolyline
 90
4
 70
1
 10
2607.0
 20
38.0
 10
2623.0
 20
38.0
 10
2623.0
 20
44.0
 10
2607.0
 20
44.0
  0
LWPOLYLINE
  5
7CA
330
17
100
AcDbEntity
  8
10-ROTULO
100
AcDbPolyline
 90
4
 70
1
 10
2623.0
 20
38.0
 10
2648.0
 20
38.0
 10
2648.0
 20
44.0
 10
2623.0
 20
44.0
  0
LWPOLYLINE
  5
7CB
330
17
100
AcDbEntity
  8
10-ROTULO
100
AcDbPolyline
 90
4
 70
1
 10
2593.0
 20
24.0
 10
2613.0
 20
24.0
 10
2613.0
 20
38.0
 10
2593.0
 20
38.0
  0
TEXT
  5
7CC
330
17
100
AcDbEntity
  8
11-TEXTO-ROTULO
100
AcDbText
 10
2594.0
 20
37.0
 30
0.0
 40
1.8
  1
Escala
  7
ISO3098
 11
2594.0
 21
37.0
 31
0.0
100
AcDbText
 73
3
  0
TEXT
  5
7CD
330
17
100
AcDbEntity
  8
11-TEXTO-ROTULO
100
AcDbText
 10
2603.0
 20
29.6
 30
0.0
 40
5.0
  1
1:200
  7
ISO3098
 72
1
 11
2603.0
 21
29.6
 31
0.0
100
AcDbText
 73
2
  0
LWPOLYLINE
  5
7CE
330
17
100
AcDbEntity
  8
10-ROTULO
100
AcDbPolyline
 90
4
 70
1
 10
2613.0
 20
24.0
 10
2648.0
 20
24.0
 10
2648.0
 20
38.0
 10
2613.0
 20
38.0
  0
TEXT
  5
7CF
330
17
100
AcDbEntity
  8
11-TEXTO-ROTULO
100
AcDbText
 10
2614.0
 20
37.0
 30
0.0
 40
1.8
  1
Método de proyección
  7
ISO3098
 11
2614.0
 21
37.0
 31
0.0
100
AcDbText
 73
3
  0
CIRCLE
  5
7D0
330
17
100
AcDbEntity
  8
01-VISIBLE
100
AcDbCircle
 10
2623.0
 20
29.5
 30
0.0
 40
2.5
  0
CIRCLE
  5
7D1
330
17
100
AcDbEntity
  8
01-VISIBLE
100
AcDbCircle
 10
2623.0
 20
29.5
 30
0.0
 40
1.25
  0
LWPOLYLINE
  5
7D2
330
17
100
AcDbEntity
  8
01-VISIBLE
100
AcDbPolyline
 90
4
 70
1
 10
2628.0
 20
27.0
 10
2633.0
 20
28.25
 10
2633.0
 20
30.75
 10
2628.0
 20
32.0
  0
LINE
  5
7D3
330
17
100
AcDbEntity
  8
03-EJE
100
AcDbLine
 10
2619.0
 20
29.5
 30
0.0
 11
2634.5
 21
29.5
 31
0.0
  0
LINE
  5
7D4
330
17
100
AcDbEntity
  8
03-EJE
100
AcDbLine
 10
2623.0
 20
25.5
 30
0.0
 11
2623.0
 21
33.5
 31
0.0
  0
TEXT
  5
7D5
330
17
100
AcDbEntity
  8
11-TEXTO-ROTULO
100
AcDbText
 10
2644.5
 20
29.5
 30
0.0
 40
2.5
  1
ISO E
  7
ISO3098
 72
2
 11
2644.5
 21
29.5
 31
0.0
100
AcDbText
 73
2
  0
LWPOLYLINE
  5
7D6
330
17
100
AcDbEntity
  8
10-ROTULO
100
AcDbPolyline
 90
4
 70
1
 10
2593.0
 20
10.0
 10
2626.0
 20
10.0
 10
2626.0
 20
24.0
 10
2593.0
 20
24.0
  0
TEXT
  5
7D7
330
17
100
AcDbEntity
  8
11-TEXTO-ROTULO
100
AcDbText
 10
2594.0
 20
23.0
 30
0.0
 40
1.8
  1
Unidades
  7
ISO3098
 11
2594.0
 21
23.0
 31
0.0
100
AcDbText
 73
3
  0
TEXT
  5
7D8
330
17
100
AcDbEntity
  8
11-TEXTO-ROTULO
100
AcDbText
 10
2609.5
 20
15.6
 30
0.0
 40
3.5
  1
Cotas en m
  7
ISO3098
 72
1
 11
2609.5
 21
15.6
 31
0.0
100
AcDbText
 73
2
  0
LWPOLYLINE
  5
7D9
330
17
100
AcDbEntity
  8
10-ROTULO
100
AcDbPolyline
 90
4
 70
1
 10
2626.0
 20
10.0
 10
2648.0
 20
10.0
 10
2648.0
 20
24.0
 10
2626.0
 20
24.0
  0
TEXT
  5
7DA
330
17
100
AcDbEntity
  8
11-TEXTO-ROTULO
100
AcDbText
 10
2627.0
 20
23.0
 30
0.0
 40
1.8
  1
Formato
  7
ISO3098
 11
2627.0
 21
23.0
 31
0.0
100
AcDbText
 73
3
  0
TEXT
  5
7DB
330
17
100
AcDbEntity
  8
11-TEXTO-ROTULO
100
AcDbText
 10
2637.0
 20
15.6
 30
0.0
 40
3.5
  1
A0
  7
ISO3098
 72
1
 11
2637.0
 21
15.6
 31
0.0
100
AcDbText
 73
2
  0
LWPOLYLINE
  5
7DC
330
17
100
AcDbEntity
  8
10-ROTULO
100
AcDbPolyline
 90
4
 70
1
 10
2648.0
 20
49.0
 10
2718.0
 20
49.0
 10
2718.0
 20
61.0
 10
2648.0
 20
61.0
  0
TEXT
  5
7DD
330
17
100
AcDbEntity
  8
11-TEXTO-ROTULO
100
AcDbText
 10
2649.0
 20
60.0
 30
0.0
 40
1.8
  1
Propietario
  7
ISO3098
 11
2649.0
 21
60.0
 31
0.0
100
AcDbText
 73
3
  0
TEXT
  5
7DE
330
17
100
AcDbEntity
  8
11-TEXTO-ROTULO
100
AcDbText
 10
2683.0
 20
53.6
 30
0.0
 40
5.0
  1
FLAMA S.A.
  7
ISO3098
 72
1
 11
2683.0
 21
53.6
 31
0.0
100
AcDbText
 73
2
  0
LWPOLYLINE
  5
7DF
330
17
100
AcDbEntity
  8
10-ROTULO
100
AcDbPolyline
 90
4
 70
1
 10
2648.0
 20
22.0
 10
2718.0
 20
22.0
 10
2718.0
 20
49.0
 10
2648.0
 20
49.0
  0
TEXT
  5
7E0
330
17
100
AcDbEntity
  8
11-TEXTO-ROTULO
100
AcDbText
 10
2649.0
 20
48.0
 30
0.0
 40
1.8
  1
Denominación
  7
ISO3098
 11
2649.0
 21
48.0
 31
0.0
100
AcDbText
 73
3
  0
TEXT
  5
7E1
330
17
100
AcDbEntity
  8
11-TEXTO-ROTULO
100
AcDbText
 10
2683.0
 20
35.0
 30
0.0
 40
3.5
  1
Redes e instalaciones
  7
ISO3098
 72
1
 11
2683.0
 21
35.0
 31
0.0
100
AcDbText
 73
2
  0
TEXT
  5
7E2
330
17
100
AcDbEntity
  8
11-TEXTO-ROTULO
100
AcDbText
 10
2683.0
 20
25.5
 30
0.0
 40
1.8
  1
Tendidos mínimos desde la sala técnica
  7
ISO3098
 72
1
 11
2683.0
 21
25.5
 31
0.0
100
AcDbText
 73
2
  0
LWPOLYLINE
  5
7E3
330
17
100
AcDbEntity
  8
10-ROTULO
100
AcDbPolyline
 90
4
 70
1
 10
2648.0
 20
10.0
 10
2718.0
 20
10.0
 10
2718.0
 20
22.0
 10
2648.0
 20
22.0
  0
TEXT
  5
7E4
330
17
100
AcDbEntity
  8
11-TEXTO-ROTULO
100
AcDbText
 10
2649.0
 20
21.0
 30
0.0
 40
1.8
  1
Tipo de documento
  7
ISO3098
 11
2649.0
 21
21.0
 31
0.0
100
AcDbText
 73
3
  0
TEXT
  5
7E5
330
17
100
AcDbEntity
  8
11-TEXTO-ROTULO
100
AcDbText
 10
2683.0
 20
14.6
 30
0.0
 40
3.5
  1
Plano de instalaciones
  7
ISO3098
 72
1
 11
2683.0
 21
14.6
 31
0.0
100
AcDbText
 73
2
  0
LWPOLYLINE
  5
7E6
330
17
100
AcDbEntity
  8
10-ROTULO
100
AcDbPolyline
 90
4
 70
1
 10
2718.0
 20
53.0
 10
2768.0
 20
53.0
 10
2768.0
 20
61.0
 10
2718.0
 20
61.0
  0
TEXT
  5
7E7
330
17
100
AcDbEntity
  8
11-TEXTO-ROTULO
100
AcDbText
 10
2719.0
 20
60.0
 30
0.0
 40
1.8
  1
Reemplaza a / Reemplazado por
  7
ISO3098
 11
2719.0
 21
60.0
 31
0.0
100
AcDbText
 73
3
  0
TEXT
  5
7E8
330
17
100
AcDbEntity
  8
11-TEXTO-ROTULO
100
AcDbText
 10
2743.0
 20
55.6
 30
0.0
 40
1.8
  1
-
  7
ISO3098
 72
1
 11
2743.0
 21
55.6
 31
0.0
100
AcDbText
 73
2
  0
LWPOLYLINE
  5
7E9
330
17
100
AcDbEntity
  8
10-ROTULO
100
AcDbPolyline
 90
4
 70
1
 10
2718.0
 20
43.0
 10
2768.0
 20
43.0
 10
2768.0
 20
53.0
 10
2718.0
 20
53.0
  0
TEXT
  5
7EA
330
17
100
AcDbEntity
  8
11-TEXTO-ROTULO
100
AcDbText
 10
2719.0
 20
52.0
 30
0.0
 40
1.8
  1
Material
  7
ISO3098
 11
2719.0
 21
52.0
 31
0.0
100
AcDbText
 73
3
  0
TEXT
  5
7EB
330
17
100
AcDbEntity
  8
11-TEXTO-ROTULO
100
AcDbText
 10
2743.0
 20
46.6
 30
0.0
 40
2.5
  1
-
  7
ISO3098
 72
1
 11
2743.0
 21
46.6
 31
0.0
100
AcDbText
 73
2
  0
LWPOLYLINE
  5
7EC
330
17
100
AcDbEntity
  8
10-ROTULO
100
AcDbPolyline
 90
4
 70
1
 10
2718.0
 20
33.0
 10
2740.0
 20
33.0
 10
2740.0
 20
43.0
 10
2718.0
 20
43.0
  0
TEXT
  5
7ED
330
17
100
AcDbEntity
  8
11-TEXTO-ROTULO
100
AcDbText
 10
2719.0
 20
42.0
 30
0.0
 40
1.8
  1
Edición
  7
ISO3098
 11
2719.0
 21
42.0
 31
0.0
100
AcDbText
 73
3
  0
TEXT
  5
7EE
330
17
100
AcDbEntity
  8
11-TEXTO-ROTULO
100
AcDbText
 10
2729.0
 20
36.6
 30
0.0
 40
3.5
  1
0
  7
ISO3098
 72
1
 11
2729.0
 21
36.6
 31
0.0
100
AcDbText
 73
2
  0
LWPOLYLINE
  5
7EF
330
17
100
AcDbEntity
  8
10-ROTULO
100
AcDbPolyline
 90
4
 70
1
 10
2740.0
 20
33.0
 10
2768.0
 20
33.0
 10
2768.0
 20
43.0
 10
2740.0
 20
43.0
  0
TEXT
  5
7F0
330
17
100
AcDbEntity
  8
11-TEXTO-ROTULO
100
AcDbText
 10
2741.0
 20
42.0
 30
0.0
 40
1.8
  1
Fecha de emisión
  7
ISO3098
 11
2741.0
 21
42.0
 31
0.0
100
AcDbText
 73
3
  0
TEXT
  5
7F1
330
17
100
AcDbEntity
  8
11-TEXTO-ROTULO
100
AcDbText
 10
2754.0
 20
36.6
 30
0.0
 40
2.5
  1
30/09/2026
  7
ISO3098
 72
1
 11
2754.0
 21
36.6
 31
0.0
100
AcDbText
 73
2
  0
LWPOLYLINE
  5
7F2
330
17
100
AcDbEntity
  8
10-ROTULO
100
AcDbPolyline
 90
4
 70
1
 10
2718.0
 20
23.0
 10
2740.0
 20
23.0
 10
2740.0
 20
33.0
 10
2718.0
 20
33.0
  0
TEXT
  5
7F3
330
17
100
AcDbEntity
  8
11-TEXTO-ROTULO
100
AcDbText
 10
2719.0
 20
32.0
 30
0.0
 40
1.8
  1
Hoja
  7
ISO3098
 11
2719.0
 21
32.0
 31
0.0
100
AcDbText
 73
3
  0
TEXT
  5
7F4
330
17
100
AcDbEntity
  8
11-TEXTO-ROTULO
100
AcDbText
 10
2729.0
 20
26.6
 30
0.0
 40
3.5
  1
2 / 2
  7
ISO3098
 72
1
 11
2729.0
 21
26.6
 31
0.0
100
AcDbText
 73
2
  0
LWPOLYLINE
  5
7F5
330
17
100
AcDbEntity
  8
10-ROTULO
100
AcDbPolyline
 90
4
 70
1
 10
2740.0
 20
23.0
 10
2768.0
 20
23.0
 10
2768.0
 20
33.0
 10
2740.0
 20
33.0
  0
TEXT
  5
7F6
330
17
100
AcDbEntity
  8
11-TEXTO-ROTULO
100
AcDbText
 10
2741.0
 20
32.0
 30
0.0
 40
1.8
  1
Idioma
  7
ISO3098
 11
2741.0
 21
32.0
 31
0.0
100
AcDbText
 73
3
  0
TEXT
  5
7F7
330
17
100
AcDbEntity
  8
11-TEXTO-ROTULO
100
AcDbText
 10
2754.0
 20
26.6
 30
0.0
 40
3.5
  1
es
  7
ISO3098
 72
1
 11
2754.0
 21
26.6
 31
0.0
100
AcDbText
 73
2
  0
LWPOLYLINE
  5
7F8
330
17
100
AcDbEntity
  8
10-ROTULO
100
AcDbPolyline
 90
4
 70
1
 10
2718.0
 20
10.0
 10
2768.0
 20
10.0
 10
2768.0
 20
23.0
 10
2718.0
 20
23.0
  0
TEXT
  5
7F9
330
17
100
AcDbEntity
  8
11-TEXTO-ROTULO
100
AcDbText
 10
2719.0
 20
22.0
 30
0.0
 40
1.8
  1
N° de plano
  7
ISO3098
 11
2719.0
 21
22.0
 31
0.0
100
AcDbText
 73
3
  0
TEXT
  5
7FA
330
17
100
AcDbEntity
  8
11-TEXTO-ROTULO
100
AcDbText
 10
2743.0
 20
15.1
 30
0.0
 40
5.0
  1
FL_PI_03
  7
ISO3098
 72
1
 11
2743.0
 21
15.1
 31
0.0
100
AcDbText
 73
2
  0
LWPOLYLINE
  5
7FB
330
17
100
AcDbEntity
  8
07-RECUADRO
100
AcDbPolyline
 90
4
 70
1
 10
2593.0
 20
10.0
 10
2768.0
 20
10.0
 10
2768.0
 20
61.0
 10
2593.0
 20
61.0
  0
TEXT
  5
7FC
330
17
100
AcDbEntity
  8
A-TEXTO
100
AcDbText
 10
1622.0
 20
823.0
 30
0.0
 40
7.0
  1
FL_PI_03 - REDES: ELECTRICIDAD, AIRE, GASES Y EFLUENTES
  7
ISO3098
 11
1622.0
 21
823.0
 31
0.0
100
AcDbText
 73
3
  0
TEXT
  5
7FD
330
17
100
AcDbEntity
  8
A-TEXTO
100
AcDbText
 10
1622.0
 20
813.0
 30
0.0
 40
3.5
  1
Planta industrial FLAMA S.A. - Parque Industrial Villa de Luján, Sarandí (Avellaneda) - dimensionada al año 10 (2035). Escala 1:200. Norte arriba; la calle de acceso está al sur.
  7
ISO3098
 11
1622.0
 21
813.0
 31
0.0
100
AcDbText
 73
3
  0
LWPOLYLINE
  5
7FE
330
17
100
AcDbEntity
  8
A-EXTERIOR
370
70
100
AcDbPolyline
 90
4
 70
1
 10
1624.0
 20
172.0
 10
2474.0
 20
172.0
 10
2474.0
 20
797.0
 10
1624.0
 20
797.0
  0
LINE
  5
7FF
330
17
100
AcDbEntity
  8
A-EXTERIOR
100
AcDbLine
 10
1614.0
 20
157.0
 30
0.0
 11
2484.0
 21
157.0
 31
0.0
  0
TEXT
  5
800
330
17
100
AcDbEntity
  8
A-TEXTO
100
AcDbText
 10
2049.0
 20
164.5
 30
0.0
 40
2.0
  1
VEREDA
  7
ISO3098
 72
1
 11
2049.0
 21
164.5
 31
0.0
100
AcDbText
 73
2
  0
TEXT
  5
801
330
17
100
AcDbEntity
  8
A-TEXTO
100
AcDbText
 10
1899.0
 20
153.0
 30
0.0
 40
2.2
  1
CALLE (acceso) - Gral. Heredia, Parque Industrial Villa de Luján
  7
ISO3098
 72
1
 11
1899.0
 21
153.0
 31
0.0
100
AcDbText
 73
3
  0
LINE
  5
802
330
17
100
AcDbEntity
  8
A-SECTOR
100
AcDbLine
 10
1624.0
 20
222.0
 30
0.0
 11
2474.0
 21
222.0
 31
0.0
  0
TEXT
  5
803
330
17
100
AcDbEntity
  8
A-TEXTO
100
AcDbText
 10
1864.0
 20
197.0
 30
0.0
 40
1.8
  1
Retiro de frente parquizado 10 m (verificar con el reglamento del parque)
  7
ISO3098
 72
1
 11
1864.0
 21
197.0
 31
0.0
100
AcDbText
 73
2
  0
LWPOLYLINE
  5
804
330
17
100
AcDbEntity
  8
A-EXTERIOR
100
AcDbPolyline
 90
4
 70
1
 10
1644.0
 20
172.0
 10
1679.0
 20
172.0
 10
1679.0
 20
792.0
 10
1644.0
 20
792.0
  0
LWPOLYLINE
  5
805
330
17
100
AcDbEntity
  8
A-EXTERIOR
100
AcDbPolyline
 90
4
 70
1
 10
1644.0
 20
757.0
 10
2444.0
 20
757.0
 10
2444.0
 20
792.0
 10
1644.0
 20
792.0
  0
LWPOLYLINE
  5
806
330
17
100
AcDbEntity
  8
A-EXTERIOR
100
AcDbPolyline
 90
4
 70
1
 10
2409.0
 20
172.0
 10
2444.0
 20
172.0
 10
2444.0
 20
792.0
 10
2409.0
 20
792.0
  0
TEXT
  5
807
330
17
100
AcDbEntity
  8
A-TEXTO
100
AcDbText
 10
2044.0
 20
774.5
 30
0.0
 40
2.0
  1
Calle interna de camiones 7 m (sentido: entra por G1, sale por G3)
  7
ISO3098
 72
1
 11
2044.0
 21
774.5
 31
0.0
100
AcDbText
 73
2
  0
LINE
  5
808
330
17
100
AcDbEntity
  8
A-ABERTURA
100
AcDbLine
 10
1644.0
 20
172.0
 30
0.0
 11
1679.0
 21
172.0
 31
0.0
  0
LINE
  5
809
330
17
100
AcDbEntity
  8
A-ABERTURA
100
AcDbLine
 10
1644.0
 20
174.0
 30
0.0
 11
1679.0
 21
174.0
 31
0.0
  0
TEXT
  5
80A
330
17
100
AcDbEntity
  8
A-TEXTO
100
AcDbText
 10
1661.5
 20
180.0
 30
0.0
 40
2.0
  1
G1
  7
ISO3098
 72
1
 11
1661.5
 21
180.0
 31
0.0
100
AcDbText
 73
2
  0
LINE
  5
80B
330
17
100
AcDbEntity
  8
A-ABERTURA
100
AcDbLine
 10
1714.0
 20
172.0
 30
0.0
 11
1744.0
 21
172.0
 31
0.0
  0
LINE
  5
80C
330
17
100
AcDbEntity
  8
A-ABERTURA
100
AcDbLine
 10
1714.0
 20
174.0
 30
0.0
 11
1744.0
 21
174.0
 31
0.0
  0
TEXT
  5
80D
330
17
100
AcDbEntity
  8
A-TEXTO
100
AcDbText
 10
1729.0
 20
180.0
 30
0.0
 40
2.0
  1
G2
  7
ISO3098
 72
1
 11
1729.0
 21
180.0
 31
0.0
100
AcDbText
 73
2
  0
LINE
  5
80E
330
17
100
AcDbEntity
  8
A-ABERTURA
100
AcDbLine
 10
1849.0
 20
172.0
 30
0.0
 11
1864.0
 21
172.0
 31
0.0
  0
LINE
  5
80F
330
17
100
AcDbEntity
  8
A-ABERTURA
100
AcDbLine
 10
1849.0
 20
174.0
 30
0.0
 11
1864.0
 21
174.0
 31
0.0
  0
TEXT
  5
810
330
17
100
AcDbEntity
  8
A-TEXTO
100
AcDbText
 10
1856.5
 20
180.0
 30
0.0
 40
2.0
  1
G4
  7
ISO3098
 72
1
 11
1856.5
 21
180.0
 31
0.0
100
AcDbText
 73
2
  0
LINE
  5
811
330
17
100
AcDbEntity
  8
A-ABERTURA
100
AcDbLine
 10
2409.0
 20
172.0
 30
0.0
 11
2444.0
 21
172.0
 31
0.0
  0
LINE
  5
812
330
17
100
AcDbEntity
  8
A-ABERTURA
100
AcDbLine
 10
2409.0
 20
174.0
 30
0.0
 11
2444.0
 21
174.0
 31
0.0
  0
TEXT
  5
813
330
17
100
AcDbEntity
  8
A-TEXTO
100
AcDbText
 10
2426.5
 20
180.0
 30
0.0
 40
2.0
  1
G3
  7
ISO3098
 72
1
 11
2426.5
 21
180.0
 31
0.0
100
AcDbText
 73
2
  0
LWPOLYLINE
  5
814
330
17
100
AcDbEntity
  8
A-EXTERIOR
100
AcDbPolyline
 90
4
 70
1
 10
1794.0
 20
654.0
 10
1891.0
 20
654.0
 10
1891.0
 20
715.0
 10
1794.0
 20
715.0
  0
TEXT
  5
815
330
17
100
AcDbEntity
  8
A-TEXTO
100
AcDbText
 10
1796.5
 20
712.5
 30
0.0
 40
1.6
  1
PL-N
  7
ISO3098
 11
1796.5
 21
712.5
 31
0.0
100
AcDbText
 73
3
  0
LWPOLYLINE
  5
816
330
17
100
AcDbEntity
  8
A-EXTERIOR
100
AcDbPolyline
 90
4
 70
1
 10
1699.0
 20
538.0
 10
1729.0
 20
538.0
 10
1729.0
 20
568.0
 10
1699.0
 20
568.0
  0
TEXT
  5
817
330
17
100
AcDbEntity
  8
A-TEXTO
100
AcDbText
 10
1701.5
 20
565.5
 30
0.0
 40
1.6
  1
VQ-O
  7
ISO3098
 11
1701.5
 21
565.5
 31
0.0
100
AcDbText
 73
3
  0
LWPOLYLINE
  5
818
330
17
100
AcDbEntity
  8
A-EXTERIOR
100
AcDbPolyline
 90
4
 70
1
 10
1893.0
 20
659.0
 10
1923.0
 20
659.0
 10
1923.0
 20
689.0
 10
1893.0
 20
689.0
  0
TEXT
  5
819
330
17
100
AcDbEntity
  8
A-TEXTO
100
AcDbText
 10
1895.5
 20
686.5
 30
0.0
 40
1.6
  1
VQ-N
  7
ISO3098
 11
1895.5
 21
686.5
 31
0.0
100
AcDbText
 73
3
  0
LWPOLYLINE
  5
81A
330
17
100
AcDbEntity
  8
A-EXTERIOR
100
AcDbPolyline
 90
4
 70
1
 10
1934.0
 20
655.0
 10
1984.0
 20
655.0
 10
1984.0
 20
680.0
 10
1934.0
 20
680.0
  0
TEXT
  5
81B
330
17
100
AcDbEntity
  8
A-TEXTO
100
AcDbText
 10
1936.5
 20
677.5
 30
0.0
 40
1.6
  1
JG-S
  7
ISO3098
 11
1936.5
 21
677.5
 31
0.0
100
AcDbText
 73
3
  0
LWPOLYLINE
  5
81C
330
17
100
AcDbEntity
  8
A-EXTERIOR
100
AcDbPolyline
 90
4
 70
1
 10
2144.0
 20
654.0
 10
2159.0
 20
654.0
 10
2159.0
 20
664.0
 10
2144.0
 20
664.0
  0
TEXT
  5
81D
330
17
100
AcDbEntity
  8
A-TEXTO
100
AcDbText
 10
2146.5
 20
661.5
 30
0.0
 40
1.6
  1
ERM
  7
ISO3098
 11
2146.5
 21
661.5
 31
0.0
100
AcDbText
 73
3
  0
LWPOLYLINE
  5
81E
330
17
100
AcDbEntity
  8
A-EXTERIOR
100
AcDbPolyline
 90
4
 70
1
 10
2264.0
 20
655.0
 10
2304.0
 20
655.0
 10
2304.0
 20
680.0
 10
2264.0
 20
680.0
  0
TEXT
  5
81F
330
17
100
AcDbEntity
  8
A-TEXTO
100
AcDbText
 10
2266.5
 20
677.5
 30
0.0
 40
1.6
  1
JG-N
  7
ISO3098
 11
2266.5
 21
677.5
 31
0.0
100
AcDbText
 73
3
  0
LWPOLYLINE
  5
820
330
17
100
AcDbEntity
  8
A-EXTERIOR
100
AcDbPolyline
 90
4
 70
1
 10
2334.0
 20
672.0
 10
2394.0
 20
672.0
 10
2394.0
 20
722.0
 10
2334.0
 20
722.0
  0
TEXT
  5
821
330
17
100
AcDbEntity
  8
A-TEXTO
100
AcDbText
 10
2336.5
 20
719.5
 30
0.0
 40
1.6
  1
RI
  7
ISO3098
 11
2336.5
 21
719.5
 31
0.0
100
AcDbText
 73
3
  0
HATCH
  5
822
330
17
100
AcDbEntity
  8
A-EXTERIOR
 62
7
100
AcDbHatch
 10
0.0
 20
0.0
 30
0.0
210
0.0
220
0.0
230
1.0
  2
ANSI31
 70
0
 71
0
 91
1
 92
3
 72
0
 73
1
 93
4
 10
1924.0
 20
715.0
 10
2324.0
 20
715.0
 10
2324.0
 20
752.0
 10
1924.0
 20
752.0
 97
0
 75
1
 76
1
 52
45.0
 41
1.8897637795275593
 77
0
 78
1
 53
90.0
 43
0.0
 44
0.0
 45
-6.0000000001
 46
0.0
 79
0
 98
0
  0
LWPOLYLINE
  5
823
330
17
100
AcDbEntity
  8
A-EXTERIOR
100
AcDbPolyline
 90
4
 70
1
 10
1924.0
 20
715.0
 10
2324.0
 20
715.0
 10
2324.0
 20
752.0
 10
1924.0
 20
752.0
  0
TEXT
  5
824
330
17
100
AcDbEntity
  8
A-TEXTO
100
AcDbText
 10
1926.5
 20
749.5
 30
0.0
 40
1.6
  1
AMP
  7
ISO3098
 11
1926.5
 21
749.5
 31
0.0
100
AcDbText
 73
3
  0
LWPOLYLINE
  5
825
330
17
100
AcDbEntity
  8
A-EXTERIOR
100
AcDbPolyline
 90
4
 70
1
 10
2059.0
 20
327.0
 10
2119.0
 20
327.0
 10
2119.0
 20
367.0
 10
2059.0
 20
367.0
  0
TEXT
  5
826
330
17
100
AcDbEntity
  8
A-TEXTO
100
AcDbText
 10
2061.5
 20
364.5
 30
0.0
 40
1.6
  1
PTE
  7
ISO3098
 11
2061.5
 21
364.5
 31
0.0
100
AcDbText
 73
3
  0
LWPOLYLINE
  5
827
330
17
100
AcDbEntity
  8
A-EXTERIOR
100
AcDbPolyline
 90
4
 70
1
 10
1694.0
 20
262.0
 10
2024.0
 20
262.0
 10
2024.0
 20
372.0
 10
1694.0
 20
372.0
  0
TEXT
  5
828
330
17
100
AcDbEntity
  8
A-TEXTO
100
AcDbText
 10
1696.5
 20
369.5
 30
0.0
 40
1.6
  1
EST
  7
ISO3098
 11
1696.5
 21
369.5
 31
0.0
100
AcDbText
 73
3
  0
LWPOLYLINE
  5
829
330
17
100
AcDbEntity
  8
A-EXTERIOR
100
AcDbPolyline
 90
4
 70
1
 10
2244.0
 20
374.5
 10
2374.0
 20
374.5
 10
2374.0
 20
407.0
 10
2244.0
 20
407.0
  0
TEXT
  5
82A
330
17
100
AcDbEntity
  8
A-TEXTO
100
AcDbText
 10
2246.5
 20
404.5
 30
0.0
 40
1.6
  1
EU
  7
ISO3098
 11
2246.5
 21
404.5
 31
0.0
100
AcDbText
 73
3
  0
LWPOLYLINE
  5
82B
330
17
100
AcDbEntity
  8
A-EXTERIOR
100
AcDbPolyline
 90
4
 70
1
 10
1824.0
 20
197.0
 10
1844.0
 20
197.0
 10
1844.0
 20
217.0
 10
1824.0
 20
217.0
  0
TEXT
  5
82C
330
17
100
AcDbEntity
  8
A-TEXTO
100
AcDbText
 10
1826.5
 20
214.5
 30
0.0
 40
1.6
  1
GAR
  7
ISO3098
 11
1826.5
 21
214.5
 31
0.0
100
AcDbText
 73
3
  0
LWPOLYLINE
  5
82D
330
17
100
AcDbEntity
  8
A-EXTERIOR
100
AcDbPolyline
 90
4
 70
1
 10
1624.0
 20
182.0
 10
1654.0
 20
182.0
 10
1654.0
 20
202.0
 10
1624.0
 20
202.0
  0
TEXT
  5
82E
330
17
100
AcDbEntity
  8
A-TEXTO
100
AcDbText
 10
1626.5
 20
199.5
 30
0.0
 40
1.6
  1
MT
  7
ISO3098
 11
1626.5
 21
199.5
 31
0.0
100
AcDbText
 73
3
  0
LWPOLYLINE
  5
82F
330
17
100
AcDbEntity
  8
A-EXTERIOR
100
AcDbPolyline
 90
4
 70
1
 10
2454.0
 20
182.0
 10
2474.0
 20
182.0
 10
2474.0
 20
197.0
 10
2454.0
 20
197.0
  0
TEXT
  5
830
330
17
100
AcDbEntity
  8
A-TEXTO
100
AcDbText
 10
2456.5
 20
194.5
 30
0.0
 40
1.6
  1
ERP
  7
ISO3098
 11
2456.5
 21
194.5
 31
0.0
100
AcDbText
 73
3
  0
LINE
  5
831
330
17
100
AcDbEntity
  8
A-EXTERIOR
100
AcDbLine
 10
1704.0
 20
342.0
 30
0.0
 11
1704.0
 21
367.0
 31
0.0
  0
LINE
  5
832
330
17
100
AcDbEntity
  8
A-EXTERIOR
100
AcDbLine
 10
1716.5
 20
342.0
 30
0.0
 11
1716.5
 21
367.0
 31
0.0
  0
LINE
  5
833
330
17
100
AcDbEntity
  8
A-EXTERIOR
100
AcDbLine
 10
1729.0
 20
342.0
 30
0.0
 11
1729.0
 21
367.0
 31
0.0
  0
LINE
  5
834
330
17
100
AcDbEntity
  8
A-EXTERIOR
100
AcDbLine
 10
1741.5
 20
342.0
 30
0.0
 11
1741.5
 21
367.0
 31
0.0
  0
LINE
  5
835
330
17
100
AcDbEntity
  8
A-EXTERIOR
100
AcDbLine
 10
1754.0
 20
342.0
 30
0.0
 11
1754.0
 21
367.0
 31
0.0
  0
LINE
  5
836
330
17
100
AcDbEntity
  8
A-EXTERIOR
100
AcDbLine
 10
1766.5
 20
342.0
 30
0.0
 11
1766.5
 21
367.0
 31
0.0
  0
LINE
  5
837
330
17
100
AcDbEntity
  8
A-EXTERIOR
100
AcDbLine
 10
1779.0
 20
342.0
 30
0.0
 11
1779.0
 21
367.0
 31
0.0
  0
LINE
  5
838
330
17
100
AcDbEntity
  8
A-EXTERIOR
100
AcDbLine
 10
1791.5
 20
342.0
 30
0.0
 11
1791.5
 21
367.0
 31
0.0
  0
LINE
  5
839
330
17
100
AcDbEntity
  8
A-EXTERIOR
100
AcDbLine
 10
1804.0
 20
342.0
 30
0.0
 11
1804.0
 21
367.0
 31
0.0
  0
LINE
  5
83A
330
17
100
AcDbEntity
  8
A-EXTERIOR
100
AcDbLine
 10
1816.5
 20
342.0
 30
0.0
 11
1816.5
 21
367.0
 31
0.0
  0
LINE
  5
83B
330
17
100
AcDbEntity
  8
A-EXTERIOR
100
AcDbLine
 10
1829.0
 20
342.0
 30
0.0
 11
1829.0
 21
367.0
 31
0.0
  0
LINE
  5
83C
330
17
100
AcDbEntity
  8
A-EXTERIOR
100
AcDbLine
 10
1841.5
 20
342.0
 30
0.0
 11
1841.5
 21
367.0
 31
0.0
  0
LINE
  5
83D
330
17
100
AcDbEntity
  8
A-EXTERIOR
100
AcDbLine
 10
1854.0
 20
342.0
 30
0.0
 11
1854.0
 21
367.0
 31
0.0
  0
LINE
  5
83E
330
17
100
AcDbEntity
  8
A-EXTERIOR
100
AcDbLine
 10
1866.5
 20
342.0
 30
0.0
 11
1866.5
 21
367.0
 31
0.0
  0
LINE
  5
83F
330
17
100
AcDbEntity
  8
A-EXTERIOR
100
AcDbLine
 10
1879.0
 20
342.0
 30
0.0
 11
1879.0
 21
367.0
 31
0.0
  0
LINE
  5
840
330
17
100
AcDbEntity
  8
A-EXTERIOR
100
AcDbLine
 10
1891.5
 20
342.0
 30
0.0
 11
1891.5
 21
367.0
 31
0.0
  0
LINE
  5
841
330
17
100
AcDbEntity
  8
A-EXTERIOR
100
AcDbLine
 10
1904.0
 20
342.0
 30
0.0
 11
1904.0
 21
367.0
 31
0.0
  0
LINE
  5
842
330
17
100
AcDbEntity
  8
A-EXTERIOR
100
AcDbLine
 10
1916.5
 20
342.0
 30
0.0
 11
1916.5
 21
367.0
 31
0.0
  0
LINE
  5
843
330
17
100
AcDbEntity
  8
A-EXTERIOR
100
AcDbLine
 10
1929.0
 20
342.0
 30
0.0
 11
1929.0
 21
367.0
 31
0.0
  0
LINE
  5
844
330
17
100
AcDbEntity
  8
A-EXTERIOR
100
AcDbLine
 10
1941.5
 20
342.0
 30
0.0
 11
1941.5
 21
367.0
 31
0.0
  0
LINE
  5
845
330
17
100
AcDbEntity
  8
A-EXTERIOR
100
AcDbLine
 10
1954.0
 20
342.0
 30
0.0
 11
1954.0
 21
367.0
 31
0.0
  0
LINE
  5
846
330
17
100
AcDbEntity
  8
A-EXTERIOR
100
AcDbLine
 10
1966.5
 20
342.0
 30
0.0
 11
1966.5
 21
367.0
 31
0.0
  0
LINE
  5
847
330
17
100
AcDbEntity
  8
A-EXTERIOR
100
AcDbLine
 10
1979.0
 20
342.0
 30
0.0
 11
1979.0
 21
367.0
 31
0.0
  0
LINE
  5
848
330
17
100
AcDbEntity
  8
A-EXTERIOR
100
AcDbLine
 10
1991.5
 20
342.0
 30
0.0
 11
1991.5
 21
367.0
 31
0.0
  0
LINE
  5
849
330
17
100
AcDbEntity
  8
A-EXTERIOR
100
AcDbLine
 10
2004.0
 20
342.0
 30
0.0
 11
2004.0
 21
367.0
 31
0.0
  0
LINE
  5
84A
330
17
100
AcDbEntity
  8
A-EXTERIOR
100
AcDbLine
 10
1704.0
 20
342.0
 30
0.0
 11
2004.0
 21
342.0
 31
0.0
  0
LINE
  5
84B
330
17
100
AcDbEntity
  8
A-EXTERIOR
100
AcDbLine
 10
1704.0
 20
287.0
 30
0.0
 11
1704.0
 21
312.0
 31
0.0
  0
LINE
  5
84C
330
17
100
AcDbEntity
  8
A-EXTERIOR
100
AcDbLine
 10
1716.5
 20
287.0
 30
0.0
 11
1716.5
 21
312.0
 31
0.0
  0
LINE
  5
84D
330
17
100
AcDbEntity
  8
A-EXTERIOR
100
AcDbLine
 10
1729.0
 20
287.0
 30
0.0
 11
1729.0
 21
312.0
 31
0.0
  0
LINE
  5
84E
330
17
100
AcDbEntity
  8
A-EXTERIOR
100
AcDbLine
 10
1741.5
 20
287.0
 30
0.0
 11
1741.5
 21
312.0
 31
0.0
  0
LINE
  5
84F
330
17
100
AcDbEntity
  8
A-EXTERIOR
100
AcDbLine
 10
1754.0
 20
287.0
 30
0.0
 11
1754.0
 21
312.0
 31
0.0
  0
LINE
  5
850
330
17
100
AcDbEntity
  8
A-EXTERIOR
100
AcDbLine
 10
1766.5
 20
287.0
 30
0.0
 11
1766.5
 21
312.0
 31
0.0
  0
LINE
  5
851
330
17
100
AcDbEntity
  8
A-EXTERIOR
100
AcDbLine
 10
1779.0
 20
287.0
 30
0.0
 11
1779.0
 21
312.0
 31
0.0
  0
LINE
  5
852
330
17
100
AcDbEntity
  8
A-EXTERIOR
100
AcDbLine
 10
1791.5
 20
287.0
 30
0.0
 11
1791.5
 21
312.0
 31
0.0
  0
LINE
  5
853
330
17
100
AcDbEntity
  8
A-EXTERIOR
100
AcDbLine
 10
1804.0
 20
287.0
 30
0.0
 11
1804.0
 21
312.0
 31
0.0
  0
LINE
  5
854
330
17
100
AcDbEntity
  8
A-EXTERIOR
100
AcDbLine
 10
1816.5
 20
287.0
 30
0.0
 11
1816.5
 21
312.0
 31
0.0
  0
LINE
  5
855
330
17
100
AcDbEntity
  8
A-EXTERIOR
100
AcDbLine
 10
1829.0
 20
287.0
 30
0.0
 11
1829.0
 21
312.0
 31
0.0
  0
LINE
  5
856
330
17
100
AcDbEntity
  8
A-EXTERIOR
100
AcDbLine
 10
1841.5
 20
287.0
 30
0.0
 11
1841.5
 21
312.0
 31
0.0
  0
LINE
  5
857
330
17
100
AcDbEntity
  8
A-EXTERIOR
100
AcDbLine
 10
1854.0
 20
287.0
 30
0.0
 11
1854.0
 21
312.0
 31
0.0
  0
LINE
  5
858
330
17
100
AcDbEntity
  8
A-EXTERIOR
100
AcDbLine
 10
1866.5
 20
287.0
 30
0.0
 11
1866.5
 21
312.0
 31
0.0
  0
LINE
  5
859
330
17
100
AcDbEntity
  8
A-EXTERIOR
100
AcDbLine
 10
1879.0
 20
287.0
 30
0.0
 11
1879.0
 21
312.0
 31
0.0
  0
LINE
  5
85A
330
17
100
AcDbEntity
  8
A-EXTERIOR
100
AcDbLine
 10
1891.5
 20
287.0
 30
0.0
 11
1891.5
 21
312.0
 31
0.0
  0
LINE
  5
85B
330
17
100
AcDbEntity
  8
A-EXTERIOR
100
AcDbLine
 10
1904.0
 20
287.0
 30
0.0
 11
1904.0
 21
312.0
 31
0.0
  0
LINE
  5
85C
330
17
100
AcDbEntity
  8
A-EXTERIOR
100
AcDbLine
 10
1916.5
 20
287.0
 30
0.0
 11
1916.5
 21
312.0
 31
0.0
  0
LINE
  5
85D
330
17
100
AcDbEntity
  8
A-EXTERIOR
100
AcDbLine
 10
1929.0
 20
287.0
 30
0.0
 11
1929.0
 21
312.0
 31
0.0
  0
LINE
  5
85E
330
17
100
AcDbEntity
  8
A-EXTERIOR
100
AcDbLine
 10
1941.5
 20
287.0
 30
0.0
 11
1941.5
 21
312.0
 31
0.0
  0
LINE
  5
85F
330
17
100
AcDbEntity
  8
A-EXTERIOR
100
AcDbLine
 10
1954.0
 20
287.0
 30
0.0
 11
1954.0
 21
312.0
 31
0.0
  0
LINE
  5
860
330
17
100
AcDbEntity
  8
A-EXTERIOR
100
AcDbLine
 10
1966.5
 20
287.0
 30
0.0
 11
1966.5
 21
312.0
 31
0.0
  0
LINE
  5
861
330
17
100
AcDbEntity
  8
A-EXTERIOR
100
AcDbLine
 10
1979.0
 20
287.0
 30
0.0
 11
1979.0
 21
312.0
 31
0.0
  0
LINE
  5
862
330
17
100
AcDbEntity
  8
A-EXTERIOR
100
AcDbLine
 10
1991.5
 20
287.0
 30
0.0
 11
1991.5
 21
312.0
 31
0.0
  0
LINE
  5
863
330
17
100
AcDbEntity
  8
A-EXTERIOR
100
AcDbLine
 10
2004.0
 20
287.0
 30
0.0
 11
2004.0
 21
312.0
 31
0.0
  0
LINE
  5
864
330
17
100
AcDbEntity
  8
A-EXTERIOR
100
AcDbLine
 10
1704.0
 20
287.0
 30
0.0
 11
2004.0
 21
287.0
 31
0.0
  0
LINE
  5
865
330
17
100
AcDbEntity
  8
A-EXTERIOR
100
AcDbLine
 10
2004.0
 20
342.0
 30
0.0
 11
2004.0
 21
367.0
 31
0.0
  0
LINE
  5
866
330
17
100
AcDbEntity
  8
A-EXTERIOR
100
AcDbLine
 10
1986.5
 20
342.0
 30
0.0
 11
1986.5
 21
367.0
 31
0.0
  0
LINE
  5
867
330
17
100
AcDbEntity
  8
A-EXTERIOR
100
AcDbLine
 10
1969.0
 20
342.0
 30
0.0
 11
1969.0
 21
367.0
 31
0.0
  0
TEXT
  5
868
330
17
100
AcDbEntity
  8
A-TEXTO
100
AcDbText
 10
1986.5
 20
354.5
 30
0.0
 40
1.4
  1
2 accesibles 3,50 m
  7
ISO3098
 72
1
 11
1986.5
 21
354.5
 31
0.0
100
AcDbText
 73
2
  0
TEXT
  5
869
330
17
100
AcDbEntity
  8
A-TEXTO
100
AcDbText
 10
1844.0
 20
327.0
 30
0.0
 40
1.8
  1
40 cocheras 2,50 × 5,00
  7
ISO3098
 72
1
 11
1844.0
 21
327.0
 31
0.0
100
AcDbText
 73
2
  0
LWPOLYLINE
  5
86A
330
17
100
AcDbEntity
  8
A-SECTOR
100
AcDbPolyline
 90
5
 70
0
 10
1856.5
 20
172.0
 10
1856.5
 20
252.0
 10
1929.0
 20
252.0
 10
1929.0
 20
397.0
 10
1945.0
 20
407.0
  0
CIRCLE
  5
86B
330
17
100
AcDbEntity
  8
A-TEXTO
100
AcDbCircle
 10
2444.0
 20
212.0
 30
0.0
 40
6.0
  0
HATCH
  5
86C
330
17
100
AcDbEntity
  8
A-TEXTO
 62
7
420
0
100
AcDbHatch
 10
0.0
 20
0.0
 30
0.0
210
0.0
220
0.0
230
1.0
  2
SOLID
 70
1
 71
0
 91
1
 92
3
 72
0
 73
1
 93
3
 10
2444.0
 20
218.0
 10
2441.9
 20
208.4
 10
2444.0
 20
210.2
 97
0
 75
1
 76
1
 98
0
  0
LWPOLYLINE
  5
86D
330
17
100
AcDbEntity
  8
A-TEXTO
100
AcDbPolyline
 90
3
 70
0
 10
2444.0
 20
218.0
 10
2446.1
 20
208.4
 10
2444.0
 20
210.2
  0
TEXT
  5
86E
330
17
100
AcDbEntity
  8
A-TEXTO
100
AcDbText
 10
2444.0
 20
219.5
 30
0.0
 40
3.5
  1
N
  7
ISO3098
 72
1
 11
2444.0
 21
219.5
 31
0.0
100
AcDbText
 73
1
  0
LWPOLYLINE
  5
86F
330
17
100
AcDbEntity
  8
A-SECTOR
100
AcDbPolyline
 90
4
 70
1
 10
1745.5
 20
592.0
 10
1807.0
 20
592.0
 10
1807.0
 20
650.5
 10
1745.5
 20
650.5
  0
LWPOLYLINE
  5
870
330
17
100
AcDbEntity
  8
A-SECTOR
100
AcDbPolyline
 90
4
 70
1
 10
1798.0
 20
541.5
 10
1807.0
 20
541.5
 10
1807.0
 20
591.0
 10
1798.0
 20
591.0
  0
LWPOLYLINE
  5
871
330
17
100
AcDbEntity
  8
A-SECTOR
100
AcDbPolyline
 90
4
 70
1
 10
1827.0
 20
626.0
 10
1876.0
 20
626.0
 10
1876.0
 20
633.0
 10
1827.0
 20
633.0
  0
LWPOLYLINE
  5
872
330
17
100
AcDbEntity
  8
A-SECTOR
100
AcDbPolyline
 90
4
 70
1
 10
1826.0
 20
560.0
 10
1834.0
 20
560.0
 10
1834.0
 20
595.0
 10
1826.0
 20
595.0
  0
LWPOLYLINE
  5
873
330
17
100
AcDbEntity
  8
A-SECTOR
100
AcDbPolyline
 90
4
 70
1
 10
1804.0
 20
513.5
 10
1834.0
 20
513.5
 10
1834.0
 20
520.5
 10
1804.0
 20
520.5
  0
LWPOLYLINE
  5
874
330
17
100
AcDbEntity
  8
A-SECTOR
100
AcDbPolyline
 90
4
 70
1
 10
1745.5
 20
566.0
 10
1797.0
 20
566.0
 10
1797.0
 20
591.0
 10
1745.5
 20
591.0
  0
LWPOLYLINE
  5
875
330
17
100
AcDbEntity
  8
A-SECTOR
100
AcDbPolyline
 90
4
 70
1
 10
1745.5
 20
541.5
 10
1797.0
 20
541.5
 10
1797.0
 20
565.0
 10
1745.5
 20
565.0
  0
LWPOLYLINE
  5
876
330
17
100
AcDbEntity
  8
A-SECTOR
100
AcDbPolyline
 90
4
 70
1
 10
1883.0
 20
629.0
 10
1897.5
 20
629.0
 10
1897.5
 20
650.5
 10
1883.0
 20
650.5
  0
LWPOLYLINE
  5
877
330
17
100
AcDbEntity
  8
A-SECTOR
100
AcDbPolyline
 90
4
 70
1
 10
1826.0
 20
541.5
 10
1897.0
 20
541.5
 10
1897.0
 20
559.0
 10
1826.0
 20
559.0
  0
LWPOLYLINE
  5
878
330
17
100
AcDbEntity
  8
A-SECTOR
100
AcDbPolyline
 90
4
 70
1
 10
1836.0
 20
560.0
 10
1855.0
 20
560.0
 10
1855.0
 20
604.0
 10
1836.0
 20
604.0
  0
LWPOLYLINE
  5
879
330
17
100
AcDbEntity
  8
A-SECTOR
100
AcDbPolyline
 90
4
 70
1
 10
1826.0
 20
609.0
 10
1897.0
 20
609.0
 10
1897.0
 20
625.0
 10
1826.0
 20
625.0
  0
LWPOLYLINE
  5
87A
330
17
100
AcDbEntity
  8
A-SECTOR
100
AcDbPolyline
 90
4
 70
1
 10
1898.5
 20
609.0
 10
1923.0
 20
609.0
 10
1923.0
 20
628.0
 10
1898.5
 20
628.0
  0
LWPOLYLINE
  5
87B
330
17
100
AcDbEntity
  8
A-SECTOR
100
AcDbPolyline
 90
4
 70
1
 10
1898.0
 20
541.5
 10
1923.0
 20
541.5
 10
1923.0
 20
567.0
 10
1898.0
 20
567.0
  0
LWPOLYLINE
  5
87C
330
17
100
AcDbEntity
  8
A-SECTOR
100
AcDbPolyline
 90
4
 70
1
 10
1856.0
 20
560.0
 10
1923.0
 20
560.0
 10
1923.0
 20
604.0
 10
1856.0
 20
604.0
  0
LWPOLYLINE
  5
87D
330
17
100
AcDbEntity
  8
A-SECTOR
100
AcDbPolyline
 90
4
 70
1
 10
1745.5
 20
485.5
 10
1924.0
 20
485.5
 10
1924.0
 20
521.5
 10
1745.5
 20
521.5
  0
LWPOLYLINE
  5
87E
330
17
100
AcDbEntity
  8
A-SECTOR
100
AcDbPolyline
 90
4
 70
1
 10
1951.0
 20
532.0
 10
2008.0
 20
532.0
 10
2008.0
 20
628.5
 10
1951.0
 20
628.5
  0
LWPOLYLINE
  5
87F
330
17
100
AcDbEntity
  8
A-SECTOR
100
AcDbPolyline
 90
4
 70
1
 10
2014.0
 20
530.0
 10
2073.0
 20
530.0
 10
2073.0
 20
628.5
 10
2014.0
 20
628.5
  0
LWPOLYLINE
  5
880
330
17
100
AcDbEntity
  8
A-SECTOR
100
AcDbPolyline
 90
4
 70
1
 10
1952.0
 20
486.5
 10
1987.0
 20
486.5
 10
1987.0
 20
513.0
 10
1952.0
 20
513.0
  0
LWPOLYLINE
  5
881
330
17
100
AcDbEntity
  8
A-SECTOR
100
AcDbPolyline
 90
4
 70
1
 10
1952.0
 20
514.0
 10
1975.0
 20
514.0
 10
1975.0
 20
531.0
 10
1952.0
 20
531.0
  0
LWPOLYLINE
  5
882
330
17
100
AcDbEntity
  8
A-SECTOR
100
AcDbPolyline
 90
4
 70
1
 10
1976.0
 20
514.0
 10
1987.0
 20
514.0
 10
1987.0
 20
531.0
 10
1976.0
 20
531.0
  0
LWPOLYLINE
  5
883
330
17
100
AcDbEntity
  8
A-SECTOR
100
AcDbPolyline
 90
4
 70
1
 10
2019.0
 20
486.5
 10
2054.0
 20
486.5
 10
2054.0
 20
513.0
 10
2019.0
 20
513.0
  0
LWPOLYLINE
  5
884
330
17
100
AcDbEntity
  8
A-SECTOR
100
AcDbPolyline
 90
4
 70
1
 10
2055.0
 20
486.5
 10
2072.0
 20
486.5
 10
2072.0
 20
513.0
 10
2055.0
 20
513.0
  0
LWPOLYLINE
  5
885
330
17
100
AcDbEntity
  8
A-SECTOR
100
AcDbPolyline
 90
4
 70
1
 10
2083.0
 20
485.5
 10
2164.5
 20
485.5
 10
2164.5
 20
628.5
 10
2083.0
 20
628.5
  0
LWPOLYLINE
  5
886
330
17
100
AcDbEntity
  8
A-SECTOR
100
AcDbPolyline
 90
4
 70
1
 10
2112.0
 20
629.5
 10
2141.0
 20
629.5
 10
2141.0
 20
650.5
 10
2112.0
 20
650.5
  0
LWPOLYLINE
  5
887
330
17
100
AcDbEntity
  8
A-SECTOR
100
AcDbPolyline
 90
4
 70
1
 10
2171.5
 20
624.0
 10
2206.5
 20
624.0
 10
2206.5
 20
650.5
 10
2171.5
 20
650.5
  0
LWPOLYLINE
  5
888
330
17
100
AcDbEntity
  8
A-SECTOR
100
AcDbPolyline
 90
4
 70
1
 10
2207.5
 20
624.0
 10
2264.0
 20
624.0
 10
2264.0
 20
650.5
 10
2207.5
 20
650.5
  0
LWPOLYLINE
  5
889
330
17
100
AcDbEntity
  8
A-SECTOR
100
AcDbPolyline
 90
4
 70
1
 10
2171.5
 20
583.0
 10
2206.5
 20
583.0
 10
2206.5
 20
623.0
 10
2171.5
 20
623.0
  0
LWPOLYLINE
  5
88A
330
17
100
AcDbEntity
  8
A-SECTOR
100
AcDbPolyline
 90
4
 70
1
 10
2207.5
 20
583.0
 10
2264.0
 20
583.0
 10
2264.0
 20
623.0
 10
2207.5
 20
623.0
  0
LWPOLYLINE
  5
88B
330
17
100
AcDbEntity
  8
A-SECTOR
100
AcDbPolyline
 90
4
 70
1
 10
2171.5
 20
539.0
 10
2204.0
 20
539.0
 10
2204.0
 20
575.0
 10
2171.5
 20
575.0
  0
LWPOLYLINE
  5
88C
330
17
100
AcDbEntity
  8
A-SECTOR
100
AcDbPolyline
 90
4
 70
1
 10
2205.0
 20
532.0
 10
2234.0
 20
532.0
 10
2234.0
 20
575.0
 10
2205.0
 20
575.0
  0
LWPOLYLINE
  5
88D
330
17
100
AcDbEntity
  8
A-SECTOR
100
AcDbPolyline
 90
4
 70
1
 10
2235.0
 20
532.0
 10
2264.0
 20
532.0
 10
2264.0
 20
575.0
 10
2235.0
 20
575.0
  0
LWPOLYLINE
  5
88E
330
17
100
AcDbEntity
  8
A-SECTOR
100
AcDbPolyline
 90
4
 70
1
 10
2171.5
 20
486.5
 10
2204.0
 20
486.5
 10
2204.0
 20
531.0
 10
2171.5
 20
531.0
  0
LWPOLYLINE
  5
88F
330
17
100
AcDbEntity
  8
A-SECTOR
100
AcDbPolyline
 90
4
 70
1
 10
2205.0
 20
486.5
 10
2264.0
 20
486.5
 10
2264.0
 20
514.0
 10
2205.0
 20
514.0
  0
LWPOLYLINE
  5
890
330
17
100
AcDbEntity
  8
A-SECTOR
100
AcDbPolyline
 90
4
 70
1
 10
2265.0
 20
486.5
 10
2342.5
 20
486.5
 10
2342.5
 20
514.0
 10
2265.0
 20
514.0
  0
LWPOLYLINE
  5
891
330
17
100
AcDbEntity
  8
A-SECTOR
100
AcDbPolyline
 90
4
 70
1
 10
2265.0
 20
557.0
 10
2320.0
 20
557.0
 10
2320.0
 20
650.5
 10
2265.0
 20
650.5
  0
LWPOLYLINE
  5
892
330
17
100
AcDbEntity
  8
A-SECTOR
100
AcDbPolyline
 90
4
 70
1
 10
2320.0
 20
557.0
 10
2342.5
 20
557.0
 10
2342.5
 20
650.5
 10
2320.0
 20
650.5
  0
LWPOLYLINE
  5
893
330
17
100
AcDbEntity
  8
A-SECTOR
100
AcDbPolyline
 90
4
 70
1
 10
2302.5
 20
532.0
 10
2342.5
 20
532.0
 10
2342.5
 20
556.0
 10
2302.5
 20
556.0
  0
LWPOLYLINE
  5
894
330
17
100
AcDbEntity
  8
A-LOCAL
100
AcDbPolyline
 90
4
 70
1
 10
1935.0
 20
444.0
 10
1965.0
 20
444.0
 10
1965.0
 20
471.0
 10
1935.0
 20
471.0
  0
LWPOLYLINE
  5
895
330
17
100
AcDbEntity
  8
A-LOCAL
100
AcDbPolyline
 90
4
 70
1
 10
1966.0
 20
444.0
 10
1995.0
 20
444.0
 10
1995.0
 20
471.0
 10
1966.0
 20
471.0
  0
LWPOLYLINE
  5
896
330
17
100
AcDbEntity
  8
A-LOCAL
100
AcDbPolyline
 90
4
 70
1
 10
1996.0
 20
444.0
 10
2006.0
 20
444.0
 10
2006.0
 20
471.0
 10
1996.0
 20
471.0
  0
LWPOLYLINE
  5
897
330
17
100
AcDbEntity
  8
A-LOCAL
100
AcDbPolyline
 90
4
 70
1
 10
2007.0
 20
444.0
 10
2033.0
 20
444.0
 10
2033.0
 20
471.0
 10
2007.0
 20
471.0
  0
LWPOLYLINE
  5
898
330
17
100
AcDbEntity
  8
A-LOCAL
100
AcDbPolyline
 90
4
 70
1
 10
2034.0
 20
458.0
 10
2046.0
 20
458.0
 10
2046.0
 20
471.0
 10
2034.0
 20
471.0
  0
LWPOLYLINE
  5
899
330
17
100
AcDbEntity
  8
A-LOCAL
100
AcDbPolyline
 90
4
 70
1
 10
2034.0
 20
444.0
 10
2046.0
 20
444.0
 10
2046.0
 20
457.0
 10
2034.0
 20
457.0
  0
LWPOLYLINE
  5
89A
330
17
100
AcDbEntity
  8
A-LOCAL
100
AcDbPolyline
 90
4
 70
1
 10
2047.0
 20
444.0
 10
2064.0
 20
444.0
 10
2064.0
 20
471.0
 10
2047.0
 20
471.0
  0
LWPOLYLINE
  5
89B
330
17
100
AcDbEntity
  8
A-LOCAL
100
AcDbPolyline
 90
4
 70
1
 10
2065.0
 20
444.0
 10
2073.0
 20
444.0
 10
2073.0
 20
471.0
 10
2065.0
 20
471.0
  0
LWPOLYLINE
  5
89C
330
17
100
AcDbEntity
  8
A-LOCAL
100
AcDbPolyline
 90
4
 70
1
 10
1935.0
 20
435.0
 10
2073.0
 20
435.0
 10
2073.0
 20
443.0
 10
1935.0
 20
443.0
  0
LWPOLYLINE
  5
89D
330
17
100
AcDbEntity
  8
A-LOCAL
100
AcDbPolyline
 90
4
 70
1
 10
1935.0
 20
408.0
 10
1960.0
 20
408.0
 10
1960.0
 20
434.0
 10
1935.0
 20
434.0
  0
LWPOLYLINE
  5
89E
330
17
100
AcDbEntity
  8
A-LOCAL
100
AcDbPolyline
 90
4
 70
1
 10
1961.0
 20
408.0
 10
2001.0
 20
408.0
 10
2001.0
 20
434.0
 10
1961.0
 20
434.0
  0
LWPOLYLINE
  5
89F
330
17
100
AcDbEntity
  8
A-LOCAL
100
AcDbPolyline
 90
4
 70
1
 10
2002.0
 20
408.0
 10
2011.5
 20
408.0
 10
2011.5
 20
434.0
 10
2002.0
 20
434.0
  0
LWPOLYLINE
  5
8A0
330
17
100
AcDbEntity
  8
A-LOCAL
100
AcDbPolyline
 90
4
 70
1
 10
2012.5
 20
408.0
 10
2022.0
 20
408.0
 10
2022.0
 20
434.0
 10
2012.5
 20
434.0
  0
LWPOLYLINE
  5
8A1
330
17
100
AcDbEntity
  8
A-LOCAL
100
AcDbPolyline
 90
4
 70
1
 10
2023.0
 20
408.0
 10
2073.0
 20
408.0
 10
2073.0
 20
434.0
 10
2023.0
 20
434.0
  0
LWPOLYLINE
  5
8A2
330
17
100
AcDbEntity
  8
A-LOCAL
100
AcDbPolyline
 90
4
 70
1
 10
2095.0
 20
443.0
 10
2124.0
 20
443.0
 10
2124.0
 20
471.0
 10
2095.0
 20
471.0
  0
LWPOLYLINE
  5
8A3
330
17
100
AcDbEntity
  8
A-LOCAL
100
AcDbPolyline
 90
4
 70
1
 10
2195.0
 20
388.0
 10
2233.0
 20
388.0
 10
2233.0
 20
414.0
 10
2195.0
 20
414.0
  0
LWPOLYLINE
  5
8A4
330
17
100
AcDbEntity
  8
A-LOCAL
100
AcDbPolyline
 90
4
 70
1
 10
2160.0
 20
388.0
 10
2194.0
 20
388.0
 10
2194.0
 20
414.0
 10
2160.0
 20
414.0
  0
LWPOLYLINE
  5
8A5
330
17
100
AcDbEntity
  8
A-LOCAL
100
AcDbPolyline
 90
4
 70
1
 10
2125.0
 20
388.0
 10
2159.0
 20
388.0
 10
2159.0
 20
414.0
 10
2125.0
 20
414.0
  0
LWPOLYLINE
  5
8A6
330
17
100
AcDbEntity
  8
A-LOCAL
100
AcDbPolyline
 90
4
 70
1
 10
2095.0
 20
388.0
 10
2124.0
 20
388.0
 10
2124.0
 20
414.0
 10
2095.0
 20
414.0
  0
LWPOLYLINE
  5
8A7
330
17
100
AcDbEntity
  8
A-LOCAL
100
AcDbPolyline
 90
4
 70
1
 10
2095.0
 20
415.0
 10
2124.0
 20
415.0
 10
2124.0
 20
442.0
 10
2095.0
 20
442.0
  0
LWPOLYLINE
  5
8A8
330
17
100
AcDbEntity
  8
A-LOCAL
100
AcDbPolyline
 90
4
 70
1
 10
2125.0
 20
415.0
 10
2156.0
 20
415.0
 10
2156.0
 20
442.0
 10
2125.0
 20
442.0
  0
LWPOLYLINE
  5
8A9
330
17
100
AcDbEntity
  8
A-LOCAL
100
AcDbPolyline
 90
4
 70
1
 10
2157.0
 20
415.0
 10
2176.0
 20
415.0
 10
2176.0
 20
442.0
 10
2157.0
 20
442.0
  0
LWPOLYLINE
  5
8AA
330
17
100
AcDbEntity
  8
A-LOCAL
100
AcDbPolyline
 90
4
 70
1
 10
2177.0
 20
415.0
 10
2194.0
 20
415.0
 10
2194.0
 20
442.0
 10
2177.0
 20
442.0
  0
LWPOLYLINE
  5
8AB
330
17
100
AcDbEntity
  8
A-LOCAL
100
AcDbPolyline
 90
4
 70
1
 10
2195.0
 20
415.0
 10
2233.0
 20
415.0
 10
2233.0
 20
442.0
 10
2195.0
 20
442.0
  0
LWPOLYLINE
  5
8AC
330
17
100
AcDbEntity
  8
A-LOCAL
100
AcDbPolyline
 90
4
 70
1
 10
2125.0
 20
443.0
 10
2164.0
 20
443.0
 10
2164.0
 20
471.0
 10
2125.0
 20
471.0
  0
LWPOLYLINE
  5
8AD
330
17
100
AcDbEntity
  8
A-LOCAL
100
AcDbPolyline
 90
4
 70
1
 10
2165.0
 20
443.0
 10
2199.0
 20
443.0
 10
2199.0
 20
471.0
 10
2165.0
 20
471.0
  0
LWPOLYLINE
  5
8AE
330
17
100
AcDbEntity
  8
A-LOCAL
100
AcDbPolyline
 90
4
 70
1
 10
2200.0
 20
443.0
 10
2233.0
 20
443.0
 10
2233.0
 20
471.0
 10
2200.0
 20
471.0
  0
LINE
  5
8AF
330
17
100
AcDbEntity
  8
A-PASILLO
100
AcDbLine
 10
1745.5
 20
473.5
 30
0.0
 11
2342.5
 21
473.5
 31
0.0
  0
LINE
  5
8B0
330
17
100
AcDbEntity
  8
A-PASILLO
100
AcDbLine
 10
1745.5
 20
485.5
 30
0.0
 11
2342.5
 21
485.5
 31
0.0
  0
LINE
  5
8B1
330
17
100
AcDbEntity
  8
A-PASILLO
100
AcDbLine
 10
1745.5
 20
473.5
 30
0.0
 11
1745.5
 21
485.5
 31
0.0
  0
LINE
  5
8B2
330
17
100
AcDbEntity
  8
A-PASILLO
100
AcDbLine
 10
2342.5
 20
473.5
 30
0.0
 11
2342.5
 21
485.5
 31
0.0
  0
LINE
  5
8B3
330
17
100
AcDbEntity
  8
A-PASILLO
100
AcDbLine
 10
1924.0
 20
628.5
 30
0.0
 11
2105.0
 21
628.5
 31
0.0
  0
LINE
  5
8B4
330
17
100
AcDbEntity
  8
A-PASILLO
100
AcDbLine
 10
1924.0
 20
650.5
 30
0.0
 11
2105.0
 21
650.5
 31
0.0
  0
LINE
  5
8B5
330
17
100
AcDbEntity
  8
A-PASILLO
100
AcDbLine
 10
1924.0
 20
628.5
 30
0.0
 11
1924.0
 21
650.5
 31
0.0
  0
LINE
  5
8B6
330
17
100
AcDbEntity
  8
A-PASILLO
100
AcDbLine
 10
2105.0
 20
628.5
 30
0.0
 11
2105.0
 21
650.5
 31
0.0
  0
LINE
  5
8B7
330
17
100
AcDbEntity
  8
A-PASILLO
100
AcDbLine
 10
1807.0
 20
541.5
 30
0.0
 11
1826.0
 21
541.5
 31
0.0
  0
LINE
  5
8B8
330
17
100
AcDbEntity
  8
A-PASILLO
100
AcDbLine
 10
1807.0
 20
650.5
 30
0.0
 11
1826.0
 21
650.5
 31
0.0
  0
LINE
  5
8B9
330
17
100
AcDbEntity
  8
A-PASILLO
100
AcDbLine
 10
1807.0
 20
541.5
 30
0.0
 11
1807.0
 21
650.5
 31
0.0
  0
LINE
  5
8BA
330
17
100
AcDbEntity
  8
A-PASILLO
100
AcDbLine
 10
1826.0
 20
541.5
 30
0.0
 11
1826.0
 21
650.5
 31
0.0
  0
LINE
  5
8BB
330
17
100
AcDbEntity
  8
A-PASILLO
100
AcDbLine
 10
1924.0
 20
540.0
 30
0.0
 11
1944.0
 21
540.0
 31
0.0
  0
LINE
  5
8BC
330
17
100
AcDbEntity
  8
A-PASILLO
100
AcDbLine
 10
1924.0
 20
628.5
 30
0.0
 11
1944.0
 21
628.5
 31
0.0
  0
LINE
  5
8BD
330
17
100
AcDbEntity
  8
A-PASILLO
100
AcDbLine
 10
1924.0
 20
540.0
 30
0.0
 11
1924.0
 21
628.5
 31
0.0
  0
LINE
  5
8BE
330
17
100
AcDbEntity
  8
A-PASILLO
100
AcDbLine
 10
1944.0
 20
540.0
 30
0.0
 11
1944.0
 21
628.5
 31
0.0
  0
LINE
  5
8BF
330
17
100
AcDbEntity
  8
A-PASILLO
100
AcDbLine
 10
1826.0
 20
634.0
 30
0.0
 11
1882.0
 21
634.0
 31
0.0
  0
LINE
  5
8C0
330
17
100
AcDbEntity
  8
A-PASILLO
100
AcDbLine
 10
1826.0
 20
650.5
 30
0.0
 11
1882.0
 21
650.5
 31
0.0
  0
LINE
  5
8C1
330
17
100
AcDbEntity
  8
A-PASILLO
100
AcDbLine
 10
1826.0
 20
634.0
 30
0.0
 11
1826.0
 21
650.5
 31
0.0
  0
LINE
  5
8C2
330
17
100
AcDbEntity
  8
A-PASILLO
100
AcDbLine
 10
1882.0
 20
634.0
 30
0.0
 11
1882.0
 21
650.5
 31
0.0
  0
LINE
  5
8C3
330
17
100
AcDbEntity
  8
A-PASILLO
100
AcDbLine
 10
1745.5
 20
521.5
 30
0.0
 11
1924.0
 21
521.5
 31
0.0
  0
LINE
  5
8C4
330
17
100
AcDbEntity
  8
A-PASILLO
100
AcDbLine
 10
1745.5
 20
540.0
 30
0.0
 11
1924.0
 21
540.0
 31
0.0
  0
LINE
  5
8C5
330
17
100
AcDbEntity
  8
A-PASILLO
100
AcDbLine
 10
1745.5
 20
521.5
 30
0.0
 11
1745.5
 21
540.0
 31
0.0
  0
LINE
  5
8C6
330
17
100
AcDbEntity
  8
A-PASILLO
100
AcDbLine
 10
1924.0
 20
521.5
 30
0.0
 11
1924.0
 21
540.0
 31
0.0
  0
LINE
  5
8C7
330
17
100
AcDbEntity
  8
A-PASILLO
100
AcDbLine
 10
1945.0
 20
485.5
 30
0.0
 11
1951.0
 21
485.5
 31
0.0
  0
LINE
  5
8C8
330
17
100
AcDbEntity
  8
A-PASILLO
100
AcDbLine
 10
1945.0
 20
619.0
 30
0.0
 11
1951.0
 21
619.0
 31
0.0
  0
LINE
  5
8C9
330
17
100
AcDbEntity
  8
A-PASILLO
100
AcDbLine
 10
1945.0
 20
485.5
 30
0.0
 11
1945.0
 21
619.0
 31
0.0
  0
LINE
  5
8CA
330
17
100
AcDbEntity
  8
A-PASILLO
100
AcDbLine
 10
1951.0
 20
485.5
 30
0.0
 11
1951.0
 21
619.0
 31
0.0
  0
LINE
  5
8CB
330
17
100
AcDbEntity
  8
A-PASILLO
100
AcDbLine
 10
2008.0
 20
485.5
 30
0.0
 11
2014.0
 21
485.5
 31
0.0
  0
LINE
  5
8CC
330
17
100
AcDbEntity
  8
A-PASILLO
100
AcDbLine
 10
2008.0
 20
604.0
 30
0.0
 11
2014.0
 21
604.0
 31
0.0
  0
LINE
  5
8CD
330
17
100
AcDbEntity
  8
A-PASILLO
100
AcDbLine
 10
2008.0
 20
485.5
 30
0.0
 11
2008.0
 21
604.0
 31
0.0
  0
LINE
  5
8CE
330
17
100
AcDbEntity
  8
A-PASILLO
100
AcDbLine
 10
2014.0
 20
485.5
 30
0.0
 11
2014.0
 21
604.0
 31
0.0
  0
LINE
  5
8CF
330
17
100
AcDbEntity
  8
A-PASILLO
100
AcDbLine
 10
2073.0
 20
485.5
 30
0.0
 11
2079.0
 21
485.5
 31
0.0
  0
LINE
  5
8D0
330
17
100
AcDbEntity
  8
A-PASILLO
100
AcDbLine
 10
2073.0
 20
593.0
 30
0.0
 11
2079.0
 21
593.0
 31
0.0
  0
LINE
  5
8D1
330
17
100
AcDbEntity
  8
A-PASILLO
100
AcDbLine
 10
2073.0
 20
485.5
 30
0.0
 11
2073.0
 21
593.0
 31
0.0
  0
LINE
  5
8D2
330
17
100
AcDbEntity
  8
A-PASILLO
100
AcDbLine
 10
2079.0
 20
485.5
 30
0.0
 11
2079.0
 21
593.0
 31
0.0
  0
LINE
  5
8D3
330
17
100
AcDbEntity
  8
A-PASILLO
100
AcDbLine
 10
2164.5
 20
485.5
 30
0.0
 11
2170.5
 21
485.5
 31
0.0
  0
LINE
  5
8D4
330
17
100
AcDbEntity
  8
A-PASILLO
100
AcDbLine
 10
2164.5
 20
582.0
 30
0.0
 11
2170.5
 21
582.0
 31
0.0
  0
LINE
  5
8D5
330
17
100
AcDbEntity
  8
A-PASILLO
100
AcDbLine
 10
2164.5
 20
485.5
 30
0.0
 11
2164.5
 21
582.0
 31
0.0
  0
LINE
  5
8D6
330
17
100
AcDbEntity
  8
A-PASILLO
100
AcDbLine
 10
2170.5
 20
485.5
 30
0.0
 11
2170.5
 21
582.0
 31
0.0
  0
LINE
  5
8D7
330
17
100
AcDbEntity
  8
A-PASILLO
100
AcDbLine
 10
2170.5
 20
576.0
 30
0.0
 11
2274.0
 21
576.0
 31
0.0
  0
LINE
  5
8D8
330
17
100
AcDbEntity
  8
A-PASILLO
100
AcDbLine
 10
2170.5
 20
582.0
 30
0.0
 11
2274.0
 21
582.0
 31
0.0
  0
LINE
  5
8D9
330
17
100
AcDbEntity
  8
A-PASILLO
100
AcDbLine
 10
2170.5
 20
576.0
 30
0.0
 11
2170.5
 21
582.0
 31
0.0
  0
LINE
  5
8DA
330
17
100
AcDbEntity
  8
A-PASILLO
100
AcDbLine
 10
2274.0
 20
576.0
 30
0.0
 11
2274.0
 21
582.0
 31
0.0
  0
LINE
  5
8DB
330
17
100
AcDbEntity
  8
A-PASILLO
100
AcDbLine
 10
2274.0
 20
532.0
 30
0.0
 11
2291.5
 21
532.0
 31
0.0
  0
LINE
  5
8DC
330
17
100
AcDbEntity
  8
A-PASILLO
100
AcDbLine
 10
2274.0
 20
650.5
 30
0.0
 11
2291.5
 21
650.5
 31
0.0
  0
LINE
  5
8DD
330
17
100
AcDbEntity
  8
A-PASILLO
100
AcDbLine
 10
2274.0
 20
532.0
 30
0.0
 11
2274.0
 21
650.5
 31
0.0
  0
LINE
  5
8DE
330
17
100
AcDbEntity
  8
A-PASILLO
100
AcDbLine
 10
2291.5
 20
532.0
 30
0.0
 11
2291.5
 21
650.5
 31
0.0
  0
LINE
  5
8DF
330
17
100
AcDbEntity
  8
A-PASILLO
100
AcDbLine
 10
2302.5
 20
557.0
 30
0.0
 11
2320.0
 21
557.0
 31
0.0
  0
LINE
  5
8E0
330
17
100
AcDbEntity
  8
A-PASILLO
100
AcDbLine
 10
2302.5
 20
650.5
 30
0.0
 11
2320.0
 21
650.5
 31
0.0
  0
LINE
  5
8E1
330
17
100
AcDbEntity
  8
A-PASILLO
100
AcDbLine
 10
2302.5
 20
557.0
 30
0.0
 11
2302.5
 21
650.5
 31
0.0
  0
LINE
  5
8E2
330
17
100
AcDbEntity
  8
A-PASILLO
100
AcDbLine
 10
2320.0
 20
557.0
 30
0.0
 11
2320.0
 21
650.5
 31
0.0
  0
LINE
  5
8E3
330
17
100
AcDbEntity
  8
A-PASILLO
100
AcDbLine
 10
2205.0
 20
515.0
 30
0.0
 11
2342.5
 21
515.0
 31
0.0
  0
LINE
  5
8E4
330
17
100
AcDbEntity
  8
A-PASILLO
100
AcDbLine
 10
2205.0
 20
531.0
 30
0.0
 11
2342.5
 21
531.0
 31
0.0
  0
LINE
  5
8E5
330
17
100
AcDbEntity
  8
A-PASILLO
100
AcDbLine
 10
2205.0
 20
515.0
 30
0.0
 11
2205.0
 21
531.0
 31
0.0
  0
LINE
  5
8E6
330
17
100
AcDbEntity
  8
A-PASILLO
100
AcDbLine
 10
2342.5
 20
515.0
 30
0.0
 11
2342.5
 21
531.0
 31
0.0
  0
HATCH
  5
8E7
330
17
100
AcDbEntity
  8
A-SENDA
 62
7
420
14132480
100
AcDbHatch
 10
0.0
 20
0.0
 30
0.0
210
0.0
220
0.0
230
1.0
  2
SOLID
 70
1
 71
0
 91
1
 92
3
 72
0
 73
1
 93
4
 10
1924.0
 20
584.0
 10
1926.0
 20
584.0
 10
1926.0
 20
590.0
 10
1924.0
 20
590.0
 97
0
 75
1
 76
1
 98
0
  0
HATCH
  5
8E8
330
17
100
AcDbEntity
  8
A-SENDA
 62
7
420
14132480
100
AcDbHatch
 10
0.0
 20
0.0
 30
0.0
210
0.0
220
0.0
230
1.0
  2
SOLID
 70
1
 71
0
 91
1
 92
3
 72
0
 73
1
 93
4
 10
1928.0
 20
584.0
 10
1930.0
 20
584.0
 10
1930.0
 20
590.0
 10
1928.0
 20
590.0
 97
0
 75
1
 76
1
 98
0
  0
HATCH
  5
8E9
330
17
100
AcDbEntity
  8
A-SENDA
 62
7
420
14132480
100
AcDbHatch
 10
0.0
 20
0.0
 30
0.0
210
0.0
220
0.0
230
1.0
  2
SOLID
 70
1
 71
0
 91
1
 92
3
 72
0
 73
1
 93
4
 10
1932.0
 20
584.0
 10
1934.0
 20
584.0
 10
1934.0
 20
590.0
 10
1932.0
 20
590.0
 97
0
 75
1
 76
1
 98
0
  0
HATCH
  5
8EA
330
17
100
AcDbEntity
  8
A-SENDA
 62
7
420
14132480
100
AcDbHatch
 10
0.0
 20
0.0
 30
0.0
210
0.0
220
0.0
230
1.0
  2
SOLID
 70
1
 71
0
 91
1
 92
3
 72
0
 73
1
 93
4
 10
1936.0
 20
584.0
 10
1938.0
 20
584.0
 10
1938.0
 20
590.0
 10
1936.0
 20
590.0
 97
0
 75
1
 76
1
 98
0
  0
HATCH
  5
8EB
330
17
100
AcDbEntity
  8
A-SENDA
 62
7
420
14132480
100
AcDbHatch
 10
0.0
 20
0.0
 30
0.0
210
0.0
220
0.0
230
1.0
  2
SOLID
 70
1
 71
0
 91
1
 92
3
 72
0
 73
1
 93
4
 10
1940.0
 20
584.0
 10
1942.0
 20
584.0
 10
1942.0
 20
590.0
 10
1940.0
 20
590.0
 97
0
 75
1
 76
1
 98
0
  0
TEXT
  5
8EC
330
17
100
AcDbEntity
  8
A-TEXTO
100
AcDbText
 10
1934.0
 20
594.0
 30
0.0
 40
1.6
  1
SP-1
  7
ISO3098
 72
1
 11
1934.0
 21
594.0
 31
0.0
100
AcDbText
 73
2
  0
HATCH
  5
8ED
330
17
100
AcDbEntity
  8
A-SENDA
 62
7
420
14132480
100
AcDbHatch
 10
0.0
 20
0.0
 30
0.0
210
0.0
220
0.0
230
1.0
  2
SOLID
 70
1
 71
0
 91
1
 92
3
 72
0
 73
1
 93
4
 10
1924.0
 20
603.5
 10
1926.0
 20
603.5
 10
1926.0
 20
608.5
 10
1924.0
 20
608.5
 97
0
 75
1
 76
1
 98
0
  0
HATCH
  5
8EE
330
17
100
AcDbEntity
  8
A-SENDA
 62
7
420
14132480
100
AcDbHatch
 10
0.0
 20
0.0
 30
0.0
210
0.0
220
0.0
230
1.0
  2
SOLID
 70
1
 71
0
 91
1
 92
3
 72
0
 73
1
 93
4
 10
1928.0
 20
603.5
 10
1930.0
 20
603.5
 10
1930.0
 20
608.5
 10
1928.0
 20
608.5
 97
0
 75
1
 76
1
 98
0
  0
HATCH
  5
8EF
330
17
100
AcDbEntity
  8
A-SENDA
 62
7
420
14132480
100
AcDbHatch
 10
0.0
 20
0.0
 30
0.0
210
0.0
220
0.0
230
1.0
  2
SOLID
 70
1
 71
0
 91
1
 92
3
 72
0
 73
1
 93
4
 10
1932.0
 20
603.5
 10
1934.0
 20
603.5
 10
1934.0
 20
608.5
 10
1932.0
 20
608.5
 97
0
 75
1
 76
1
 98
0
  0
HATCH
  5
8F0
330
17
100
AcDbEntity
  8
A-SENDA
 62
7
420
14132480
100
AcDbHatch
 10
0.0
 20
0.0
 30
0.0
210
0.0
220
0.0
230
1.0
  2
SOLID
 70
1
 71
0
 91
1
 92
3
 72
0
 73
1
 93
4
 10
1936.0
 20
603.5
 10
1938.0
 20
603.5
 10
1938.0
 20
608.5
 10
1936.0
 20
608.5
 97
0
 75
1
 76
1
 98
0
  0
HATCH
  5
8F1
330
17
100
AcDbEntity
  8
A-SENDA
 62
7
420
14132480
100
AcDbHatch
 10
0.0
 20
0.0
 30
0.0
210
0.0
220
0.0
230
1.0
  2
SOLID
 70
1
 71
0
 91
1
 92
3
 72
0
 73
1
 93
4
 10
1940.0
 20
603.5
 10
1942.0
 20
603.5
 10
1942.0
 20
608.5
 10
1940.0
 20
608.5
 97
0
 75
1
 76
1
 98
0
  0
TEXT
  5
8F2
330
17
100
AcDbEntity
  8
A-TEXTO
100
AcDbText
 10
1934.0
 20
612.5
 30
0.0
 40
1.6
  1
SP-2
  7
ISO3098
 72
1
 11
1934.0
 21
612.5
 31
0.0
100
AcDbText
 73
2
  0
LWPOLYLINE
  5
8F3
330
17
100
AcDbEntity
  8
A-EQUIPO-FINO
100
AcDbPolyline
 90
4
 70
1
 10
1797.0
 20
594.0
 10
1804.5
 20
594.0
 10
1804.5
 20
601.5
 10
1797.0
 20
601.5
  0
TEXT
  5
8F4
330
17
100
AcDbEntity
  8
A-TEXTO
100
AcDbText
 10
1800.75
 20
597.75
 30
0.0
 40
1.2
  1
M01
  7
ISO3098
 72
1
 11
1800.75
 21
597.75
 31
0.0
100
AcDbText
 73
2
  0
LWPOLYLINE
  5
8F5
330
17
100
AcDbEntity
  8
A-EQUIPO-FINO
100
AcDbPolyline
 90
4
 70
1
 10
1827.0
 20
542.5
 10
1834.5
 20
542.5
 10
1834.5
 20
557.5
 10
1827.0
 20
557.5
  0
TEXT
  5
8F6
330
17
100
AcDbEntity
  8
A-TEXTO
100
AcDbText
 10
1830.75
 20
550.0
 30
0.0
 40
1.2
  1
M02
 50
90.0
  7
ISO3098
 72
1
 11
1830.75
 21
550.0
 31
0.0
100
AcDbText
 73
2
  0
LWPOLYLINE
  5
8F7
330
17
100
AcDbEntity
  8
A-EQUIPO-FINO
100
AcDbPolyline
 90
4
 70
1
 10
1835.0
 20
542.0
 10
1845.0
 20
542.0
 10
1845.0
 20
558.0
 10
1835.0
 20
558.0
  0
TEXT
  5
8F8
330
17
100
AcDbEntity
  8
A-TEXTO
100
AcDbText
 10
1840.0
 20
550.0
 30
0.0
 40
1.2
  1
M03
  7
ISO3098
 72
1
 11
1840.0
 21
550.0
 31
0.0
100
AcDbText
 73
2
  0
LWPOLYLINE
  5
8F9
330
17
100
AcDbEntity
  8
A-EQUIPO-FINO
100
AcDbPolyline
 90
4
 70
1
 10
1845.5
 20
541.75
 10
1857.0
 20
541.75
 10
1857.0
 20
562.75
 10
1845.5
 20
562.75
  0
TEXT
  5
8FA
330
17
100
AcDbEntity
  8
A-TEXTO
100
AcDbText
 10
1851.25
 20
552.25
 30
0.0
 40
1.2
  1
M04
 50
90.0
  7
ISO3098
 72
1
 11
1851.25
 21
552.25
 31
0.0
100
AcDbText
 73
2
  0
LWPOLYLINE
  5
8FB
330
17
100
AcDbEntity
  8
A-EQUIPO-FINO
100
AcDbPolyline
 90
4
 70
1
 10
1858.0
 20
543.0
 10
1873.0
 20
543.0
 10
1873.0
 20
556.0
 10
1858.0
 20
556.0
  0
TEXT
  5
8FC
330
17
100
AcDbEntity
  8
A-TEXTO
100
AcDbText
 10
1865.5
 20
549.5
 30
0.0
 40
1.2
  1
M05
  7
ISO3098
 72
1
 11
1865.5
 21
549.5
 31
0.0
100
AcDbText
 73
2
  0
LWPOLYLINE
  5
8FD
330
17
100
AcDbEntity
  8
A-EQUIPO-FINO
100
AcDbPolyline
 90
4
 70
1
 10
1838.0
 20
565.0
 10
1842.0
 20
565.0
 10
1842.0
 20
599.25
 10
1838.0
 20
599.25
  0
TEXT
  5
8FE
330
17
100
AcDbEntity
  8
A-TEXTO
100
AcDbText
 10
1840.0
 20
582.125
 30
0.0
 40
1.2
  1
M15
 50
90.0
  7
ISO3098
 72
1
 11
1840.0
 21
582.125
 31
0.0
100
AcDbText
 73
2
  0
LWPOLYLINE
  5
8FF
330
17
100
AcDbEntity
  8
A-EQUIPO-FINO
100
AcDbPolyline
 90
4
 70
1
 10
1848.0
 20
565.0
 10
1852.0
 20
565.0
 10
1852.0
 20
599.25
 10
1848.0
 20
599.25
  0
TEXT
  5
900
330
17
100
AcDbEntity
  8
A-TEXTO
100
AcDbText
 10
1850.0
 20
582.125
 30
0.0
 40
1.2
  1
M16
 50
90.0
  7
ISO3098
 72
1
 11
1850.0
 21
582.125
 31
0.0
100
AcDbText
 73
2
  0
LWPOLYLINE
  5
901
330
17
100
AcDbEntity
  8
A-EQUIPO-FINO
100
AcDbPolyline
 90
4
 70
1
 10
1837.0
 20
599.75
 10
1855.0
 20
599.75
 10
1855.0
 20
603.75
 10
1837.0
 20
603.75
  0
LINE
  5
902
330
17
100
AcDbEntity
  8
A-EQUIPO-FINO
100
AcDbLine
 10
1837.0
 20
599.75
 30
0.0
 11
1855.0
 21
603.75
 31
0.0
  0
LINE
  5
903
330
17
100
AcDbEntity
  8
A-EQUIPO-FINO
100
AcDbLine
 10
1837.0
 20
603.75
 30
0.0
 11
1855.0
 21
599.75
 31
0.0
  0
TEXT
  5
904
330
17
100
AcDbEntity
  8
A-TEXTO
100
AcDbText
 10
1846.0
 20
601.75
 30
0.0
 40
1.2
  1
M17
  7
ISO3098
 72
1
 11
1846.0
 21
601.75
 31
0.0
100
AcDbText
 73
2
  0
LWPOLYLINE
  5
905
330
17
100
AcDbEntity
  8
A-EQUIPO-FINO
100
AcDbPolyline
 90
4
 70
1
 10
1864.0
 20
576.0
 10
1876.0
 20
576.0
 10
1876.0
 20
582.0
 10
1864.0
 20
582.0
  0
TEXT
  5
906
330
17
100
AcDbEntity
  8
A-TEXTO
100
AcDbText
 10
1870.0
 20
579.0
 30
0.0
 40
1.2
  1
M13
  7
ISO3098
 72
1
 11
1870.0
 21
579.0
 31
0.0
100
AcDbText
 73
2
  0
LWPOLYLINE
  5
907
330
17
100
AcDbEntity
  8
A-EQUIPO-FINO
100
AcDbPolyline
 90
4
 70
1
 10
1827.0
 20
610.0
 10
1839.0
 20
610.0
 10
1839.0
 20
620.0
 10
1827.0
 20
620.0
  0
TEXT
  5
908
330
17
100
AcDbEntity
  8
A-TEXTO
100
AcDbText
 10
1833.0
 20
615.0
 30
0.0
 40
1.2
  1
M06
  7
ISO3098
 72
1
 11
1833.0
 21
615.0
 31
0.0
100
AcDbText
 73
2
  0
LWPOLYLINE
  5
909
330
17
100
AcDbEntity
  8
A-EQUIPO-FINO
100
AcDbPolyline
 90
4
 70
1
 10
1839.5
 20
612.0
 10
1846.5
 20
612.0
 10
1846.5
 20
618.0
 10
1839.5
 20
618.0
  0
TEXT
  5
90A
330
17
100
AcDbEntity
  8
A-TEXTO
100
AcDbText
 10
1843.0
 20
615.0
 30
0.0
 40
1.2
  1
M07
  7
ISO3098
 72
1
 11
1843.0
 21
615.0
 31
0.0
100
AcDbText
 73
2
  0
LWPOLYLINE
  5
90B
330
17
100
AcDbEntity
  8
A-EQUIPO-FINO
100
AcDbPolyline
 90
4
 70
1
 10
1847.5
 20
610.0
 10
1862.5
 20
610.0
 10
1862.5
 20
623.0
 10
1847.5
 20
623.0
  0
TEXT
  5
90C
330
17
100
AcDbEntity
  8
A-TEXTO
100
AcDbText
 10
1855.0
 20
616.5
 30
0.0
 40
1.2
  1
M08
  7
ISO3098
 72
1
 11
1855.0
 21
616.5
 31
0.0
100
AcDbText
 73
2
  0
LWPOLYLINE
  5
90D
330
17
100
AcDbEntity
  8
A-EQUIPO-FINO
100
AcDbPolyline
 90
4
 70
1
 10
1866.0
 20
619.0
 10
1872.0
 20
619.0
 10
1872.0
 20
624.0
 10
1866.0
 20
624.0
  0
TEXT
  5
90E
330
17
100
AcDbEntity
  8
A-TEXTO
100
AcDbText
 10
1869.0
 20
621.5
 30
0.0
 40
1.2
  1
M09
  7
ISO3098
 72
1
 11
1869.0
 21
621.5
 31
0.0
100
AcDbText
 73
2
  0
LWPOLYLINE
  5
90F
330
17
100
AcDbEntity
  8
A-EQUIPO-FINO
100
AcDbPolyline
 90
4
 70
1
 10
1866.0
 20
610.5
 10
1872.0
 20
610.5
 10
1872.0
 20
615.5
 10
1866.0
 20
615.5
  0
TEXT
  5
910
330
17
100
AcDbEntity
  8
A-TEXTO
100
AcDbText
 10
1869.0
 20
613.0
 30
0.0
 40
1.2
  1
M10
  7
ISO3098
 72
1
 11
1869.0
 21
613.0
 31
0.0
100
AcDbText
 73
2
  0
LWPOLYLINE
  5
911
330
17
100
AcDbEntity
  8
A-EQUIPO-FINO
100
AcDbPolyline
 90
4
 70
1
 10
1875.0
 20
618.5
 10
1883.0
 20
618.5
 10
1883.0
 20
624.5
 10
1875.0
 20
624.5
  0
TEXT
  5
912
330
17
100
AcDbEntity
  8
A-TEXTO
100
AcDbText
 10
1879.0
 20
621.5
 30
0.0
 40
1.2
  1
M11
  7
ISO3098
 72
1
 11
1879.0
 21
621.5
 31
0.0
100
AcDbText
 73
2
  0
LWPOLYLINE
  5
913
330
17
100
AcDbEntity
  8
A-EQUIPO-FINO
100
AcDbPolyline
 90
4
 70
1
 10
1875.0
 20
610.0
 10
1883.0
 20
610.0
 10
1883.0
 20
616.0
 10
1875.0
 20
616.0
  0
TEXT
  5
914
330
17
100
AcDbEntity
  8
A-TEXTO
100
AcDbText
 10
1879.0
 20
613.0
 30
0.0
 40
1.2
  1
M12
  7
ISO3098
 72
1
 11
1879.0
 21
613.0
 31
0.0
100
AcDbText
 73
2
  0
LWPOLYLINE
  5
915
330
17
100
AcDbEntity
  8
A-EQUIPO-FINO
100
AcDbPolyline
 90
4
 70
1
 10
1897.0
 20
495.0
 10
1919.5
 20
495.0
 10
1919.5
 20
502.0
 10
1897.0
 20
502.0
  0
TEXT
  5
916
330
17
100
AcDbEntity
  8
A-TEXTO
100
AcDbText
 10
1908.25
 20
498.5
 30
0.0
 40
1.2
  1
C01
  7
ISO3098
 72
1
 11
1908.25
 21
498.5
 31
0.0
100
AcDbText
 73
2
  0
LWPOLYLINE
  5
917
330
17
100
AcDbEntity
  8
A-EQUIPO-FINO
100
AcDbPolyline
 90
4
 70
1
 10
1878.0
 20
494.5
 10
1890.5
 20
494.5
 10
1890.5
 20
502.0
 10
1878.0
 20
502.0
  0
TEXT
  5
918
330
17
100
AcDbEntity
  8
A-TEXTO
100
AcDbText
 10
1884.25
 20
498.25
 30
0.0
 40
1.2
  1
C02
  7
ISO3098
 72
1
 11
1884.25
 21
498.25
 31
0.0
100
AcDbText
 73
2
  0
LWPOLYLINE
  5
919
330
17
100
AcDbEntity
  8
A-EQUIPO-FINO
100
AcDbPolyline
 90
4
 70
1
 10
1862.0
 20
494.5
 10
1874.5
 20
494.5
 10
1874.5
 20
502.0
 10
1862.0
 20
502.0
  0
TEXT
  5
91A
330
17
100
AcDbEntity
  8
A-TEXTO
100
AcDbText
 10
1868.25
 20
498.25
 30
0.0
 40
1.2
  1
C03
  7
ISO3098
 72
1
 11
1868.25
 21
498.25
 31
0.0
100
AcDbText
 73
2
  0
LWPOLYLINE
  5
91B
330
17
100
AcDbEntity
  8
A-EQUIPO-FINO
100
AcDbPolyline
 90
4
 70
1
 10
1841.0
 20
493.5
 10
1856.0
 20
493.5
 10
1856.0
 20
503.5
 10
1841.0
 20
503.5
  0
TEXT
  5
91C
330
17
100
AcDbEntity
  8
A-TEXTO
100
AcDbText
 10
1848.5
 20
498.5
 30
0.0
 40
1.2
  1
C04
  7
ISO3098
 72
1
 11
1848.5
 21
498.5
 31
0.0
100
AcDbText
 73
2
  0
LWPOLYLINE
  5
91D
330
17
100
AcDbEntity
  8
A-EQUIPO-FINO
100
AcDbPolyline
 90
4
 70
1
 10
1820.0
 20
494.0
 10
1835.0
 20
494.0
 10
1835.0
 20
503.0
 10
1820.0
 20
503.0
  0
TEXT
  5
91E
330
17
100
AcDbEntity
  8
A-TEXTO
100
AcDbText
 10
1827.5
 20
498.5
 30
0.0
 40
1.2
  1
C05
  7
ISO3098
 72
1
 11
1827.5
 21
498.5
 31
0.0
100
AcDbText
 73
2
  0
LWPOLYLINE
  5
91F
330
17
100
AcDbEntity
  8
A-EQUIPO-FINO
100
AcDbPolyline
 90
4
 70
1
 10
1803.0
 20
494.5
 10
1815.5
 20
494.5
 10
1815.5
 20
502.0
 10
1803.0
 20
502.0
  0
TEXT
  5
920
330
17
100
AcDbEntity
  8
A-TEXTO
100
AcDbText
 10
1809.25
 20
498.25
 30
0.0
 40
1.2
  1
C06
  7
ISO3098
 72
1
 11
1809.25
 21
498.25
 31
0.0
100
AcDbText
 73
2
  0
LWPOLYLINE
  5
921
330
17
100
AcDbEntity
  8
A-EQUIPO-FINO
100
AcDbPolyline
 90
4
 70
1
 10
1781.0
 20
492.0
 10
1799.0
 20
492.0
 10
1799.0
 20
505.0
 10
1781.0
 20
505.0
  0
TEXT
  5
922
330
17
100
AcDbEntity
  8
A-TEXTO
100
AcDbText
 10
1790.0
 20
498.5
 30
0.0
 40
1.2
  1
C07
  7
ISO3098
 72
1
 11
1790.0
 21
498.5
 31
0.0
100
AcDbText
 73
2
  0
LWPOLYLINE
  5
923
330
17
100
AcDbEntity
  8
A-EQUIPO-FINO
100
AcDbPolyline
 90
4
 70
1
 10
1769.0
 20
494.5
 10
1776.5
 20
494.5
 10
1776.5
 20
499.5
 10
1769.0
 20
499.5
  0
TEXT
  5
924
330
17
100
AcDbEntity
  8
A-TEXTO
100
AcDbText
 10
1772.75
 20
497.0
 30
0.0
 40
1.2
  1
C08
  7
ISO3098
 72
1
 11
1772.75
 21
497.0
 31
0.0
100
AcDbText
 73
2
  0
LWPOLYLINE
  5
925
330
17
100
AcDbEntity
  8
A-EQUIPO-FINO
100
AcDbPolyline
 90
4
 70
1
 10
1862.0
 20
507.0
 10
1874.5
 20
507.0
 10
1874.5
 20
513.0
 10
1862.0
 20
513.0
  0
TEXT
  5
926
330
17
100
AcDbEntity
  8
A-TEXTO
100
AcDbText
 10
1868.25
 20
510.0
 30
0.0
 40
1.2
  1
C09
  7
ISO3098
 72
1
 11
1868.25
 21
510.0
 31
0.0
100
AcDbText
 73
2
  0
CIRCLE
  5
927
330
17
100
AcDbEntity
  8
A-EQUIPO-FINO
100
AcDbCircle
 10
1840.5
 20
509.5
 30
0.0
 40
1.5000000000000036
  0
CIRCLE
  5
928
330
17
100
AcDbEntity
  8
A-EQUIPO-FINO
100
AcDbCircle
 10
1840.5
 20
509.5
 30
0.0
 40
20.0
  0
TEXT
  5
929
330
17
100
AcDbEntity
  8
A-TEXTO
100
AcDbText
 10
1840.5
 20
509.5
 30
0.0
 40
1.2
  1
C10
  7
ISO3098
 72
1
 11
1840.5
 21
509.5
 31
0.0
100
AcDbText
 73
2
  0
CIRCLE
  5
92A
330
17
100
AcDbEntity
  8
A-EQUIPO-FINO
100
AcDbCircle
 10
1790.5
 20
509.5
 30
0.0
 40
1.4999999999999991
  0
CIRCLE
  5
92B
330
17
100
AcDbEntity
  8
A-EQUIPO-FINO
100
AcDbCircle
 10
1790.5
 20
509.5
 30
0.0
 40
20.0
  0
TEXT
  5
92C
330
17
100
AcDbEntity
  8
A-TEXTO
100
AcDbText
 10
1790.5
 20
509.5
 30
0.0
 40
1.2
  1
C11
  7
ISO3098
 72
1
 11
1790.5
 21
509.5
 31
0.0
100
AcDbText
 73
2
  0
LWPOLYLINE
  5
92D
330
17
100
AcDbEntity
  8
A-EQUIPO-FINO
100
AcDbPolyline
 90
4
 70
1
 10
1747.0
 20
488.0
 10
1765.0
 20
488.0
 10
1765.0
 20
519.0
 10
1747.0
 20
519.0
  0
LINE
  5
92E
330
17
100
AcDbEntity
  8
A-EQUIPO-FINO
100
AcDbLine
 10
1747.0
 20
488.0
 30
0.0
 11
1765.0
 21
519.0
 31
0.0
  0
LINE
  5
92F
330
17
100
AcDbEntity
  8
A-EQUIPO-FINO
100
AcDbLine
 10
1747.0
 20
519.0
 30
0.0
 11
1765.0
 21
488.0
 31
0.0
  0
TEXT
  5
930
330
17
100
AcDbEntity
  8
A-TEXTO
100
AcDbText
 10
1756.0
 20
503.5
 30
0.0
 40
1.2
  1
C12
  7
ISO3098
 72
1
 11
1756.0
 21
503.5
 31
0.0
100
AcDbText
 73
2
  0
LWPOLYLINE
  5
931
330
17
100
AcDbEntity
  8
A-EQUIPO-FINO
100
AcDbPolyline
 90
4
 70
1
 10
1952.0
 20
609.0
 10
1964.0
 20
609.0
 10
1964.0
 20
627.0
 10
1952.0
 20
627.0
  0
LINE
  5
932
330
17
100
AcDbEntity
  8
A-EQUIPO-FINO
100
AcDbLine
 10
1952.0
 20
609.0
 30
0.0
 11
1964.0
 21
627.0
 31
0.0
  0
LINE
  5
933
330
17
100
AcDbEntity
  8
A-EQUIPO-FINO
100
AcDbLine
 10
1952.0
 20
627.0
 30
0.0
 11
1964.0
 21
609.0
 31
0.0
  0
TEXT
  5
934
330
17
100
AcDbEntity
  8
A-TEXTO
100
AcDbText
 10
1958.0
 20
618.0
 30
0.0
 40
1.2
  1
A00
  7
ISO3098
 72
1
 11
1958.0
 21
618.0
 31
0.0
100
AcDbText
 73
2
  0
LWPOLYLINE
  5
935
330
17
100
AcDbEntity
  8
A-EQUIPO-FINO
100
AcDbPolyline
 90
4
 70
1
 10
1953.0
 20
600.0
 10
1959.0
 20
600.0
 10
1959.0
 20
604.0
 10
1953.0
 20
604.0
  0
TEXT
  5
936
330
17
100
AcDbEntity
  8
A-TEXTO
100
AcDbText
 10
1956.0
 20
602.0
 30
0.0
 40
1.2
  1
A03
  7
ISO3098
 72
1
 11
1956.0
 21
602.0
 31
0.0
100
AcDbText
 73
2
  0
LWPOLYLINE
  5
937
330
17
100
AcDbEntity
  8
A-EQUIPO-FINO
100
AcDbPolyline
 90
4
 70
1
 10
1953.0
 20
588.0
 10
1959.0
 20
588.0
 10
1959.0
 20
593.0
 10
1953.0
 20
593.0
  0
TEXT
  5
938
330
17
100
AcDbEntity
  8
A-TEXTO
100
AcDbText
 10
1956.0
 20
590.5
 30
0.0
 40
1.2
  1
A04
  7
ISO3098
 72
1
 11
1956.0
 21
590.5
 31
0.0
100
AcDbText
 73
2
  0
LWPOLYLINE
  5
939
330
17
100
AcDbEntity
  8
A-EQUIPO-FINO
100
AcDbPolyline
 90
4
 70
1
 10
1953.0
 20
578.0
 10
1959.0
 20
578.0
 10
1959.0
 20
583.0
 10
1953.0
 20
583.0
  0
TEXT
  5
93A
330
17
100
AcDbEntity
  8
A-TEXTO
100
AcDbText
 10
1956.0
 20
580.5
 30
0.0
 40
1.2
  1
A05
  7
ISO3098
 72
1
 11
1956.0
 21
580.5
 31
0.0
100
AcDbText
 73
2
  0
LWPOLYLINE
  5
93B
330
17
100
AcDbEntity
  8
A-EQUIPO-FINO
100
AcDbPolyline
 90
4
 70
1
 10
1953.0
 20
538.0
 10
1960.0
 20
538.0
 10
1960.0
 20
573.0
 10
1953.0
 20
573.0
  0
LINE
  5
93C
330
17
100
AcDbEntity
  8
A-EQUIPO-FINO
100
AcDbLine
 10
1953.0
 20
538.0
 30
0.0
 11
1960.0
 21
573.0
 31
0.0
  0
LINE
  5
93D
330
17
100
AcDbEntity
  8
A-EQUIPO-FINO
100
AcDbLine
 10
1953.0
 20
573.0
 30
0.0
 11
1960.0
 21
538.0
 31
0.0
  0
TEXT
  5
93E
330
17
100
AcDbEntity
  8
A-TEXTO
100
AcDbText
 10
1956.5
 20
555.5
 30
0.0
 40
1.2
  1
A09
 50
90.0
  7
ISO3098
 72
1
 11
1956.5
 21
555.5
 31
0.0
100
AcDbText
 73
2
  0
LWPOLYLINE
  5
93F
330
17
100
AcDbEntity
  8
A-EQUIPO-FINO
100
AcDbPolyline
 90
4
 70
1
 10
1998.5
 20
539.0
 10
2006.5
 20
539.0
 10
2006.5
 20
549.0
 10
1998.5
 20
549.0
  0
TEXT
  5
940
330
17
100
AcDbEntity
  8
A-TEXTO
100
AcDbText
 10
2002.5
 20
544.0
 30
0.0
 40
1.2
  1
A06
  7
ISO3098
 72
1
 11
2002.5
 21
544.0
 31
0.0
100
AcDbText
 73
2
  0
LWPOLYLINE
  5
941
330
17
100
AcDbEntity
  8
A-EQUIPO-FINO
100
AcDbPolyline
 90
4
 70
1
 10
1998.5
 20
553.0
 10
2006.0
 20
553.0
 10
2006.0
 20
568.0
 10
1998.5
 20
568.0
  0
TEXT
  5
942
330
17
100
AcDbEntity
  8
A-TEXTO
100
AcDbText
 10
2002.25
 20
560.5
 30
0.0
 40
1.2
  1
A07
 50
90.0
  7
ISO3098
 72
1
 11
2002.25
 21
560.5
 31
0.0
100
AcDbText
 73
2
  0
LWPOLYLINE
  5
943
330
17
100
AcDbEntity
  8
A-EQUIPO-FINO
100
AcDbPolyline
 90
4
 70
1
 10
1998.0
 20
571.0
 10
2007.0
 20
571.0
 10
2007.0
 20
600.0
 10
1998.0
 20
600.0
  0
LINE
  5
944
330
17
100
AcDbEntity
  8
A-EQUIPO-FINO
100
AcDbLine
 10
1998.0
 20
571.0
 30
0.0
 11
2007.0
 21
600.0
 31
0.0
  0
LINE
  5
945
330
17
100
AcDbEntity
  8
A-EQUIPO-FINO
100
AcDbLine
 10
1998.0
 20
600.0
 30
0.0
 11
2007.0
 21
571.0
 31
0.0
  0
TEXT
  5
946
330
17
100
AcDbEntity
  8
A-TEXTO
100
AcDbText
 10
2002.5
 20
585.5
 30
0.0
 40
1.2
  1
A10
 50
90.0
  7
ISO3098
 72
1
 11
2002.5
 21
585.5
 31
0.0
100
AcDbText
 73
2
  0
LWPOLYLINE
  5
947
330
17
100
AcDbEntity
  8
A-EQUIPO-FINO
100
AcDbPolyline
 90
4
 70
1
 10
1998.0
 20
605.0
 10
2007.0
 20
605.0
 10
2007.0
 20
627.5
 10
1998.0
 20
627.5
  0
LINE
  5
948
330
17
100
AcDbEntity
  8
A-EQUIPO-FINO
100
AcDbLine
 10
1998.0
 20
605.0
 30
0.0
 11
2007.0
 21
627.5
 31
0.0
  0
LINE
  5
949
330
17
100
AcDbEntity
  8
A-EQUIPO-FINO
100
AcDbLine
 10
1998.0
 20
627.5
 30
0.0
 11
2007.0
 21
605.0
 31
0.0
  0
TEXT
  5
94A
330
17
100
AcDbEntity
  8
A-TEXTO
100
AcDbText
 10
2002.5
 20
616.25
 30
0.0
 40
1.2
  1
A08
 50
90.0
  7
ISO3098
 72
1
 11
2002.5
 21
616.25
 31
0.0
100
AcDbText
 73
2
  0
LWPOLYLINE
  5
94B
330
17
100
AcDbEntity
  8
A-EQUIPO-FINO
100
AcDbPolyline
 90
4
 70
1
 10
2016.0
 20
611.0
 10
2028.0
 20
611.0
 10
2028.0
 20
627.5
 10
2016.0
 20
627.5
  0
LINE
  5
94C
330
17
100
AcDbEntity
  8
A-EQUIPO-FINO
100
AcDbLine
 10
2016.0
 20
611.0
 30
0.0
 11
2028.0
 21
627.5
 31
0.0
  0
LINE
  5
94D
330
17
100
AcDbEntity
  8
A-EQUIPO-FINO
100
AcDbLine
 10
2016.0
 20
627.5
 30
0.0
 11
2028.0
 21
611.0
 31
0.0
  0
TEXT
  5
94E
330
17
100
AcDbEntity
  8
A-TEXTO
100
AcDbText
 10
2022.0
 20
619.25
 30
0.0
 40
1.2
  1
B00
  7
ISO3098
 72
1
 11
2022.0
 21
619.25
 31
0.0
100
AcDbText
 73
2
  0
LWPOLYLINE
  5
94F
330
17
100
AcDbEntity
  8
A-EQUIPO-FINO
100
AcDbPolyline
 90
4
 70
1
 10
2017.0
 20
603.0
 10
2023.0
 20
603.0
 10
2023.0
 20
607.0
 10
2017.0
 20
607.0
  0
TEXT
  5
950
330
17
100
AcDbEntity
  8
A-TEXTO
100
AcDbText
 10
2020.0
 20
605.0
 30
0.0
 40
1.2
  1
B01
  7
ISO3098
 72
1
 11
2020.0
 21
605.0
 31
0.0
100
AcDbText
 73
2
  0
LWPOLYLINE
  5
951
330
17
100
AcDbEntity
  8
A-EQUIPO-FINO
100
AcDbPolyline
 90
4
 70
1
 10
2018.0
 20
589.0
 10
2022.0
 20
589.0
 10
2022.0
 20
597.5
 10
2018.0
 20
597.5
  0
TEXT
  5
952
330
17
100
AcDbEntity
  8
A-TEXTO
100
AcDbText
 10
2020.0
 20
593.25
 30
0.0
 40
1.2
  1
B02
 50
90.0
  7
ISO3098
 72
1
 11
2020.0
 21
593.25
 31
0.0
100
AcDbText
 73
2
  0
LWPOLYLINE
  5
953
330
17
100
AcDbEntity
  8
A-EQUIPO-FINO
100
AcDbPolyline
 90
4
 70
1
 10
2016.0
 20
573.0
 10
2024.0
 20
573.0
 10
2024.0
 20
584.0
 10
2016.0
 20
584.0
  0
TEXT
  5
954
330
17
100
AcDbEntity
  8
A-TEXTO
100
AcDbText
 10
2020.0
 20
578.5
 30
0.0
 40
1.2
  1
B03
  7
ISO3098
 72
1
 11
2020.0
 21
578.5
 31
0.0
100
AcDbText
 73
2
  0
LWPOLYLINE
  5
955
330
17
100
AcDbEntity
  8
A-EQUIPO-FINO
100
AcDbPolyline
 90
4
 70
1
 10
2017.0
 20
562.0
 10
2023.0
 20
562.0
 10
2023.0
 20
566.5
 10
2017.0
 20
566.5
  0
TEXT
  5
956
330
17
100
AcDbEntity
  8
A-TEXTO
100
AcDbText
 10
2020.0
 20
564.25
 30
0.0
 40
1.2
  1
B04
  7
ISO3098
 72
1
 11
2020.0
 21
564.25
 31
0.0
100
AcDbText
 73
2
  0
LWPOLYLINE
  5
957
330
17
100
AcDbEntity
  8
A-EQUIPO-FINO
100
AcDbPolyline
 90
4
 70
1
 10
2017.0
 20
552.0
 10
2023.0
 20
552.0
 10
2023.0
 20
557.0
 10
2017.0
 20
557.0
  0
TEXT
  5
958
330
17
100
AcDbEntity
  8
A-TEXTO
100
AcDbText
 10
2020.0
 20
554.5
 30
0.0
 40
1.2
  1
B05
  7
ISO3098
 72
1
 11
2020.0
 21
554.5
 31
0.0
100
AcDbText
 73
2
  0
LWPOLYLINE
  5
959
330
17
100
AcDbEntity
  8
A-EQUIPO-FINO
100
AcDbPolyline
 90
4
 70
1
 10
2016.0
 20
536.0
 10
2024.0
 20
536.0
 10
2024.0
 20
547.0
 10
2016.0
 20
547.0
  0
TEXT
  5
95A
330
17
100
AcDbEntity
  8
A-TEXTO
100
AcDbText
 10
2020.0
 20
541.5
 30
0.0
 40
1.2
  1
B06
  7
ISO3098
 72
1
 11
2020.0
 21
541.5
 31
0.0
100
AcDbText
 73
2
  0
LWPOLYLINE
  5
95B
330
17
100
AcDbEntity
  8
A-EQUIPO-FINO
100
AcDbPolyline
 90
4
 70
1
 10
2031.0
 20
532.0
 10
2046.0
 20
532.0
 10
2046.0
 20
539.5
 10
2031.0
 20
539.5
  0
TEXT
  5
95C
330
17
100
AcDbEntity
  8
A-TEXTO
100
AcDbText
 10
2038.5
 20
535.75
 30
0.0
 40
1.2
  1
B07
  7
ISO3098
 72
1
 11
2038.5
 21
535.75
 31
0.0
100
AcDbText
 73
2
  0
LWPOLYLINE
  5
95D
330
17
100
AcDbEntity
  8
A-EQUIPO-FINO
100
AcDbPolyline
 90
4
 70
1
 10
2028.0
 20
549.0
 10
2034.0
 20
549.0
 10
2034.0
 20
565.0
 10
2028.0
 20
565.0
  0
LINE
  5
95E
330
17
100
AcDbEntity
  8
A-EQUIPO-FINO
100
AcDbLine
 10
2028.0
 20
549.0
 30
0.0
 11
2034.0
 21
565.0
 31
0.0
  0
LINE
  5
95F
330
17
100
AcDbEntity
  8
A-EQUIPO-FINO
100
AcDbLine
 10
2028.0
 20
565.0
 30
0.0
 11
2034.0
 21
549.0
 31
0.0
  0
TEXT
  5
960
330
17
100
AcDbEntity
  8
A-TEXTO
100
AcDbText
 10
2031.0
 20
557.0
 30
0.0
 40
1.2
  1
B12
 50
90.0
  7
ISO3098
 72
1
 11
2031.0
 21
557.0
 31
0.0
100
AcDbText
 73
2
  0
LWPOLYLINE
  5
961
330
17
100
AcDbEntity
  8
A-EQUIPO-FINO
100
AcDbPolyline
 90
4
 70
1
 10
2064.0
 20
537.0
 10
2070.5
 20
537.0
 10
2070.5
 20
559.5
 10
2064.0
 20
559.5
  0
TEXT
  5
962
330
17
100
AcDbEntity
  8
A-TEXTO
100
AcDbText
 10
2067.25
 20
548.25
 30
0.0
 40
1.2
  1
B08
 50
90.0
  7
ISO3098
 72
1
 11
2067.25
 21
548.25
 31
0.0
100
AcDbText
 73
2
  0
LWPOLYLINE
  5
963
330
17
100
AcDbEntity
  8
A-EQUIPO-FINO
100
AcDbPolyline
 90
4
 70
1
 10
2056.0
 20
538.0
 10
2062.5
 20
538.0
 10
2062.5
 20
545.0
 10
2056.0
 20
545.0
  0
TEXT
  5
964
330
17
100
AcDbEntity
  8
A-TEXTO
100
AcDbText
 10
2059.25
 20
541.5
 30
0.0
 40
1.2
  1
B13
  7
ISO3098
 72
1
 11
2059.25
 21
541.5
 31
0.0
100
AcDbText
 73
2
  0
LWPOLYLINE
  5
965
330
17
100
AcDbEntity
  8
A-EQUIPO-FINO
100
AcDbPolyline
 90
4
 70
1
 10
2061.0
 20
567.0
 10
2072.0
 20
567.0
 10
2072.0
 20
573.0
 10
2061.0
 20
573.0
  0
TEXT
  5
966
330
17
100
AcDbEntity
  8
A-TEXTO
100
AcDbText
 10
2066.5
 20
570.0
 30
0.0
 40
1.2
  1
B09
  7
ISO3098
 72
1
 11
2066.5
 21
570.0
 31
0.0
100
AcDbText
 73
2
  0
LWPOLYLINE
  5
967
330
17
100
AcDbEntity
  8
A-EQUIPO-FINO
100
AcDbPolyline
 90
4
 70
1
 10
2061.0
 20
579.0
 10
2072.0
 20
579.0
 10
2072.0
 20
586.5
 10
2061.0
 20
586.5
  0
TEXT
  5
968
330
17
100
AcDbEntity
  8
A-TEXTO
100
AcDbText
 10
2066.5
 20
582.75
 30
0.0
 40
1.2
  1
B10
  7
ISO3098
 72
1
 11
2066.5
 21
582.75
 31
0.0
100
AcDbText
 73
2
  0
LWPOLYLINE
  5
969
330
17
100
AcDbEntity
  8
A-EQUIPO-FINO
100
AcDbPolyline
 90
4
 70
1
 10
2056.0
 20
605.0
 10
2072.0
 20
605.0
 10
2072.0
 20
627.5
 10
2056.0
 20
627.5
  0
LINE
  5
96A
330
17
100
AcDbEntity
  8
A-EQUIPO-FINO
100
AcDbLine
 10
2056.0
 20
605.0
 30
0.0
 11
2072.0
 21
627.5
 31
0.0
  0
LINE
  5
96B
330
17
100
AcDbEntity
  8
A-EQUIPO-FINO
100
AcDbLine
 10
2056.0
 20
627.5
 30
0.0
 11
2072.0
 21
605.0
 31
0.0
  0
TEXT
  5
96C
330
17
100
AcDbEntity
  8
A-TEXTO
100
AcDbText
 10
2064.0
 20
616.25
 30
0.0
 40
1.2
  1
B11
  7
ISO3098
 72
1
 11
2064.0
 21
616.25
 31
0.0
100
AcDbText
 73
2
  0
LWPOLYLINE
  5
96D
330
17
100
AcDbEntity
  8
A-EQUIPO-FINO
100
AcDbPolyline
 90
4
 70
1
 10
2086.0
 20
594.0
 10
2111.0
 20
594.0
 10
2111.0
 20
627.0
 10
2086.0
 20
627.0
  0
TEXT
  5
96E
330
17
100
AcDbEntity
  8
A-TEXTO
100
AcDbText
 10
2098.5
 20
610.5
 30
0.0
 40
1.2
  1
P01
  7
ISO3098
 72
1
 11
2098.5
 21
610.5
 31
0.0
100
AcDbText
 73
2
  0
LWPOLYLINE
  5
96F
330
17
100
AcDbEntity
  8
A-EQUIPO-FINO
100
AcDbPolyline
 90
4
 70
1
 10
2087.0
 20
546.0
 10
2098.0
 20
546.0
 10
2098.0
 20
588.0
 10
2087.0
 20
588.0
  0
TEXT
  5
970
330
17
100
AcDbEntity
  8
A-TEXTO
100
AcDbText
 10
2092.5
 20
567.0
 30
0.0
 40
1.2
  1
P02
 50
90.0
  7
ISO3098
 72
1
 11
2092.5
 21
567.0
 31
0.0
100
AcDbText
 73
2
  0
LWPOLYLINE
  5
971
330
17
100
AcDbEntity
  8
A-EQUIPO-FINO
100
AcDbPolyline
 90
4
 70
1
 10
2086.5
 20
510.0
 10
2098.7
 20
510.0
 10
2098.7
 20
540.0
 10
2086.5
 20
540.0
  0
TEXT
  5
972
330
17
100
AcDbEntity
  8
A-TEXTO
100
AcDbText
 10
2092.6
 20
525.0
 30
0.0
 40
1.2
  1
P03
 50
90.0
  7
ISO3098
 72
1
 11
2092.6
 21
525.0
 31
0.0
100
AcDbText
 73
2
  0
LWPOLYLINE
  5
973
330
17
100
AcDbEntity
  8
A-EQUIPO-FINO
100
AcDbPolyline
 90
4
 70
1
 10
2112.0
 20
489.0
 10
2122.0
 20
489.0
 10
2122.0
 20
496.5
 10
2112.0
 20
496.5
  0
TEXT
  5
974
330
17
100
AcDbEntity
  8
A-TEXTO
100
AcDbText
 10
2117.0
 20
492.75
 30
0.0
 40
1.2
  1
P04
  7
ISO3098
 72
1
 11
2117.0
 21
492.75
 31
0.0
100
AcDbText
 73
2
  0
LWPOLYLINE
  5
975
330
17
100
AcDbEntity
  8
A-EQUIPO-FINO
100
AcDbPolyline
 90
4
 70
1
 10
2125.0
 20
488.0
 10
2138.0
 20
488.0
 10
2138.0
 20
494.0
 10
2125.0
 20
494.0
  0
TEXT
  5
976
330
17
100
AcDbEntity
  8
A-TEXTO
100
AcDbText
 10
2131.5
 20
491.0
 30
0.0
 40
1.2
  1
P05
  7
ISO3098
 72
1
 11
2131.5
 21
491.0
 31
0.0
100
AcDbText
 73
2
  0
LWPOLYLINE
  5
977
330
17
100
AcDbEntity
  8
A-EQUIPO-FINO
100
AcDbPolyline
 90
4
 70
1
 10
2150.0
 20
510.0
 10
2162.2
 20
510.0
 10
2162.2
 20
540.0
 10
2150.0
 20
540.0
  0
TEXT
  5
978
330
17
100
AcDbEntity
  8
A-TEXTO
100
AcDbText
 10
2156.1
 20
525.0
 30
0.0
 40
1.2
  1
P06
 50
90.0
  7
ISO3098
 72
1
 11
2156.1
 21
525.0
 31
0.0
100
AcDbText
 73
2
  0
LWPOLYLINE
  5
979
330
17
100
AcDbEntity
  8
A-EQUIPO-FINO
100
AcDbPolyline
 90
4
 70
1
 10
2150.0
 20
546.0
 10
2162.2
 20
546.0
 10
2162.2
 20
588.0
 10
2150.0
 20
588.0
  0
TEXT
  5
97A
330
17
100
AcDbEntity
  8
A-TEXTO
100
AcDbText
 10
2156.1
 20
567.0
 30
0.0
 40
1.2
  1
P07
 50
90.0
  7
ISO3098
 72
1
 11
2156.1
 21
567.0
 31
0.0
100
AcDbText
 73
2
  0
LWPOLYLINE
  5
97B
330
17
100
AcDbEntity
  8
A-EQUIPO-FINO
100
AcDbPolyline
 90
4
 70
1
 10
2136.0
 20
594.0
 10
2163.0
 20
594.0
 10
2163.0
 20
627.0
 10
2136.0
 20
627.0
  0
TEXT
  5
97C
330
17
100
AcDbEntity
  8
A-TEXTO
100
AcDbText
 10
2149.5
 20
610.5
 30
0.0
 40
1.2
  1
P08
  7
ISO3098
 72
1
 11
2149.5
 21
610.5
 31
0.0
100
AcDbText
 73
2
  0
LWPOLYLINE
  5
97D
330
17
100
AcDbEntity
  8
A-EQUIPO-FINO
100
AcDbPolyline
 90
4
 70
1
 10
2118.0
 20
562.0
 10
2130.0
 20
562.0
 10
2130.0
 20
570.0
 10
2118.0
 20
570.0
  0
TEXT
  5
97E
330
17
100
AcDbEntity
  8
A-TEXTO
100
AcDbText
 10
2124.0
 20
566.0
 30
0.0
 40
1.2
  1
P09
  7
ISO3098
 72
1
 11
2124.0
 21
566.0
 31
0.0
100
AcDbText
 73
2
  0
LWPOLYLINE
  5
97F
330
17
100
AcDbEntity
  8
A-EQUIPO-FINO
100
AcDbPolyline
 90
4
 70
1
 10
2186.0
 20
598.0
 10
2203.0
 20
598.0
 10
2203.0
 20
613.0
 10
2186.0
 20
613.0
  0
TEXT
  5
980
330
17
100
AcDbEntity
  8
A-TEXTO
100
AcDbText
 10
2194.5
 20
605.5
 30
0.0
 40
1.2
  1
T01
  7
ISO3098
 72
1
 11
2194.5
 21
605.5
 31
0.0
100
AcDbText
 73
2
  0
LWPOLYLINE
  5
981
330
17
100
AcDbEntity
  8
A-EQUIPO-FINO
100
AcDbPolyline
 90
4
 70
1
 10
2173.0
 20
584.5
 10
2185.0
 20
584.5
 10
2185.0
 20
590.5
 10
2173.0
 20
590.5
  0
TEXT
  5
982
330
17
100
AcDbEntity
  8
A-TEXTO
100
AcDbText
 10
2179.0
 20
587.5
 30
0.0
 40
1.2
  1
T15
  7
ISO3098
 72
1
 11
2179.0
 21
587.5
 31
0.0
100
AcDbText
 73
2
  0
LWPOLYLINE
  5
983
330
17
100
AcDbEntity
  8
A-EQUIPO-FINO
100
AcDbPolyline
 90
4
 70
1
 10
2210.0
 20
605.0
 10
2220.0
 20
605.0
 10
2220.0
 20
610.0
 10
2210.0
 20
610.0
  0
TEXT
  5
984
330
17
100
AcDbEntity
  8
A-TEXTO
100
AcDbText
 10
2215.0
 20
607.5
 30
0.0
 40
1.2
  1
T03
  7
ISO3098
 72
1
 11
2215.0
 21
607.5
 31
0.0
100
AcDbText
 73
2
  0
LWPOLYLINE
  5
985
330
17
100
AcDbEntity
  8
A-EQUIPO-FINO
100
AcDbPolyline
 90
4
 70
1
 10
2210.0
 20
595.0
 10
2220.0
 20
595.0
 10
2220.0
 20
600.0
 10
2210.0
 20
600.0
  0
TEXT
  5
986
330
17
100
AcDbEntity
  8
A-TEXTO
100
AcDbText
 10
2215.0
 20
597.5
 30
0.0
 40
1.2
  1
T04
  7
ISO3098
 72
1
 11
2215.0
 21
597.5
 31
0.0
100
AcDbText
 73
2
  0
LWPOLYLINE
  5
987
330
17
100
AcDbEntity
  8
A-EQUIPO-FINO
100
AcDbPolyline
 90
4
 70
1
 10
2224.0
 20
600.0
 10
2231.5
 20
600.0
 10
2231.5
 20
605.0
 10
2224.0
 20
605.0
  0
TEXT
  5
988
330
17
100
AcDbEntity
  8
A-TEXTO
100
AcDbText
 10
2227.75
 20
602.5
 30
0.0
 40
1.2
  1
T05
  7
ISO3098
 72
1
 11
2227.75
 21
602.5
 31
0.0
100
AcDbText
 73
2
  0
LWPOLYLINE
  5
989
330
17
100
AcDbEntity
  8
A-EQUIPO-FINO
100
AcDbPolyline
 90
4
 70
1
 10
2234.0
 20
600.0
 10
2241.5
 20
600.0
 10
2241.5
 20
605.0
 10
2234.0
 20
605.0
  0
TEXT
  5
98A
330
17
100
AcDbEntity
  8
A-TEXTO
100
AcDbText
 10
2237.75
 20
602.5
 30
0.0
 40
1.2
  1
T06
  7
ISO3098
 72
1
 11
2237.75
 21
602.5
 31
0.0
100
AcDbText
 73
2
  0
LWPOLYLINE
  5
98B
330
17
100
AcDbEntity
  8
A-EQUIPO-FINO
100
AcDbPolyline
 90
4
 70
1
 10
2244.0
 20
600.5
 10
2251.5
 20
600.5
 10
2251.5
 20
604.5
 10
2244.0
 20
604.5
  0
TEXT
  5
98C
330
17
100
AcDbEntity
  8
A-TEXTO
100
AcDbText
 10
2247.75
 20
602.5
 30
0.0
 40
1.2
  1
T07
  7
ISO3098
 72
1
 11
2247.75
 21
602.5
 31
0.0
100
AcDbText
 73
2
  0
LWPOLYLINE
  5
98D
330
17
100
AcDbEntity
  8
A-EQUIPO-FINO
100
AcDbPolyline
 90
4
 70
1
 10
2253.5
 20
606.0
 10
2263.5
 20
606.0
 10
2263.5
 20
613.5
 10
2253.5
 20
613.5
  0
TEXT
  5
98E
330
17
100
AcDbEntity
  8
A-TEXTO
100
AcDbText
 10
2258.5
 20
609.75
 30
0.0
 40
1.2
  1
T08
  7
ISO3098
 72
1
 11
2258.5
 21
609.75
 31
0.0
100
AcDbText
 73
2
  0
LWPOLYLINE
  5
98F
330
17
100
AcDbEntity
  8
A-EQUIPO-FINO
100
AcDbPolyline
 90
4
 70
1
 10
2253.5
 20
593.0
 10
2263.5
 20
593.0
 10
2263.5
 20
600.5
 10
2253.5
 20
600.5
  0
TEXT
  5
990
330
17
100
AcDbEntity
  8
A-TEXTO
100
AcDbText
 10
2258.5
 20
596.75
 30
0.0
 40
1.2
  1
T09
  7
ISO3098
 72
1
 11
2258.5
 21
596.75
 31
0.0
100
AcDbText
 73
2
  0
LWPOLYLINE
  5
991
330
17
100
AcDbEntity
  8
A-EQUIPO-FINO
100
AcDbPolyline
 90
4
 70
1
 10
2253.5
 20
615.0
 10
2263.5
 20
615.0
 10
2263.5
 20
622.5
 10
2253.5
 20
622.5
  0
TEXT
  5
992
330
17
100
AcDbEntity
  8
A-TEXTO
100
AcDbText
 10
2258.5
 20
618.75
 30
0.0
 40
1.2
  1
T10
  7
ISO3098
 72
1
 11
2258.5
 21
618.75
 31
0.0
100
AcDbText
 73
2
  0
LWPOLYLINE
  5
993
330
17
100
AcDbEntity
  8
A-EQUIPO-FINO
100
AcDbPolyline
 90
4
 70
1
 10
2266.0
 20
604.0
 10
2273.5
 20
604.0
 10
2273.5
 20
619.0
 10
2266.0
 20
619.0
  0
TEXT
  5
994
330
17
100
AcDbEntity
  8
A-TEXTO
100
AcDbText
 10
2269.75
 20
611.5
 30
0.0
 40
1.2
  1
T11
 50
90.0
  7
ISO3098
 72
1
 11
2269.75
 21
611.5
 31
0.0
100
AcDbText
 73
2
  0
LWPOLYLINE
  5
995
330
17
100
AcDbEntity
  8
A-EQUIPO-FINO
100
AcDbPolyline
 90
4
 70
1
 10
2291.5
 20
565.0
 10
2297.0
 20
565.0
 10
2297.0
 20
646.0
 10
2291.5
 20
646.0
  0
LINE
  5
996
330
17
100
AcDbEntity
  8
A-EQUIPO-FINO
100
AcDbLine
 10
2291.5
 20
565.0
 30
0.0
 11
2297.0
 21
646.0
 31
0.0
  0
LINE
  5
997
330
17
100
AcDbEntity
  8
A-EQUIPO-FINO
100
AcDbLine
 10
2291.5
 20
646.0
 30
0.0
 11
2297.0
 21
565.0
 31
0.0
  0
TEXT
  5
998
330
17
100
AcDbEntity
  8
A-TEXTO
100
AcDbText
 10
2294.25
 20
605.5
 30
0.0
 40
1.2
  1
RK1
 50
90.0
  7
ISO3098
 72
1
 11
2294.25
 21
605.5
 31
0.0
100
AcDbText
 73
2
  0
LWPOLYLINE
  5
999
330
17
100
AcDbEntity
  8
A-EQUIPO-FINO
100
AcDbPolyline
 90
4
 70
1
 10
2297.0
 20
565.0
 10
2302.5
 20
565.0
 10
2302.5
 20
646.0
 10
2297.0
 20
646.0
  0
LINE
  5
99A
330
17
100
AcDbEntity
  8
A-EQUIPO-FINO
100
AcDbLine
 10
2297.0
 20
565.0
 30
0.0
 11
2302.5
 21
646.0
 31
0.0
  0
LINE
  5
99B
330
17
100
AcDbEntity
  8
A-EQUIPO-FINO
100
AcDbLine
 10
2297.0
 20
646.0
 30
0.0
 11
2302.5
 21
565.0
 31
0.0
  0
TEXT
  5
99C
330
17
100
AcDbEntity
  8
A-TEXTO
100
AcDbText
 10
2299.75
 20
605.5
 30
0.0
 40
1.2
  1
RK2
 50
90.0
  7
ISO3098
 72
1
 11
2299.75
 21
605.5
 31
0.0
100
AcDbText
 73
2
  0
LWPOLYLINE
  5
99D
330
17
100
AcDbEntity
  8
A-EQUIPO-FINO
100
AcDbPolyline
 90
4
 70
1
 10
2174.0
 20
511.0
 10
2189.0
 20
511.0
 10
2189.0
 20
524.0
 10
2174.0
 20
524.0
  0
TEXT
  5
99E
330
17
100
AcDbEntity
  8
A-TEXTO
100
AcDbText
 10
2181.5
 20
517.5
 30
0.0
 40
1.2
  1
T02
  7
ISO3098
 72
1
 11
2181.5
 21
517.5
 31
0.0
100
AcDbText
 73
2
  0
LWPOLYLINE
  5
99F
330
17
100
AcDbEntity
  8
A-EQUIPO-FINO
100
AcDbPolyline
 90
4
 70
1
 10
2174.0
 20
488.0
 10
2192.0
 20
488.0
 10
2192.0
 20
503.0
 10
2174.0
 20
503.0
  0
TEXT
  5
9A0
330
17
100
AcDbEntity
  8
A-TEXTO
100
AcDbText
 10
2183.0
 20
495.5
 30
0.0
 40
1.2
  1
Q01
  7
ISO3098
 72
1
 11
2183.0
 21
495.5
 31
0.0
100
AcDbText
 73
2
  0
LWPOLYLINE
  5
9A1
330
17
100
AcDbEntity
  8
A-EQUIPO-FINO
100
AcDbPolyline
 90
4
 70
1
 10
2209.0
 20
495.0
 10
2224.0
 20
495.0
 10
2224.0
 20
506.0
 10
2209.0
 20
506.0
  0
TEXT
  5
9A2
330
17
100
AcDbEntity
  8
A-TEXTO
100
AcDbText
 10
2216.5
 20
500.5
 30
0.0
 40
1.2
  1
T12
  7
ISO3098
 72
1
 11
2216.5
 21
500.5
 31
0.0
100
AcDbText
 73
2
  0
LWPOLYLINE
  5
9A3
330
17
100
AcDbEntity
  8
A-EQUIPO-FINO
100
AcDbPolyline
 90
4
 70
1
 10
2232.0
 20
495.0
 10
2245.0
 20
495.0
 10
2245.0
 20
506.0
 10
2232.0
 20
506.0
  0
TEXT
  5
9A4
330
17
100
AcDbEntity
  8
A-TEXTO
100
AcDbText
 10
2238.5
 20
500.5
 30
0.0
 40
1.2
  1
T13
  7
ISO3098
 72
1
 11
2238.5
 21
500.5
 31
0.0
100
AcDbText
 73
2
  0
LWPOLYLINE
  5
9A5
330
17
100
AcDbEntity
  8
A-EQUIPO-FINO
100
AcDbPolyline
 90
4
 70
1
 10
2249.0
 20
502.0
 10
2264.0
 20
502.0
 10
2264.0
 20
513.0
 10
2249.0
 20
513.0
  0
LINE
  5
9A6
330
17
100
AcDbEntity
  8
A-EQUIPO-FINO
100
AcDbLine
 10
2249.0
 20
502.0
 30
0.0
 11
2264.0
 21
513.0
 31
0.0
  0
LINE
  5
9A7
330
17
100
AcDbEntity
  8
A-EQUIPO-FINO
100
AcDbLine
 10
2249.0
 20
513.0
 30
0.0
 11
2264.0
 21
502.0
 31
0.0
  0
TEXT
  5
9A8
330
17
100
AcDbEntity
  8
A-TEXTO
100
AcDbText
 10
2256.5
 20
507.5
 30
0.0
 40
1.2
  1
T14
  7
ISO3098
 72
1
 11
2256.5
 21
507.5
 31
0.0
100
AcDbText
 73
2
  0
HATCH
  5
9A9
330
17
100
AcDbEntity
  8
A-MURO
 62
7
420
4605510
100
AcDbHatch
 10
0.0
 20
0.0
 30
0.0
210
0.0
220
0.0
230
1.0
  2
SOLID
 70
1
 71
0
 91
1
 92
3
 72
0
 73
1
 93
6
 10
1844.0
 20
471.0
 10
1844.0
 20
470.0
 10
1742.0
 20
470.0
 10
1742.0
 20
492.0
 10
1743.0
 20
492.0
 10
1743.0
 20
471.0
 97
0
 75
1
 76
1
 98
0
  0
LWPOLYLINE
  5
9AA
330
17
100
AcDbEntity
  8
A-MURO
100
AcDbPolyline
 90
6
 70
1
 10
1844.0
 20
471.0
 10
1844.0
 20
470.0
 10
1742.0
 20
470.0
 10
1742.0
 20
492.0
 10
1743.0
 20
492.0
 10
1743.0
 20
471.0
  0
HATCH
  5
9AB
330
17
100
AcDbEntity
  8
A-MURO
 62
7
420
4605510
100
AcDbHatch
 10
0.0
 20
0.0
 30
0.0
210
0.0
220
0.0
230
1.0
  2
SOLID
 70
1
 71
0
 91
1
 92
3
 72
0
 73
1
 93
4
 10
1742.0
 20
512.0
 10
1742.0
 20
523.0
 10
1743.0
 20
523.0
 10
1743.0
 20
512.0
 97
0
 75
1
 76
1
 98
0
  0
LWPOLYLINE
  5
9AC
330
17
100
AcDbEntity
  8
A-MURO
100
AcDbPolyline
 90
4
 70
1
 10
1742.0
 20
512.0
 10
1742.0
 20
523.0
 10
1743.0
 20
523.0
 10
1743.0
 20
512.0
  0
HATCH
  5
9AD
330
17
100
AcDbEntity
  8
A-MURO
 62
7
420
4605510
100
AcDbHatch
 10
0.0
 20
0.0
 30
0.0
210
0.0
220
0.0
230
1.0
  2
SOLID
 70
1
 71
0
 91
1
 92
3
 72
0
 73
1
 93
4
 10
1742.0
 20
539.0
 10
1742.0
 20
544.0
 10
1743.0
 20
544.0
 10
1743.0
 20
539.0
 97
0
 75
1
 76
1
 98
0
  0
LWPOLYLINE
  5
9AE
330
17
100
AcDbEntity
  8
A-MURO
100
AcDbPolyline
 90
4
 70
1
 10
1742.0
 20
539.0
 10
1742.0
 20
544.0
 10
1743.0
 20
544.0
 10
1743.0
 20
539.0
  0
HATCH
  5
9AF
330
17
100
AcDbEntity
  8
A-MURO
 62
7
420
4605510
100
AcDbHatch
 10
0.0
 20
0.0
 30
0.0
210
0.0
220
0.0
230
1.0
  2
SOLID
 70
1
 71
0
 91
1
 92
3
 72
0
 73
1
 93
4
 10
1742.0
 20
562.0
 10
1742.0
 20
574.5
 10
1743.0
 20
574.5
 10
1743.0
 20
562.0
 97
0
 75
1
 76
1
 98
0
  0
LWPOLYLINE
  5
9B0
330
17
100
AcDbEntity
  8
A-MURO
100
AcDbPolyline
 90
4
 70
1
 10
1742.0
 20
562.0
 10
1742.0
 20
574.5
 10
1743.0
 20
574.5
 10
1743.0
 20
562.0
  0
HATCH
  5
9B1
330
17
100
AcDbEntity
  8
A-MURO
 62
7
420
4605510
100
AcDbHatch
 10
0.0
 20
0.0
 30
0.0
210
0.0
220
0.0
230
1.0
  2
SOLID
 70
1
 71
0
 91
1
 92
3
 72
0
 73
1
 93
6
 10
1743.0
 20
653.0
 10
1743.0
 20
580.0
 10
1742.0
 20
580.0
 10
1742.0
 20
654.0
 10
1764.0
 20
654.0
 10
1764.0
 20
653.0
 97
0
 75
1
 76
1
 98
0
  0
LWPOLYLINE
  5
9B2
330
17
100
AcDbEntity
  8
A-MURO
100
AcDbPolyline
 90
6
 70
1
 10
1743.0
 20
653.0
 10
1743.0
 20
580.0
 10
1742.0
 20
580.0
 10
1742.0
 20
654.0
 10
1764.0
 20
654.0
 10
1764.0
 20
653.0
  0
HATCH
  5
9B3
330
17
100
AcDbEntity
  8
A-MURO
 62
7
420
4605510
100
AcDbHatch
 10
0.0
 20
0.0
 30
0.0
210
0.0
220
0.0
230
1.0
  2
SOLID
 70
1
 71
0
 91
1
 92
3
 72
0
 73
1
 93
4
 10
1789.0
 20
654.0
 10
1808.5
 20
654.0
 10
1808.5
 20
653.0
 10
1789.0
 20
653.0
 97
0
 75
1
 76
1
 98
0
  0
LWPOLYLINE
  5
9B4
330
17
100
AcDbEntity
  8
A-MURO
100
AcDbPolyline
 90
4
 70
1
 10
1789.0
 20
654.0
 10
1808.5
 20
654.0
 10
1808.5
 20
653.0
 10
1789.0
 20
653.0
  0
HATCH
  5
9B5
330
17
100
AcDbEntity
  8
A-MURO
 62
7
420
4605510
100
AcDbHatch
 10
0.0
 20
0.0
 30
0.0
210
0.0
220
0.0
230
1.0
  2
SOLID
 70
1
 71
0
 91
1
 92
3
 72
0
 73
1
 93
4
 10
1824.5
 20
654.0
 10
1854.0
 20
654.0
 10
1854.0
 20
653.0
 10
1824.5
 20
653.0
 97
0
 75
1
 76
1
 98
0
  0
LWPOLYLINE
  5
9B6
330
17
100
AcDbEntity
  8
A-MURO
100
AcDbPolyline
 90
4
 70
1
 10
1824.5
 20
654.0
 10
1854.0
 20
654.0
 10
1854.0
 20
653.0
 10
1824.5
 20
653.0
  0
HATCH
  5
9B7
330
17
100
AcDbEntity
  8
A-MURO
 62
7
420
4605510
100
AcDbHatch
 10
0.0
 20
0.0
 30
0.0
210
0.0
220
0.0
230
1.0
  2
SOLID
 70
1
 71
0
 91
1
 92
3
 72
0
 73
1
 93
4
 10
1859.5
 20
654.0
 10
1883.5
 20
654.0
 10
1883.5
 20
653.0
 10
1859.5
 20
653.0
 97
0
 75
1
 76
1
 98
0
  0
LWPOLYLINE
  5
9B8
330
17
100
AcDbEntity
  8
A-MURO
100
AcDbPolyline
 90
4
 70
1
 10
1859.5
 20
654.0
 10
1883.5
 20
654.0
 10
1883.5
 20
653.0
 10
1859.5
 20
653.0
  0
HATCH
  5
9B9
330
17
100
AcDbEntity
  8
A-MURO
 62
7
420
4605510
100
AcDbHatch
 10
0.0
 20
0.0
 30
0.0
210
0.0
220
0.0
230
1.0
  2
SOLID
 70
1
 71
0
 91
1
 92
3
 72
0
 73
1
 93
4
 10
1897.0
 20
654.0
 10
1974.0
 20
654.0
 10
1974.0
 20
653.0
 10
1897.0
 20
653.0
 97
0
 75
1
 76
1
 98
0
  0
LWPOLYLINE
  5
9BA
330
17
100
AcDbEntity
  8
A-MURO
100
AcDbPolyline
 90
4
 70
1
 10
1897.0
 20
654.0
 10
1974.0
 20
654.0
 10
1974.0
 20
653.0
 10
1897.0
 20
653.0
  0
HATCH
  5
9BB
330
17
100
AcDbEntity
  8
A-MURO
 62
7
420
4605510
100
AcDbHatch
 10
0.0
 20
0.0
 30
0.0
210
0.0
220
0.0
230
1.0
  2
SOLID
 70
1
 71
0
 91
1
 92
3
 72
0
 73
1
 93
4
 10
1979.5
 20
654.0
 10
2054.0
 20
654.0
 10
2054.0
 20
653.0
 10
1979.5
 20
653.0
 97
0
 75
1
 76
1
 98
0
  0
LWPOLYLINE
  5
9BC
330
17
100
AcDbEntity
  8
A-MURO
100
AcDbPolyline
 90
4
 70
1
 10
1979.5
 20
654.0
 10
2054.0
 20
654.0
 10
2054.0
 20
653.0
 10
1979.5
 20
653.0
  0
HATCH
  5
9BD
330
17
100
AcDbEntity
  8
A-MURO
 62
7
420
4605510
100
AcDbHatch
 10
0.0
 20
0.0
 30
0.0
210
0.0
220
0.0
230
1.0
  2
SOLID
 70
1
 71
0
 91
1
 92
3
 72
0
 73
1
 93
4
 10
2059.5
 20
654.0
 10
2118.0
 20
654.0
 10
2118.0
 20
653.0
 10
2059.5
 20
653.0
 97
0
 75
1
 76
1
 98
0
  0
LWPOLYLINE
  5
9BE
330
17
100
AcDbEntity
  8
A-MURO
100
AcDbPolyline
 90
4
 70
1
 10
2059.5
 20
654.0
 10
2118.0
 20
654.0
 10
2118.0
 20
653.0
 10
2059.5
 20
653.0
  0
HATCH
  5
9BF
330
17
100
AcDbEntity
  8
A-MURO
 62
7
420
4605510
100
AcDbHatch
 10
0.0
 20
0.0
 30
0.0
210
0.0
220
0.0
230
1.0
  2
SOLID
 70
1
 71
0
 91
1
 92
3
 72
0
 73
1
 93
4
 10
2133.0
 20
654.0
 10
2149.0
 20
654.0
 10
2149.0
 20
653.0
 10
2133.0
 20
653.0
 97
0
 75
1
 76
1
 98
0
  0
LWPOLYLINE
  5
9C0
330
17
100
AcDbEntity
  8
A-MURO
100
AcDbPolyline
 90
4
 70
1
 10
2133.0
 20
654.0
 10
2149.0
 20
654.0
 10
2149.0
 20
653.0
 10
2133.0
 20
653.0
  0
HATCH
  5
9C1
330
17
100
AcDbEntity
  8
A-MURO
 62
7
420
4605510
100
AcDbHatch
 10
0.0
 20
0.0
 30
0.0
210
0.0
220
0.0
230
1.0
  2
SOLID
 70
1
 71
0
 91
1
 92
3
 72
0
 73
1
 93
4
 10
2154.5
 20
654.0
 10
2179.0
 20
654.0
 10
2179.0
 20
653.0
 10
2154.5
 20
653.0
 97
0
 75
1
 76
1
 98
0
  0
LWPOLYLINE
  5
9C2
330
17
100
AcDbEntity
  8
A-MURO
100
AcDbPolyline
 90
4
 70
1
 10
2154.5
 20
654.0
 10
2179.0
 20
654.0
 10
2179.0
 20
653.0
 10
2154.5
 20
653.0
  0
HATCH
  5
9C3
330
17
100
AcDbEntity
  8
A-MURO
 62
7
420
4605510
100
AcDbHatch
 10
0.0
 20
0.0
 30
0.0
210
0.0
220
0.0
230
1.0
  2
SOLID
 70
1
 71
0
 91
1
 92
3
 72
0
 73
1
 93
4
 10
2199.0
 20
654.0
 10
2224.0
 20
654.0
 10
2224.0
 20
653.0
 10
2199.0
 20
653.0
 97
0
 75
1
 76
1
 98
0
  0
LWPOLYLINE
  5
9C4
330
17
100
AcDbEntity
  8
A-MURO
100
AcDbPolyline
 90
4
 70
1
 10
2199.0
 20
654.0
 10
2224.0
 20
654.0
 10
2224.0
 20
653.0
 10
2199.0
 20
653.0
  0
HATCH
  5
9C5
330
17
100
AcDbEntity
  8
A-MURO
 62
7
420
4605510
100
AcDbHatch
 10
0.0
 20
0.0
 30
0.0
210
0.0
220
0.0
230
1.0
  2
SOLID
 70
1
 71
0
 91
1
 92
3
 72
0
 73
1
 93
4
 10
2244.0
 20
654.0
 10
2294.0
 20
654.0
 10
2294.0
 20
653.0
 10
2244.0
 20
653.0
 97
0
 75
1
 76
1
 98
0
  0
LWPOLYLINE
  5
9C6
330
17
100
AcDbEntity
  8
A-MURO
100
AcDbPolyline
 90
4
 70
1
 10
2244.0
 20
654.0
 10
2294.0
 20
654.0
 10
2294.0
 20
653.0
 10
2244.0
 20
653.0
  0
HATCH
  5
9C7
330
17
100
AcDbEntity
  8
A-MURO
 62
7
420
4605510
100
AcDbHatch
 10
0.0
 20
0.0
 30
0.0
210
0.0
220
0.0
230
1.0
  2
SOLID
 70
1
 71
0
 91
1
 92
3
 72
0
 73
1
 93
6
 10
2345.0
 20
653.0
 10
2299.5
 20
653.0
 10
2299.5
 20
654.0
 10
2346.0
 20
654.0
 10
2346.0
 20
642.5
 10
2345.0
 20
642.5
 97
0
 75
1
 76
1
 98
0
  0
LWPOLYLINE
  5
9C8
330
17
100
AcDbEntity
  8
A-MURO
100
AcDbPolyline
 90
6
 70
1
 10
2345.0
 20
653.0
 10
2299.5
 20
653.0
 10
2299.5
 20
654.0
 10
2346.0
 20
654.0
 10
2346.0
 20
642.5
 10
2345.0
 20
642.5
  0
HATCH
  5
9C9
330
17
100
AcDbEntity
  8
A-MURO
 62
7
420
4605510
100
AcDbHatch
 10
0.0
 20
0.0
 30
0.0
210
0.0
220
0.0
230
1.0
  2
SOLID
 70
1
 71
0
 91
1
 92
3
 72
0
 73
1
 93
4
 10
2346.0
 20
637.0
 10
2346.0
 20
622.0
 10
2345.0
 20
622.0
 10
2345.0
 20
637.0
 97
0
 75
1
 76
1
 98
0
  0
LWPOLYLINE
  5
9CA
330
17
100
AcDbEntity
  8
A-MURO
100
AcDbPolyline
 90
4
 70
1
 10
2346.0
 20
637.0
 10
2346.0
 20
622.0
 10
2345.0
 20
622.0
 10
2345.0
 20
637.0
  0
HATCH
  5
9CB
330
17
100
AcDbEntity
  8
A-MURO
 62
7
420
4605510
100
AcDbHatch
 10
0.0
 20
0.0
 30
0.0
210
0.0
220
0.0
230
1.0
  2
SOLID
 70
1
 71
0
 91
1
 92
3
 72
0
 73
1
 93
4
 10
2346.0
 20
607.0
 10
2346.0
 20
587.0
 10
2345.0
 20
587.0
 10
2345.0
 20
607.0
 97
0
 75
1
 76
1
 98
0
  0
LWPOLYLINE
  5
9CC
330
17
100
AcDbEntity
  8
A-MURO
100
AcDbPolyline
 90
4
 70
1
 10
2346.0
 20
607.0
 10
2346.0
 20
587.0
 10
2345.0
 20
587.0
 10
2345.0
 20
607.0
  0
HATCH
  5
9CD
330
17
100
AcDbEntity
  8
A-MURO
 62
7
420
4605510
100
AcDbHatch
 10
0.0
 20
0.0
 30
0.0
210
0.0
220
0.0
230
1.0
  2
SOLID
 70
1
 71
0
 91
1
 92
3
 72
0
 73
1
 93
4
 10
2346.0
 20
572.0
 10
2346.0
 20
552.0
 10
2345.0
 20
552.0
 10
2345.0
 20
572.0
 97
0
 75
1
 76
1
 98
0
  0
LWPOLYLINE
  5
9CE
330
17
100
AcDbEntity
  8
A-MURO
100
AcDbPolyline
 90
4
 70
1
 10
2346.0
 20
572.0
 10
2346.0
 20
552.0
 10
2345.0
 20
552.0
 10
2345.0
 20
572.0
  0
HATCH
  5
9CF
330
17
100
AcDbEntity
  8
A-MURO
 62
7
420
4605510
100
AcDbHatch
 10
0.0
 20
0.0
 30
0.0
210
0.0
220
0.0
230
1.0
  2
SOLID
 70
1
 71
0
 91
1
 92
3
 72
0
 73
1
 93
4
 10
2346.0
 20
537.0
 10
2346.0
 20
531.0
 10
2345.0
 20
531.0
 10
2345.0
 20
537.0
 97
0
 75
1
 76
1
 98
0
  0
LWPOLYLINE
  5
9D0
330
17
100
AcDbEntity
  8
A-MURO
100
AcDbPolyline
 90
4
 70
1
 10
2346.0
 20
537.0
 10
2346.0
 20
531.0
 10
2345.0
 20
531.0
 10
2345.0
 20
537.0
  0
HATCH
  5
9D1
330
17
100
AcDbEntity
  8
A-MURO
 62
7
420
4605510
100
AcDbHatch
 10
0.0
 20
0.0
 30
0.0
210
0.0
220
0.0
230
1.0
  2
SOLID
 70
1
 71
0
 91
1
 92
3
 72
0
 73
1
 93
4
 10
2346.0
 20
515.0
 10
2346.0
 20
509.0
 10
2345.0
 20
509.0
 10
2345.0
 20
515.0
 97
0
 75
1
 76
1
 98
0
  0
LWPOLYLINE
  5
9D2
330
17
100
AcDbEntity
  8
A-MURO
100
AcDbPolyline
 90
4
 70
1
 10
2346.0
 20
515.0
 10
2346.0
 20
509.0
 10
2345.0
 20
509.0
 10
2345.0
 20
515.0
  0
HATCH
  5
9D3
330
17
100
AcDbEntity
  8
A-MURO
 62
7
420
4605510
100
AcDbHatch
 10
0.0
 20
0.0
 30
0.0
210
0.0
220
0.0
230
1.0
  2
SOLID
 70
1
 71
0
 91
1
 92
3
 72
0
 73
1
 93
6
 10
2345.0
 20
471.0
 10
2345.0
 20
489.0
 10
2346.0
 20
489.0
 10
2346.0
 20
470.0
 10
2254.5
 20
470.0
 10
2254.5
 20
471.0
 97
0
 75
1
 76
1
 98
0
  0
LWPOLYLINE
  5
9D4
330
17
100
AcDbEntity
  8
A-MURO
100
AcDbPolyline
 90
6
 70
1
 10
2345.0
 20
471.0
 10
2345.0
 20
489.0
 10
2346.0
 20
489.0
 10
2346.0
 20
470.0
 10
2254.5
 20
470.0
 10
2254.5
 20
471.0
  0
HATCH
  5
9D5
330
17
100
AcDbEntity
  8
A-MURO
 62
7
420
4605510
100
AcDbHatch
 10
0.0
 20
0.0
 30
0.0
210
0.0
220
0.0
230
1.0
  2
SOLID
 70
1
 71
0
 91
1
 92
3
 72
0
 73
1
 93
8
 10
2249.0
 20
470.0
 10
2234.5
 20
470.0
 10
2234.5
 20
467.0
 10
2233.5
 20
467.0
 10
2233.5
 20
470.0
 10
2105.0
 20
470.0
 10
2105.0
 20
471.0
 10
2249.0
 20
471.0
 97
0
 75
1
 76
1
 98
0
  0
LWPOLYLINE
  5
9D6
330
17
100
AcDbEntity
  8
A-MURO
100
AcDbPolyline
 90
8
 70
1
 10
2249.0
 20
470.0
 10
2234.5
 20
470.0
 10
2234.5
 20
467.0
 10
2233.5
 20
467.0
 10
2233.5
 20
470.0
 10
2105.0
 20
470.0
 10
2105.0
 20
471.0
 10
2249.0
 20
471.0
  0
HATCH
  5
9D7
330
17
100
AcDbEntity
  8
A-MURO
 62
7
420
4605510
100
AcDbHatch
 10
0.0
 20
0.0
 30
0.0
210
0.0
220
0.0
230
1.0
  2
SOLID
 70
1
 71
0
 91
1
 92
3
 72
0
 73
1
 93
4
 10
2234.5
 20
412.0
 10
2233.5
 20
412.0
 10
2233.5
 20
447.0
 10
2234.5
 20
447.0
 97
0
 75
1
 76
1
 98
0
  0
LWPOLYLINE
  5
9D8
330
17
100
AcDbEntity
  8
A-MURO
100
AcDbPolyline
 90
4
 70
1
 10
2234.5
 20
412.0
 10
2233.5
 20
412.0
 10
2233.5
 20
447.0
 10
2234.5
 20
447.0
  0
HATCH
  5
9D9
330
17
100
AcDbEntity
  8
A-MURO
 62
7
420
4605510
100
AcDbHatch
 10
0.0
 20
0.0
 30
0.0
210
0.0
220
0.0
230
1.0
  2
SOLID
 70
1
 71
0
 91
1
 92
3
 72
0
 73
1
 93
6
 10
2234.5
 20
386.5
 10
2214.0
 20
386.5
 10
2214.0
 20
387.5
 10
2233.5
 20
387.5
 10
2233.5
 20
392.0
 10
2234.5
 20
392.0
 97
0
 75
1
 76
1
 98
0
  0
LWPOLYLINE
  5
9DA
330
17
100
AcDbEntity
  8
A-MURO
100
AcDbPolyline
 90
6
 70
1
 10
2234.5
 20
386.5
 10
2214.0
 20
386.5
 10
2214.0
 20
387.5
 10
2233.5
 20
387.5
 10
2233.5
 20
392.0
 10
2234.5
 20
392.0
  0
HATCH
  5
9DB
330
17
100
AcDbEntity
  8
A-MURO
 62
7
420
4605510
100
AcDbHatch
 10
0.0
 20
0.0
 30
0.0
210
0.0
220
0.0
230
1.0
  2
SOLID
 70
1
 71
0
 91
1
 92
3
 72
0
 73
1
 93
6
 10
2093.5
 20
386.5
 10
2093.5
 20
425.0
 10
2094.5
 20
425.0
 10
2094.5
 20
387.5
 10
2204.0
 20
387.5
 10
2204.0
 20
386.5
 97
0
 75
1
 76
1
 98
0
  0
LWPOLYLINE
  5
9DC
330
17
100
AcDbEntity
  8
A-MURO
100
AcDbPolyline
 90
6
 70
1
 10
2093.5
 20
386.5
 10
2093.5
 20
425.0
 10
2094.5
 20
425.0
 10
2094.5
 20
387.5
 10
2204.0
 20
387.5
 10
2204.0
 20
386.5
  0
HATCH
  5
9DD
330
17
100
AcDbEntity
  8
A-MURO
 62
7
420
4605510
100
AcDbHatch
 10
0.0
 20
0.0
 30
0.0
210
0.0
220
0.0
230
1.0
  2
SOLID
 70
1
 71
0
 91
1
 92
3
 72
0
 73
1
 93
8
 10
2093.5
 20
470.0
 10
2086.5
 20
470.0
 10
2086.5
 20
471.0
 10
2099.0
 20
471.0
 10
2099.0
 20
470.0
 10
2094.5
 20
470.0
 10
2094.5
 20
431.0
 10
2093.5
 20
431.0
 97
0
 75
1
 76
1
 98
0
  0
LWPOLYLINE
  5
9DE
330
17
100
AcDbEntity
  8
A-MURO
100
AcDbPolyline
 90
8
 70
1
 10
2093.5
 20
470.0
 10
2086.5
 20
470.0
 10
2086.5
 20
471.0
 10
2099.0
 20
471.0
 10
2099.0
 20
470.0
 10
2094.5
 20
470.0
 10
2094.5
 20
431.0
 10
2093.5
 20
431.0
  0
HATCH
  5
9DF
330
17
100
AcDbEntity
  8
A-MURO
 62
7
420
4605510
100
AcDbHatch
 10
0.0
 20
0.0
 30
0.0
210
0.0
220
0.0
230
1.0
  2
SOLID
 70
1
 71
0
 91
1
 92
3
 72
0
 73
1
 93
14
 10
2081.0
 20
470.0
 10
2074.5
 20
470.0
 10
2074.5
 20
406.5
 10
1950.0
 20
406.5
 10
1950.0
 20
407.5
 10
2073.5
 20
407.5
 10
2073.5
 20
437.0
 10
2074.0
 20
437.0
 10
2074.0
 20
441.0
 10
2073.5
 20
441.0
 10
2073.5
 20
470.0
 10
2006.0
 20
470.0
 10
2006.0
 20
471.0
 10
2081.0
 20
471.0
 97
0
 75
1
 76
1
 98
0
  0
LWPOLYLINE
  5
9E0
330
17
100
AcDbEntity
  8
A-MURO
100
AcDbPolyline
 90
14
 70
1
 10
2081.0
 20
470.0
 10
2074.5
 20
470.0
 10
2074.5
 20
406.5
 10
1950.0
 20
406.5
 10
1950.0
 20
407.5
 10
2073.5
 20
407.5
 10
2073.5
 20
437.0
 10
2074.0
 20
437.0
 10
2074.0
 20
441.0
 10
2073.5
 20
441.0
 10
2073.5
 20
470.0
 10
2006.0
 20
470.0
 10
2006.0
 20
471.0
 10
2081.0
 20
471.0
  0
HATCH
  5
9E1
330
17
100
AcDbEntity
  8
A-MURO
 62
7
420
4605510
100
AcDbHatch
 10
0.0
 20
0.0
 30
0.0
210
0.0
220
0.0
230
1.0
  2
SOLID
 70
1
 71
0
 91
1
 92
3
 72
0
 73
1
 93
10
 10
1933.5
 20
406.5
 10
1933.5
 20
470.0
 10
1849.5
 20
470.0
 10
1849.5
 20
471.0
 10
1996.0
 20
471.0
 10
1996.0
 20
470.0
 10
1934.5
 20
470.0
 10
1934.5
 20
407.5
 10
1940.0
 20
407.5
 10
1940.0
 20
406.5
 97
0
 75
1
 76
1
 98
0
  0
LWPOLYLINE
  5
9E2
330
17
100
AcDbEntity
  8
A-MURO
100
AcDbPolyline
 90
10
 70
1
 10
1933.5
 20
406.5
 10
1933.5
 20
470.0
 10
1849.5
 20
470.0
 10
1849.5
 20
471.0
 10
1996.0
 20
471.0
 10
1996.0
 20
470.0
 10
1934.5
 20
470.0
 10
1934.5
 20
407.5
 10
1940.0
 20
407.5
 10
1940.0
 20
406.5
  0
HATCH
  5
9E3
330
17
100
AcDbEntity
  8
A-MURO
 62
7
420
4605510
100
AcDbHatch
 10
0.0
 20
0.0
 30
0.0
210
0.0
220
0.0
230
1.0
  2
SOLID
 70
1
 71
0
 91
1
 92
3
 72
0
 73
1
 93
8
 10
2064.5
 20
682.5
 10
2064.5
 20
657.0
 10
2063.5
 20
657.0
 10
2063.5
 20
681.5
 10
2004.5
 20
681.5
 10
2004.5
 20
657.0
 10
2003.5
 20
657.0
 10
2003.5
 20
682.5
 97
0
 75
1
 76
1
 98
0
  0
LWPOLYLINE
  5
9E4
330
17
100
AcDbEntity
  8
A-MURO
100
AcDbPolyline
 90
8
 70
1
 10
2064.5
 20
682.5
 10
2064.5
 20
657.0
 10
2063.5
 20
657.0
 10
2063.5
 20
681.5
 10
2004.5
 20
681.5
 10
2004.5
 20
657.0
 10
2003.5
 20
657.0
 10
2003.5
 20
682.5
  0
HATCH
  5
9E5
330
17
100
AcDbEntity
  8
A-COLUMNA
 62
7
420
0
100
AcDbHatch
 10
0.0
 20
0.0
 30
0.0
210
0.0
220
0.0
230
1.0
  2
SOLID
 70
1
 71
0
 91
1
 92
3
 72
0
 73
1
 93
4
 10
1743.0
 20
471.0
 10
1745.0
 20
471.0
 10
1745.0
 20
473.0
 10
1743.0
 20
473.0
 97
0
 75
1
 76
1
 98
0
  0
HATCH
  5
9E6
330
17
100
AcDbEntity
  8
A-COLUMNA
 62
7
420
0
100
AcDbHatch
 10
0.0
 20
0.0
 30
0.0
210
0.0
220
0.0
230
1.0
  2
SOLID
 70
1
 71
0
 91
1
 92
3
 72
0
 73
1
 93
4
 10
1743.0
 20
651.0
 10
1745.0
 20
651.0
 10
1745.0
 20
653.0
 10
1743.0
 20
653.0
 97
0
 75
1
 76
1
 98
0
  0
HATCH
  5
9E7
330
17
100
AcDbEntity
  8
A-COLUMNA
 62
7
420
0
100
AcDbHatch
 10
0.0
 20
0.0
 30
0.0
210
0.0
220
0.0
230
1.0
  2
SOLID
 70
1
 71
0
 91
1
 92
3
 72
0
 73
1
 93
4
 10
1783.0
 20
471.0
 10
1785.0
 20
471.0
 10
1785.0
 20
473.0
 10
1783.0
 20
473.0
 97
0
 75
1
 76
1
 98
0
  0
HATCH
  5
9E8
330
17
100
AcDbEntity
  8
A-COLUMNA
 62
7
420
0
100
AcDbHatch
 10
0.0
 20
0.0
 30
0.0
210
0.0
220
0.0
230
1.0
  2
SOLID
 70
1
 71
0
 91
1
 92
3
 72
0
 73
1
 93
4
 10
1783.0
 20
651.0
 10
1785.0
 20
651.0
 10
1785.0
 20
653.0
 10
1783.0
 20
653.0
 97
0
 75
1
 76
1
 98
0
  0
HATCH
  5
9E9
330
17
100
AcDbEntity
  8
A-COLUMNA
 62
7
420
0
100
AcDbHatch
 10
0.0
 20
0.0
 30
0.0
210
0.0
220
0.0
230
1.0
  2
SOLID
 70
1
 71
0
 91
1
 92
3
 72
0
 73
1
 93
4
 10
1823.0
 20
471.0
 10
1825.0
 20
471.0
 10
1825.0
 20
473.0
 10
1823.0
 20
473.0
 97
0
 75
1
 76
1
 98
0
  0
HATCH
  5
9EA
330
17
100
AcDbEntity
  8
A-COLUMNA
 62
7
420
0
100
AcDbHatch
 10
0.0
 20
0.0
 30
0.0
210
0.0
220
0.0
230
1.0
  2
SOLID
 70
1
 71
0
 91
1
 92
3
 72
0
 73
1
 93
4
 10
1823.0
 20
651.0
 10
1825.0
 20
651.0
 10
1825.0
 20
653.0
 10
1823.0
 20
653.0
 97
0
 75
1
 76
1
 98
0
  0
HATCH
  5
9EB
330
17
100
AcDbEntity
  8
A-COLUMNA
 62
7
420
0
100
AcDbHatch
 10
0.0
 20
0.0
 30
0.0
210
0.0
220
0.0
230
1.0
  2
SOLID
 70
1
 71
0
 91
1
 92
3
 72
0
 73
1
 93
4
 10
1863.0
 20
471.0
 10
1865.0
 20
471.0
 10
1865.0
 20
473.0
 10
1863.0
 20
473.0
 97
0
 75
1
 76
1
 98
0
  0
HATCH
  5
9EC
330
17
100
AcDbEntity
  8
A-COLUMNA
 62
7
420
0
100
AcDbHatch
 10
0.0
 20
0.0
 30
0.0
210
0.0
220
0.0
230
1.0
  2
SOLID
 70
1
 71
0
 91
1
 92
3
 72
0
 73
1
 93
4
 10
1863.0
 20
651.0
 10
1865.0
 20
651.0
 10
1865.0
 20
653.0
 10
1863.0
 20
653.0
 97
0
 75
1
 76
1
 98
0
  0
HATCH
  5
9ED
330
17
100
AcDbEntity
  8
A-COLUMNA
 62
7
420
0
100
AcDbHatch
 10
0.0
 20
0.0
 30
0.0
210
0.0
220
0.0
230
1.0
  2
SOLID
 70
1
 71
0
 91
1
 92
3
 72
0
 73
1
 93
4
 10
1903.0
 20
471.0
 10
1905.0
 20
471.0
 10
1905.0
 20
473.0
 10
1903.0
 20
473.0
 97
0
 75
1
 76
1
 98
0
  0
HATCH
  5
9EE
330
17
100
AcDbEntity
  8
A-COLUMNA
 62
7
420
0
100
AcDbHatch
 10
0.0
 20
0.0
 30
0.0
210
0.0
220
0.0
230
1.0
  2
SOLID
 70
1
 71
0
 91
1
 92
3
 72
0
 73
1
 93
4
 10
1903.0
 20
651.0
 10
1905.0
 20
651.0
 10
1905.0
 20
653.0
 10
1903.0
 20
653.0
 97
0
 75
1
 76
1
 98
0
  0
HATCH
  5
9EF
330
17
100
AcDbEntity
  8
A-COLUMNA
 62
7
420
0
100
AcDbHatch
 10
0.0
 20
0.0
 30
0.0
210
0.0
220
0.0
230
1.0
  2
SOLID
 70
1
 71
0
 91
1
 92
3
 72
0
 73
1
 93
4
 10
1943.0
 20
471.0
 10
1945.0
 20
471.0
 10
1945.0
 20
473.0
 10
1943.0
 20
473.0
 97
0
 75
1
 76
1
 98
0
  0
HATCH
  5
9F0
330
17
100
AcDbEntity
  8
A-COLUMNA
 62
7
420
0
100
AcDbHatch
 10
0.0
 20
0.0
 30
0.0
210
0.0
220
0.0
230
1.0
  2
SOLID
 70
1
 71
0
 91
1
 92
3
 72
0
 73
1
 93
4
 10
1943.0
 20
651.0
 10
1945.0
 20
651.0
 10
1945.0
 20
653.0
 10
1943.0
 20
653.0
 97
0
 75
1
 76
1
 98
0
  0
HATCH
  5
9F1
330
17
100
AcDbEntity
  8
A-COLUMNA
 62
7
420
0
100
AcDbHatch
 10
0.0
 20
0.0
 30
0.0
210
0.0
220
0.0
230
1.0
  2
SOLID
 70
1
 71
0
 91
1
 92
3
 72
0
 73
1
 93
4
 10
1983.0
 20
471.0
 10
1985.0
 20
471.0
 10
1985.0
 20
473.0
 10
1983.0
 20
473.0
 97
0
 75
1
 76
1
 98
0
  0
HATCH
  5
9F2
330
17
100
AcDbEntity
  8
A-COLUMNA
 62
7
420
0
100
AcDbHatch
 10
0.0
 20
0.0
 30
0.0
210
0.0
220
0.0
230
1.0
  2
SOLID
 70
1
 71
0
 91
1
 92
3
 72
0
 73
1
 93
4
 10
1983.0
 20
651.0
 10
1985.0
 20
651.0
 10
1985.0
 20
653.0
 10
1983.0
 20
653.0
 97
0
 75
1
 76
1
 98
0
  0
HATCH
  5
9F3
330
17
100
AcDbEntity
  8
A-COLUMNA
 62
7
420
0
100
AcDbHatch
 10
0.0
 20
0.0
 30
0.0
210
0.0
220
0.0
230
1.0
  2
SOLID
 70
1
 71
0
 91
1
 92
3
 72
0
 73
1
 93
4
 10
2023.0
 20
471.0
 10
2025.0
 20
471.0
 10
2025.0
 20
473.0
 10
2023.0
 20
473.0
 97
0
 75
1
 76
1
 98
0
  0
HATCH
  5
9F4
330
17
100
AcDbEntity
  8
A-COLUMNA
 62
7
420
0
100
AcDbHatch
 10
0.0
 20
0.0
 30
0.0
210
0.0
220
0.0
230
1.0
  2
SOLID
 70
1
 71
0
 91
1
 92
3
 72
0
 73
1
 93
4
 10
2023.0
 20
651.0
 10
2025.0
 20
651.0
 10
2025.0
 20
653.0
 10
2023.0
 20
653.0
 97
0
 75
1
 76
1
 98
0
  0
HATCH
  5
9F5
330
17
100
AcDbEntity
  8
A-COLUMNA
 62
7
420
0
100
AcDbHatch
 10
0.0
 20
0.0
 30
0.0
210
0.0
220
0.0
230
1.0
  2
SOLID
 70
1
 71
0
 91
1
 92
3
 72
0
 73
1
 93
4
 10
2063.0
 20
471.0
 10
2065.0
 20
471.0
 10
2065.0
 20
473.0
 10
2063.0
 20
473.0
 97
0
 75
1
 76
1
 98
0
  0
HATCH
  5
9F6
330
17
100
AcDbEntity
  8
A-COLUMNA
 62
7
420
0
100
AcDbHatch
 10
0.0
 20
0.0
 30
0.0
210
0.0
220
0.0
230
1.0
  2
SOLID
 70
1
 71
0
 91
1
 92
3
 72
0
 73
1
 93
4
 10
2063.0
 20
651.0
 10
2065.0
 20
651.0
 10
2065.0
 20
653.0
 10
2063.0
 20
653.0
 97
0
 75
1
 76
1
 98
0
  0
HATCH
  5
9F7
330
17
100
AcDbEntity
  8
A-COLUMNA
 62
7
420
0
100
AcDbHatch
 10
0.0
 20
0.0
 30
0.0
210
0.0
220
0.0
230
1.0
  2
SOLID
 70
1
 71
0
 91
1
 92
3
 72
0
 73
1
 93
4
 10
2103.0
 20
471.0
 10
2105.0
 20
471.0
 10
2105.0
 20
473.0
 10
2103.0
 20
473.0
 97
0
 75
1
 76
1
 98
0
  0
HATCH
  5
9F8
330
17
100
AcDbEntity
  8
A-COLUMNA
 62
7
420
0
100
AcDbHatch
 10
0.0
 20
0.0
 30
0.0
210
0.0
220
0.0
230
1.0
  2
SOLID
 70
1
 71
0
 91
1
 92
3
 72
0
 73
1
 93
4
 10
2103.0
 20
651.0
 10
2105.0
 20
651.0
 10
2105.0
 20
653.0
 10
2103.0
 20
653.0
 97
0
 75
1
 76
1
 98
0
  0
HATCH
  5
9F9
330
17
100
AcDbEntity
  8
A-COLUMNA
 62
7
420
0
100
AcDbHatch
 10
0.0
 20
0.0
 30
0.0
210
0.0
220
0.0
230
1.0
  2
SOLID
 70
1
 71
0
 91
1
 92
3
 72
0
 73
1
 93
4
 10
2143.0
 20
471.0
 10
2145.0
 20
471.0
 10
2145.0
 20
473.0
 10
2143.0
 20
473.0
 97
0
 75
1
 76
1
 98
0
  0
HATCH
  5
9FA
330
17
100
AcDbEntity
  8
A-COLUMNA
 62
7
420
0
100
AcDbHatch
 10
0.0
 20
0.0
 30
0.0
210
0.0
220
0.0
230
1.0
  2
SOLID
 70
1
 71
0
 91
1
 92
3
 72
0
 73
1
 93
4
 10
2143.0
 20
651.0
 10
2145.0
 20
651.0
 10
2145.0
 20
653.0
 10
2143.0
 20
653.0
 97
0
 75
1
 76
1
 98
0
  0
HATCH
  5
9FB
330
17
100
AcDbEntity
  8
A-COLUMNA
 62
7
420
0
100
AcDbHatch
 10
0.0
 20
0.0
 30
0.0
210
0.0
220
0.0
230
1.0
  2
SOLID
 70
1
 71
0
 91
1
 92
3
 72
0
 73
1
 93
4
 10
2183.0
 20
471.0
 10
2185.0
 20
471.0
 10
2185.0
 20
473.0
 10
2183.0
 20
473.0
 97
0
 75
1
 76
1
 98
0
  0
HATCH
  5
9FC
330
17
100
AcDbEntity
  8
A-COLUMNA
 62
7
420
0
100
AcDbHatch
 10
0.0
 20
0.0
 30
0.0
210
0.0
220
0.0
230
1.0
  2
SOLID
 70
1
 71
0
 91
1
 92
3
 72
0
 73
1
 93
4
 10
2183.0
 20
651.0
 10
2185.0
 20
651.0
 10
2185.0
 20
653.0
 10
2183.0
 20
653.0
 97
0
 75
1
 76
1
 98
0
  0
HATCH
  5
9FD
330
17
100
AcDbEntity
  8
A-COLUMNA
 62
7
420
0
100
AcDbHatch
 10
0.0
 20
0.0
 30
0.0
210
0.0
220
0.0
230
1.0
  2
SOLID
 70
1
 71
0
 91
1
 92
3
 72
0
 73
1
 93
4
 10
2223.0
 20
471.0
 10
2225.0
 20
471.0
 10
2225.0
 20
473.0
 10
2223.0
 20
473.0
 97
0
 75
1
 76
1
 98
0
  0
HATCH
  5
9FE
330
17
100
AcDbEntity
  8
A-COLUMNA
 62
7
420
0
100
AcDbHatch
 10
0.0
 20
0.0
 30
0.0
210
0.0
220
0.0
230
1.0
  2
SOLID
 70
1
 71
0
 91
1
 92
3
 72
0
 73
1
 93
4
 10
2223.0
 20
651.0
 10
2225.0
 20
651.0
 10
2225.0
 20
653.0
 10
2223.0
 20
653.0
 97
0
 75
1
 76
1
 98
0
  0
HATCH
  5
9FF
330
17
100
AcDbEntity
  8
A-COLUMNA
 62
7
420
0
100
AcDbHatch
 10
0.0
 20
0.0
 30
0.0
210
0.0
220
0.0
230
1.0
  2
SOLID
 70
1
 71
0
 91
1
 92
3
 72
0
 73
1
 93
4
 10
2263.0
 20
471.0
 10
2265.0
 20
471.0
 10
2265.0
 20
473.0
 10
2263.0
 20
473.0
 97
0
 75
1
 76
1
 98
0
  0
HATCH
  5
A00
330
17
100
AcDbEntity
  8
A-COLUMNA
 62
7
420
0
100
AcDbHatch
 10
0.0
 20
0.0
 30
0.0
210
0.0
220
0.0
230
1.0
  2
SOLID
 70
1
 71
0
 91
1
 92
3
 72
0
 73
1
 93
4
 10
2263.0
 20
651.0
 10
2265.0
 20
651.0
 10
2265.0
 20
653.0
 10
2263.0
 20
653.0
 97
0
 75
1
 76
1
 98
0
  0
HATCH
  5
A01
330
17
100
AcDbEntity
  8
A-COLUMNA
 62
7
420
0
100
AcDbHatch
 10
0.0
 20
0.0
 30
0.0
210
0.0
220
0.0
230
1.0
  2
SOLID
 70
1
 71
0
 91
1
 92
3
 72
0
 73
1
 93
4
 10
2303.0
 20
471.0
 10
2305.0
 20
471.0
 10
2305.0
 20
473.0
 10
2303.0
 20
473.0
 97
0
 75
1
 76
1
 98
0
  0
HATCH
  5
A02
330
17
100
AcDbEntity
  8
A-COLUMNA
 62
7
420
0
100
AcDbHatch
 10
0.0
 20
0.0
 30
0.0
210
0.0
220
0.0
230
1.0
  2
SOLID
 70
1
 71
0
 91
1
 92
3
 72
0
 73
1
 93
4
 10
2303.0
 20
651.0
 10
2305.0
 20
651.0
 10
2305.0
 20
653.0
 10
2303.0
 20
653.0
 97
0
 75
1
 76
1
 98
0
  0
HATCH
  5
A03
330
17
100
AcDbEntity
  8
A-COLUMNA
 62
7
420
0
100
AcDbHatch
 10
0.0
 20
0.0
 30
0.0
210
0.0
220
0.0
230
1.0
  2
SOLID
 70
1
 71
0
 91
1
 92
3
 72
0
 73
1
 93
4
 10
2343.0
 20
471.0
 10
2345.0
 20
471.0
 10
2345.0
 20
473.0
 10
2343.0
 20
473.0
 97
0
 75
1
 76
1
 98
0
  0
HATCH
  5
A04
330
17
100
AcDbEntity
  8
A-COLUMNA
 62
7
420
0
100
AcDbHatch
 10
0.0
 20
0.0
 30
0.0
210
0.0
220
0.0
230
1.0
  2
SOLID
 70
1
 71
0
 91
1
 92
3
 72
0
 73
1
 93
4
 10
2343.0
 20
651.0
 10
2345.0
 20
651.0
 10
2345.0
 20
653.0
 10
2343.0
 20
653.0
 97
0
 75
1
 76
1
 98
0
  0
HATCH
  5
A05
330
17
100
AcDbEntity
  8
A-COLUMNA
 62
7
420
0
100
AcDbHatch
 10
0.0
 20
0.0
 30
0.0
210
0.0
220
0.0
230
1.0
  2
SOLID
 70
1
 71
0
 91
1
 92
3
 72
0
 73
1
 93
4
 10
1743.25
 20
501.25
 10
1744.75
 20
501.25
 10
1744.75
 20
502.75
 10
1743.25
 20
502.75
 97
0
 75
1
 76
1
 98
0
  0
HATCH
  5
A06
330
17
100
AcDbEntity
  8
A-COLUMNA
 62
7
420
0
100
AcDbHatch
 10
0.0
 20
0.0
 30
0.0
210
0.0
220
0.0
230
1.0
  2
SOLID
 70
1
 71
0
 91
1
 92
3
 72
0
 73
1
 93
4
 10
1743.25
 20
531.25
 10
1744.75
 20
531.25
 10
1744.75
 20
532.75
 10
1743.25
 20
532.75
 97
0
 75
1
 76
1
 98
0
  0
HATCH
  5
A07
330
17
100
AcDbEntity
  8
A-COLUMNA
 62
7
420
0
100
AcDbHatch
 10
0.0
 20
0.0
 30
0.0
210
0.0
220
0.0
230
1.0
  2
SOLID
 70
1
 71
0
 91
1
 92
3
 72
0
 73
1
 93
4
 10
1743.25
 20
561.25
 10
1744.75
 20
561.25
 10
1744.75
 20
562.75
 10
1743.25
 20
562.75
 97
0
 75
1
 76
1
 98
0
  0
HATCH
  5
A08
330
17
100
AcDbEntity
  8
A-COLUMNA
 62
7
420
0
100
AcDbHatch
 10
0.0
 20
0.0
 30
0.0
210
0.0
220
0.0
230
1.0
  2
SOLID
 70
1
 71
0
 91
1
 92
3
 72
0
 73
1
 93
4
 10
1743.25
 20
591.25
 10
1744.75
 20
591.25
 10
1744.75
 20
592.75
 10
1743.25
 20
592.75
 97
0
 75
1
 76
1
 98
0
  0
HATCH
  5
A09
330
17
100
AcDbEntity
  8
A-COLUMNA
 62
7
420
0
100
AcDbHatch
 10
0.0
 20
0.0
 30
0.0
210
0.0
220
0.0
230
1.0
  2
SOLID
 70
1
 71
0
 91
1
 92
3
 72
0
 73
1
 93
4
 10
1743.25
 20
621.25
 10
1744.75
 20
621.25
 10
1744.75
 20
622.75
 10
1743.25
 20
622.75
 97
0
 75
1
 76
1
 98
0
  0
HATCH
  5
A0A
330
17
100
AcDbEntity
  8
A-COLUMNA
 62
7
420
0
100
AcDbHatch
 10
0.0
 20
0.0
 30
0.0
210
0.0
220
0.0
230
1.0
  2
SOLID
 70
1
 71
0
 91
1
 92
3
 72
0
 73
1
 93
4
 10
2343.25
 20
501.25
 10
2344.75
 20
501.25
 10
2344.75
 20
502.75
 10
2343.25
 20
502.75
 97
0
 75
1
 76
1
 98
0
  0
HATCH
  5
A0B
330
17
100
AcDbEntity
  8
A-COLUMNA
 62
7
420
0
100
AcDbHatch
 10
0.0
 20
0.0
 30
0.0
210
0.0
220
0.0
230
1.0
  2
SOLID
 70
1
 71
0
 91
1
 92
3
 72
0
 73
1
 93
4
 10
2343.25
 20
531.25
 10
2344.75
 20
531.25
 10
2344.75
 20
532.75
 10
2343.25
 20
532.75
 97
0
 75
1
 76
1
 98
0
  0
HATCH
  5
A0C
330
17
100
AcDbEntity
  8
A-COLUMNA
 62
7
420
0
100
AcDbHatch
 10
0.0
 20
0.0
 30
0.0
210
0.0
220
0.0
230
1.0
  2
SOLID
 70
1
 71
0
 91
1
 92
3
 72
0
 73
1
 93
4
 10
2343.25
 20
561.25
 10
2344.75
 20
561.25
 10
2344.75
 20
562.75
 10
2343.25
 20
562.75
 97
0
 75
1
 76
1
 98
0
  0
HATCH
  5
A0D
330
17
100
AcDbEntity
  8
A-COLUMNA
 62
7
420
0
100
AcDbHatch
 10
0.0
 20
0.0
 30
0.0
210
0.0
220
0.0
230
1.0
  2
SOLID
 70
1
 71
0
 91
1
 92
3
 72
0
 73
1
 93
4
 10
2343.25
 20
591.25
 10
2344.75
 20
591.25
 10
2344.75
 20
592.75
 10
2343.25
 20
592.75
 97
0
 75
1
 76
1
 98
0
  0
HATCH
  5
A0E
330
17
100
AcDbEntity
  8
A-COLUMNA
 62
7
420
0
100
AcDbHatch
 10
0.0
 20
0.0
 30
0.0
210
0.0
220
0.0
230
1.0
  2
SOLID
 70
1
 71
0
 91
1
 92
3
 72
0
 73
1
 93
4
 10
2343.25
 20
621.25
 10
2344.75
 20
621.25
 10
2344.75
 20
622.75
 10
2343.25
 20
622.75
 97
0
 75
1
 76
1
 98
0
  0
LINE
  5
A0F
330
17
100
AcDbEntity
  8
A-ABERTURA
100
AcDbLine
 10
1764.0
 20
653.5
 30
0.0
 11
1789.0
 21
653.5
 31
0.0
  0
LINE
  5
A10
330
17
100
AcDbEntity
  8
A-ABERTURA
100
AcDbLine
 10
1764.0
 20
656.5
 30
0.0
 11
1789.0
 21
656.5
 31
0.0
  0
TEXT
  5
A11
330
17
100
AcDbEntity
  8
A-TEXTO
100
AcDbText
 10
1776.5
 20
660.0
 30
0.0
 40
1.6
  1
P1
  7
ISO3098
 72
1
 11
1776.5
 21
660.0
 31
0.0
100
AcDbText
 73
2
  0
LINE
  5
A12
330
17
100
AcDbEntity
  8
A-ABERTURA
100
AcDbLine
 10
1808.5
 20
653.5
 30
0.0
 11
1824.5
 21
653.5
 31
0.0
  0
LINE
  5
A13
330
17
100
AcDbEntity
  8
A-ABERTURA
100
AcDbLine
 10
1808.5
 20
656.5
 30
0.0
 11
1824.5
 21
656.5
 31
0.0
  0
TEXT
  5
A14
330
17
100
AcDbEntity
  8
A-TEXTO
100
AcDbText
 10
1816.5
 20
660.0
 30
0.0
 40
1.6
  1
P1b
  7
ISO3098
 72
1
 11
1816.5
 21
660.0
 31
0.0
100
AcDbText
 73
2
  0
LINE
  5
A15
330
17
100
AcDbEntity
  8
A-ABERTURA
100
AcDbLine
 10
1742.5
 20
544.0
 30
0.0
 11
1742.5
 21
562.0
 31
0.0
  0
LINE
  5
A16
330
17
100
AcDbEntity
  8
A-ABERTURA
100
AcDbLine
 10
1739.5
 20
544.0
 30
0.0
 11
1739.5
 21
562.0
 31
0.0
  0
TEXT
  5
A17
330
17
100
AcDbEntity
  8
A-TEXTO
100
AcDbText
 10
1731.5
 20
553.0
 30
0.0
 40
1.6
  1
P2
  7
ISO3098
 72
1
 11
1731.5
 21
553.0
 31
0.0
100
AcDbText
 73
2
  0
LINE
  5
A18
330
17
100
AcDbEntity
  8
A-ABERTURA
100
AcDbLine
 10
1883.5
 20
653.5
 30
0.0
 11
1897.0
 21
653.5
 31
0.0
  0
LINE
  5
A19
330
17
100
AcDbEntity
  8
A-ABERTURA
100
AcDbLine
 10
1883.5
 20
656.5
 30
0.0
 11
1897.0
 21
656.5
 31
0.0
  0
TEXT
  5
A1A
330
17
100
AcDbEntity
  8
A-TEXTO
100
AcDbText
 10
1890.25
 20
660.0
 30
0.0
 40
1.6
  1
P2b
  7
ISO3098
 72
1
 11
1890.25
 21
660.0
 31
0.0
100
AcDbText
 73
2
  0
LINE
  5
A1B
330
17
100
AcDbEntity
  8
A-ABERTURA
100
AcDbLine
 10
1742.5
 20
492.0
 30
0.0
 11
1742.5
 21
512.0
 31
0.0
  0
LINE
  5
A1C
330
17
100
AcDbEntity
  8
A-ABERTURA
100
AcDbLine
 10
1739.5
 20
492.0
 30
0.0
 11
1739.5
 21
512.0
 31
0.0
  0
TEXT
  5
A1D
330
17
100
AcDbEntity
  8
A-TEXTO
100
AcDbText
 10
1731.5
 20
502.0
 30
0.0
 40
1.6
  1
P6
  7
ISO3098
 72
1
 11
1731.5
 21
502.0
 31
0.0
100
AcDbText
 73
2
  0
LINE
  5
A1E
330
17
100
AcDbEntity
  8
A-ABERTURA
100
AcDbLine
 10
1742.5
 20
523.0
 30
0.0
 11
1742.5
 21
539.0
 31
0.0
  0
LINE
  5
A1F
330
17
100
AcDbEntity
  8
A-ABERTURA
100
AcDbLine
 10
1739.5
 20
523.0
 30
0.0
 11
1739.5
 21
539.0
 31
0.0
  0
TEXT
  5
A20
330
17
100
AcDbEntity
  8
A-TEXTO
100
AcDbText
 10
1731.5
 20
531.0
 30
0.0
 40
1.6
  1
P7
  7
ISO3098
 72
1
 11
1731.5
 21
531.0
 31
0.0
100
AcDbText
 73
2
  0
LINE
  5
A21
330
17
100
AcDbEntity
  8
A-ABERTURA
100
AcDbLine
 10
2118.0
 20
653.5
 30
0.0
 11
2133.0
 21
653.5
 31
0.0
  0
LINE
  5
A22
330
17
100
AcDbEntity
  8
A-ABERTURA
100
AcDbLine
 10
2118.0
 20
656.5
 30
0.0
 11
2133.0
 21
656.5
 31
0.0
  0
TEXT
  5
A23
330
17
100
AcDbEntity
  8
A-TEXTO
100
AcDbText
 10
2125.5
 20
660.0
 30
0.0
 40
1.6
  1
P3
  7
ISO3098
 72
1
 11
2125.5
 21
660.0
 31
0.0
100
AcDbText
 73
2
  0
LINE
  5
A24
330
17
100
AcDbEntity
  8
A-ABERTURA
100
AcDbLine
 10
2179.0
 20
653.5
 30
0.0
 11
2199.0
 21
653.5
 31
0.0
  0
LINE
  5
A25
330
17
100
AcDbEntity
  8
A-ABERTURA
100
AcDbLine
 10
2179.0
 20
656.5
 30
0.0
 11
2199.0
 21
656.5
 31
0.0
  0
TEXT
  5
A26
330
17
100
AcDbEntity
  8
A-TEXTO
100
AcDbText
 10
2189.0
 20
660.0
 30
0.0
 40
1.6
  1
P4
  7
ISO3098
 72
1
 11
2189.0
 21
660.0
 31
0.0
100
AcDbText
 73
2
  0
LINE
  5
A27
330
17
100
AcDbEntity
  8
A-ABERTURA
100
AcDbLine
 10
2224.0
 20
653.5
 30
0.0
 11
2244.0
 21
653.5
 31
0.0
  0
LINE
  5
A28
330
17
100
AcDbEntity
  8
A-ABERTURA
100
AcDbLine
 10
2224.0
 20
656.5
 30
0.0
 11
2244.0
 21
656.5
 31
0.0
  0
TEXT
  5
A29
330
17
100
AcDbEntity
  8
A-TEXTO
100
AcDbText
 10
2234.0
 20
660.0
 30
0.0
 40
1.6
  1
P5
  7
ISO3098
 72
1
 11
2234.0
 21
660.0
 31
0.0
100
AcDbText
 73
2
  0
LINE
  5
A2A
330
17
100
AcDbEntity
  8
A-ABERTURA
100
AcDbLine
 10
2345.5
 20
515.0
 30
0.0
 11
2345.5
 21
531.0
 31
0.0
  0
LINE
  5
A2B
330
17
100
AcDbEntity
  8
A-ABERTURA
100
AcDbLine
 10
2348.5
 20
515.0
 30
0.0
 11
2348.5
 21
531.0
 31
0.0
  0
TEXT
  5
A2C
330
17
100
AcDbEntity
  8
A-TEXTO
100
AcDbText
 10
2356.5
 20
523.0
 30
0.0
 40
1.6
  1
P8
  7
ISO3098
 72
1
 11
2356.5
 21
523.0
 31
0.0
100
AcDbText
 73
2
  0
LINE
  5
A2D
330
17
100
AcDbEntity
  8
A-ABERTURA
100
AcDbLine
 10
2345.5
 20
489.0
 30
0.0
 11
2345.5
 21
509.0
 31
0.0
  0
LINE
  5
A2E
330
17
100
AcDbEntity
  8
A-ABERTURA
100
AcDbLine
 10
2348.5
 20
489.0
 30
0.0
 11
2348.5
 21
509.0
 31
0.0
  0
TEXT
  5
A2F
330
17
100
AcDbEntity
  8
A-TEXTO
100
AcDbText
 10
2356.5
 20
499.0
 30
0.0
 40
1.6
  1
P9
  7
ISO3098
 72
1
 11
2356.5
 21
499.0
 31
0.0
100
AcDbText
 73
2
  0
LINE
  5
A30
330
17
100
AcDbEntity
  8
A-ABERTURA
100
AcDbLine
 10
2345.5
 20
607.0
 30
0.0
 11
2345.5
 21
622.0
 31
0.0
  0
LINE
  5
A31
330
17
100
AcDbEntity
  8
A-ABERTURA
100
AcDbLine
 10
2348.5
 20
607.0
 30
0.0
 11
2348.5
 21
622.0
 31
0.0
  0
LWPOLYLINE
  5
A32
330
17
100
AcDbEntity
  8
A-ABERTURA
100
AcDbPolyline
 90
4
 70
1
 10
2329.0
 20
609.0
 10
2343.0
 20
609.0
 10
2343.0
 20
620.0
 10
2329.0
 20
620.0
  0
LWPOLYLINE
  5
A33
330
17
100
AcDbEntity
  8
A-ABERTURA
100
AcDbPolyline
 90
4
 70
1
 10
2345.0
 20
605.5
 10
2348.0
 20
605.5
 10
2348.0
 20
623.5
 10
2345.0
 20
623.5
  0
TEXT
  5
A34
330
17
100
AcDbEntity
  8
A-TEXTO
100
AcDbText
 10
2356.5
 20
614.5
 30
0.0
 40
1.6
  1
M1
  7
ISO3098
 72
1
 11
2356.5
 21
614.5
 31
0.0
100
AcDbText
 73
2
  0
LINE
  5
A35
330
17
100
AcDbEntity
  8
A-ABERTURA
100
AcDbLine
 10
2345.5
 20
572.0
 30
0.0
 11
2345.5
 21
587.0
 31
0.0
  0
LINE
  5
A36
330
17
100
AcDbEntity
  8
A-ABERTURA
100
AcDbLine
 10
2348.5
 20
572.0
 30
0.0
 11
2348.5
 21
587.0
 31
0.0
  0
LWPOLYLINE
  5
A37
330
17
100
AcDbEntity
  8
A-ABERTURA
100
AcDbPolyline
 90
4
 70
1
 10
2329.0
 20
574.0
 10
2343.0
 20
574.0
 10
2343.0
 20
585.0
 10
2329.0
 20
585.0
  0
LWPOLYLINE
  5
A38
330
17
100
AcDbEntity
  8
A-ABERTURA
100
AcDbPolyline
 90
4
 70
1
 10
2345.0
 20
570.5
 10
2348.0
 20
570.5
 10
2348.0
 20
588.5
 10
2345.0
 20
588.5
  0
TEXT
  5
A39
330
17
100
AcDbEntity
  8
A-TEXTO
100
AcDbText
 10
2356.5
 20
579.5
 30
0.0
 40
1.6
  1
M2
  7
ISO3098
 72
1
 11
2356.5
 21
579.5
 31
0.0
100
AcDbText
 73
2
  0
LINE
  5
A3A
330
17
100
AcDbEntity
  8
A-ABERTURA
100
AcDbLine
 10
2345.5
 20
537.0
 30
0.0
 11
2345.5
 21
552.0
 31
0.0
  0
LINE
  5
A3B
330
17
100
AcDbEntity
  8
A-ABERTURA
100
AcDbLine
 10
2348.5
 20
537.0
 30
0.0
 11
2348.5
 21
552.0
 31
0.0
  0
LWPOLYLINE
  5
A3C
330
17
100
AcDbEntity
  8
A-ABERTURA
100
AcDbPolyline
 90
4
 70
1
 10
2329.0
 20
539.0
 10
2343.0
 20
539.0
 10
2343.0
 20
550.0
 10
2329.0
 20
550.0
  0
LWPOLYLINE
  5
A3D
330
17
100
AcDbEntity
  8
A-ABERTURA
100
AcDbPolyline
 90
4
 70
1
 10
2345.0
 20
535.5
 10
2348.0
 20
535.5
 10
2348.0
 20
553.5
 10
2345.0
 20
553.5
  0
TEXT
  5
A3E
330
17
100
AcDbEntity
  8
A-TEXTO
100
AcDbText
 10
2356.5
 20
544.5
 30
0.0
 40
1.6
  1
M3
  7
ISO3098
 72
1
 11
2356.5
 21
544.5
 31
0.0
100
AcDbText
 73
2
  0
LINE
  5
A3F
330
17
100
AcDbEntity
  8
A-ABERTURA
100
AcDbLine
 10
1742.5
 20
574.5
 30
0.0
 11
1737.0
 21
574.5
 31
0.0
  0
ARC
  5
A40
330
17
100
AcDbEntity
  8
A-ABERTURA
100
AcDbCircle
 10
1742.5
 20
574.5
 30
0.0
 40
5.500000000000007
100
AcDbArc
 50
90.0
 51
180.0
  0
TEXT
  5
A41
330
17
100
AcDbEntity
  8
S-ESCAPE
100
AcDbText
 10
1731.0
 20
577.25
 30
0.0
 40
1.6
  1
SE-1
  7
ISO3098
 72
1
 11
1731.0
 21
577.25
 31
0.0
100
AcDbText
 73
2
  0
LINE
  5
A42
330
17
100
AcDbEntity
  8
A-ABERTURA
100
AcDbLine
 10
1854.0
 20
653.5
 30
0.0
 11
1854.0
 21
659.0
 31
0.0
  0
ARC
  5
A43
330
17
100
AcDbEntity
  8
A-ABERTURA
100
AcDbCircle
 10
1854.0
 20
653.5
 30
0.0
 40
5.500000000000007
100
AcDbArc
 50
0.0
 51
90.0
  0
TEXT
  5
A44
330
17
100
AcDbEntity
  8
S-ESCAPE
100
AcDbText
 10
1856.75
 20
663.5
 30
0.0
 40
1.6
  1
SE-2
  7
ISO3098
 72
1
 11
1856.75
 21
663.5
 31
0.0
100
AcDbText
 73
2
  0
LINE
  5
A45
330
17
100
AcDbEntity
  8
A-ABERTURA
100
AcDbLine
 10
1974.0
 20
653.5
 30
0.0
 11
1974.0
 21
659.0
 31
0.0
  0
ARC
  5
A46
330
17
100
AcDbEntity
  8
A-ABERTURA
100
AcDbCircle
 10
1974.0
 20
653.5
 30
0.0
 40
5.500000000000007
100
AcDbArc
 50
0.0
 51
90.0
  0
TEXT
  5
A47
330
17
100
AcDbEntity
  8
S-ESCAPE
100
AcDbText
 10
1976.75
 20
663.5
 30
0.0
 40
1.6
  1
SE-3
  7
ISO3098
 72
1
 11
1976.75
 21
663.5
 31
0.0
100
AcDbText
 73
2
  0
LINE
  5
A48
330
17
100
AcDbEntity
  8
A-ABERTURA
100
AcDbLine
 10
2054.0
 20
653.5
 30
0.0
 11
2054.0
 21
659.0
 31
0.0
  0
ARC
  5
A49
330
17
100
AcDbEntity
  8
A-ABERTURA
100
AcDbCircle
 10
2054.0
 20
653.5
 30
0.0
 40
5.500000000000007
100
AcDbArc
 50
0.0
 51
90.0
  0
TEXT
  5
A4A
330
17
100
AcDbEntity
  8
S-ESCAPE
100
AcDbText
 10
2056.75
 20
663.5
 30
0.0
 40
1.6
  1
SE-4
  7
ISO3098
 72
1
 11
2056.75
 21
663.5
 31
0.0
100
AcDbText
 73
2
  0
LINE
  5
A4B
330
17
100
AcDbEntity
  8
A-ABERTURA
100
AcDbLine
 10
2149.0
 20
653.5
 30
0.0
 11
2149.0
 21
659.0
 31
0.0
  0
ARC
  5
A4C
330
17
100
AcDbEntity
  8
A-ABERTURA
100
AcDbCircle
 10
2149.0
 20
653.5
 30
0.0
 40
5.499999999999972
100
AcDbArc
 50
0.0
 51
90.0
  0
TEXT
  5
A4D
330
17
100
AcDbEntity
  8
S-ESCAPE
100
AcDbText
 10
2151.75
 20
663.4999999999999
 30
0.0
 40
1.6
  1
SE-5
  7
ISO3098
 72
1
 11
2151.75
 21
663.4999999999999
 31
0.0
100
AcDbText
 73
2
  0
LINE
  5
A4E
330
17
100
AcDbEntity
  8
A-ABERTURA
100
AcDbLine
 10
2294.0
 20
653.5
 30
0.0
 11
2294.0
 21
659.0
 31
0.0
  0
ARC
  5
A4F
330
17
100
AcDbEntity
  8
A-ABERTURA
100
AcDbCircle
 10
2294.0
 20
653.5
 30
0.0
 40
5.499999999999972
100
AcDbArc
 50
0.0
 51
90.0
  0
TEXT
  5
A50
330
17
100
AcDbEntity
  8
S-ESCAPE
100
AcDbText
 10
2296.75
 20
663.4999999999999
 30
0.0
 40
1.6
  1
SE-6
  7
ISO3098
 72
1
 11
2296.75
 21
663.4999999999999
 31
0.0
100
AcDbText
 73
2
  0
LINE
  5
A51
330
17
100
AcDbEntity
  8
A-ABERTURA
100
AcDbLine
 10
1844.0
 20
470.5
 30
0.0
 11
1844.0
 21
465.0
 31
0.0
  0
ARC
  5
A52
330
17
100
AcDbEntity
  8
A-ABERTURA
100
AcDbCircle
 10
1844.0
 20
470.5
 30
0.0
 40
5.500000000000007
100
AcDbArc
 50
270.0
 51
360.0
  0
TEXT
  5
A53
330
17
100
AcDbEntity
  8
S-ESCAPE
100
AcDbText
 10
1846.75
 20
460.5
 30
0.0
 40
1.6
  1
SE-7
  7
ISO3098
 72
1
 11
1846.75
 21
460.5
 31
0.0
100
AcDbText
 73
2
  0
LINE
  5
A54
330
17
100
AcDbEntity
  8
A-ABERTURA
100
AcDbLine
 10
2081.0
 20
470.5
 30
0.0
 11
2081.0
 21
465.00000000000006
 31
0.0
  0
ARC
  5
A55
330
17
100
AcDbEntity
  8
A-ABERTURA
100
AcDbCircle
 10
2081.0
 20
470.5
 30
0.0
 40
5.499999999999972
100
AcDbArc
 50
270.0
 51
360.0
  0
TEXT
  5
A56
330
17
100
AcDbEntity
  8
S-ESCAPE
100
AcDbText
 10
2083.75
 20
460.5
 30
0.0
 40
1.6
  1
SE-8
  7
ISO3098
 72
1
 11
2083.75
 21
460.5
 31
0.0
100
AcDbText
 73
2
  0
LINE
  5
A57
330
17
100
AcDbEntity
  8
A-ABERTURA
100
AcDbLine
 10
2249.0
 20
470.5
 30
0.0
 11
2249.0
 21
465.00000000000006
 31
0.0
  0
ARC
  5
A58
330
17
100
AcDbEntity
  8
A-ABERTURA
100
AcDbCircle
 10
2249.0
 20
470.5
 30
0.0
 40
5.499999999999972
100
AcDbArc
 50
270.0
 51
360.0
  0
TEXT
  5
A59
330
17
100
AcDbEntity
  8
S-ESCAPE
100
AcDbText
 10
2251.75
 20
460.5
 30
0.0
 40
1.6
  1
SE-9
  7
ISO3098
 72
1
 11
2251.75
 21
460.5
 31
0.0
100
AcDbText
 73
2
  0
LINE
  5
A5A
330
17
100
AcDbEntity
  8
A-ABERTURA
100
AcDbLine
 10
2345.5
 20
637.0
 30
0.0
 11
2351.0
 21
637.0
 31
0.0
  0
ARC
  5
A5B
330
17
100
AcDbEntity
  8
A-ABERTURA
100
AcDbCircle
 10
2345.5
 20
637.0
 30
0.0
 40
5.500000000000007
100
AcDbArc
 50
0.0
 51
90.0
  0
TEXT
  5
A5C
330
17
100
AcDbEntity
  8
S-ESCAPE
100
AcDbText
 10
2357.0
 20
639.75
 30
0.0
 40
1.6
  1
SE-10
  7
ISO3098
 72
1
 11
2357.0
 21
639.75
 31
0.0
100
AcDbText
 73
2
  0
LINE
  5
A5D
330
17
100
AcDbEntity
  8
A-ABERTURA
100
AcDbLine
 10
1996.0
 20
470.5
 30
0.0
 11
1996.0
 21
460.5
 31
0.0
  0
ARC
  5
A5E
330
17
100
AcDbEntity
  8
A-ABERTURA
100
AcDbCircle
 10
1996.0
 20
470.5
 30
0.0
 40
10.0
100
AcDbArc
 50
270.0
 51
360.0
  0
TEXT
  5
A5F
330
17
100
AcDbEntity
  8
A-TEXTO
100
AcDbText
 10
2001.0
 20
464.0
 30
0.0
 40
1.6
  1
PP-1
  7
ISO3098
 72
1
 11
2001.0
 21
464.0
 31
0.0
100
AcDbText
 73
2
  0
LINE
  5
A60
330
17
100
AcDbEntity
  8
A-ABERTURA
100
AcDbLine
 10
2099.0
 20
470.5
 30
0.0
 11
2099.0
 21
464.5
 31
0.0
  0
ARC
  5
A61
330
17
100
AcDbEntity
  8
A-ABERTURA
100
AcDbCircle
 10
2099.0
 20
470.5
 30
0.0
 40
6.000000000000014
100
AcDbArc
 50
270.0
 51
360.0
  0
TEXT
  5
A62
330
17
100
AcDbEntity
  8
A-TEXTO
100
AcDbText
 10
2102.0
 20
464.0
 30
0.0
 40
1.6
  1
PP-3
  7
ISO3098
 72
1
 11
2102.0
 21
464.0
 31
0.0
100
AcDbText
 73
2
  0
LINE
  5
A63
330
17
100
AcDbEntity
  8
A-ABERTURA
100
AcDbLine
 10
1940.0
 20
407.0
 30
0.0
 11
1940.0
 21
397.0
 31
0.0
  0
ARC
  5
A64
330
17
100
AcDbEntity
  8
A-ABERTURA
100
AcDbCircle
 10
1940.0
 20
407.0
 30
0.0
 40
10.0
100
AcDbArc
 50
270.0
 51
360.0
  0
TEXT
  5
A65
330
17
100
AcDbEntity
  8
A-TEXTO
100
AcDbText
 10
1945.0
 20
400.0
 30
0.0
 40
1.4400000000000002
  1
SV-1
  7
ISO3098
 72
1
 11
1945.0
 21
400.0
 31
0.0
100
AcDbText
 73
2
  0
LINE
  5
A66
330
17
100
AcDbEntity
  8
A-ABERTURA
100
AcDbLine
 10
2073.0
 20
439.0
 30
0.0
 11
2073.0
 21
438.0
 31
0.0
  0
ARC
  5
A67
330
17
100
AcDbEntity
  8
A-ABERTURA
100
AcDbCircle
 10
2073.0
 20
439.0
 30
0.0
 40
1.0000000000000142
100
AcDbArc
 50
270.0
 51
360.0
  0
TEXT
  5
A68
330
17
100
AcDbEntity
  8
A-TEXTO
100
AcDbText
 10
2073.5
 20
432.0
 30
0.0
 40
1.4400000000000002
  1
SV-2
  7
ISO3098
 72
1
 11
2073.5
 21
432.0
 31
0.0
100
AcDbText
 73
2
  0
LINE
  5
A69
330
17
100
AcDbEntity
  8
A-ABERTURA
100
AcDbLine
 10
2234.0
 20
392.0
 30
0.0
 11
2234.0
 21
412.0
 31
0.0
  0
TEXT
  5
A6A
330
17
100
AcDbEntity
  8
A-TEXTO
100
AcDbText
 10
2242.0
 20
402.0
 30
0.0
 40
1.4400000000000002
  1
RC-1
  7
ISO3098
 72
1
 11
2242.0
 21
402.0
 31
0.0
100
AcDbText
 73
2
  0
LINE
  5
A6B
330
17
100
AcDbEntity
  8
A-ABERTURA
100
AcDbLine
 10
2234.0
 20
447.0
 30
0.0
 11
2234.0
 21
467.0
 31
0.0
  0
TEXT
  5
A6C
330
17
100
AcDbEntity
  8
A-TEXTO
100
AcDbText
 10
2242.0
 20
457.0
 30
0.0
 40
1.4400000000000002
  1
RC-2
  7
ISO3098
 72
1
 11
2242.0
 21
457.0
 31
0.0
100
AcDbText
 73
2
  0
LINE
  5
A6D
330
17
100
AcDbEntity
  8
A-ABERTURA
100
AcDbLine
 10
2204.0
 20
387.0
 30
0.0
 11
2204.0
 21
377.0
 31
0.0
  0
ARC
  5
A6E
330
17
100
AcDbEntity
  8
A-ABERTURA
100
AcDbCircle
 10
2204.0
 20
387.0
 30
0.0
 40
10.0
100
AcDbArc
 50
270.0
 51
360.0
  0
TEXT
  5
A6F
330
17
100
AcDbEntity
  8
A-TEXTO
100
AcDbText
 10
2209.0
 20
380.0
 30
0.0
 40
1.4400000000000002
  1
RC-3
  7
ISO3098
 72
1
 11
2209.0
 21
380.0
 31
0.0
100
AcDbText
 73
2
  0
LINE
  5
A70
330
17
100
AcDbEntity
  8
A-ABERTURA
100
AcDbLine
 10
2094.0
 20
425.0
 30
0.0
 11
2100.0
 21
425.0
 31
0.0
  0
ARC
  5
A71
330
17
100
AcDbEntity
  8
A-ABERTURA
100
AcDbCircle
 10
2094.0
 20
425.0
 30
0.0
 40
6.000000000000005
100
AcDbArc
 50
0.0
 51
90.0
  0
TEXT
  5
A72
330
17
100
AcDbEntity
  8
A-TEXTO
100
AcDbText
 10
2102.0
 20
428.0
 30
0.0
 40
1.4400000000000002
  1
RC-4
  7
ISO3098
 72
1
 11
2102.0
 21
428.0
 31
0.0
100
AcDbText
 73
2
  0
LINE
  5
A73
330
17
100
AcDbEntity
  8
A-EJE
100
AcDbLine
 10
1744.0
 20
654.0
 30
0.0
 11
1744.0
 21
660.0
 31
0.0
  0
CIRCLE
  5
A74
330
17
100
AcDbEntity
  8
A-EJE
100
AcDbCircle
 10
1744.0
 20
662.6
 30
0.0
 40
2.6
  0
TEXT
  5
A75
330
17
100
AcDbEntity
  8
A-TEXTO
100
AcDbText
 10
1744.0
 20
662.6
 30
0.0
 40
2.3400000000000003
  1
1
  7
ISO3098
 72
1
 11
1744.0
 21
662.6
 31
0.0
100
AcDbText
 73
2
  0
LINE
  5
A76
330
17
100
AcDbEntity
  8
A-EJE
100
AcDbLine
 10
1784.0
 20
654.0
 30
0.0
 11
1784.0
 21
660.0
 31
0.0
  0
CIRCLE
  5
A77
330
17
100
AcDbEntity
  8
A-EJE
100
AcDbCircle
 10
1784.0
 20
662.6
 30
0.0
 40
2.6
  0
TEXT
  5
A78
330
17
100
AcDbEntity
  8
A-TEXTO
100
AcDbText
 10
1784.0
 20
662.6
 30
0.0
 40
2.3400000000000003
  1
2
  7
ISO3098
 72
1
 11
1784.0
 21
662.6
 31
0.0
100
AcDbText
 73
2
  0
LINE
  5
A79
330
17
100
AcDbEntity
  8
A-EJE
100
AcDbLine
 10
1824.0
 20
654.0
 30
0.0
 11
1824.0
 21
660.0
 31
0.0
  0
CIRCLE
  5
A7A
330
17
100
AcDbEntity
  8
A-EJE
100
AcDbCircle
 10
1824.0
 20
662.6
 30
0.0
 40
2.6
  0
TEXT
  5
A7B
330
17
100
AcDbEntity
  8
A-TEXTO
100
AcDbText
 10
1824.0
 20
662.6
 30
0.0
 40
2.3400000000000003
  1
3
  7
ISO3098
 72
1
 11
1824.0
 21
662.6
 31
0.0
100
AcDbText
 73
2
  0
LINE
  5
A7C
330
17
100
AcDbEntity
  8
A-EJE
100
AcDbLine
 10
1864.0
 20
654.0
 30
0.0
 11
1864.0
 21
660.0
 31
0.0
  0
CIRCLE
  5
A7D
330
17
100
AcDbEntity
  8
A-EJE
100
AcDbCircle
 10
1864.0
 20
662.6
 30
0.0
 40
2.6
  0
TEXT
  5
A7E
330
17
100
AcDbEntity
  8
A-TEXTO
100
AcDbText
 10
1864.0
 20
662.6
 30
0.0
 40
2.3400000000000003
  1
4
  7
ISO3098
 72
1
 11
1864.0
 21
662.6
 31
0.0
100
AcDbText
 73
2
  0
LINE
  5
A7F
330
17
100
AcDbEntity
  8
A-EJE
100
AcDbLine
 10
1904.0
 20
654.0
 30
0.0
 11
1904.0
 21
660.0
 31
0.0
  0
CIRCLE
  5
A80
330
17
100
AcDbEntity
  8
A-EJE
100
AcDbCircle
 10
1904.0
 20
662.6
 30
0.0
 40
2.6
  0
TEXT
  5
A81
330
17
100
AcDbEntity
  8
A-TEXTO
100
AcDbText
 10
1904.0
 20
662.6
 30
0.0
 40
2.3400000000000003
  1
5
  7
ISO3098
 72
1
 11
1904.0
 21
662.6
 31
0.0
100
AcDbText
 73
2
  0
LINE
  5
A82
330
17
100
AcDbEntity
  8
A-EJE
100
AcDbLine
 10
1944.0
 20
654.0
 30
0.0
 11
1944.0
 21
660.0
 31
0.0
  0
CIRCLE
  5
A83
330
17
100
AcDbEntity
  8
A-EJE
100
AcDbCircle
 10
1944.0
 20
662.6
 30
0.0
 40
2.6
  0
TEXT
  5
A84
330
17
100
AcDbEntity
  8
A-TEXTO
100
AcDbText
 10
1944.0
 20
662.6
 30
0.0
 40
2.3400000000000003
  1
6
  7
ISO3098
 72
1
 11
1944.0
 21
662.6
 31
0.0
100
AcDbText
 73
2
  0
LINE
  5
A85
330
17
100
AcDbEntity
  8
A-EJE
100
AcDbLine
 10
1984.0
 20
654.0
 30
0.0
 11
1984.0
 21
660.0
 31
0.0
  0
CIRCLE
  5
A86
330
17
100
AcDbEntity
  8
A-EJE
100
AcDbCircle
 10
1984.0
 20
662.6
 30
0.0
 40
2.6
  0
TEXT
  5
A87
330
17
100
AcDbEntity
  8
A-TEXTO
100
AcDbText
 10
1984.0
 20
662.6
 30
0.0
 40
2.3400000000000003
  1
7
  7
ISO3098
 72
1
 11
1984.0
 21
662.6
 31
0.0
100
AcDbText
 73
2
  0
LINE
  5
A88
330
17
100
AcDbEntity
  8
A-EJE
100
AcDbLine
 10
2024.0
 20
654.0
 30
0.0
 11
2024.0
 21
660.0
 31
0.0
  0
CIRCLE
  5
A89
330
17
100
AcDbEntity
  8
A-EJE
100
AcDbCircle
 10
2024.0
 20
662.6
 30
0.0
 40
2.6
  0
TEXT
  5
A8A
330
17
100
AcDbEntity
  8
A-TEXTO
100
AcDbText
 10
2024.0
 20
662.6
 30
0.0
 40
2.3400000000000003
  1
8
  7
ISO3098
 72
1
 11
2024.0
 21
662.6
 31
0.0
100
AcDbText
 73
2
  0
LINE
  5
A8B
330
17
100
AcDbEntity
  8
A-EJE
100
AcDbLine
 10
2064.0
 20
654.0
 30
0.0
 11
2064.0
 21
660.0
 31
0.0
  0
CIRCLE
  5
A8C
330
17
100
AcDbEntity
  8
A-EJE
100
AcDbCircle
 10
2064.0
 20
662.6
 30
0.0
 40
2.6
  0
TEXT
  5
A8D
330
17
100
AcDbEntity
  8
A-TEXTO
100
AcDbText
 10
2064.0
 20
662.6
 30
0.0
 40
2.3400000000000003
  1
9
  7
ISO3098
 72
1
 11
2064.0
 21
662.6
 31
0.0
100
AcDbText
 73
2
  0
LINE
  5
A8E
330
17
100
AcDbEntity
  8
A-EJE
100
AcDbLine
 10
2104.0
 20
654.0
 30
0.0
 11
2104.0
 21
660.0
 31
0.0
  0
CIRCLE
  5
A8F
330
17
100
AcDbEntity
  8
A-EJE
100
AcDbCircle
 10
2104.0
 20
662.6
 30
0.0
 40
2.6
  0
TEXT
  5
A90
330
17
100
AcDbEntity
  8
A-TEXTO
100
AcDbText
 10
2104.0
 20
662.6
 30
0.0
 40
2.3400000000000003
  1
10
  7
ISO3098
 72
1
 11
2104.0
 21
662.6
 31
0.0
100
AcDbText
 73
2
  0
LINE
  5
A91
330
17
100
AcDbEntity
  8
A-EJE
100
AcDbLine
 10
2144.0
 20
654.0
 30
0.0
 11
2144.0
 21
660.0
 31
0.0
  0
CIRCLE
  5
A92
330
17
100
AcDbEntity
  8
A-EJE
100
AcDbCircle
 10
2144.0
 20
662.6
 30
0.0
 40
2.6
  0
TEXT
  5
A93
330
17
100
AcDbEntity
  8
A-TEXTO
100
AcDbText
 10
2144.0
 20
662.6
 30
0.0
 40
2.3400000000000003
  1
11
  7
ISO3098
 72
1
 11
2144.0
 21
662.6
 31
0.0
100
AcDbText
 73
2
  0
LINE
  5
A94
330
17
100
AcDbEntity
  8
A-EJE
100
AcDbLine
 10
2184.0
 20
654.0
 30
0.0
 11
2184.0
 21
660.0
 31
0.0
  0
CIRCLE
  5
A95
330
17
100
AcDbEntity
  8
A-EJE
100
AcDbCircle
 10
2184.0
 20
662.6
 30
0.0
 40
2.6
  0
TEXT
  5
A96
330
17
100
AcDbEntity
  8
A-TEXTO
100
AcDbText
 10
2184.0
 20
662.6
 30
0.0
 40
2.3400000000000003
  1
12
  7
ISO3098
 72
1
 11
2184.0
 21
662.6
 31
0.0
100
AcDbText
 73
2
  0
LINE
  5
A97
330
17
100
AcDbEntity
  8
A-EJE
100
AcDbLine
 10
2224.0
 20
654.0
 30
0.0
 11
2224.0
 21
660.0
 31
0.0
  0
CIRCLE
  5
A98
330
17
100
AcDbEntity
  8
A-EJE
100
AcDbCircle
 10
2224.0
 20
662.6
 30
0.0
 40
2.6
  0
TEXT
  5
A99
330
17
100
AcDbEntity
  8
A-TEXTO
100
AcDbText
 10
2224.0
 20
662.6
 30
0.0
 40
2.3400000000000003
  1
13
  7
ISO3098
 72
1
 11
2224.0
 21
662.6
 31
0.0
100
AcDbText
 73
2
  0
LINE
  5
A9A
330
17
100
AcDbEntity
  8
A-EJE
100
AcDbLine
 10
2264.0
 20
654.0
 30
0.0
 11
2264.0
 21
660.0
 31
0.0
  0
CIRCLE
  5
A9B
330
17
100
AcDbEntity
  8
A-EJE
100
AcDbCircle
 10
2264.0
 20
662.6
 30
0.0
 40
2.6
  0
TEXT
  5
A9C
330
17
100
AcDbEntity
  8
A-TEXTO
100
AcDbText
 10
2264.0
 20
662.6
 30
0.0
 40
2.3400000000000003
  1
14
  7
ISO3098
 72
1
 11
2264.0
 21
662.6
 31
0.0
100
AcDbText
 73
2
  0
LINE
  5
A9D
330
17
100
AcDbEntity
  8
A-EJE
100
AcDbLine
 10
2304.0
 20
654.0
 30
0.0
 11
2304.0
 21
660.0
 31
0.0
  0
CIRCLE
  5
A9E
330
17
100
AcDbEntity
  8
A-EJE
100
AcDbCircle
 10
2304.0
 20
662.6
 30
0.0
 40
2.6
  0
TEXT
  5
A9F
330
17
100
AcDbEntity
  8
A-TEXTO
100
AcDbText
 10
2304.0
 20
662.6
 30
0.0
 40
2.3400000000000003
  1
15
  7
ISO3098
 72
1
 11
2304.0
 21
662.6
 31
0.0
100
AcDbText
 73
2
  0
LINE
  5
AA0
330
17
100
AcDbEntity
  8
A-EJE
100
AcDbLine
 10
2344.0
 20
654.0
 30
0.0
 11
2344.0
 21
660.0
 31
0.0
  0
CIRCLE
  5
AA1
330
17
100
AcDbEntity
  8
A-EJE
100
AcDbCircle
 10
2344.0
 20
662.6
 30
0.0
 40
2.6
  0
TEXT
  5
AA2
330
17
100
AcDbEntity
  8
A-TEXTO
100
AcDbText
 10
2344.0
 20
662.6
 30
0.0
 40
2.3400000000000003
  1
16
  7
ISO3098
 72
1
 11
2344.0
 21
662.6
 31
0.0
100
AcDbText
 73
2
  0
TEXT
  5
AA3
330
17
100
AcDbEntity
  8
A-TEXTO
100
AcDbText
 10
1747.5
 20
648.5
 30
0.0
 40
1.7
  1
BR
  7
ISO3098
 11
1747.5
 21
648.5
 31
0.0
100
AcDbText
 73
3
  0
TEXT
  5
AA4
330
17
100
AcDbEntity
  8
A-TEXTO
100
AcDbText
 10
1800.0
 20
589.0
 30
0.0
 40
1.7
  1
AL-1H
  7
ISO3098
 11
1800.0
 21
589.0
 31
0.0
100
AcDbText
 73
3
  0
TEXT
  5
AA5
330
17
100
AcDbEntity
  8
A-TEXTO
100
AcDbText
 10
1829.0
 20
631.0
 30
0.0
 40
1.7
  1
AL-1F
  7
ISO3098
 11
1829.0
 21
631.0
 31
0.0
100
AcDbText
 73
3
  0
TEXT
  5
AA6
330
17
100
AcDbEntity
  8
A-TEXTO
100
AcDbText
 10
1828.0
 20
593.0
 30
0.0
 40
1.7
  1
AL-1T
  7
ISO3098
 11
1828.0
 21
593.0
 31
0.0
100
AcDbText
 73
3
  0
TEXT
  5
AA7
330
17
100
AcDbEntity
  8
A-TEXTO
100
AcDbText
 10
1806.0
 20
518.5
 30
0.0
 40
1.7
  1
AL-1C
  7
ISO3098
 11
1806.0
 21
518.5
 31
0.0
100
AcDbText
 73
3
  0
TEXT
  5
AA8
330
17
100
AcDbEntity
  8
A-TEXTO
100
AcDbText
 10
1747.5
 20
589.0
 30
0.0
 40
1.7
  1
PÑ
  7
ISO3098
 11
1747.5
 21
589.0
 31
0.0
100
AcDbText
 73
3
  0
TEXT
  5
AA9
330
17
100
AcDbEntity
  8
A-TEXTO
100
AcDbText
 10
1747.5
 20
563.0
 30
0.0
 40
1.7
  1
SCR-O
  7
ISO3098
 11
1747.5
 21
563.0
 31
0.0
100
AcDbText
 73
3
  0
TEXT
  5
AAA
330
17
100
AcDbEntity
  8
A-TEXTO
100
AcDbText
 10
1885.0
 20
648.5
 30
0.0
 40
1.7
  1
SCR-N
  7
ISO3098
 11
1885.0
 21
648.5
 31
0.0
100
AcDbText
 73
3
  0
TEXT
  5
AAB
330
17
100
AcDbEntity
  8
A-TEXTO
100
AcDbText
 10
1828.0
 20
557.0
 30
0.0
 40
1.7
  1
MQ-G
  7
ISO3098
 11
1828.0
 21
557.0
 31
0.0
100
AcDbText
 73
3
  0
TEXT
  5
AAC
330
17
100
AcDbEntity
  8
A-TEXTO
100
AcDbText
 10
1838.0
 20
602.0
 30
0.0
 40
1.7
  1
MQ-T
  7
ISO3098
 11
1838.0
 21
602.0
 31
0.0
100
AcDbText
 73
3
  0
TEXT
  5
AAD
330
17
100
AcDbEntity
  8
A-TEXTO
100
AcDbText
 10
1828.0
 20
623.0
 30
0.0
 40
1.7
  1
MQ-K
  7
ISO3098
 11
1828.0
 21
623.0
 31
0.0
100
AcDbText
 73
3
  0
TEXT
  5
AAE
330
17
100
AcDbEntity
  8
A-TEXTO
100
AcDbText
 10
1900.5
 20
626.0
 30
0.0
 40
1.7
  1
SM-K
  7
ISO3098
 11
1900.5
 21
626.0
 31
0.0
100
AcDbText
 73
3
  0
TEXT
  5
AAF
330
17
100
AcDbEntity
  8
A-TEXTO
100
AcDbText
 10
1900.0
 20
565.0
 30
0.0
 40
1.7
  1
PU-G
  7
ISO3098
 11
1900.0
 21
565.0
 31
0.0
100
AcDbText
 73
3
  0
TEXT
  5
AB0
330
17
100
AcDbEntity
  8
A-TEXTO
100
AcDbText
 10
1858.0
 20
602.0
 30
0.0
 40
1.7
  1
OP-MP
  7
ISO3098
 11
1858.0
 21
602.0
 31
0.0
100
AcDbText
 73
3
  0
TEXT
  5
AB1
330
17
100
AcDbEntity
  8
A-TEXTO
100
AcDbText
 10
1747.5
 20
519.5
 30
0.0
 40
1.7
  1
S3
  7
ISO3098
 11
1747.5
 21
519.5
 31
0.0
100
AcDbText
 73
3
  0
TEXT
  5
AB2
330
17
100
AcDbEntity
  8
A-TEXTO
100
AcDbText
 10
1953.0
 20
626.5
 30
0.0
 40
1.7
  1
S1
  7
ISO3098
 11
1953.0
 21
626.5
 31
0.0
100
AcDbText
 73
3
  0
TEXT
  5
AB3
330
17
100
AcDbEntity
  8
A-TEXTO
100
AcDbText
 10
2016.0
 20
626.5
 30
0.0
 40
1.7
  1
S2
  7
ISO3098
 11
2016.0
 21
626.5
 31
0.0
100
AcDbText
 73
3
  0
TEXT
  5
AB4
330
17
100
AcDbEntity
  8
A-TEXTO
100
AcDbText
 10
1954.0
 20
511.0
 30
0.0
 40
1.7
  1
Q
  7
ISO3098
 11
1954.0
 21
511.0
 31
0.0
100
AcDbText
 73
3
  0
TEXT
  5
AB5
330
17
100
AcDbEntity
  8
A-TEXTO
100
AcDbText
 10
1954.0
 20
529.0
 30
0.0
 40
1.7
  1
QR
  7
ISO3098
 11
1954.0
 21
529.0
 31
0.0
100
AcDbText
 73
3
  0
TEXT
  5
AB6
330
17
100
AcDbEntity
  8
A-TEXTO
100
AcDbText
 10
1978.0
 20
529.0
 30
0.0
 40
1.7
  1
EPP
  7
ISO3098
 11
1978.0
 21
529.0
 31
0.0
100
AcDbText
 73
3
  0
TEXT
  5
AB7
330
17
100
AcDbEntity
  8
A-TEXTO
100
AcDbText
 10
2021.0
 20
511.0
 30
0.0
 40
1.7
  1
MT
  7
ISO3098
 11
2021.0
 21
511.0
 31
0.0
100
AcDbText
 73
3
  0
TEXT
  5
AB8
330
17
100
AcDbEntity
  8
A-TEXTO
100
AcDbText
 10
2057.0
 20
511.0
 30
0.0
 40
1.7
  1
SUP
  7
ISO3098
 11
2057.0
 21
511.0
 31
0.0
100
AcDbText
 73
3
  0
TEXT
  5
AB9
330
17
100
AcDbEntity
  8
A-TEXTO
100
AcDbText
 10
2085.0
 20
626.5
 30
0.0
 40
1.7
  1
S-P
  7
ISO3098
 11
2085.0
 21
626.5
 31
0.0
100
AcDbText
 73
3
  0
TEXT
  5
ABA
330
17
100
AcDbEntity
  8
A-TEXTO
100
AcDbText
 10
2114.0
 20
648.5
 30
0.0
 40
1.7
  1
QP
  7
ISO3098
 11
2114.0
 21
648.5
 31
0.0
100
AcDbText
 73
3
  0
TEXT
  5
ABB
330
17
100
AcDbEntity
  8
A-TEXTO
100
AcDbText
 10
2173.5
 20
648.5
 30
0.0
 40
1.7
  1
AL-PV
  7
ISO3098
 11
2173.5
 21
648.5
 31
0.0
100
AcDbText
 73
3
  0
TEXT
  5
ABC
330
17
100
AcDbEntity
  8
A-TEXTO
100
AcDbText
 10
2209.5
 20
648.5
 30
0.0
 40
1.7
  1
AL-2
  7
ISO3098
 11
2209.5
 21
648.5
 31
0.0
100
AcDbText
 73
3
  0
TEXT
  5
ABD
330
17
100
AcDbEntity
  8
A-TEXTO
100
AcDbText
 10
2173.5
 20
621.0
 30
0.0
 40
1.7
  1
SP-1
  7
ISO3098
 11
2173.5
 21
621.0
 31
0.0
100
AcDbText
 73
3
  0
TEXT
  5
ABE
330
17
100
AcDbEntity
  8
A-TEXTO
100
AcDbText
 10
2209.5
 20
621.0
 30
0.0
 40
1.7
  1
S-T
  7
ISO3098
 11
2209.5
 21
621.0
 31
0.0
100
AcDbText
 73
3
  0
TEXT
  5
ABF
330
17
100
AcDbEntity
  8
A-TEXTO
100
AcDbText
 10
2173.5
 20
573.0
 30
0.0
 40
1.7
  1
BAT
  7
ISO3098
 11
2173.5
 21
573.0
 31
0.0
100
AcDbText
 73
3
  0
TEXT
  5
AC0
330
17
100
AcDbEntity
  8
A-TEXTO
100
AcDbText
 10
2207.0
 20
573.0
 30
0.0
 40
1.7
  1
EST
  7
ISO3098
 11
2207.0
 21
573.0
 31
0.0
100
AcDbText
 73
3
  0
TEXT
  5
AC1
330
17
100
AcDbEntity
  8
A-TEXTO
100
AcDbText
 10
2237.0
 20
573.0
 30
0.0
 40
1.7
  1
OF-E
  7
ISO3098
 11
2237.0
 21
573.0
 31
0.0
100
AcDbText
 73
3
  0
TEXT
  5
AC2
330
17
100
AcDbEntity
  8
A-TEXTO
100
AcDbText
 10
2173.5
 20
529.0
 30
0.0
 40
1.7
  1
SP-2
  7
ISO3098
 11
2173.5
 21
529.0
 31
0.0
100
AcDbText
 73
3
  0
TEXT
  5
AC3
330
17
100
AcDbEntity
  8
A-TEXTO
100
AcDbText
 10
2207.0
 20
512.0
 30
0.0
 40
1.7
  1
S-TC
  7
ISO3098
 11
2207.0
 21
512.0
 31
0.0
100
AcDbText
 73
3
  0
TEXT
  5
AC4
330
17
100
AcDbEntity
  8
A-TEXTO
100
AcDbText
 10
2267.0
 20
512.0
 30
0.0
 40
1.7
  1
PTC
  7
ISO3098
 11
2267.0
 21
512.0
 31
0.0
100
AcDbText
 73
3
  0
TEXT
  5
AC5
330
17
100
AcDbEntity
  8
A-TEXTO
100
AcDbText
 10
2267.0
 20
648.5
 30
0.0
 40
1.7
  1
AL-3
  7
ISO3098
 11
2267.0
 21
648.5
 31
0.0
100
AcDbText
 73
3
  0
TEXT
  5
AC6
330
17
100
AcDbEntity
  8
A-TEXTO
100
AcDbText
 10
2322.0
 20
648.5
 30
0.0
 40
1.7
  1
EXP
  7
ISO3098
 11
2322.0
 21
648.5
 31
0.0
100
AcDbText
 73
3
  0
TEXT
  5
AC7
330
17
100
AcDbEntity
  8
A-TEXTO
100
AcDbText
 10
2304.5
 20
554.0
 30
0.0
 40
1.7
  1
S4
  7
ISO3098
 11
2304.5
 21
554.0
 31
0.0
100
AcDbText
 73
3
  0
LWPOLYLINE
  5
AC8
330
17
100
AcDbEntity
  8
I-ELEC
100
AcDbPolyline
 90
4
 70
0
 10
2034.0
 20
652.0
 10
2034.0
 20
639.0
 10
1800.75
 20
639.0
 10
1800.75
 20
597.75
  0
CIRCLE
  5
AC9
330
17
100
AcDbEntity
  8
I-ELEC
100
AcDbCircle
 10
1800.75
 20
597.75
 30
0.0
 40
3.0
  0
TEXT
  5
ACA
330
17
100
AcDbEntity
  8
I-ELEC
100
AcDbText
 10
1804.75
 20
600.75
 30
0.0
 40
1.6
  1
TS BR
  7
ISO3098
 11
1804.75
 21
600.75
 31
0.0
100
AcDbText
 73
1
  0
LWPOLYLINE
  5
ACB
330
17
100
AcDbEntity
  8
I-ELEC
100
AcDbPolyline
 90
4
 70
0
 10
2034.0
 20
652.0
 10
2034.0
 20
639.0
 10
1848.6279069767443
 20
639.0
 10
1848.6279069767443
 20
551.9622093023255
  0
CIRCLE
  5
ACC
330
17
100
AcDbEntity
  8
I-ELEC
100
AcDbCircle
 10
1848.6279069767443
 20
551.9622093023255
 30
0.0
 40
3.0
  0
TEXT
  5
ACD
330
17
100
AcDbEntity
  8
I-ELEC
100
AcDbText
 10
1852.6279069767443
 20
554.9622093023256
 30
0.0
 40
1.6
  1
TS MQ-G
  7
ISO3098
 11
1852.6279069767443
 21
554.9622093023256
 31
0.0
100
AcDbText
 73
1
  0
LWPOLYLINE
  5
ACE
330
17
100
AcDbEntity
  8
I-ELEC
100
AcDbPolyline
 90
4
 70
0
 10
2034.0
 20
652.0
 10
2034.0
 20
639.0
 10
1845.0
 20
639.0
 10
1845.0
 20
582.125
  0
CIRCLE
  5
ACF
330
17
100
AcDbEntity
  8
I-ELEC
100
AcDbCircle
 10
1845.0
 20
582.125
 30
0.0
 40
3.0
  0
TEXT
  5
AD0
330
17
100
AcDbEntity
  8
I-ELEC
100
AcDbText
 10
1849.0
 20
585.125
 30
0.0
 40
1.6
  1
TS MQ-T
  7
ISO3098
 11
1849.0
 21
585.125
 31
0.0
100
AcDbText
 73
1
  0
LWPOLYLINE
  5
AD1
330
17
100
AcDbEntity
  8
I-ELEC
100
AcDbPolyline
 90
4
 70
0
 10
2034.0
 20
652.0
 10
2034.0
 20
639.0
 10
1863.7692307692307
 20
639.0
 10
1863.7692307692307
 20
616.7307692307693
  0
CIRCLE
  5
AD2
330
17
100
AcDbEntity
  8
I-ELEC
100
AcDbCircle
 10
1863.7692307692307
 20
616.7307692307693
 30
0.0
 40
3.0
  0
TEXT
  5
AD3
330
17
100
AcDbEntity
  8
I-ELEC
100
AcDbText
 10
1867.7692307692307
 20
619.7307692307693
 30
0.0
 40
1.6
  1
TS MQ-K
  7
ISO3098
 11
1867.7692307692307
 21
619.7307692307693
 31
0.0
100
AcDbText
 73
1
  0
LWPOLYLINE
  5
AD4
330
17
100
AcDbEntity
  8
I-ELEC
100
AcDbPolyline
 90
4
 70
0
 10
2034.0
 20
652.0
 10
2034.0
 20
639.0
 10
1852.408273381295
 20
639.0
 10
1852.408273381295
 20
499.2212230215828
  0
CIRCLE
  5
AD5
330
17
100
AcDbEntity
  8
I-ELEC
100
AcDbCircle
 10
1852.408273381295
 20
499.2212230215828
 30
0.0
 40
3.0
  0
TEXT
  5
AD6
330
17
100
AcDbEntity
  8
I-ELEC
100
AcDbText
 10
1856.408273381295
 20
502.2212230215827
 30
0.0
 40
1.6
  1
TS S3
  7
ISO3098
 11
1856.408273381295
 21
502.2212230215827
 31
0.0
100
AcDbText
 73
1
  0
LWPOLYLINE
  5
AD7
330
17
100
AcDbEntity
  8
I-ELEC
100
AcDbPolyline
 90
4
 70
0
 10
2034.0
 20
652.0
 10
2034.0
 20
639.0
 10
1997.046511627907
 20
639.0
 10
1997.046511627907
 20
552.2790697674418
  0
CIRCLE
  5
AD8
330
17
100
AcDbEntity
  8
I-ELEC
100
AcDbCircle
 10
1997.046511627907
 20
552.2790697674418
 30
0.0
 40
3.0
  0
TEXT
  5
AD9
330
17
100
AcDbEntity
  8
I-ELEC
100
AcDbText
 10
2001.046511627907
 20
555.2790697674419
 30
0.0
 40
1.6
  1
TS S1
  7
ISO3098
 11
2001.046511627907
 21
555.2790697674419
 31
0.0
100
AcDbText
 73
1
  0
LWPOLYLINE
  5
ADA
330
17
100
AcDbEntity
  8
I-ELEC
100
AcDbPolyline
 90
4
 70
0
 10
2034.0
 20
652.0
 10
2034.0
 20
639.0
 10
2042.4943267776098
 20
639.0
 10
2042.4943267776098
 20
557.9114977307111
  0
CIRCLE
  5
ADB
330
17
100
AcDbEntity
  8
I-ELEC
100
AcDbCircle
 10
2042.4943267776098
 20
557.9114977307111
 30
0.0
 40
3.0
  0
TEXT
  5
ADC
330
17
100
AcDbEntity
  8
I-ELEC
100
AcDbText
 10
2046.4943267776098
 20
560.9114977307111
 30
0.0
 40
1.6
  1
TS S2
  7
ISO3098
 11
2046.4943267776098
 21
560.9114977307111
 31
0.0
100
AcDbText
 73
1
  0
LWPOLYLINE
  5
ADD
330
17
100
AcDbEntity
  8
I-ELEC
100
AcDbPolyline
 90
4
 70
0
 10
2034.0
 20
652.0
 10
2034.0
 20
639.0
 10
2115.0030303030303
 20
639.0
 10
2115.0030303030303
 20
522.780303030303
  0
CIRCLE
  5
ADE
330
17
100
AcDbEntity
  8
I-ELEC
100
AcDbCircle
 10
2115.0030303030303
 20
522.780303030303
 30
0.0
 40
3.0
  0
TEXT
  5
ADF
330
17
100
AcDbEntity
  8
I-ELEC
100
AcDbText
 10
2119.0030303030303
 20
525.780303030303
 30
0.0
 40
1.6
  1
TS S-P
  7
ISO3098
 11
2119.0030303030303
 21
525.780303030303
 31
0.0
100
AcDbText
 73
1
  0
LWPOLYLINE
  5
AE0
330
17
100
AcDbEntity
  8
I-ELEC
100
AcDbPolyline
 90
4
 70
0
 10
2034.0
 20
652.0
 10
2034.0
 20
639.0
 10
2184.1666666666665
 20
639.0
 10
2184.1666666666665
 20
593.5
  0
CIRCLE
  5
AE1
330
17
100
AcDbEntity
  8
I-ELEC
100
AcDbCircle
 10
2184.1666666666665
 20
593.5
 30
0.0
 40
3.0
  0
TEXT
  5
AE2
330
17
100
AcDbEntity
  8
I-ELEC
100
AcDbText
 10
2188.1666666666665
 20
596.5
 30
0.0
 40
1.6
  1
TS SP-1
  7
ISO3098
 11
2188.1666666666665
 21
596.5
 31
0.0
100
AcDbText
 73
1
  0
LWPOLYLINE
  5
AE3
330
17
100
AcDbEntity
  8
I-ELEC
100
AcDbPolyline
 90
4
 70
0
 10
2034.0
 20
652.0
 10
2034.0
 20
639.0
 10
2228.65
 20
639.0
 10
2228.65
 20
602.5
  0
CIRCLE
  5
AE4
330
17
100
AcDbEntity
  8
I-ELEC
100
AcDbCircle
 10
2228.65
 20
602.5
 30
0.0
 40
3.0
  0
TEXT
  5
AE5
330
17
100
AcDbEntity
  8
I-ELEC
100
AcDbText
 10
2232.65
 20
605.5
 30
0.0
 40
1.6
  1
TS S-T
  7
ISO3098
 11
2232.65
 21
605.5
 31
0.0
100
AcDbText
 73
1
  0
LWPOLYLINE
  5
AE6
330
17
100
AcDbEntity
  8
I-ELEC
100
AcDbPolyline
 90
4
 70
0
 10
2034.0
 20
652.0
 10
2034.0
 20
639.0
 10
2269.75
 20
639.0
 10
2269.75
 20
611.5
  0
CIRCLE
  5
AE7
330
17
100
AcDbEntity
  8
I-ELEC
100
AcDbCircle
 10
2269.75
 20
611.5
 30
0.0
 40
3.0
  0
TEXT
  5
AE8
330
17
100
AcDbEntity
  8
I-ELEC
100
AcDbText
 10
2273.75
 20
614.5
 30
0.0
 40
1.6
  1
TS AL-3
  7
ISO3098
 11
2273.75
 21
614.5
 31
0.0
100
AcDbText
 73
1
  0
LWPOLYLINE
  5
AE9
330
17
100
AcDbEntity
  8
I-ELEC
100
AcDbPolyline
 90
4
 70
0
 10
2034.0
 20
652.0
 10
2034.0
 20
639.0
 10
2182.4
 20
639.0
 10
2182.4
 20
504.29999999999995
  0
CIRCLE
  5
AEA
330
17
100
AcDbEntity
  8
I-ELEC
100
AcDbCircle
 10
2182.4
 20
504.29999999999995
 30
0.0
 40
3.0
  0
TEXT
  5
AEB
330
17
100
AcDbEntity
  8
I-ELEC
100
AcDbText
 10
2186.4
 20
507.3
 30
0.0
 40
1.6
  1
TS SP-2
  7
ISO3098
 11
2186.4
 21
507.3
 31
0.0
100
AcDbText
 73
1
  0
LWPOLYLINE
  5
AEC
330
17
100
AcDbEntity
  8
I-ELEC
100
AcDbPolyline
 90
4
 70
0
 10
2034.0
 20
652.0
 10
2034.0
 20
639.0
 10
2227.5
 20
639.0
 10
2227.5
 20
500.5
  0
CIRCLE
  5
AED
330
17
100
AcDbEntity
  8
I-ELEC
100
AcDbCircle
 10
2227.5
 20
500.5
 30
0.0
 40
3.0
  0
TEXT
  5
AEE
330
17
100
AcDbEntity
  8
I-ELEC
100
AcDbText
 10
2231.5
 20
503.5
 30
0.0
 40
1.6
  1
TS S-TC
  7
ISO3098
 11
2231.5
 21
503.5
 31
0.0
100
AcDbText
 73
1
  0
LWPOLYLINE
  5
AEF
330
17
100
AcDbEntity
  8
I-AIRE
100
AcDbPolyline
 90
7
 70
0
 10
2034.0
 20
652.0
 10
2034.0
 20
622.0
 10
1764.0
 20
622.0
 10
1764.0
 20
532.0
 10
2264.0
 20
532.0
 10
2264.0
 20
622.0
 10
2034.0
 20
622.0
  0
LWPOLYLINE
  5
AF0
330
17
100
AcDbEntity
  8
I-SOLD
100
AcDbPolyline
 90
4
 70
0
 10
1959.0
 20
652.0
 10
1959.0
 20
627.0
 10
1879.0
 20
627.0
 10
1879.0
 20
621.5
  0
LWPOLYLINE
  5
AF1
330
17
100
AcDbEntity
  8
I-SOLD
100
AcDbPolyline
 90
4
 70
0
 10
1959.0
 20
652.0
 10
1959.0
 20
627.0
 10
1879.0
 20
627.0
 10
1879.0
 20
613.0
  0
LWPOLYLINE
  5
AF2
330
17
100
AcDbEntity
  8
I-SOLD
100
AcDbPolyline
 90
4
 70
0
 10
1959.0
 20
652.0
 10
1959.0
 20
627.0
 10
1848.5
 20
627.0
 10
1848.5
 20
498.5
  0
LWPOLYLINE
  5
AF3
330
17
100
AcDbEntity
  8
I-SOLD
100
AcDbPolyline
 90
4
 70
0
 10
1959.0
 20
652.0
 10
1959.0
 20
627.0
 10
1827.5
 20
627.0
 10
1827.5
 20
498.5
  0
LWPOLYLINE
  5
AF4
330
17
100
AcDbEntity
  8
I-SOLD
100
AcDbPolyline
 90
4
 70
0
 10
1959.0
 20
652.0
 10
1959.0
 20
627.0
 10
2002.5
 20
627.0
 10
2002.5
 20
544.0
  0
LWPOLYLINE
  5
AF5
330
17
100
AcDbEntity
  8
I-SOLD
100
AcDbPolyline
 90
4
 70
0
 10
1959.0
 20
652.0
 10
1959.0
 20
627.0
 10
2020.0
 20
627.0
 10
2020.0
 20
578.5
  0
LWPOLYLINE
  5
AF6
330
17
100
AcDbEntity
  8
I-SOLD
100
AcDbPolyline
 90
4
 70
0
 10
1959.0
 20
652.0
 10
1959.0
 20
627.0
 10
2020.0
 20
627.0
 10
2020.0
 20
541.5
  0
LWPOLYLINE
  5
AF7
330
17
100
AcDbEntity
  8
I-N2
100
AcDbPolyline
 90
5
 70
0
 10
2284.0
 20
652.0
 10
2284.0
 20
621.0
 10
2266.0
 20
621.0
 10
2266.0
 20
602.5
 10
2227.75
 20
602.5
  0
LWPOLYLINE
  5
AF8
330
17
100
AcDbEntity
  8
I-N2
100
AcDbPolyline
 90
5
 70
0
 10
2284.0
 20
652.0
 10
2284.0
 20
621.0
 10
2266.0
 20
621.0
 10
2266.0
 20
500.5
 10
2238.5
 20
500.5
  0
LWPOLYLINE
  5
AF9
330
17
100
AcDbEntity
  8
I-GAS
100
AcDbPolyline
 90
4
 70
0
 10
2151.5
 20
652.0
 10
2151.5
 20
630.0
 10
2092.6
 20
630.0
 10
2092.6
 20
525.0
  0
LWPOLYLINE
  5
AFA
330
17
100
AcDbEntity
  8
I-GAS
100
AcDbPolyline
 90
4
 70
0
 10
2151.5
 20
652.0
 10
2151.5
 20
630.0
 10
2156.1
 20
630.0
 10
2156.1
 20
525.0
  0
LWPOLYLINE
  5
AFB
330
17
100
AcDbEntity
  8
F-EFL-LIQ
100
AcDbPolyline
 90
4
 70
0
 10
2092.5
 20
567.0
 10
2081.0
 20
567.0
 10
2081.0
 20
472.0
 10
2081.0
 20
367.0
  0
HATCH
  5
AFC
330
17
100
AcDbEntity
  8
F-EFL-LIQ
 62
7
420
9195550
100
AcDbHatch
 10
0.0
 20
0.0
 30
0.0
210
0.0
220
0.0
230
1.0
  2
SOLID
 70
1
 71
0
 91
1
 92
3
 72
0
 73
1
 93
3
 10
2081.0
 20
547.3
 10
2081.6
 20
549.6999999999999
 10
2080.4
 20
549.6999999999999
 97
0
 75
1
 76
1
 98
0
  0
HATCH
  5
AFD
330
17
100
AcDbEntity
  8
F-EFL-LIQ
 62
7
420
9195550
100
AcDbHatch
 10
0.0
 20
0.0
 30
0.0
210
0.0
220
0.0
230
1.0
  2
SOLID
 70
1
 71
0
 91
1
 92
3
 72
0
 73
1
 93
3
 10
2081.0
 20
517.3
 10
2081.6
 20
519.6999999999999
 10
2080.4
 20
519.6999999999999
 97
0
 75
1
 76
1
 98
0
  0
HATCH
  5
AFE
330
17
100
AcDbEntity
  8
F-EFL-LIQ
 62
7
420
9195550
100
AcDbHatch
 10
0.0
 20
0.0
 30
0.0
210
0.0
220
0.0
230
1.0
  2
SOLID
 70
1
 71
0
 91
1
 92
3
 72
0
 73
1
 93
3
 10
2081.0
 20
487.3
 10
2081.6
 20
489.7
 10
2080.4
 20
489.7
 97
0
 75
1
 76
1
 98
0
  0
HATCH
  5
AFF
330
17
100
AcDbEntity
  8
F-EFL-LIQ
 62
7
420
9195550
100
AcDbHatch
 10
0.0
 20
0.0
 30
0.0
210
0.0
220
0.0
230
1.0
  2
SOLID
 70
1
 71
0
 91
1
 92
3
 72
0
 73
1
 93
3
 10
2081.0
 20
457.3
 10
2081.6
 20
459.7
 10
2080.4
 20
459.7
 97
0
 75
1
 76
1
 98
0
  0
HATCH
  5
B00
330
17
100
AcDbEntity
  8
F-EFL-LIQ
 62
7
420
9195550
100
AcDbHatch
 10
0.0
 20
0.0
 30
0.0
210
0.0
220
0.0
230
1.0
  2
SOLID
 70
1
 71
0
 91
1
 92
3
 72
0
 73
1
 93
3
 10
2081.0
 20
427.3
 10
2081.6
 20
429.7
 10
2080.4
 20
429.7
 97
0
 75
1
 76
1
 98
0
  0
HATCH
  5
B01
330
17
100
AcDbEntity
  8
F-EFL-LIQ
 62
7
420
9195550
100
AcDbHatch
 10
0.0
 20
0.0
 30
0.0
210
0.0
220
0.0
230
1.0
  2
SOLID
 70
1
 71
0
 91
1
 92
3
 72
0
 73
1
 93
3
 10
2081.0
 20
397.3
 10
2081.6
 20
399.7
 10
2080.4
 20
399.7
 97
0
 75
1
 76
1
 98
0
  0
HATCH
  5
B02
330
17
100
AcDbEntity
  8
F-EFL-LIQ
 62
7
420
9195550
100
AcDbHatch
 10
0.0
 20
0.0
 30
0.0
210
0.0
220
0.0
230
1.0
  2
SOLID
 70
1
 71
0
 91
1
 92
3
 72
0
 73
1
 93
3
 10
2081.0
 20
367.0
 10
2081.6
 20
369.4
 10
2080.4
 20
369.4
 97
0
 75
1
 76
1
 98
0
  0
LWPOLYLINE
  5
B03
330
17
100
AcDbEntity
  8
F-EFL-LIQ
100
AcDbPolyline
 90
4
 70
0
 10
2002.5
 20
553.0
 10
1996.5
 20
553.0
 10
1996.5
 20
478.0
 10
2081.0
 20
478.0
  0
HATCH
  5
B04
330
17
100
AcDbEntity
  8
F-EFL-LIQ
 62
7
420
9195550
100
AcDbHatch
 10
0.0
 20
0.0
 30
0.0
210
0.0
220
0.0
230
1.0
  2
SOLID
 70
1
 71
0
 91
1
 92
3
 72
0
 73
1
 93
3
 10
1996.5
 20
527.8
 10
1997.1
 20
530.1999999999999
 10
1995.9
 20
530.1999999999999
 97
0
 75
1
 76
1
 98
0
  0
HATCH
  5
B05
330
17
100
AcDbEntity
  8
F-EFL-LIQ
 62
7
420
9195550
100
AcDbHatch
 10
0.0
 20
0.0
 30
0.0
210
0.0
220
0.0
230
1.0
  2
SOLID
 70
1
 71
0
 91
1
 92
3
 72
0
 73
1
 93
3
 10
1996.5
 20
497.8
 10
1997.1
 20
500.2
 10
1995.9
 20
500.2
 97
0
 75
1
 76
1
 98
0
  0
HATCH
  5
B06
330
17
100
AcDbEntity
  8
F-EFL-LIQ
 62
7
420
9195550
100
AcDbHatch
 10
0.0
 20
0.0
 30
0.0
210
0.0
220
0.0
230
1.0
  2
SOLID
 70
1
 71
0
 91
1
 92
3
 72
0
 73
1
 93
3
 10
2006.7
 20
478.0
 10
2004.3
 20
478.6
 10
2004.3
 20
477.4
 97
0
 75
1
 76
1
 98
0
  0
HATCH
  5
B07
330
17
100
AcDbEntity
  8
F-EFL-LIQ
 62
7
420
9195550
100
AcDbHatch
 10
0.0
 20
0.0
 30
0.0
210
0.0
220
0.0
230
1.0
  2
SOLID
 70
1
 71
0
 91
1
 92
3
 72
0
 73
1
 93
3
 10
2036.7
 20
478.0
 10
2034.3
 20
478.6
 10
2034.3
 20
477.4
 97
0
 75
1
 76
1
 98
0
  0
HATCH
  5
B08
330
17
100
AcDbEntity
  8
F-EFL-LIQ
 62
7
420
9195550
100
AcDbHatch
 10
0.0
 20
0.0
 30
0.0
210
0.0
220
0.0
230
1.0
  2
SOLID
 70
1
 71
0
 91
1
 92
3
 72
0
 73
1
 93
3
 10
2066.7
 20
478.0
 10
2064.2999999999997
 20
478.6
 10
2064.2999999999997
 20
477.4
 97
0
 75
1
 76
1
 98
0
  0
HATCH
  5
B09
330
17
100
AcDbEntity
  8
F-EFL-LIQ
 62
7
420
9195550
100
AcDbHatch
 10
0.0
 20
0.0
 30
0.0
210
0.0
220
0.0
230
1.0
  2
SOLID
 70
1
 71
0
 91
1
 92
3
 72
0
 73
1
 93
3
 10
2081.0
 20
478.0
 10
2078.6
 20
478.6
 10
2078.6
 20
477.4
 97
0
 75
1
 76
1
 98
0
  0
LWPOLYLINE
  5
B0A
330
17
100
AcDbEntity
  8
F-EFL-LIQ
100
AcDbPolyline
 90
4
 70
0
 10
2038.5
 20
532.0
 10
2038.5
 20
517.0
 10
2075.0
 20
517.0
 10
2081.0
 20
517.0
  0
HATCH
  5
B0B
330
17
100
AcDbEntity
  8
F-EFL-LIQ
 62
7
420
9195550
100
AcDbHatch
 10
0.0
 20
0.0
 30
0.0
210
0.0
220
0.0
230
1.0
  2
SOLID
 70
1
 71
0
 91
1
 92
3
 72
0
 73
1
 93
3
 10
2054.7
 20
517.0
 10
2052.2999999999997
 20
517.6
 10
2052.2999999999997
 20
516.4
 97
0
 75
1
 76
1
 98
0
  0
HATCH
  5
B0C
330
17
100
AcDbEntity
  8
F-EFL-LIQ
 62
7
420
9195550
100
AcDbHatch
 10
0.0
 20
0.0
 30
0.0
210
0.0
220
0.0
230
1.0
  2
SOLID
 70
1
 71
0
 91
1
 92
3
 72
0
 73
1
 93
3
 10
2081.0
 20
517.0
 10
2078.6
 20
517.6
 10
2078.6
 20
516.4
 97
0
 75
1
 76
1
 98
0
  0
LWPOLYLINE
  5
B0D
330
17
100
AcDbEntity
  8
F-EFL-LIQ
100
AcDbPolyline
 90
3
 70
0
 10
2109.0
 20
428.5
 10
2087.0
 20
428.5
 10
2087.0
 20
367.0
  0
HATCH
  5
B0E
330
17
100
AcDbEntity
  8
F-EFL-LIQ
 62
7
420
9195550
100
AcDbHatch
 10
0.0
 20
0.0
 30
0.0
210
0.0
220
0.0
230
1.0
  2
SOLID
 70
1
 71
0
 91
1
 92
3
 72
0
 73
1
 93
3
 10
2087.0
 20
419.3
 10
2087.6
 20
421.7
 10
2086.4
 20
421.7
 97
0
 75
1
 76
1
 98
0
  0
HATCH
  5
B0F
330
17
100
AcDbEntity
  8
F-EFL-LIQ
 62
7
420
9195550
100
AcDbHatch
 10
0.0
 20
0.0
 30
0.0
210
0.0
220
0.0
230
1.0
  2
SOLID
 70
1
 71
0
 91
1
 92
3
 72
0
 73
1
 93
3
 10
2087.0
 20
389.3
 10
2087.6
 20
391.7
 10
2086.4
 20
391.7
 97
0
 75
1
 76
1
 98
0
  0
HATCH
  5
B10
330
17
100
AcDbEntity
  8
F-EFL-LIQ
 62
7
420
9195550
100
AcDbHatch
 10
0.0
 20
0.0
 30
0.0
210
0.0
220
0.0
230
1.0
  2
SOLID
 70
1
 71
0
 91
1
 92
3
 72
0
 73
1
 93
3
 10
2087.0
 20
367.0
 10
2087.6
 20
369.4
 10
2086.4
 20
369.4
 97
0
 75
1
 76
1
 98
0
  0
LWPOLYLINE
  5
B11
330
17
100
AcDbEntity
  8
F-EFL-LIQ
100
AcDbPolyline
 90
2
 70
0
 10
2089.0
 20
327.0
 10
2089.0
 20
172.0
  0
HATCH
  5
B12
330
17
100
AcDbEntity
  8
F-EFL-LIQ
 62
7
420
9195550
100
AcDbHatch
 10
0.0
 20
0.0
 30
0.0
210
0.0
220
0.0
230
1.0
  2
SOLID
 70
1
 71
0
 91
1
 92
3
 72
0
 73
1
 93
3
 10
2089.0
 20
295.8
 10
2089.6
 20
298.2
 10
2088.4
 20
298.2
 97
0
 75
1
 76
1
 98
0
  0
HATCH
  5
B13
330
17
100
AcDbEntity
  8
F-EFL-LIQ
 62
7
420
9195550
100
AcDbHatch
 10
0.0
 20
0.0
 30
0.0
210
0.0
220
0.0
230
1.0
  2
SOLID
 70
1
 71
0
 91
1
 92
3
 72
0
 73
1
 93
3
 10
2089.0
 20
265.8
 10
2089.6
 20
268.2
 10
2088.4
 20
268.2
 97
0
 75
1
 76
1
 98
0
  0
HATCH
  5
B14
330
17
100
AcDbEntity
  8
F-EFL-LIQ
 62
7
420
9195550
100
AcDbHatch
 10
0.0
 20
0.0
 30
0.0
210
0.0
220
0.0
230
1.0
  2
SOLID
 70
1
 71
0
 91
1
 92
3
 72
0
 73
1
 93
3
 10
2089.0
 20
235.8
 10
2089.6
 20
238.20000000000002
 10
2088.4
 20
238.20000000000002
 97
0
 75
1
 76
1
 98
0
  0
HATCH
  5
B15
330
17
100
AcDbEntity
  8
F-EFL-LIQ
 62
7
420
9195550
100
AcDbHatch
 10
0.0
 20
0.0
 30
0.0
210
0.0
220
0.0
230
1.0
  2
SOLID
 70
1
 71
0
 91
1
 92
3
 72
0
 73
1
 93
3
 10
2089.0
 20
205.8
 10
2089.6
 20
208.20000000000002
 10
2088.4
 20
208.20000000000002
 97
0
 75
1
 76
1
 98
0
  0
HATCH
  5
B16
330
17
100
AcDbEntity
  8
F-EFL-LIQ
 62
7
420
9195550
100
AcDbHatch
 10
0.0
 20
0.0
 30
0.0
210
0.0
220
0.0
230
1.0
  2
SOLID
 70
1
 71
0
 91
1
 92
3
 72
0
 73
1
 93
3
 10
2089.0
 20
175.8
 10
2089.6
 20
178.20000000000002
 10
2088.4
 20
178.20000000000002
 97
0
 75
1
 76
1
 98
0
  0
HATCH
  5
B17
330
17
100
AcDbEntity
  8
F-EFL-LIQ
 62
7
420
9195550
100
AcDbHatch
 10
0.0
 20
0.0
 30
0.0
210
0.0
220
0.0
230
1.0
  2
SOLID
 70
1
 71
0
 91
1
 92
3
 72
0
 73
1
 93
3
 10
2089.0
 20
172.0
 10
2089.6
 20
174.4
 10
2088.4
 20
174.4
 97
0
 75
1
 76
1
 98
0
  0
CIRCLE
  5
B18
330
17
100
AcDbEntity
  8
F-EFL-GAS
100
AcDbCircle
 10
1849.0
 20
617.0
 30
0.0
 40
3.5
  0
LINE
  5
B19
330
17
100
AcDbEntity
  8
F-EFL-GAS
100
AcDbLine
 10
1846.55
 20
614.55
 30
0.0
 11
1851.45
 21
619.45
 31
0.0
  0
LINE
  5
B1A
330
17
100
AcDbEntity
  8
F-EFL-GAS
100
AcDbLine
 10
1846.55
 20
619.45
 30
0.0
 11
1851.45
 21
614.55
 31
0.0
  0
CIRCLE
  5
B1B
330
17
100
AcDbEntity
  8
F-EFL-GAS
100
AcDbCircle
 10
1848.5
 20
498.5
 30
0.0
 40
3.5
  0
LINE
  5
B1C
330
17
100
AcDbEntity
  8
F-EFL-GAS
100
AcDbLine
 10
1846.05
 20
496.05
 30
0.0
 11
1850.95
 21
500.95000000000005
 31
0.0
  0
LINE
  5
B1D
330
17
100
AcDbEntity
  8
F-EFL-GAS
100
AcDbLine
 10
1846.05
 20
500.95000000000005
 30
0.0
 11
1850.95
 21
496.05
 31
0.0
  0
CIRCLE
  5
B1E
330
17
100
AcDbEntity
  8
F-EFL-GAS
100
AcDbCircle
 10
1827.5
 20
498.5
 30
0.0
 40
3.5
  0
LINE
  5
B1F
330
17
100
AcDbEntity
  8
F-EFL-GAS
100
AcDbLine
 10
1825.05
 20
496.05
 30
0.0
 11
1829.95
 21
500.95000000000005
 31
0.0
  0
LINE
  5
B20
330
17
100
AcDbEntity
  8
F-EFL-GAS
100
AcDbLine
 10
1825.05
 20
500.95000000000005
 30
0.0
 11
1829.95
 21
496.05
 31
0.0
  0
CIRCLE
  5
B21
330
17
100
AcDbEntity
  8
F-EFL-GAS
100
AcDbCircle
 10
2002.5
 20
544.0
 30
0.0
 40
3.5
  0
LINE
  5
B22
330
17
100
AcDbEntity
  8
F-EFL-GAS
100
AcDbLine
 10
2000.0500000000002
 20
541.55
 30
0.0
 11
2004.95
 21
546.45
 31
0.0
  0
LINE
  5
B23
330
17
100
AcDbEntity
  8
F-EFL-GAS
100
AcDbLine
 10
2000.0500000000002
 20
546.45
 30
0.0
 11
2004.95
 21
541.55
 31
0.0
  0
CIRCLE
  5
B24
330
17
100
AcDbEntity
  8
F-EFL-GAS
100
AcDbCircle
 10
2020.0
 20
578.5
 30
0.0
 40
3.5
  0
LINE
  5
B25
330
17
100
AcDbEntity
  8
F-EFL-GAS
100
AcDbLine
 10
2017.5500000000002
 20
576.05
 30
0.0
 11
2022.45
 21
580.9499999999999
 31
0.0
  0
LINE
  5
B26
330
17
100
AcDbEntity
  8
F-EFL-GAS
100
AcDbLine
 10
2017.5500000000002
 20
580.9499999999999
 30
0.0
 11
2022.45
 21
576.05
 31
0.0
  0
CIRCLE
  5
B27
330
17
100
AcDbEntity
  8
F-EFL-GAS
100
AcDbCircle
 10
2020.0
 20
541.5
 30
0.0
 40
3.5
  0
LINE
  5
B28
330
17
100
AcDbEntity
  8
F-EFL-GAS
100
AcDbLine
 10
2017.5500000000002
 20
539.05
 30
0.0
 11
2022.45
 21
543.95
 31
0.0
  0
LINE
  5
B29
330
17
100
AcDbEntity
  8
F-EFL-GAS
100
AcDbLine
 10
2017.5500000000002
 20
543.95
 30
0.0
 11
2022.45
 21
539.05
 31
0.0
  0
CIRCLE
  5
B2A
330
17
100
AcDbEntity
  8
F-EFL-GAS
100
AcDbCircle
 10
2059.0
 20
541.5
 30
0.0
 40
3.5
  0
LINE
  5
B2B
330
17
100
AcDbEntity
  8
F-EFL-GAS
100
AcDbLine
 10
2056.55
 20
539.05
 30
0.0
 11
2061.45
 21
543.95
 31
0.0
  0
LINE
  5
B2C
330
17
100
AcDbEntity
  8
F-EFL-GAS
100
AcDbLine
 10
2056.55
 20
543.95
 30
0.0
 11
2061.45
 21
539.05
 31
0.0
  0
CIRCLE
  5
B2D
330
17
100
AcDbEntity
  8
F-EFL-GAS
100
AcDbCircle
 10
2092.5
 20
525.0
 30
0.0
 40
3.5
  0
LINE
  5
B2E
330
17
100
AcDbEntity
  8
F-EFL-GAS
100
AcDbLine
 10
2090.05
 20
522.55
 30
0.0
 11
2094.95
 21
527.45
 31
0.0
  0
LINE
  5
B2F
330
17
100
AcDbEntity
  8
F-EFL-GAS
100
AcDbLine
 10
2090.05
 20
527.45
 30
0.0
 11
2094.95
 21
522.55
 31
0.0
  0
CIRCLE
  5
B30
330
17
100
AcDbEntity
  8
F-EFL-GAS
100
AcDbCircle
 10
2156.0
 20
525.0
 30
0.0
 40
3.5
  0
LINE
  5
B31
330
17
100
AcDbEntity
  8
F-EFL-GAS
100
AcDbLine
 10
2153.55
 20
522.55
 30
0.0
 11
2158.45
 21
527.45
 31
0.0
  0
LINE
  5
B32
330
17
100
AcDbEntity
  8
F-EFL-GAS
100
AcDbLine
 10
2153.55
 20
527.45
 30
0.0
 11
2158.45
 21
522.55
 31
0.0
  0
CIRCLE
  5
B33
330
17
100
AcDbEntity
  8
F-EFL-GAS
100
AcDbCircle
 10
2131.5
 20
491.0
 30
0.0
 40
3.5
  0
LINE
  5
B34
330
17
100
AcDbEntity
  8
F-EFL-GAS
100
AcDbLine
 10
2129.05
 20
488.55
 30
0.0
 11
2133.95
 21
493.45000000000005
 31
0.0
  0
LINE
  5
B35
330
17
100
AcDbEntity
  8
F-EFL-GAS
100
AcDbLine
 10
2129.05
 20
493.45000000000005
 30
0.0
 11
2133.95
 21
488.55
 31
0.0
  0
CIRCLE
  5
B36
330
17
100
AcDbEntity
  8
F-EFL-GAS
100
AcDbCircle
 10
2179.0
 20
587.5
 30
0.0
 40
3.5
  0
LINE
  5
B37
330
17
100
AcDbEntity
  8
F-EFL-GAS
100
AcDbLine
 10
2176.55
 20
585.05
 30
0.0
 11
2181.45
 21
589.95
 31
0.0
  0
LINE
  5
B38
330
17
100
AcDbEntity
  8
F-EFL-GAS
100
AcDbLine
 10
2176.55
 20
589.95
 30
0.0
 11
2181.45
 21
585.05
 31
0.0
  0
CIRCLE
  5
B39
330
17
100
AcDbEntity
  8
F-EFL-GAS
100
AcDbCircle
 10
2184.0
 20
497.0
 30
0.0
 40
3.5
  0
LINE
  5
B3A
330
17
100
AcDbEntity
  8
F-EFL-GAS
100
AcDbLine
 10
2181.55
 20
494.55
 30
0.0
 11
2186.45
 21
499.45
 31
0.0
  0
LINE
  5
B3B
330
17
100
AcDbEntity
  8
F-EFL-GAS
100
AcDbLine
 10
2181.55
 20
499.45
 30
0.0
 11
2186.45
 21
494.55
 31
0.0
  0
CIRCLE
  5
B3C
330
17
100
AcDbEntity
  8
F-EFL-GAS
100
AcDbCircle
 10
1845.0
 20
582.0
 30
0.0
 40
3.5
  0
LINE
  5
B3D
330
17
100
AcDbEntity
  8
F-EFL-GAS
100
AcDbLine
 10
1842.55
 20
579.55
 30
0.0
 11
1847.45
 21
584.45
 31
0.0
  0
LINE
  5
B3E
330
17
100
AcDbEntity
  8
F-EFL-GAS
100
AcDbLine
 10
1842.55
 20
584.45
 30
0.0
 11
1847.45
 21
579.55
 31
0.0
  0
CIRCLE
  5
B3F
330
17
100
AcDbEntity
  8
F-EFL-GAS
100
AcDbCircle
 10
2146.0
 20
428.5
 30
0.0
 40
3.5
  0
LINE
  5
B40
330
17
100
AcDbEntity
  8
F-EFL-GAS
100
AcDbLine
 10
2143.55
 20
426.05
 30
0.0
 11
2148.45
 21
430.95
 31
0.0
  0
LINE
  5
B41
330
17
100
AcDbEntity
  8
F-EFL-GAS
100
AcDbLine
 10
2143.55
 20
430.95
 30
0.0
 11
2148.45
 21
426.05
 31
0.0
  0
TEXT
  5
B42
330
17
100
AcDbEntity
  8
A-TEXTO
100
AcDbText
 10
2486.0
 20
797.0
 30
0.0
 40
3.5
  1
Referencias
  7
ISO3098
 11
2486.0
 21
797.0
 31
0.0
100
AcDbText
 73
1
  0
LWPOLYLINE
  5
B43
330
17
100
AcDbEntity
  8
I-ELEC
100
AcDbPolyline
 90
2
 70
0
 10
2486.0
 20
791.0
 10
2502.0
 20
791.0
  0
TEXT
  5
B44
330
17
100
AcDbEntity
  8
A-TEXTO
100
AcDbText
 10
2506.0
 20
791.0
 30
0.0
 40
2.3
  1
Alimentador eléctrico TGBT -> tablero seccional (TS)
  7
ISO3098
 11
2506.0
 21
791.0
 31
0.0
100
AcDbText
 73
2
  0
LWPOLYLINE
  5
B45
330
17
100
AcDbEntity
  8
I-AIRE
100
AcDbPolyline
 90
2
 70
0
 10
2486.0
 20
785.5
 10
2502.0
 20
785.5
  0
TEXT
  5
B46
330
17
100
AcDbEntity
  8
A-TEXTO
100
AcDbText
 10
2506.0
 20
785.5
 30
0.0
 40
2.3
  1
Aire comprimido: anillo con bajadas FRL cada 8 m
  7
ISO3098
 11
2506.0
 21
785.5
 31
0.0
100
AcDbText
 73
2
  0
LWPOLYLINE
  5
B47
330
17
100
AcDbEntity
  8
I-SOLD
100
AcDbPolyline
 90
2
 70
0
 10
2486.0
 20
780.0
 10
2502.0
 20
780.0
  0
TEXT
  5
B48
330
17
100
AcDbEntity
  8
A-TEXTO
100
AcDbText
 10
2506.0
 20
780.0
 30
0.0
 40
2.3
  1
Gas de soldadura Ar/CO₂ (ARCAL 21) desde la jaula JG-S
  7
ISO3098
 11
2506.0
 21
780.0
 31
0.0
100
AcDbText
 73
2
  0
LWPOLYLINE
  5
B49
330
17
100
AcDbEntity
  8
I-N2
100
AcDbPolyline
 90
2
 70
0
 10
2486.0
 20
774.5
 10
2502.0
 20
774.5
  0
TEXT
  5
B4A
330
17
100
AcDbEntity
  8
A-TEXTO
100
AcDbText
 10
2506.0
 20
774.5
 30
0.0
 40
2.3
  1
Nitrógeno para presurización desde la jaula JG-N
  7
ISO3098
 11
2506.0
 21
774.5
 31
0.0
100
AcDbText
 73
2
  0
LWPOLYLINE
  5
B4B
330
17
100
AcDbEntity
  8
I-GAS
100
AcDbPolyline
 90
2
 70
0
 10
2486.0
 20
769.0
 10
2502.0
 20
769.0
  0
TEXT
  5
B4C
330
17
100
AcDbEntity
  8
A-TEXTO
100
AcDbText
 10
2506.0
 20
769.0
 30
0.0
 40
2.3
  1
Gas natural a los hornos desde la regulación ERM
  7
ISO3098
 11
2506.0
 21
769.0
 31
0.0
100
AcDbText
 73
2
  0
LWPOLYLINE
  5
B4D
330
17
100
AcDbEntity
  8
F-EFL-LIQ
100
AcDbPolyline
 90
2
 70
0
 10
2486.0
 20
763.5
 10
2502.0
 20
763.5
  0
TEXT
  5
B4E
330
17
100
AcDbEntity
  8
A-TEXTO
100
AcDbText
 10
2506.0
 20
763.5
 30
0.0
 40
2.3
  1
Efluentes líquidos a PTE (enterrado, por gravedad)
  7
ISO3098
 11
2506.0
 21
763.5
 31
0.0
100
AcDbText
 73
2
  0
LWPOLYLINE
  5
B4F
330
17
100
AcDbEntity
  8
F-EFL-GAS
100
AcDbPolyline
 90
2
 70
0
 10
2486.0
 20
758.0
 10
2502.0
 20
758.0
  0
TEXT
  5
B50
330
17
100
AcDbEntity
  8
A-TEXTO
100
AcDbText
 10
2506.0
 20
758.0
 30
0.0
 40
2.3
  1
Captación localizada y salida por techo
  7
ISO3098
 11
2506.0
 21
758.0
 31
0.0
100
AcDbText
 73
2
  0
TEXT
  5
B51
330
17
100
AcDbEntity
  8
A-TEXTO
100
AcDbText
 10
2486.0
 20
749.5
 30
0.0
 40
2.2
  1
Criterio 4 (minimizar tendidos): la sala técnica ST (transformador, TGBT y compresores) está en
  7
ISO3098
 11
2486.0
 21
749.5
 31
0.0
100
AcDbText
 73
3
  0
TEXT
  5
B52
330
17
100
AcDbEntity
  8
A-TEXTO
100
AcDbText
 10
2486.0
 20
746.09
 30
0.0
 40
2.2
  1
el centro de cargas, sobre la fachada norte; las jaulas de gases, junto a sus consumos; la PTE,
  7
ISO3098
 11
2486.0
 21
746.09
 31
0.0
100
AcDbText
 73
3
  0
TEXT
  5
B53
330
17
100
AcDbEntity
  8
A-TEXTO
100
AcDbText
 10
2486.0
 20
742.6800000000001
 30
0.0
 40
2.2
  1
al sur junto a la colectora. Los procesos con efluente líquido (PH, pretratamiento y lavado de
  7
ISO3098
 11
2486.0
 21
742.6800000000001
 31
0.0
100
AcDbText
 73
3
  0
TEXT
  5
B54
330
17
100
AcDbEntity
  8
A-TEXTO
100
AcDbText
 10
2486.0
 20
739.2700000000001
 30
0.0
 40
2.2
  1
recargas) quedan en una franja central de 20 m de ancho para acortar la cañería enterrada.
  7
ISO3098
 11
2486.0
 21
739.2700000000001
 31
0.0
100
AcDbText
 73
3
  0
TEXT
  5
B55
330
17
100
AcDbEntity
  8
A-TEXTO
100
AcDbText
 10
2486.0
 20
735.8600000000001
 30
0.0
 40
2.2
  1
Recargas tiene tableros propios, manifold de N₂ y cámara de decantación.
  7
ISO3098
 11
2486.0
 21
735.8600000000001
 31
0.0
100
AcDbText
 73
3
  0
TEXT
  5
B56
330
17
100
AcDbEntity
  8
A-TEXTO
100
AcDbText
 10
2486.0
 20
732.4500000000002
 30
0.0
 40
2.2
  1
Potencia instalada de equipos: 311 kW; con simultaneidad 0,6 -> transformador de
  7
ISO3098
 11
2486.0
 21
732.4500000000002
 31
0.0
100
AcDbText
 73
3
  0
TEXT
  5
B57
330
17
100
AcDbEntity
  8
A-TEXTO
100
AcDbText
 10
2486.0
 20
729.0400000000002
 30
0.0
 40
2.2
  1
315 kVA (verificar con el relevamiento de cargas definitivo).
  7
ISO3098
 11
2486.0
 21
729.0400000000002
 31
0.0
100
AcDbText
 73
3
  0
TEXT
  5
B58
330
17
100
AcDbEntity
  8
A-TEXTO
100
AcDbText
 10
2486.0
 20
715.1300000000002
 30
0.0
 40
3.0
  1
Alimentadores (recorrido ortogonal)
  7
ISO3098
 11
2486.0
 21
715.1300000000002
 31
0.0
100
AcDbText
 73
1
  0
LWPOLYLINE
  5
B59
330
17
100
AcDbEntity
  8
A-COTA
370
35
100
AcDbPolyline
 90
4
 70
1
 10
2486.0
 20
713.6300000000002
 10
2580.0
 20
713.6300000000002
 10
2580.0
 20
649.1300000000002
 10
2486.0
 20
649.1300000000002
  0
LINE
  5
B5A
330
17
100
AcDbEntity
  8
A-COTA
370
35
100
AcDbLine
 10
2486.0
 20
709.3300000000003
 30
0.0
 11
2580.0
 21
709.3300000000003
 31
0.0
  0
LINE
  5
B5B
330
17
100
AcDbEntity
  8
A-COTA
370
13
100
AcDbLine
 10
2486.0
 20
705.0300000000002
 30
0.0
 11
2580.0
 21
705.0300000000002
 31
0.0
  0
LINE
  5
B5C
330
17
100
AcDbEntity
  8
A-COTA
370
13
100
AcDbLine
 10
2486.0
 20
700.7300000000002
 30
0.0
 11
2580.0
 21
700.7300000000002
 31
0.0
  0
LINE
  5
B5D
330
17
100
AcDbEntity
  8
A-COTA
370
13
100
AcDbLine
 10
2486.0
 20
696.4300000000002
 30
0.0
 11
2580.0
 21
696.4300000000002
 31
0.0
  0
LINE
  5
B5E
330
17
100
AcDbEntity
  8
A-COTA
370
13
100
AcDbLine
 10
2486.0
 20
692.1300000000002
 30
0.0
 11
2580.0
 21
692.1300000000002
 31
0.0
  0
LINE
  5
B5F
330
17
100
AcDbEntity
  8
A-COTA
370
13
100
AcDbLine
 10
2486.0
 20
687.8300000000003
 30
0.0
 11
2580.0
 21
687.8300000000003
 31
0.0
  0
LINE
  5
B60
330
17
100
AcDbEntity
  8
A-COTA
370
13
100
AcDbLine
 10
2486.0
 20
683.5300000000002
 30
0.0
 11
2580.0
 21
683.5300000000002
 31
0.0
  0
LINE
  5
B61
330
17
100
AcDbEntity
  8
A-COTA
370
13
100
AcDbLine
 10
2486.0
 20
679.2300000000002
 30
0.0
 11
2580.0
 21
679.2300000000002
 31
0.0
  0
LINE
  5
B62
330
17
100
AcDbEntity
  8
A-COTA
370
13
100
AcDbLine
 10
2486.0
 20
674.9300000000002
 30
0.0
 11
2580.0
 21
674.9300000000002
 31
0.0
  0
LINE
  5
B63
330
17
100
AcDbEntity
  8
A-COTA
370
13
100
AcDbLine
 10
2486.0
 20
670.6300000000002
 30
0.0
 11
2580.0
 21
670.6300000000002
 31
0.0
  0
LINE
  5
B64
330
17
100
AcDbEntity
  8
A-COTA
370
13
100
AcDbLine
 10
2486.0
 20
666.3300000000003
 30
0.0
 11
2580.0
 21
666.3300000000003
 31
0.0
  0
LINE
  5
B65
330
17
100
AcDbEntity
  8
A-COTA
370
13
100
AcDbLine
 10
2486.0
 20
662.0300000000002
 30
0.0
 11
2580.0
 21
662.0300000000002
 31
0.0
  0
LINE
  5
B66
330
17
100
AcDbEntity
  8
A-COTA
370
13
100
AcDbLine
 10
2486.0
 20
657.7300000000002
 30
0.0
 11
2580.0
 21
657.7300000000002
 31
0.0
  0
LINE
  5
B67
330
17
100
AcDbEntity
  8
A-COTA
370
13
100
AcDbLine
 10
2486.0
 20
653.4300000000002
 30
0.0
 11
2580.0
 21
653.4300000000002
 31
0.0
  0
LINE
  5
B68
330
17
100
AcDbEntity
  8
A-COTA
370
13
100
AcDbLine
 10
2530.0
 20
713.6300000000002
 30
0.0
 11
2530.0
 21
649.1300000000002
 31
0.0
  0
LINE
  5
B69
330
17
100
AcDbEntity
  8
A-COTA
370
13
100
AcDbLine
 10
2546.0
 20
713.6300000000002
 30
0.0
 11
2546.0
 21
649.1300000000002
 31
0.0
  0
TEXT
  5
B6A
330
17
100
AcDbEntity
  8
A-TEXTO
100
AcDbText
 10
2486.8
 20
711.4800000000002
 30
0.0
 40
2.1
  1
Tablero seccional
  7
ISO3098
 11
2486.8
 21
711.4800000000002
 31
0.0
100
AcDbText
 73
2
  0
TEXT
  5
B6B
330
17
100
AcDbEntity
  8
A-TEXTO
100
AcDbText
 10
2538.0
 20
711.4800000000002
 30
0.0
 40
2.1
  1
kW
  7
ISO3098
 72
1
 11
2538.0
 21
711.4800000000002
 31
0.0
100
AcDbText
 73
2
  0
TEXT
  5
B6C
330
17
100
AcDbEntity
  8
A-TEXTO
100
AcDbText
 10
2563.0
 20
711.4800000000002
 30
0.0
 40
2.1
  1
Largo desde TGBT m
  7
ISO3098
 72
1
 11
2563.0
 21
711.4800000000002
 31
0.0
100
AcDbText
 73
2
  0
TEXT
  5
B6D
330
17
100
AcDbEntity
  8
A-TEXTO
100
AcDbText
 10
2486.8
 20
707.1800000000002
 30
0.0
 40
2.1
  1
BR
  7
ISO3098
 11
2486.8
 21
707.1800000000002
 31
0.0
100
AcDbText
 73
2
  0
TEXT
  5
B6E
330
17
100
AcDbEntity
  8
A-TEXTO
100
AcDbText
 10
2538.0
 20
707.1800000000002
 30
0.0
 40
2.1
  1
0,1
  7
ISO3098
 72
1
 11
2538.0
 21
707.1800000000002
 31
0.0
100
AcDbText
 73
2
  0
TEXT
  5
B6F
330
17
100
AcDbEntity
  8
A-TEXTO
100
AcDbText
 10
2563.0
 20
707.1800000000002
 30
0.0
 40
2.1
  1
57,5
  7
ISO3098
 72
1
 11
2563.0
 21
707.1800000000002
 31
0.0
100
AcDbText
 73
2
  0
TEXT
  5
B70
330
17
100
AcDbEntity
  8
A-TEXTO
100
AcDbText
 10
2486.8
 20
702.8800000000002
 30
0.0
 40
2.1
  1
MQ-G
  7
ISO3098
 11
2486.8
 21
702.8800000000002
 31
0.0
100
AcDbText
 73
2
  0
TEXT
  5
B71
330
17
100
AcDbEntity
  8
A-TEXTO
100
AcDbText
 10
2538.0
 20
702.8800000000002
 30
0.0
 40
2.1
  1
17,2
  7
ISO3098
 72
1
 11
2538.0
 21
702.8800000000002
 31
0.0
100
AcDbText
 73
2
  0
TEXT
  5
B72
330
17
100
AcDbEntity
  8
A-TEXTO
100
AcDbText
 10
2563.0
 20
702.8800000000002
 30
0.0
 40
2.1
  1
57,1
  7
ISO3098
 72
1
 11
2563.0
 21
702.8800000000002
 31
0.0
100
AcDbText
 73
2
  0
TEXT
  5
B73
330
17
100
AcDbEntity
  8
A-TEXTO
100
AcDbText
 10
2486.8
 20
698.5800000000003
 30
0.0
 40
2.1
  1
MQ-T
  7
ISO3098
 11
2486.8
 21
698.5800000000003
 31
0.0
100
AcDbText
 73
2
  0
TEXT
  5
B74
330
17
100
AcDbEntity
  8
A-TEXTO
100
AcDbText
 10
2538.0
 20
698.5800000000003
 30
0.0
 40
2.1
  1
20,0
  7
ISO3098
 72
1
 11
2538.0
 21
698.5800000000003
 31
0.0
100
AcDbText
 73
2
  0
TEXT
  5
B75
330
17
100
AcDbEntity
  8
A-TEXTO
100
AcDbText
 10
2563.0
 20
698.5800000000003
 30
0.0
 40
2.1
  1
51,8
  7
ISO3098
 72
1
 11
2563.0
 21
698.5800000000003
 31
0.0
100
AcDbText
 73
2
  0
TEXT
  5
B76
330
17
100
AcDbEntity
  8
A-TEXTO
100
AcDbText
 10
2486.8
 20
694.2800000000002
 30
0.0
 40
2.1
  1
MQ-K
  7
ISO3098
 11
2486.8
 21
694.2800000000002
 31
0.0
100
AcDbText
 73
2
  0
TEXT
  5
B77
330
17
100
AcDbEntity
  8
A-TEXTO
100
AcDbText
 10
2538.0
 20
694.2800000000002
 30
0.0
 40
2.1
  1
65,0
  7
ISO3098
 72
1
 11
2538.0
 21
694.2800000000002
 31
0.0
100
AcDbText
 73
2
  0
TEXT
  5
B78
330
17
100
AcDbEntity
  8
A-TEXTO
100
AcDbText
 10
2563.0
 20
694.2800000000002
 30
0.0
 40
2.1
  1
41,1
  7
ISO3098
 72
1
 11
2563.0
 21
694.2800000000002
 31
0.0
100
AcDbText
 73
2
  0
TEXT
  5
B79
330
17
100
AcDbEntity
  8
A-TEXTO
100
AcDbText
 10
2486.8
 20
689.9800000000002
 30
0.0
 40
2.1
  1
S3
  7
ISO3098
 11
2486.8
 21
689.9800000000002
 31
0.0
100
AcDbText
 73
2
  0
TEXT
  5
B7A
330
17
100
AcDbEntity
  8
A-TEXTO
100
AcDbText
 10
2538.0
 20
689.9800000000002
 30
0.0
 40
2.1
  1
69,5
  7
ISO3098
 72
1
 11
2538.0
 21
689.9800000000002
 31
0.0
100
AcDbText
 73
2
  0
TEXT
  5
B7B
330
17
100
AcDbEntity
  8
A-TEXTO
100
AcDbText
 10
2563.0
 20
689.9800000000002
 30
0.0
 40
2.1
  1
66,9
  7
ISO3098
 72
1
 11
2563.0
 21
689.9800000000002
 31
0.0
100
AcDbText
 73
2
  0
TEXT
  5
B7C
330
17
100
AcDbEntity
  8
A-TEXTO
100
AcDbText
 10
2486.8
 20
685.6800000000002
 30
0.0
 40
2.1
  1
S1
  7
ISO3098
 11
2486.8
 21
685.6800000000002
 31
0.0
100
AcDbText
 73
2
  0
TEXT
  5
B7D
330
17
100
AcDbEntity
  8
A-TEXTO
100
AcDbText
 10
2538.0
 20
685.6800000000002
 30
0.0
 40
2.1
  1
21,5
  7
ISO3098
 72
1
 11
2538.0
 21
685.6800000000002
 31
0.0
100
AcDbText
 73
2
  0
TEXT
  5
B7E
330
17
100
AcDbEntity
  8
A-TEXTO
100
AcDbText
 10
2563.0
 20
685.6800000000002
 30
0.0
 40
2.1
  1
27,3
  7
ISO3098
 72
1
 11
2563.0
 21
685.6800000000002
 31
0.0
100
AcDbText
 73
2
  0
TEXT
  5
B7F
330
17
100
AcDbEntity
  8
A-TEXTO
100
AcDbText
 10
2486.8
 20
681.3800000000002
 30
0.0
 40
2.1
  1
S2
  7
ISO3098
 11
2486.8
 21
681.3800000000002
 31
0.0
100
AcDbText
 73
2
  0
TEXT
  5
B80
330
17
100
AcDbEntity
  8
A-TEXTO
100
AcDbText
 10
2538.0
 20
681.3800000000002
 30
0.0
 40
2.1
  1
66,1
  7
ISO3098
 72
1
 11
2538.0
 21
681.3800000000002
 31
0.0
100
AcDbText
 73
2
  0
TEXT
  5
B81
330
17
100
AcDbEntity
  8
A-TEXTO
100
AcDbText
 10
2563.0
 20
681.3800000000002
 30
0.0
 40
2.1
  1
20,5
  7
ISO3098
 72
1
 11
2563.0
 21
681.3800000000002
 31
0.0
100
AcDbText
 73
2
  0
TEXT
  5
B82
330
17
100
AcDbEntity
  8
A-TEXTO
100
AcDbText
 10
2486.8
 20
677.0800000000003
 30
0.0
 40
2.1
  1
S-P
  7
ISO3098
 11
2486.8
 21
677.0800000000003
 31
0.0
100
AcDbText
 73
2
  0
TEXT
  5
B83
330
17
100
AcDbEntity
  8
A-TEXTO
100
AcDbText
 10
2538.0
 20
677.0800000000003
 30
0.0
 40
2.1
  1
33,0
  7
ISO3098
 72
1
 11
2538.0
 21
677.0800000000003
 31
0.0
100
AcDbText
 73
2
  0
TEXT
  5
B84
330
17
100
AcDbEntity
  8
A-TEXTO
100
AcDbText
 10
2563.0
 20
677.0800000000003
 30
0.0
 40
2.1
  1
42,0
  7
ISO3098
 72
1
 11
2563.0
 21
677.0800000000003
 31
0.0
100
AcDbText
 73
2
  0
TEXT
  5
B85
330
17
100
AcDbEntity
  8
A-TEXTO
100
AcDbText
 10
2486.8
 20
672.7800000000002
 30
0.0
 40
2.1
  1
SP-1
  7
ISO3098
 11
2486.8
 21
672.7800000000002
 31
0.0
100
AcDbText
 73
2
  0
TEXT
  5
B86
330
17
100
AcDbEntity
  8
A-TEXTO
100
AcDbText
 10
2538.0
 20
672.7800000000002
 30
0.0
 40
2.1
  1
9,0
  7
ISO3098
 72
1
 11
2538.0
 21
672.7800000000002
 31
0.0
100
AcDbText
 73
2
  0
TEXT
  5
B87
330
17
100
AcDbEntity
  8
A-TEXTO
100
AcDbText
 10
2563.0
 20
672.7800000000002
 30
0.0
 40
2.1
  1
41,7
  7
ISO3098
 72
1
 11
2563.0
 21
672.7800000000002
 31
0.0
100
AcDbText
 73
2
  0
TEXT
  5
B88
330
17
100
AcDbEntity
  8
A-TEXTO
100
AcDbText
 10
2486.8
 20
668.4800000000002
 30
0.0
 40
2.1
  1
S-T
  7
ISO3098
 11
2486.8
 21
668.4800000000002
 31
0.0
100
AcDbText
 73
2
  0
TEXT
  5
B89
330
17
100
AcDbEntity
  8
A-TEXTO
100
AcDbText
 10
2538.0
 20
668.4800000000002
 30
0.0
 40
2.1
  1
2,5
  7
ISO3098
 72
1
 11
2538.0
 21
668.4800000000002
 31
0.0
100
AcDbText
 73
2
  0
TEXT
  5
B8A
330
17
100
AcDbEntity
  8
A-TEXTO
100
AcDbText
 10
2563.0
 20
668.4800000000002
 30
0.0
 40
2.1
  1
48,8
  7
ISO3098
 72
1
 11
2563.0
 21
668.4800000000002
 31
0.0
100
AcDbText
 73
2
  0
TEXT
  5
B8B
330
17
100
AcDbEntity
  8
A-TEXTO
100
AcDbText
 10
2486.8
 20
664.1800000000002
 30
0.0
 40
2.1
  1
AL-3
  7
ISO3098
 11
2486.8
 21
664.1800000000002
 31
0.0
100
AcDbText
 73
2
  0
TEXT
  5
B8C
330
17
100
AcDbEntity
  8
A-TEXTO
100
AcDbText
 10
2538.0
 20
664.1800000000002
 30
0.0
 40
2.1
  1
1,5
  7
ISO3098
 72
1
 11
2538.0
 21
664.1800000000002
 31
0.0
100
AcDbText
 73
2
  0
TEXT
  5
B8D
330
17
100
AcDbEntity
  8
A-TEXTO
100
AcDbText
 10
2563.0
 20
664.1800000000002
 30
0.0
 40
2.1
  1
55,3
  7
ISO3098
 72
1
 11
2563.0
 21
664.1800000000002
 31
0.0
100
AcDbText
 73
2
  0
TEXT
  5
B8E
330
17
100
AcDbEntity
  8
A-TEXTO
100
AcDbText
 10
2486.8
 20
659.8800000000002
 30
0.0
 40
2.1
  1
SP-2
  7
ISO3098
 11
2486.8
 21
659.8800000000002
 31
0.0
100
AcDbText
 73
2
  0
TEXT
  5
B8F
330
17
100
AcDbEntity
  8
A-TEXTO
100
AcDbText
 10
2538.0
 20
659.8800000000002
 30
0.0
 40
2.1
  1
5,0
  7
ISO3098
 72
1
 11
2538.0
 21
659.8800000000002
 31
0.0
100
AcDbText
 73
2
  0
TEXT
  5
B90
330
17
100
AcDbEntity
  8
A-TEXTO
100
AcDbText
 10
2563.0
 20
659.8800000000002
 30
0.0
 40
2.1
  1
59,2
  7
ISO3098
 72
1
 11
2563.0
 21
659.8800000000002
 31
0.0
100
AcDbText
 73
2
  0
TEXT
  5
B91
330
17
100
AcDbEntity
  8
A-TEXTO
100
AcDbText
 10
2486.8
 20
655.5800000000003
 30
0.0
 40
2.1
  1
S-TC
  7
ISO3098
 11
2486.8
 21
655.5800000000003
 31
0.0
100
AcDbText
 73
2
  0
TEXT
  5
B92
330
17
100
AcDbEntity
  8
A-TEXTO
100
AcDbText
 10
2538.0
 20
655.5800000000003
 30
0.0
 40
2.1
  1
1,0
  7
ISO3098
 72
1
 11
2538.0
 21
655.5800000000003
 31
0.0
100
AcDbText
 73
2
  0
TEXT
  5
B93
330
17
100
AcDbEntity
  8
A-TEXTO
100
AcDbText
 10
2563.0
 20
655.5800000000003
 30
0.0
 40
2.1
  1
69,0
  7
ISO3098
 72
1
 11
2563.0
 21
655.5800000000003
 31
0.0
100
AcDbText
 73
2
  0
TEXT
  5
B94
330
17
100
AcDbEntity
  8
A-TEXTO
100
AcDbText
 10
2486.8
 20
651.2800000000002
 30
0.0
 40
2.1
  1
Total
  7
ISO3098
 11
2486.8
 21
651.2800000000002
 31
0.0
100
AcDbText
 73
2
  0
TEXT
  5
B95
330
17
100
AcDbEntity
  8
A-TEXTO
100
AcDbText
 10
2538.0
 20
651.2800000000002
 30
0.0
 40
2.1
  1
311,4
  7
ISO3098
 72
1
 11
2538.0
 21
651.2800000000002
 31
0.0
100
AcDbText
 73
2
  0
TEXT
  5
B96
330
17
100
AcDbEntity
  8
A-TEXTO
100
AcDbText
 10
2563.0
 20
651.2800000000002
 30
0.0
 40
2.1
  1
638,3
  7
ISO3098
 72
1
 11
2563.0
 21
651.2800000000002
 31
0.0
100
AcDbText
 73
2
  0
TEXT
  5
B97
330
17
100
AcDbEntity
  8
A-TEXTO
100
AcDbText
 10
2590.0
 20
715.1300000000002
 30
0.0
 40
3.0
  1
Agua de PH y pretratamiento a PTE
  7
ISO3098
 11
2590.0
 21
715.1300000000002
 31
0.0
100
AcDbText
 73
1
  0
LWPOLYLINE
  5
B98
330
17
100
AcDbEntity
  8
A-COTA
370
35
100
AcDbPolyline
 90
4
 70
1
 10
2590.0
 20
713.6300000000002
 10
2648.0
 20
713.6300000000002
 10
2648.0
 20
693.1300000000002
 10
2590.0
 20
693.1300000000002
  0
LINE
  5
B99
330
17
100
AcDbEntity
  8
A-COTA
370
35
100
AcDbLine
 10
2590.0
 20
709.5300000000002
 30
0.0
 11
2648.0
 21
709.5300000000002
 31
0.0
  0
LINE
  5
B9A
330
17
100
AcDbEntity
  8
A-COTA
370
13
100
AcDbLine
 10
2590.0
 20
705.4300000000002
 30
0.0
 11
2648.0
 21
705.4300000000002
 31
0.0
  0
LINE
  5
B9B
330
17
100
AcDbEntity
  8
A-COTA
370
13
100
AcDbLine
 10
2590.0
 20
701.3300000000003
 30
0.0
 11
2648.0
 21
701.3300000000003
 31
0.0
  0
LINE
  5
B9C
330
17
100
AcDbEntity
  8
A-COTA
370
13
100
AcDbLine
 10
2590.0
 20
697.2300000000002
 30
0.0
 11
2648.0
 21
697.2300000000002
 31
0.0
  0
LINE
  5
B9D
330
17
100
AcDbEntity
  8
A-COTA
370
13
100
AcDbLine
 10
2626.0
 20
713.6300000000002
 30
0.0
 11
2626.0
 21
693.1300000000002
 31
0.0
  0
TEXT
  5
B9E
330
17
100
AcDbEntity
  8
A-TEXTO
100
AcDbText
 10
2590.8
 20
711.5800000000003
 30
0.0
 40
2.1
  1
Punto
  7
ISO3098
 11
2590.8
 21
711.5800000000003
 31
0.0
100
AcDbText
 73
2
  0
TEXT
  5
B9F
330
17
100
AcDbEntity
  8
A-TEXTO
100
AcDbText
 10
2637.0
 20
711.5800000000003
 30
0.0
 40
2.1
  1
Largo m
  7
ISO3098
 72
1
 11
2637.0
 21
711.5800000000003
 31
0.0
100
AcDbText
 73
2
  0
TEXT
  5
BA0
330
17
100
AcDbEntity
  8
A-TEXTO
100
AcDbText
 10
2590.8
 20
707.4800000000002
 30
0.0
 40
2.1
  1
A07
  7
ISO3098
 11
2590.8
 21
707.4800000000002
 31
0.0
100
AcDbText
 73
2
  0
TEXT
  5
BA1
330
17
100
AcDbEntity
  8
A-TEXTO
100
AcDbText
 10
2637.0
 20
707.4800000000002
 30
0.0
 40
2.1
  1
56,1
  7
ISO3098
 72
1
 11
2637.0
 21
707.4800000000002
 31
0.0
100
AcDbText
 73
2
  0
TEXT
  5
BA2
330
17
100
AcDbEntity
  8
A-TEXTO
100
AcDbText
 10
2590.8
 20
703.3800000000002
 30
0.0
 40
2.1
  1
B07
  7
ISO3098
 11
2590.8
 21
703.3800000000002
 31
0.0
100
AcDbText
 73
2
  0
TEXT
  5
BA3
330
17
100
AcDbEntity
  8
A-TEXTO
100
AcDbText
 10
2637.0
 20
703.3800000000002
 30
0.0
 40
2.1
  1
43,9
  7
ISO3098
 72
1
 11
2637.0
 21
703.3800000000002
 31
0.0
100
AcDbText
 73
2
  0
TEXT
  5
BA4
330
17
100
AcDbEntity
  8
A-TEXTO
100
AcDbText
 10
2590.8
 20
699.2800000000002
 30
0.0
 40
2.1
  1
P02
  7
ISO3098
 11
2590.8
 21
699.2800000000002
 31
0.0
100
AcDbText
 73
2
  0
TEXT
  5
BA5
330
17
100
AcDbEntity
  8
A-TEXTO
100
AcDbText
 10
2637.0
 20
699.2800000000002
 30
0.0
 40
2.1
  1
40,7
  7
ISO3098
 72
1
 11
2637.0
 21
699.2800000000002
 31
0.0
100
AcDbText
 73
2
  0
TEXT
  5
BA6
330
17
100
AcDbEntity
  8
A-TEXTO
100
AcDbText
 10
2590.8
 20
695.1800000000002
 30
0.0
 40
2.1
  1
Total
  7
ISO3098
 11
2590.8
 21
695.1800000000002
 31
0.0
100
AcDbText
 73
2
  0
TEXT
  5
BA7
330
17
100
AcDbEntity
  8
A-TEXTO
100
AcDbText
 10
2637.0
 20
695.1800000000002
 30
0.0
 40
2.1
  1
140,6
  7
ISO3098
 72
1
 11
2637.0
 21
695.1800000000002
 31
0.0
100
AcDbText
 73
2
  0
TEXT
  5
BA8
330
17
100
AcDbEntity
  8
A-TEXTO
100
AcDbText
 10
2590.0
 20
683.6300000000002
 30
0.0
 40
3.0
  1
Gas natural a hornos
  7
ISO3098
 11
2590.0
 21
683.6300000000002
 31
0.0
100
AcDbText
 73
1
  0
LWPOLYLINE
  5
BA9
330
17
100
AcDbEntity
  8
A-COTA
370
35
100
AcDbPolyline
 90
4
 70
1
 10
2590.0
 20
682.1300000000002
 10
2648.0
 20
682.1300000000002
 10
2648.0
 20
665.7300000000002
 10
2590.0
 20
665.7300000000002
  0
LINE
  5
BAA
330
17
100
AcDbEntity
  8
A-COTA
370
35
100
AcDbLine
 10
2590.0
 20
678.0300000000002
 30
0.0
 11
2648.0
 21
678.0300000000002
 31
0.0
  0
LINE
  5
BAB
330
17
100
AcDbEntity
  8
A-COTA
370
13
100
AcDbLine
 10
2590.0
 20
673.9300000000002
 30
0.0
 11
2648.0
 21
673.9300000000002
 31
0.0
  0
LINE
  5
BAC
330
17
100
AcDbEntity
  8
A-COTA
370
13
100
AcDbLine
 10
2590.0
 20
669.8300000000003
 30
0.0
 11
2648.0
 21
669.8300000000003
 31
0.0
  0
LINE
  5
BAD
330
17
100
AcDbEntity
  8
A-COTA
370
13
100
AcDbLine
 10
2626.0
 20
682.1300000000002
 30
0.0
 11
2626.0
 21
665.7300000000002
 31
0.0
  0
TEXT
  5
BAE
330
17
100
AcDbEntity
  8
A-TEXTO
100
AcDbText
 10
2590.8
 20
680.0800000000003
 30
0.0
 40
2.1
  1
Punto
  7
ISO3098
 11
2590.8
 21
680.0800000000003
 31
0.0
100
AcDbText
 73
2
  0
TEXT
  5
BAF
330
17
100
AcDbEntity
  8
A-TEXTO
100
AcDbText
 10
2637.0
 20
680.0800000000003
 30
0.0
 40
2.1
  1
Largo m
  7
ISO3098
 72
1
 11
2637.0
 21
680.0800000000003
 31
0.0
100
AcDbText
 73
2
  0
TEXT
  5
BB0
330
17
100
AcDbEntity
  8
A-TEXTO
100
AcDbText
 10
2590.8
 20
675.9800000000002
 30
0.0
 40
2.1
  1
P03
  7
ISO3098
 11
2590.8
 21
675.9800000000002
 31
0.0
100
AcDbText
 73
2
  0
TEXT
  5
BB1
330
17
100
AcDbEntity
  8
A-TEXTO
100
AcDbText
 10
2637.0
 20
675.9800000000002
 30
0.0
 40
2.1
  1
37,2
  7
ISO3098
 72
1
 11
2637.0
 21
675.9800000000002
 31
0.0
100
AcDbText
 73
2
  0
TEXT
  5
BB2
330
17
100
AcDbEntity
  8
A-TEXTO
100
AcDbText
 10
2590.8
 20
671.8800000000002
 30
0.0
 40
2.1
  1
P06
  7
ISO3098
 11
2590.8
 21
671.8800000000002
 31
0.0
100
AcDbText
 73
2
  0
TEXT
  5
BB3
330
17
100
AcDbEntity
  8
A-TEXTO
100
AcDbText
 10
2637.0
 20
671.8800000000002
 30
0.0
 40
2.1
  1
26,3
  7
ISO3098
 72
1
 11
2637.0
 21
671.8800000000002
 31
0.0
100
AcDbText
 73
2
  0
TEXT
  5
BB4
330
17
100
AcDbEntity
  8
A-TEXTO
100
AcDbText
 10
2590.8
 20
667.7800000000002
 30
0.0
 40
2.1
  1
Total
  7
ISO3098
 11
2590.8
 21
667.7800000000002
 31
0.0
100
AcDbText
 73
2
  0
TEXT
  5
BB5
330
17
100
AcDbEntity
  8
A-TEXTO
100
AcDbText
 10
2637.0
 20
667.7800000000002
 30
0.0
 40
2.1
  1
63,5
  7
ISO3098
 72
1
 11
2637.0
 21
667.7800000000002
 31
0.0
100
AcDbText
 73
2
  0
TEXT
  5
BB6
330
17
100
AcDbEntity
  8
A-TEXTO
100
AcDbText
 10
2590.0
 20
656.2300000000002
 30
0.0
 40
3.0
  1
Nitrógeno
  7
ISO3098
 11
2590.0
 21
656.2300000000002
 31
0.0
100
AcDbText
 73
1
  0
LWPOLYLINE
  5
BB7
330
17
100
AcDbEntity
  8
A-COTA
370
35
100
AcDbPolyline
 90
4
 70
1
 10
2590.0
 20
654.7300000000002
 10
2648.0
 20
654.7300000000002
 10
2648.0
 20
638.3300000000003
 10
2590.0
 20
638.3300000000003
  0
LINE
  5
BB8
330
17
100
AcDbEntity
  8
A-COTA
370
35
100
AcDbLine
 10
2590.0
 20
650.6300000000002
 30
0.0
 11
2648.0
 21
650.6300000000002
 31
0.0
  0
LINE
  5
BB9
330
17
100
AcDbEntity
  8
A-COTA
370
13
100
AcDbLine
 10
2590.0
 20
646.5300000000002
 30
0.0
 11
2648.0
 21
646.5300000000002
 31
0.0
  0
LINE
  5
BBA
330
17
100
AcDbEntity
  8
A-COTA
370
13
100
AcDbLine
 10
2590.0
 20
642.4300000000003
 30
0.0
 11
2648.0
 21
642.4300000000003
 31
0.0
  0
LINE
  5
BBB
330
17
100
AcDbEntity
  8
A-COTA
370
13
100
AcDbLine
 10
2626.0
 20
654.7300000000002
 30
0.0
 11
2626.0
 21
638.3300000000003
 31
0.0
  0
TEXT
  5
BBC
330
17
100
AcDbEntity
  8
A-TEXTO
100
AcDbText
 10
2590.8
 20
652.6800000000003
 30
0.0
 40
2.1
  1
Punto
  7
ISO3098
 11
2590.8
 21
652.6800000000003
 31
0.0
100
AcDbText
 73
2
  0
TEXT
  5
BBD
330
17
100
AcDbEntity
  8
A-TEXTO
100
AcDbText
 10
2637.0
 20
652.6800000000003
 30
0.0
 40
2.1
  1
Largo m
  7
ISO3098
 72
1
 11
2637.0
 21
652.6800000000003
 31
0.0
100
AcDbText
 73
2
  0
TEXT
  5
BBE
330
17
100
AcDbEntity
  8
A-TEXTO
100
AcDbText
 10
2590.8
 20
648.5800000000003
 30
0.0
 40
2.1
  1
T05
  7
ISO3098
 11
2590.8
 21
648.5800000000003
 31
0.0
100
AcDbText
 73
2
  0
TEXT
  5
BBF
330
17
100
AcDbEntity
  8
A-TEXTO
100
AcDbText
 10
2637.0
 20
648.5800000000003
 30
0.0
 40
2.1
  1
21,1
  7
ISO3098
 72
1
 11
2637.0
 21
648.5800000000003
 31
0.0
100
AcDbText
 73
2
  0
TEXT
  5
BC0
330
17
100
AcDbEntity
  8
A-TEXTO
100
AcDbText
 10
2590.8
 20
644.4800000000002
 30
0.0
 40
2.1
  1
T13
  7
ISO3098
 11
2590.8
 21
644.4800000000002
 31
0.0
100
AcDbText
 73
2
  0
TEXT
  5
BC1
330
17
100
AcDbEntity
  8
A-TEXTO
100
AcDbText
 10
2637.0
 20
644.4800000000002
 30
0.0
 40
2.1
  1
39,4
  7
ISO3098
 72
1
 11
2637.0
 21
644.4800000000002
 31
0.0
100
AcDbText
 73
2
  0
TEXT
  5
BC2
330
17
100
AcDbEntity
  8
A-TEXTO
100
AcDbText
 10
2590.8
 20
640.3800000000002
 30
0.0
 40
2.1
  1
Total
  7
ISO3098
 11
2590.8
 21
640.3800000000002
 31
0.0
100
AcDbText
 73
2
  0
TEXT
  5
BC3
330
17
100
AcDbEntity
  8
A-TEXTO
100
AcDbText
 10
2637.0
 20
640.3800000000002
 30
0.0
 40
2.1
  1
60,6
  7
ISO3098
 72
1
 11
2637.0
 21
640.3800000000002
 31
0.0
100
AcDbText
 73
2
  0
TEXT
  5
BC4
330
17
100
AcDbEntity
  8
A-TEXTO
100
AcDbText
 10
2590.0
 20
628.8300000000003
 30
0.0
 40
3.0
  1
Gas de soldadura
  7
ISO3098
 11
2590.0
 21
628.8300000000003
 31
0.0
100
AcDbText
 73
1
  0
LWPOLYLINE
  5
BC5
330
17
100
AcDbEntity
  8
A-COTA
370
35
100
AcDbPolyline
 90
4
 70
1
 10
2590.0
 20
627.3300000000003
 10
2648.0
 20
627.3300000000003
 10
2648.0
 20
590.4300000000003
 10
2590.0
 20
590.4300000000003
  0
LINE
  5
BC6
330
17
100
AcDbEntity
  8
A-COTA
370
35
100
AcDbLine
 10
2590.0
 20
623.2300000000002
 30
0.0
 11
2648.0
 21
623.2300000000002
 31
0.0
  0
LINE
  5
BC7
330
17
100
AcDbEntity
  8
A-COTA
370
13
100
AcDbLine
 10
2590.0
 20
619.1300000000002
 30
0.0
 11
2648.0
 21
619.1300000000002
 31
0.0
  0
LINE
  5
BC8
330
17
100
AcDbEntity
  8
A-COTA
370
13
100
AcDbLine
 10
2590.0
 20
615.0300000000003
 30
0.0
 11
2648.0
 21
615.0300000000003
 31
0.0
  0
LINE
  5
BC9
330
17
100
AcDbEntity
  8
A-COTA
370
13
100
AcDbLine
 10
2590.0
 20
610.9300000000003
 30
0.0
 11
2648.0
 21
610.9300000000003
 31
0.0
  0
LINE
  5
BCA
330
17
100
AcDbEntity
  8
A-COTA
370
13
100
AcDbLine
 10
2590.0
 20
606.8300000000003
 30
0.0
 11
2648.0
 21
606.8300000000003
 31
0.0
  0
LINE
  5
BCB
330
17
100
AcDbEntity
  8
A-COTA
370
13
100
AcDbLine
 10
2590.0
 20
602.7300000000002
 30
0.0
 11
2648.0
 21
602.7300000000002
 31
0.0
  0
LINE
  5
BCC
330
17
100
AcDbEntity
  8
A-COTA
370
13
100
AcDbLine
 10
2590.0
 20
598.6300000000002
 30
0.0
 11
2648.0
 21
598.6300000000002
 31
0.0
  0
LINE
  5
BCD
330
17
100
AcDbEntity
  8
A-COTA
370
13
100
AcDbLine
 10
2590.0
 20
594.5300000000003
 30
0.0
 11
2648.0
 21
594.5300000000003
 31
0.0
  0
LINE
  5
BCE
330
17
100
AcDbEntity
  8
A-COTA
370
13
100
AcDbLine
 10
2626.0
 20
627.3300000000003
 30
0.0
 11
2626.0
 21
590.4300000000003
 31
0.0
  0
TEXT
  5
BCF
330
17
100
AcDbEntity
  8
A-TEXTO
100
AcDbText
 10
2590.8
 20
625.2800000000003
 30
0.0
 40
2.1
  1
Punto
  7
ISO3098
 11
2590.8
 21
625.2800000000003
 31
0.0
100
AcDbText
 73
2
  0
TEXT
  5
BD0
330
17
100
AcDbEntity
  8
A-TEXTO
100
AcDbText
 10
2637.0
 20
625.2800000000003
 30
0.0
 40
2.1
  1
Largo m
  7
ISO3098
 72
1
 11
2637.0
 21
625.2800000000003
 31
0.0
100
AcDbText
 73
2
  0
TEXT
  5
BD1
330
17
100
AcDbEntity
  8
A-TEXTO
100
AcDbText
 10
2590.8
 20
621.1800000000003
 30
0.0
 40
2.1
  1
M11
  7
ISO3098
 11
2590.8
 21
621.1800000000003
 31
0.0
100
AcDbText
 73
2
  0
TEXT
  5
BD2
330
17
100
AcDbEntity
  8
A-TEXTO
100
AcDbText
 10
2637.0
 20
621.1800000000003
 30
0.0
 40
2.1
  1
22,1
  7
ISO3098
 72
1
 11
2637.0
 21
621.1800000000003
 31
0.0
100
AcDbText
 73
2
  0
TEXT
  5
BD3
330
17
100
AcDbEntity
  8
A-TEXTO
100
AcDbText
 10
2590.8
 20
617.0800000000003
 30
0.0
 40
2.1
  1
M12
  7
ISO3098
 11
2590.8
 21
617.0800000000003
 31
0.0
100
AcDbText
 73
2
  0
TEXT
  5
BD4
330
17
100
AcDbEntity
  8
A-TEXTO
100
AcDbText
 10
2637.0
 20
617.0800000000003
 30
0.0
 40
2.1
  1
23,8
  7
ISO3098
 72
1
 11
2637.0
 21
617.0800000000003
 31
0.0
100
AcDbText
 73
2
  0
TEXT
  5
BD5
330
17
100
AcDbEntity
  8
A-TEXTO
100
AcDbText
 10
2590.8
 20
612.9800000000002
 30
0.0
 40
2.1
  1
C04
  7
ISO3098
 11
2590.8
 21
612.9800000000002
 31
0.0
100
AcDbText
 73
2
  0
TEXT
  5
BD6
330
17
100
AcDbEntity
  8
A-TEXTO
100
AcDbText
 10
2637.0
 20
612.9800000000002
 30
0.0
 40
2.1
  1
52,8
  7
ISO3098
 72
1
 11
2637.0
 21
612.9800000000002
 31
0.0
100
AcDbText
 73
2
  0
TEXT
  5
BD7
330
17
100
AcDbEntity
  8
A-TEXTO
100
AcDbText
 10
2590.8
 20
608.8800000000002
 30
0.0
 40
2.1
  1
C05
  7
ISO3098
 11
2590.8
 21
608.8800000000002
 31
0.0
100
AcDbText
 73
2
  0
TEXT
  5
BD8
330
17
100
AcDbEntity
  8
A-TEXTO
100
AcDbText
 10
2637.0
 20
608.8800000000002
 30
0.0
 40
2.1
  1
57,0
  7
ISO3098
 72
1
 11
2637.0
 21
608.8800000000002
 31
0.0
100
AcDbText
 73
2
  0
TEXT
  5
BD9
330
17
100
AcDbEntity
  8
A-TEXTO
100
AcDbText
 10
2590.8
 20
604.7800000000003
 30
0.0
 40
2.1
  1
A06
  7
ISO3098
 11
2590.8
 21
604.7800000000003
 31
0.0
100
AcDbText
 73
2
  0
TEXT
  5
BDA
330
17
100
AcDbEntity
  8
A-TEXTO
100
AcDbText
 10
2637.0
 20
604.7800000000003
 30
0.0
 40
2.1
  1
30,3
  7
ISO3098
 72
1
 11
2637.0
 21
604.7800000000003
 31
0.0
100
AcDbText
 73
2
  0
TEXT
  5
BDB
330
17
100
AcDbEntity
  8
A-TEXTO
100
AcDbText
 10
2590.8
 20
600.6800000000003
 30
0.0
 40
2.1
  1
B03
  7
ISO3098
 11
2590.8
 21
600.6800000000003
 31
0.0
100
AcDbText
 73
2
  0
TEXT
  5
BDC
330
17
100
AcDbEntity
  8
A-TEXTO
100
AcDbText
 10
2637.0
 20
600.6800000000003
 30
0.0
 40
2.1
  1
26,9
  7
ISO3098
 72
1
 11
2637.0
 21
600.6800000000003
 31
0.0
100
AcDbText
 73
2
  0
TEXT
  5
BDD
330
17
100
AcDbEntity
  8
A-TEXTO
100
AcDbText
 10
2590.8
 20
596.5800000000003
 30
0.0
 40
2.1
  1
B06
  7
ISO3098
 11
2590.8
 21
596.5800000000003
 31
0.0
100
AcDbText
 73
2
  0
TEXT
  5
BDE
330
17
100
AcDbEntity
  8
A-TEXTO
100
AcDbText
 10
2637.0
 20
596.5800000000003
 30
0.0
 40
2.1
  1
34,3
  7
ISO3098
 72
1
 11
2637.0
 21
596.5800000000003
 31
0.0
100
AcDbText
 73
2
  0
TEXT
  5
BDF
330
17
100
AcDbEntity
  8
A-TEXTO
100
AcDbText
 10
2590.8
 20
592.4800000000002
 30
0.0
 40
2.1
  1
Total
  7
ISO3098
 11
2590.8
 21
592.4800000000002
 31
0.0
100
AcDbText
 73
2
  0
TEXT
  5
BE0
330
17
100
AcDbEntity
  8
A-TEXTO
100
AcDbText
 10
2637.0
 20
592.4800000000002
 30
0.0
 40
2.1
  1
247,2
  7
ISO3098
 72
1
 11
2637.0
 21
592.4800000000002
 31
0.0
100
AcDbText
 73
2
  0
TEXT
  5
BE1
330
17
100
AcDbEntity
  8
A-TEXTO
100
AcDbText
 10
2656.0
 20
713.6300000000002
 30
0.0
 40
2.1
  1
Anillo de aire comprimido: 292 m.
  7
ISO3098
 11
2656.0
 21
713.6300000000002
 31
0.0
100
AcDbText
 73
3
  0
TEXT
  5
BE2
330
17
100
AcDbEntity
  8
A-TEXTO
100
AcDbText
 10
2656.0
 20
710.3750000000002
 30
0.0
 40
2.1
  1
Compresor a tornillo, tanque pulmón y secador frigorífico en ST.
  7
ISO3098
 11
2656.0
 21
710.3750000000002
 31
0.0
100
AcDbText
 73
3
  0
TEXT
  5
BE3
330
17
100
AcDbEntity
  8
A-TEXTO
100
AcDbText
 10
2656.0
 20
707.1200000000002
 30
0.0
 40
2.1
  1
N₂: manifold con conmutación automática, regulador y detector de fugas.
  7
ISO3098
 11
2656.0
 21
707.1200000000002
 31
0.0
100
AcDbText
 73
3
  0
VIEWPORT
  5
BE8
330
BE4
100
AcDbEntity
 67
1
  8
VIEWPORTS
100
AcDbViewport
 10
913152.0
 20
645888.0
 30
0.0
 40
2008934.4000000001
 41
1420953.6
 68
1
 69
1
 12
913152.0
 22
645888.0
 13
0.0
 23
0.0
 14
10.0
 24
10.0
 15
10.0
 25
10.0
 16
0.0
 26
0.0
 36
1.0
 17
0.0
 27
0.0
 37
0.0
 42
50.0
 43
0.0
 44
0.0
 45
1420953.6
 50
0.0
 51
0.0
 72
100
 90
557088
  1

281
0
 71
0
 74
0
110
0.0
120
0.0
130
0.0
111
1.0
121
0.0
131
0.0
112
0.0
122
1.0
132
0.0
 79
0
146
0.0
282
0
  0
VIEWPORT
  5
BE9
330
BE4
100
AcDbEntity
 67
1
  8
VIEWPORTS
100
AcDbViewport
 10
594.5
 20
420.5
 30
0.0
 40
1189.0
 41
841.0
 68
2
 69
3
 12
594.5
 22
420.5
 13
0.0
 23
0.0
 14
10.0
 24
10.0
 15
10.0
 25
10.0
 16
0.0
 26
0.0
 36
1.0
 17
0.0
 27
0.0
 37
0.0
 42
50.0
 43
0.0
 44
0.0
 45
841.0
 50
0.0
 51
0.0
 72
100
 90
0
  1

281
0
 71
0
 74
0
110
0.0
120
0.0
130
0.0
111
1.0
121
0.0
131
0.0
112
0.0
122
1.0
132
0.0
 79
0
146
0.0
282
0
  0
ENDSEC
  0
SECTION
  2
OBJECTS
  0
DICTIONARY
  5
A
330
0
100
AcDbDictionary
281
1
  3
ACAD_COLOR
350
B
  3
ACAD_GROUP
350
C
  3
ACAD_LAYOUT
350
D
  3
ACAD_MATERIAL
350
E
  3
ACAD_MLEADERSTYLE
350
F
  3
ACAD_MLINESTYLE
350
10
  3
ACAD_PLOTSETTINGS
350
11
  3
ACAD_PLOTSTYLENAME
350
12
  3
ACAD_SCALELIST
350
14
  3
ACAD_TABLESTYLE
350
15
  3
ACAD_VISUALSTYLE
350
16
  3
EZDXF_META
350
2D
  0
DICTIONARY
  5
B
330
A
100
AcDbDictionary
281
1
  0
DICTIONARY
  5
C
330
A
100
AcDbDictionary
281
1
  0
DICTIONARY
  5
D
330
A
100
AcDbDictionary
281
1
  3
Model
350
1A
  3
FL_PI_03-1
350
BE7
  3
FL_PI_03-2
350
BED
  0
DICTIONARY
  5
E
330
A
100
AcDbDictionary
281
1
  3
ByBlock
350
1F
  3
ByLayer
350
20
  3
Global
350
21
  0
DICTIONARY
  5
F
330
A
100
AcDbDictionary
281
1
  3
Standard
350
2C
  0
DICTIONARY
  5
10
330
A
100
AcDbDictionary
281
1
  3
Standard
350
22
  0
DICTIONARY
  5
11
330
A
100
AcDbDictionary
281
1
  0
ACDBDICTIONARYWDFLT
  5
12
330
A
100
AcDbDictionary
281
1
  3
Normal
350
13
100
AcDbDictionaryWithDefault
340
13
  0
ACDBPLACEHOLDER
  5
13
330
12
  0
DICTIONARY
  5
14
330
A
100
AcDbDictionary
281
1
  0
DICTIONARY
  5
15
330
A
100
AcDbDictionary
281
1
  0
DICTIONARY
  5
16
330
A
100
AcDbDictionary
281
1
  0
LAYOUT
  5
1A
330
D
100
AcDbPlotSettings
  1

  4
A3
  6

 40
7.5
 41
20.0
 42
7.5
 43
20.0
 44
420.0
 45
297.0
 46
0.0
 47
0.0
 48
0.0
 49
0.0
140
0.0
141
0.0
142
1.0
143
1.0
 70
1024
 72
1
 73
0
 74
5
  7

 75
16
 76
0
 77
2
 78
300
147
1.0
148
0.0
149
0.0
100
AcDbLayout
  1
Model
 70
1
 71
0
 10
0.0
 20
0.0
 11
420.0
 21
297.0
 12
0.0
 22
0.0
 32
0.0
 14
1e+20
 24
1e+20
 34
1e+20
 15
-1e+20
 25
-1e+20
 35
-1e+20
146
0.0
 13
0.0
 23
0.0
 33
0.0
 16
1.0
 26
0.0
 36
0.0
 17
0.0
 27
1.0
 37
0.0
 76
1
330
17
  0
MATERIAL
  5
1F
102
{ACAD_REACTORS
330
E
102
}
330
E
100
AcDbMaterial
  1
ByBlock
  2

 70
0
 40
1.0
 71
1
 41
1.0
 91
-1023410177
 42
1.0
 72
1
  3

 73
1
 74
1
 75
1
 44
0.5
 73
0
 45
1.0
 46
1.0
 77
1
  4

 78
1
 79
1
170
1
 48
1.0
171
1
  6

172
1
173
1
174
1
140
1.0
141
1.0
175
1
  7

176
1
177
1
178
1
143
1.0
179
1
  8

270
1
271
1
272
1
145
1.0
146
1.0
273
1
  9

274
1
275
1
276
1
 42
1.0
 72
1
  3

 73
1
 74
1
 75
1
 94
63
  0
MATERIAL
  5
20
102
{ACAD_REACTORS
330
E
102
}
330
E
100
AcDbMaterial
  1
ByLayer
  2

 70
0
 40
1.0
 71
1
 41
1.0
 91
-1023410177
 42
1.0
 72
1
  3

 73
1
 74
1
 75
1
 44
0.5
 73
0
 45
1.0
 46
1.0
 77
1
  4

 78
1
 79
1
170
1
 48
1.0
171
1
  6

172
1
173
1
174
1
140
1.0
141
1.0
175
1
  7

176
1
177
1
178
1
143
1.0
179
1
  8

270
1
271
1
272
1
145
1.0
146
1.0
273
1
  9

274
1
275
1
276
1
 42
1.0
 72
1
  3

 73
1
 74
1
 75
1
 94
63
  0
MATERIAL
  5
21
102
{ACAD_REACTORS
330
E
102
}
330
E
100
AcDbMaterial
  1
Global
  2

 70
0
 40
1.0
 71
1
 41
1.0
 91
-1023410177
 42
1.0
 72
1
  3

 73
1
 74
1
 75
1
 44
0.5
 73
0
 45
1.0
 46
1.0
 77
1
  4

 78
1
 79
1
170
1
 48
1.0
171
1
  6

172
1
173
1
174
1
140
1.0
141
1.0
175
1
  7

176
1
177
1
178
1
143
1.0
179
1
  8

270
1
271
1
272
1
145
1.0
146
1.0
273
1
  9

274
1
275
1
276
1
 42
1.0
 72
1
  3

 73
1
 74
1
 75
1
 94
63
  0
MLINESTYLE
  5
22
102
{ACAD_REACTORS
330
10
102
}
330
10
100
AcDbMlineStyle
  2
Standard
 70
0
  3

 62
256
 51
90.0
 52
90.0
 71
2
 49
0.5
 62
256
  6
BYLAYER
 49
-0.5
 62
256
  6
BYLAYER
  0
MLEADERSTYLE
  5
2C
102
{ACAD_REACTORS
330
F
102
}
330
F
100
AcDbMLeaderStyle
179
2
170
2
171
1
172
0
 90
2
 40
0.0
 41
0.0
173
1
 91
-1056964608
 92
-2
290
1
 42
2.0
291
1
 43
8.0
  3
Standard
 44
4.0
300

342
29
174
1
175
1
176
0
178
1
 93
-1056964608
 45
4.0
292
0
297
0
 46
4.0
 94
-1056964608
 47
1.0
 49
1.0
140
1.0
294
1
141
0.0
177
0
142
1.0
295
0
296
0
143
3.75
271
0
272
9
273
9
  0
DICTIONARY
  5
2D
330
A
100
AcDbDictionary
280
1
281
1
  3
CREATED_BY_EZDXF
350
2E
  3
WRITTEN_BY_EZDXF
350
BF2
  0
DICTIONARYVAR
  5
2E
330
2D
100
DictionaryVariables
280
0
  1
1.4.4 @ 2026-09-30T05:02:04.092765+00:00
  0
LAYOUT
  5
BE7
330
D
100
AcDbPlotSettings
  1

  2
DWG To PDF.pc3
  4
ISO_full_bleed_A0_(1189.00_x_841.00_MM)_(1189.00_x_841.00_MM)
  6

 40
0.0
 41
0.0
 42
0.0
 43
0.0
 44
1189.0
 45
841.0
 46
0.0
 47
0.0
 48
0.0
 49
0.0
140
0.0
141
0.0
142
0.0078125
143
12.0
 70
672
 72
1
 73
0
 74
5
  7

 75
1
 76
0
 77
2
 78
300
147
1.0
148
0.0
149
0.0
100
AcDbLayout
  1
FL_PI_03-1
 70
1
 71
3
 10
-0.0
 20
-0.0
 11
1189.0
 21
841.0
 12
0.0
 22
0.0
 32
0.0
 14
1e+20
 24
1e+20
 34
1e+20
 15
-1e+20
 25
-1e+20
 35
-1e+20
146
0.0
 13
0.0
 23
0.0
 33
0.0
 16
1.0
 26
0.0
 36
0.0
 17
0.0
 27
1.0
 37
0.0
 76
1
330
BE4
331
BE8
  0
LAYOUT
  5
BED
330
D
100
AcDbPlotSettings
  1

  2
DWG To PDF.pc3
  4
ISO_full_bleed_A0_(1189.00_x_841.00_MM)_(1189.00_x_841.00_MM)
  6

 40
0.0
 41
0.0
 42
0.0
 43
0.0
 44
1189.0
 45
841.0
 46
0.0
 47
0.0
 48
0.0
 49
0.0
140
0.0
141
0.0
142
0.0078125
143
12.0
 70
672
 72
1
 73
0
 74
5
  7

 75
1
 76
0
 77
2
 78
300
147
1.0
148
0.0
149
0.0
100
AcDbLayout
  1
FL_PI_03-2
 70
1
 71
4
 10
-0.0
 20
-0.0
 11
1189.0
 21
841.0
 12
0.0
 22
0.0
 32
0.0
 14
1e+20
 24
1e+20
 34
1e+20
 15
-1e+20
 25
-1e+20
 35
-1e+20
146
0.0
 13
0.0
 23
0.0
 33
0.0
 16
1.0
 26
0.0
 36
0.0
 17
0.0
 27
1.0
 37
0.0
 76
1
330
BEA
331
BEE
  0
DICTIONARYVAR
  5
BF2
330
2D
100
DictionaryVariables
280
0
  1
1.4.4 @ 2026-09-30T05:02:04.218313+00:00
  0
ENDSEC
  0
EOF
