  0
SECTION
  2
HEADER
  9
$ACADVER
  1
AC1032
  9
$ACADMAINTVER
 90
4
  9
$DWGCODEPAGE
  3
ANSI_1252
  9
$LASTSAVEDBY
  1
ezdxf
  9
$REQUIREDVERSIONS
160
0
  9
$INSBASE
 10
0.0
 20
0.0
 30
0.0
  9
$EXTMIN
 10
1e+20
 20
1e+20
 30
1e+20
  9
$EXTMAX
 10
-1e+20
 20
-1e+20
 30
-1e+20
  9
$LIMMIN
 10
0.0
 20
0.0
  9
$LIMMAX
 10
420.0
 20
297.0
  9
$ORTHOMODE
 70
0
  9
$REGENMODE
 70
1
  9
$FILLMODE
 70
1
  9
$QTEXTMODE
 70
0
  9
$MIRRTEXT
 70
1
  9
$LTSCALE
 40
1.0
  9
$ATTMODE
 70
1
  9
$TEXTSIZE
 40
2.5
  9
$TRACEWID
 40
1.0
  9
$TEXTSTYLE
  7
Standard
  9
$CLAYER
  8
0
  9
$CELTYPE
  6
ByLayer
  9
$CECOLOR
 62
256
  9
$CELTSCALE
 40
1.0
  9
$DISPSILH
 70
0
  9
$DIMSCALE
 40
1.0
  9
$DIMASZ
 40
2.5
  9
$DIMEXO
 40
0.625
  9
$DIMDLI
 40
3.75
  9
$DIMRND
 40
0.0
  9
$DIMDLE
 40
0.0
  9
$DIMEXE
 40
1.25
  9
$DIMTP
 40
0.0
  9
$DIMTM
 40
0.0
  9
$DIMTXT
 40
2.5
  9
$DIMCEN
 40
2.5
  9
$DIMTSZ
 40
0.0
  9
$DIMTOL
 70
0
  9
$DIMLIM
 70
0
  9
$DIMTIH
 70
0
  9
$DIMTOH
 70
0
  9
$DIMSE1
 70
0
  9
$DIMSE2
 70
0
  9
$DIMTAD
 70
1
  9
$DIMZIN
 70
8
  9
$DIMBLK
  1

  9
$DIMASO
 70
1
  9
$DIMSHO
 70
1
  9
$DIMPOST
  1

  9
$DIMAPOST
  1

  9
$DIMALT
 70
0
  9
$DIMALTD
 70
3
  9
$DIMALTF
 40
0.03937007874
  9
$DIMLFAC
 40
1.0
  9
$DIMTOFL
 70
1
  9
$DIMTVP
 40
0.0
  9
$DIMTIX
 70
0
  9
$DIMSOXD
 70
0
  9
$DIMSAH
 70
0
  9
$DIMBLK1
  1

  9
$DIMBLK2
  1

  9
$DIMSTYLE
  2
ISO-25
  9
$DIMCLRD
 70
0
  9
$DIMCLRE
 70
0
  9
$DIMCLRT
 70
0
  9
$DIMTFAC
 40
1.0
  9
$DIMGAP
 40
0.625
  9
$DIMJUST
 70
0
  9
$DIMSD1
 70
0
  9
$DIMSD2
 70
0
  9
$DIMTOLJ
 70
0
  9
$DIMTZIN
 70
8
  9
$DIMALTZ
 70
0
  9
$DIMALTTZ
 70
0
  9
$DIMUPT
 70
0
  9
$DIMDEC
 70
2
  9
$DIMTDEC
 70
2
  9
$DIMALTU
 70
2
  9
$DIMALTTD
 70
3
  9
$DIMTXSTY
  7
Standard
  9
$DIMAUNIT
 70
0
  9
$DIMADEC
 70
0
  9
$DIMALTRND
 40
0.0
  9
$DIMAZIN
 70
0
  9
$DIMDSEP
 70
44
  9
$DIMATFIT
 70
3
  9
$DIMFRAC
 70
0
  9
$DIMLDRBLK
  1

  9
$DIMLUNIT
 70
2
  9
$DIMLWD
 70
-2
  9
$DIMLWE
 70
-2
  9
$DIMTMOVE
 70
0
  9
$DIMFXL
 40
1.0
  9
$DIMFXLON
 70
0
  9
$DIMJOGANG
 40
0.785398163397
  9
$DIMTFILL
 70
0
  9
$DIMTFILLCLR
 70
0
  9
$DIMARCSYM
 70
0
  9
$DIMLTYPE
  6

  9
$DIMLTEX1
  6

  9
$DIMLTEX2
  6

  9
$DIMTXTDIRECTION
 70
0
  9
$LUNITS
 70
2
  9
$LUPREC
 70
4
  9
$SKETCHINC
 40
1.0
  9
$FILLETRAD
 40
10.0
  9
$AUNITS
 70
0
  9
$AUPREC
 70
2
  9
$MENU
  1
.
  9
$ELEVATION
 40
0.0
  9
$PELEVATION
 40
0.0
  9
$THICKNESS
 40
0.0
  9
$LIMCHECK
 70
0
  9
$CHAMFERA
 40
0.0
  9
$CHAMFERB
 40
0.0
  9
$CHAMFERC
 40
0.0
  9
$CHAMFERD
 40
0.0
  9
$SKPOLY
 70
0
  9
$TDCREATE
 40
2461317.0002662037
  9
$TDUCREATE
 40
2458532.153996898
  9
$TDUPDATE
 40
2461317.000300926
  9
$TDUUPDATE
 40
2458532.1544311
  9
$TDINDWG
 40
0.0
  9
$TDUSRTIMER
 40
0.0
  9
$USRTIMER
 70
1
  9
$ANGBASE
 50
0.0
  9
$ANGDIR
 70
0
  9
$PDMODE
 70
0
  9
$PDSIZE
 40
0.0
  9
$PLINEWID
 40
0.0
  9
$SPLFRAME
 70
0
  9
$SPLINETYPE
 70
6
  9
$SPLINESEGS
 70
8
  9
$HANDSEED
  5
6FCE
  9
$SURFTAB1
 70
6
  9
$SURFTAB2
 70
6
  9
$SURFTYPE
 70
6
  9
$SURFU
 70
6
  9
$SURFV
 70
6
  9
$UCSBASE
  2

  9
$UCSNAME
  2

  9
$UCSORG
 10
0.0
 20
0.0
 30
0.0
  9
$UCSXDIR
 10
1.0
 20
0.0
 30
0.0
  9
$UCSYDIR
 10
0.0
 20
1.0
 30
0.0
  9
$UCSORTHOREF
  2

  9
$UCSORTHOVIEW
 70
0
  9
$UCSORGTOP
 10
0.0
 20
0.0
 30
0.0
  9
$UCSORGBOTTOM
 10
0.0
 20
0.0
 30
0.0
  9
$UCSORGLEFT
 10
0.0
 20
0.0
 30
0.0
  9
$UCSORGRIGHT
 10
0.0
 20
0.0
 30
0.0
  9
$UCSORGFRONT
 10
0.0
 20
0.0
 30
0.0
  9
$UCSORGBACK
 10
0.0
 20
0.0
 30
0.0
  9
$PUCSBASE
  2

  9
$PUCSNAME
  2

  9
$PUCSORG
 10
0.0
 20
0.0
 30
0.0
  9
$PUCSXDIR
 10
1.0
 20
0.0
 30
0.0
  9
$PUCSYDIR
 10
0.0
 20
1.0
 30
0.0
  9
$PUCSORTHOREF
  2

  9
$PUCSORTHOVIEW
 70
0
  9
$PUCSORGTOP
 10
0.0
 20
0.0
 30
0.0
  9
$PUCSORGBOTTOM
 10
0.0
 20
0.0
 30
0.0
  9
$PUCSORGLEFT
 10
0.0
 20
0.0
 30
0.0
  9
$PUCSORGRIGHT
 10
0.0
 20
0.0
 30
0.0
  9
$PUCSORGFRONT
 10
0.0
 20
0.0
 30
0.0
  9
$PUCSORGBACK
 10
0.0
 20
0.0
 30
0.0
  9
$USERI1
 70
0
  9
$USERI2
 70
0
  9
$USERI3
 70
0
  9
$USERI4
 70
0
  9
$USERI5
 70
0
  9
$USERR1
 40
0.0
  9
$USERR2
 40
0.0
  9
$USERR3
 40
0.0
  9
$USERR4
 40
0.0
  9
$USERR5
 40
0.0
  9
$WORLDVIEW
 70
1
  9
$SHADEDGE
 70
3
  9
$SHADEDIF
 70
70
  9
$TILEMODE
 70
1
  9
$MAXACTVP
 70
64
  9
$PINSBASE
 10
0.0
 20
0.0
 30
0.0
  9
$PLIMCHECK
 70
0
  9
$PEXTMIN
 10
1e+20
 20
1e+20
 30
1e+20
  9
$PEXTMAX
 10
-1e+20
 20
-1e+20
 30
-1e+20
  9
$PLIMMIN
 10
-0.0
 20
-0.0
  9
$PLIMMAX
 10
1189.0
 20
841.0
  9
$UNITMODE
 70
0
  9
$VISRETAIN
 70
1
  9
$PLINEGEN
 70
0
  9
$PSLTSCALE
 70
0
  9
$TREEDEPTH
 70
3020
  9
$CMLSTYLE
  2
Standard
  9
$CMLJUST
 70
0
  9
$CMLSCALE
 40
20.0
  9
$PROXYGRAPHICS
 70
1
  9
$MEASUREMENT
 70
1
  9
$CELWEIGHT
370
-1
  9
$ENDCAPS
280
0
  9
$JOINSTYLE
280
0
  9
$LWDISPLAY
290
1
  9
$INSUNITS
 70
4
  9
$HYPERLINKBASE
  1

  9
$STYLESHEET
  1

  9
$XEDIT
290
1
  9
$CEPSNTYPE
380
0
  9
$PSTYLEMODE
290
1
  9
$FINGERPRINTGUID
  2
{76DE4424-29AB-4DE9-BC5D-4E18370B17AD}
  9
$VERSIONGUID
  2
{5ED28568-FCBC-4EA3-9624-0A3D3AEEF69C}
  9
$EXTNAMES
290
1
  9
$PSVPSCALE
 40
0.0
  9
$OLESTARTUP
290
0
  9
$SORTENTS
280
127
  9
$INDEXCTL
280
0
  9
$HIDETEXT
280
1
  9
$XCLIPFRAME
280
1
  9
$HALOGAP
280
0
  9
$OBSCOLOR
 70
257
  9
$OBSLTYPE
280
0
  9
$INTERSECTIONDISPLAY
280
0
  9
$INTERSECTIONCOLOR
 70
257
  9
$DIMASSOC
280
2
  9
$PROJECTNAME
  1

  9
$CAMERADISPLAY
290
0
  9
$LENSLENGTH
 40
50.0
  9
$CAMERAHEIGHT
 40
0.0
  9
$STEPSPERSEC
 40
24.0
  9
$STEPSIZE
 40
100.0
  9
$3DDWFPREC
 40
2.0
  9
$PSOLWIDTH
 40
0.005
  9
$PSOLHEIGHT
 40
0.08
  9
$LOFTANG1
 40
1.570796326795
  9
$LOFTANG2
 40
1.570796326795
  9
$LOFTMAG1
 40
0.0
  9
$LOFTMAG2
 40
0.0
  9
$LOFTPARAM
 70
7
  9
$LOFTNORMALS
280
1
  9
$LATITUDE
 40
37.795
  9
$LONGITUDE
 40
-122.394
  9
$NORTHDIRECTION
 40
0.0
  9
$TIMEZONE
 70
-8000
  9
$LIGHTGLYPHDISPLAY
280
1
  9
$TILEMODELIGHTSYNCH
280
1
  9
$CMATERIAL
347
20
  9
$SOLIDHIST
280
0
  9
$SHOWHIST
280
1
  9
$DWFFRAME
280
2
  9
$DGNFRAME
280
2
  9
$REALWORLDSCALE
290
1
  9
$INTERFERECOLOR
 62
256
  9
$CSHADOW
280
0
  9
$SHADOWPLANELOCATION
 40
0.0
  0
ENDSEC
  0
SECTION
  2
CLASSES
  0
CLASS
  1
ACDBDICTIONARYWDFLT
  2
AcDbDictionaryWithDefault
  3
ObjectDBX Classes
 90
0
 91
0
280
0
281
0
  0
CLASS
  1
SUN
  2
AcDbSun
  3
SCENEOE
 90
1153
 91
0
280
0
281
0
  0
CLASS
  1
VISUALSTYLE
  2
AcDbVisualStyle
  3
ObjectDBX Classes
 90
4095
 91
0
280
0
281
0
  0
CLASS
  1
MATERIAL
  2
AcDbMaterial
  3
ObjectDBX Classes
 90
1153
 91
0
280
0
281
0
  0
CLASS
  1
SCALE
  2
AcDbScale
  3
ObjectDBX Classes
 90
1153
 91
0
280
0
281
0
  0
CLASS
  1
TABLESTYLE
  2
AcDbTableStyle
  3
ObjectDBX Classes
 90
4095
 91
0
280
0
281
0
  0
CLASS
  1
MLEADERSTYLE
  2
AcDbMLeaderStyle
  3
ACDB_MLEADERSTYLE_CLASS
 90
4095
 91
0
280
0
281
0
  0
CLASS
  1
DICTIONARYVAR
  2
AcDbDictionaryVar
  3
ObjectDBX Classes
 90
0
 91
0
280
0
281
0
  0
CLASS
  1
CELLSTYLEMAP
  2
AcDbCellStyleMap
  3
ObjectDBX Classes
 90
1152
 91
0
280
0
281
0
  0
CLASS
  1
MENTALRAYRENDERSETTINGS
  2
AcDbMentalRayRenderSettings
  3
SCENEOE
 90
1024
 91
0
280
0
281
0
  0
CLASS
  1
ACDBDETAILVIEWSTYLE
  2
AcDbDetailViewStyle
  3
ObjectDBX Classes
 90
1025
 91
0
280
0
281
0
  0
CLASS
  1
ACDBSECTIONVIEWSTYLE
  2
AcDbSectionViewStyle
  3
ObjectDBX Classes
 90
1025
 91
0
280
0
281
0
  0
CLASS
  1
RASTERVARIABLES
  2
AcDbRasterVariables
  3
ISM
 90
0
 91
0
280
0
281
0
  0
CLASS
  1
LAYOUT
  2
AcDbLayout
  3
ObjectDBX Classes
 90
0
 91
0
280
0
281
0
  0
CLASS
  1
ACDBPLACEHOLDER
  2
AcDbPlaceHolder
  3
ObjectDBX Classes
 90
0
 91
0
280
0
281
0
  0
ENDSEC
  0
SECTION
  2
TABLES
  0
TABLE
  2
VPORT
  5
8
330
0
100
AcDbSymbolTable
 70
1
  0
VPORT
  5
23
330
8
100
AcDbSymbolTableRecord
100
AcDbViewportTableRecord
  2
*Active
 70
0
 10
0.0
 20
0.0
 11
1.0
 21
1.0
 12
0.0
 22
0.0
 13
0.0
 23
0.0
 14
0.5
 24
0.5
 15
0.5
 25
0.5
 16
0.0
 26
0.0
 36
1.0
 17
0.0
 27
0.0
 37
0.0
 40
1000.0
 41
1.34
 42
50.0
 43
0.0
 44
0.0
 50
0.0
 51
0.0
 71
0
 72
1000
 73
1
 74
3
 75
0
 76
0
 77
0
 78
0
281
0
 65
0
146
0.0
  0
ENDTAB
  0
TABLE
  2
LTYPE
  5
2
330
0
100
AcDbSymbolTable
 70
6
  0
LTYPE
  5
24
330
2
100
AcDbSymbolTableRecord
100
AcDbLinetypeTableRecord
  2
ByBlock
 70
0
  3

 72
65
 73
0
 40
0.0
  0
LTYPE
  5
25
330
2
100
AcDbSymbolTableRecord
100
AcDbLinetypeTableRecord
  2
ByLayer
 70
0
  3

 72
65
 73
0
 40
0.0
  0
LTYPE
  5
26
330
2
100
AcDbSymbolTableRecord
100
AcDbLinetypeTableRecord
  2
Continuous
 70
0
  3

 72
65
 73
0
 40
0.0
  0
LTYPE
  5
2F
330
2
100
AcDbSymbolTableRecord
100
AcDbLinetypeTableRecord
  2
IRAM-E-TRAZOS
 70
0
  3
IRAM 4502 E - trazos __ __ __
 72
65
 73
2
 40
5.0
 49
4.0
 74
0
 49
-1.0
 74
0
  0
LTYPE
  5
30
330
2
100
AcDbSymbolTableRecord
100
AcDbLinetypeTableRecord
  2
IRAM-F-TRAZO-PUNTO
 70
0
  3
IRAM 4502 F - trazo largo y trazo corto ____ _ ____
 72
65
 73
4
 40
20.0
 49
15.0
 74
0
 49
-2.0
 74
0
 49
1.0
 74
0
 49
-2.0
 74
0
  0
LTYPE
  5
44
330
2
100
AcDbSymbolTableRecord
100
AcDbLinetypeTableRecord
  2
FLUJO-TRAZOS
 70
0
  3
Trazos de flujo __ __ __
 72
65
 73
2
 40
4.0
 49
2.5
 74
0
 49
-1.5
 74
0
  0
ENDTAB
  0
TABLE
  2
LAYER
  5
1
330
0
100
AcDbSymbolTable
 70
62
  0
LAYER
  5
27
330
1
100
AcDbSymbolTableRecord
100
AcDbLayerTableRecord
  2
0
 70
0
 62
7
  6
Continuous
370
-3
390
13
347
21
  0
LAYER
  5
28
330
1
100
AcDbSymbolTableRecord
100
AcDbLayerTableRecord
  2
Defpoints
 70
0
 62
7
  6
Continuous
290
0
370
-3
390
13
347
21
  0
LAYER
  5
31
330
1
100
AcDbSymbolTableRecord
100
AcDbLayerTableRecord
  2
01-VISIBLE
 70
0
 62
7
  6
CONTINUOUS
370
70
390
13
347
21
1001
AcAecLayerStandard
1000

1000
A continua gruesa: contornos y aristas visibles
  0
LAYER
  5
33
330
1
100
AcDbSymbolTableRecord
100
AcDbLayerTableRecord
  2
02-OCULTA
 70
0
 62
4
  6
IRAM-E-TRAZOS
370
35
390
13
347
21
1001
AcAecLayerStandard
1000

1000
E de trazos media: contornos y aristas ocultos
  0
LAYER
  5
34
330
1
100
AcDbSymbolTableRecord
100
AcDbLayerTableRecord
  2
03-EJE
 70
0
 62
1
  6
IRAM-F-TRAZO-PUNTO
370
18
390
13
347
21
1001
AcAecLayerStandard
1000

1000
F trazo largo y corto fina: ejes, simetrías, trayectorias
  0
LAYER
  5
35
330
1
100
AcDbSymbolTableRecord
100
AcDbLayerTableRecord
  2
04-COTA
 70
0
 62
3
  6
CONTINUOUS
370
18
390
13
347
21
1001
AcAecLayerStandard
1000

1000
B continua fina: líneas de cota y auxiliares
  0
LAYER
  5
36
330
1
100
AcDbSymbolTableRecord
100
AcDbLayerTableRecord
  2
05-RAYADO
 70
0
 62
8
  6
CONTINUOUS
370
18
390
13
347
21
1001
AcAecLayerStandard
1000

1000
B continua fina: rayados IRAM 4509
  0
LAYER
  5
37
330
1
100
AcDbSymbolTableRecord
100
AcDbLayerTableRecord
  2
06-TEXTO
 70
0
 62
7
  6
CONTINUOUS
370
25
390
13
347
21
1001
AcAecLayerStandard
1000

1000
Escritura IRAM 4503 tipo B (trazo h/10)
  0
LAYER
  5
38
330
1
100
AcDbSymbolTableRecord
100
AcDbLayerTableRecord
  2
07-RECUADRO
 70
0
 62
7
  6
CONTINUOUS
370
70
390
13
347
21
1001
AcAecLayerStandard
1000

1000
Recuadro IRAM 4504
  0
LAYER
  5
39
330
1
100
AcDbSymbolTableRecord
100
AcDbLayerTableRecord
  2
08-FINA
 70
0
 62
5
  6
CONTINUOUS
370
18
390
13
347
21
1001
AcAecLayerStandard
1000

1000
B continua fina: referencias, fondos de rosca, contornos de detalle
  0
LAYER
  5
3A
330
1
100
AcDbSymbolTableRecord
100
AcDbLayerTableRecord
  2
09-PLANO-CORTE
 70
0
 62
1
  6
IRAM-F-TRAZO-PUNTO
370
18
390
13
347
21
1001
AcAecLayerStandard
1000

1000
G trazo largo y corto fina con extremos gruesos: planos de corte
  0
LAYER
  5
3B
330
1
100
AcDbSymbolTableRecord
100
AcDbLayerTableRecord
  2
10-ROTULO
 70
0
 62
7
  6
CONTINUOUS
370
35
390
13
347
21
1001
AcAecLayerStandard
1000

1000
Rótulo y lista de materiales IRAM 4508
  0
LAYER
  5
3C
330
1
100
AcDbSymbolTableRecord
100
AcDbLayerTableRecord
  2
11-TEXTO-ROTULO
 70
0
 62
7
  6
CONTINUOUS
370
25
390
13
347
21
1001
AcAecLayerStandard
1000

1000
Escritura del rótulo
  0
LAYER
  5
3D
330
1
100
AcDbSymbolTableRecord
100
AcDbLayerTableRecord
  2
12-SOLDADURA
 70
0
 62
6
  6
CONTINUOUS
370
18
390
13
347
21
1001
AcAecLayerStandard
1000

1000
Símbolos de soldadura
  0
LAYER
  5
45
330
1
100
AcDbSymbolTableRecord
100
AcDbLayerTableRecord
  2
A-MURO
 70
0
 62
7
  6
CONTINUOUS
370
50
390
13
347
21
1001
AcAecLayerStandard
1000

1000
Muros y cerramientos (línea gruesa, relleno)
  0
LAYER
  5
46
330
1
100
AcDbSymbolTableRecord
100
AcDbLayerTableRecord
  2
A-COLUMNA
 70
0
 62
7
  6
CONTINUOUS
370
50
390
13
347
21
1001
AcAecLayerStandard
1000

1000
Columnas
  0
LAYER
  5
47
330
1
100
AcDbSymbolTableRecord
100
AcDbLayerTableRecord
  2
A-EJE
 70
0
 62
1
  6
IRAM-F-TRAZO-PUNTO
370
18
390
13
347
21
1001
AcAecLayerStandard
1000

1000
Ejes estructurales
  0
LAYER
  5
48
330
1
100
AcDbSymbolTableRecord
100
AcDbLayerTableRecord
  2
A-ABERTURA
 70
0
 62
7
  6
CONTINUOUS
370
25
390
13
347
21
1001
AcAecLayerStandard
1000

1000
Puertas, portones y muelles
  0
LAYER
  5
49
330
1
100
AcDbSymbolTableRecord
100
AcDbLayerTableRecord
  2
A-EQUIPO
 70
0
 62
30
420
15104000
  6
CONTINUOUS
370
35
390
13
347
21
1001
AcAecLayerStandard
1000

1000
Equipos (contorno, naranja como en rev4)
  0
LAYER
  5
4A
330
1
100
AcDbSymbolTableRecord
100
AcDbLayerTableRecord
  2
A-AREA-TRABAJO
 70
0
 62
30
420
15439420
  6
CONTINUOUS
370
13
390
13
347
21
1001
AcAecLayerStandard
1000

1000
Área de trabajo: máquina + puesto del operario
  0
LAYER
  5
4B
330
1
100
AcDbSymbolTableRecord
100
AcDbLayerTableRecord
  2
A-PULMON
 70
0
 62
6
420
14418120
  6
IRAM-E-TRAZOS
370
25
390
13
347
21
1001
AcAecLayerStandard
1000

1000
Pulmones entre pasos (carros de cilindros)
  0
LAYER
  5
4C
330
1
100
AcDbSymbolTableRecord
100
AcDbLayerTableRecord
  2
A-PASO
 70
0
 62
7
  6
CONTINUOUS
370
25
390
13
347
21
1001
AcAecLayerStandard
1000

1000
Globos con el número de paso
  0
LAYER
  5
4D
330
1
100
AcDbSymbolTableRecord
100
AcDbLayerTableRecord
  2
A-SECTOR-TXT
 70
0
 62
1
  6
CONTINUOUS
370
25
390
13
347
21
1001
AcAecLayerStandard
1000

1000
Rótulos de sector (rojo)
  0
LAYER
  5
4E
330
1
100
AcDbSymbolTableRecord
100
AcDbLayerTableRecord
  2
A-EQUIPO-FINO
 70
0
 62
8
  6
CONTINUOUS
370
13
390
13
347
21
1001
AcAecLayerStandard
1000

1000
Detalle de equipos, racks y carros
  0
LAYER
  5
4F
330
1
100
AcDbSymbolTableRecord
100
AcDbLayerTableRecord
  2
A-EQUIPO-OCULTO
 70
0
 62
8
  6
IRAM-E-TRAZOS
370
13
390
13
347
21
1001
AcAecLayerStandard
1000

1000
Partes elevadas u ocultas de equipos
  0
LAYER
  5
50
330
1
100
AcDbSymbolTableRecord
100
AcDbLayerTableRecord
  2
A-EQUIPO-RELLENO
 70
0
 62
9
  6
CONTINUOUS
370
13
390
13
347
21
1001
AcAecLayerStandard
1000

1000
Rellenos de cuerpo de equipos
  0
LAYER
  5
51
330
1
100
AcDbSymbolTableRecord
100
AcDbLayerTableRecord
  2
A-SEGURIDAD
 70
0
 62
1
  6
IRAM-E-TRAZOS
370
18
390
13
347
21
1001
AcAecLayerStandard
1000

1000
Resguardos, cortinas de luz y zonas de barrido
  0
LAYER
  5
52
330
1
100
AcDbSymbolTableRecord
100
AcDbLayerTableRecord
  2
A-OPERARIO
 70
0
 62
6
  6
CONTINUOUS
370
18
390
13
347
21
1001
AcAecLayerStandard
1000

1000
Operarios en su puesto
  0
LAYER
  5
53
330
1
100
AcDbSymbolTableRecord
100
AcDbLayerTableRecord
  2
A-VEHICULO
 70
0
 62
40
  6
CONTINUOUS
370
25
390
13
347
21
1001
AcAecLayerStandard
1000

1000
Autoelevadores, tren logístico y transpaletas
  0
LAYER
  5
54
330
1
100
AcDbSymbolTableRecord
100
AcDbLayerTableRecord
  2
A-SECTOR
 70
0
 62
1
  6
CONTINUOUS
370
25
390
13
347
21
1001
AcAecLayerStandard
1000

1000
Límite de sector (rojo, como en rev4)
  0
LAYER
  5
55
330
1
100
AcDbSymbolTableRecord
100
AcDbLayerTableRecord
  2
A-PASILLO
 70
0
 62
2
420
14132480
  6
IRAM-E-TRAZOS
370
35
390
13
347
21
1001
AcAecLayerStandard
1000

1000
Demarcación de pasillos (amarillo IRAM 10005)
  0
LAYER
  5
56
330
1
100
AcDbSymbolTableRecord
100
AcDbLayerTableRecord
  2
A-DEFENSA
 70
0
 62
2
420
15119360
  6
CONTINUOUS
370
35
390
13
347
21
1001
AcAecLayerStandard
1000

1000
Defensa entre carril de autoelevador y senda peatonal
  0
LAYER
  5
57
330
1
100
AcDbSymbolTableRecord
100
AcDbLayerTableRecord
  2
A-SENDA
 70
0
 62
2
420
14132480
  6
CONTINUOUS
370
25
390
13
347
21
1001
AcAecLayerStandard
1000

1000
Sendas peatonales (cebra)
  0
LAYER
  5
58
330
1
100
AcDbSymbolTableRecord
100
AcDbLayerTableRecord
  2
A-TEXTO
 70
0
 62
7
  6
CONTINUOUS
370
18
390
13
347
21
1001
AcAecLayerStandard
1000

1000
Textos
  0
LAYER
  5
59
330
1
100
AcDbSymbolTableRecord
100
AcDbLayerTableRecord
  2
A-RELLENO
 70
0
 62
9
  6
CONTINUOUS
370
13
390
13
347
21
1001
AcAecLayerStandard
1000

1000
Rellenos de sectores
  0
LAYER
  5
5A
330
1
100
AcDbSymbolTableRecord
100
AcDbLayerTableRecord
  2
A-COTA
 70
0
 62
7
  6
CONTINUOUS
370
18
390
13
347
21
1001
AcAecLayerStandard
1000

1000
Cotas IRAM 4513
  0
LAYER
  5
5B
330
1
100
AcDbSymbolTableRecord
100
AcDbLayerTableRecord
  2
A-EXTERIOR
 70
0
 62
8
  6
CONTINUOUS
370
25
390
13
347
21
1001
AcAecLayerStandard
1000

1000
Terreno, calles, playas y veredas
  0
LAYER
  5
5C
330
1
100
AcDbSymbolTableRecord
100
AcDbLayerTableRecord
  2
A-LOCAL
 70
0
 62
7
  6
CONTINUOUS
370
25
390
13
347
21
1001
AcAecLayerStandard
1000

1000
Tabiques de locales de servicio
  0
LAYER
  5
5D
330
1
100
AcDbSymbolTableRecord
100
AcDbLayerTableRecord
  2
A-MOBILIARIO
 70
0
 62
8
420
5263450
  6
CONTINUOUS
370
18
390
13
347
21
1001
AcAecLayerStandard
1000

1000
Mobiliario, artefactos sanitarios y equipamiento menor
  0
LAYER
  5
5E
330
1
100
AcDbSymbolTableRecord
100
AcDbLayerTableRecord
  2
A-TABIQUE
 70
0
 62
7
  6
CONTINUOUS
370
50
390
13
347
21
1001
AcAecLayerStandard
1000

1000
Tabiques de locales cerrados dentro de la nave
  0
LAYER
  5
5F
330
1
100
AcDbSymbolTableRecord
100
AcDbLayerTableRecord
  2
A-VENTANA
 70
0
 62
4
420
38600
  6
CONTINUOUS
370
18
390
13
347
21
1001
AcAecLayerStandard
1000

1000
Ventanas y paños vidriados a la planta
  0
LAYER
  5
60
330
1
100
AcDbSymbolTableRecord
100
AcDbLayerTableRecord
  2
A-ENTREPISO
 70
0
 62
6
420
9845910
  6
IRAM-E-TRAZOS
370
25
390
13
347
21
1001
AcAecLayerStandard
1000

1000
Entrepiso de oficinas (+3,50) en planta baja
  0
LAYER
  5
61
330
1
100
AcDbSymbolTableRecord
100
AcDbLayerTableRecord
  2
S-SENAL
 70
0
 62
7
  6
CONTINUOUS
370
18
390
13
347
21
1001
AcAecLayerStandard
1000

1000
Señalética IRAM 10005: obligación, advertencia, prohibición, salvamento
  0
LAYER
  5
62
330
1
100
AcDbSymbolTableRecord
100
AcDbLayerTableRecord
  2
A-MAMPARA
 70
0
 62
1
420
13117480
  6
CONTINUOUS
370
35
390
13
347
21
1001
AcAecLayerStandard
1000

1000
Mamparas y cortinas ignífugas de soldadura
  0
LAYER
  5
63
330
1
100
AcDbSymbolTableRecord
100
AcDbLayerTableRecord
  2
A-ZONA-LOG
 70
0
 62
5
420
2644680
  6
IRAM-F-TRAZO-PUNTO
370
25
390
13
347
21
1001
AcAecLayerStandard
1000

1000
Límites de circulación de autoelevador
  0
LAYER
  5
64
330
1
100
AcDbSymbolTableRecord
100
AcDbLayerTableRecord
  2
A-SANITARIO
 70
0
 62
8
  6
CONTINUOUS
370
13
390
13
347
21
1001
AcAecLayerStandard
1000

1000
Artefactos sanitarios y mobiliario
  0
LAYER
  5
65
330
1
100
AcDbSymbolTableRecord
100
AcDbLayerTableRecord
  2
F-MP
 70
0
 62
5
  6
CONTINUOUS
370
70
390
13
347
21
1001
AcAecLayerStandard
1000

1000
Flujo de materia prima (azul)
  0
LAYER
  5
66
330
1
100
AcDbSymbolTableRecord
100
AcDbLayerTableRecord
  2
F-SE
 70
0
 62
30
  6
CONTINUOUS
370
70
390
13
347
21
1001
AcAecLayerStandard
1000

1000
Flujo de semielaborado (naranja)
  0
LAYER
  5
67
330
1
100
AcDbSymbolTableRecord
100
AcDbLayerTableRecord
  2
F-TL
 70
0
 62
30
  6
CONTINUOUS
370
100
390
13
347
21
1001
AcAecLayerStandard
1000

1000
Tren logístico de un sentido (SE)
  0
LAYER
  5
68
330
1
100
AcDbSymbolTableRecord
100
AcDbLayerTableRecord
  2
F-PT
 70
0
 62
3
  6
CONTINUOUS
370
70
390
13
347
21
1001
AcAecLayerStandard
1000

1000
Flujo de producto terminado (verde)
  0
LAYER
  5
69
330
1
100
AcDbSymbolTableRecord
100
AcDbLayerTableRecord
  2
F-SCRAP
 70
0
 62
8
  6
IRAM-F-TRAZO-PUNTO
370
50
390
13
347
21
1001
AcAecLayerStandard
1000

1000
Scrap y retal (gris)
  0
LAYER
  5
6A
330
1
100
AcDbSymbolTableRecord
100
AcDbLayerTableRecord
  2
F-PERSONAL
 70
0
 62
6
  6
FLUJO-TRAZOS
370
35
390
13
347
21
1001
AcAecLayerStandard
1000

1000
Hilos de personal (magenta)
  0
LAYER
  5
6B
330
1
100
AcDbSymbolTableRecord
100
AcDbLayerTableRecord
  2
F-EFL-LIQ
 70
0
 62
34
  6
FLUJO-TRAZOS
370
35
390
13
347
21
1001
AcAecLayerStandard
1000

1000
Efluentes líquidos (marrón)
  0
LAYER
  5
6C
330
1
100
AcDbSymbolTableRecord
100
AcDbLayerTableRecord
  2
F-EFL-GAS
 70
0
 62
4
  6
FLUJO-TRAZOS
370
35
390
13
347
21
1001
AcAecLayerStandard
1000

1000
Efluentes gaseosos (cian)
  0
LAYER
  5
6D
330
1
100
AcDbSymbolTableRecord
100
AcDbLayerTableRecord
  2
F-RET
 70
0
 62
8
  6
FLUJO-TRAZOS
370
18
390
13
347
21
1001
AcAecLayerStandard
1000

1000
Retorno vacío del tren logístico
  0
LAYER
  5
6E
330
1
100
AcDbSymbolTableRecord
100
AcDbLayerTableRecord
  2
I-ELEC
 70
0
 62
1
  6
CONTINUOUS
370
35
390
13
347
21
1001
AcAecLayerStandard
1000

1000
Alimentadores eléctricos
  0
LAYER
  5
6F
330
1
100
AcDbSymbolTableRecord
100
AcDbLayerTableRecord
  2
I-AIRE
 70
0
 62
4
  6
CONTINUOUS
370
35
390
13
347
21
1001
AcAecLayerStandard
1000

1000
Aire comprimido
  0
LAYER
  5
70
330
1
100
AcDbSymbolTableRecord
100
AcDbLayerTableRecord
  2
I-N2
 70
0
 62
6
  6
CONTINUOUS
370
35
390
13
347
21
1001
AcAecLayerStandard
1000

1000
Nitrógeno
  0
LAYER
  5
71
330
1
100
AcDbSymbolTableRecord
100
AcDbLayerTableRecord
  2
I-GAS
 70
0
 62
40
  6
CONTINUOUS
370
35
390
13
347
21
1001
AcAecLayerStandard
1000

1000
Gas natural
  0
LAYER
  5
72
330
1
100
AcDbSymbolTableRecord
100
AcDbLayerTableRecord
  2
I-SOLD
 70
0
 62
211
  6
CONTINUOUS
370
35
390
13
347
21
1001
AcAecLayerStandard
1000

1000
Gas de soldadura Ar/CO₂
  0
LAYER
  5
73
330
1
100
AcDbSymbolTableRecord
100
AcDbLayerTableRecord
  2
S-INCENDIO
 70
0
 62
1
  6
CONTINUOUS
370
25
390
13
347
21
1001
AcAecLayerStandard
1000

1000
Extintores y protección contra incendio
  0
LAYER
  5
74
330
1
100
AcDbSymbolTableRecord
100
AcDbLayerTableRecord
  2
S-ESCAPE
 70
0
 62
3
  6
CONTINUOUS
370
35
390
13
347
21
1001
AcAecLayerStandard
1000

1000
Medios de escape y salidas
  0
ENDTAB
  0
TABLE
  2
STYLE
  5
5
330
0
100
AcDbSymbolTable
 70
2
  0
STYLE
  5
29
330
5
100
AcDbSymbolTableRecord
100
AcDbTextStyleTableRecord
  2
Standard
 70
0
 40
0.0
 41
1.0
 50
0.0
 71
0
 42
2.5
  3
txt
  4

  0
STYLE
  5
3E
330
5
100
AcDbSymbolTableRecord
100
AcDbTextStyleTableRecord
  2
ISO3098
 70
0
 40
0.0
 41
1.0
 50
0.0
 71
0
 42
2.5
  3
isocpeur.ttf
  4

  0
ENDTAB
  0
TABLE
  2
VIEW
  5
7
330
0
100
AcDbSymbolTable
 70
0
  0
ENDTAB
  0
TABLE
  2
UCS
  5
6
330
0
100
AcDbSymbolTable
 70
0
  0
ENDTAB
  0
TABLE
  2
APPID
  5
3
330
0
100
AcDbSymbolTable
 70
4
  0
APPID
  5
2A
330
3
100
AcDbSymbolTableRecord
100
AcDbRegAppTableRecord
  2
ACAD
 70
0
  0
APPID
  5
32
330
3
100
AcDbSymbolTableRecord
100
AcDbRegAppTableRecord
  2
AcAecLayerStandard
 70
0
  0
APPID
  5
6FCB
330
3
100
AcDbSymbolTableRecord
100
AcDbRegAppTableRecord
  2
HATCHBACKGROUNDCOLOR
 70
0
  0
APPID
  5
6FCC
330
3
100
AcDbSymbolTableRecord
100
AcDbRegAppTableRecord
  2
EZDXF
 70
0
  0
ENDTAB
  0
TABLE
  2
DIMSTYLE
  5
4
330
0
100
AcDbSymbolTable
 70
2
100
AcDbDimStyleTable
  0
DIMSTYLE
105
2B
330
4
100
AcDbSymbolTableRecord
100
AcDbDimStyleTableRecord
  2
Standard
 70
0
 40
1.0
 41
2.5
 42
0.625
 43
3.75
 44
1.25
 45
0.0
 46
0.0
 47
0.0
 48
0.0
 49
2.5
140
2.5
141
2.5
142
0.0
143
0.03937007874
144
1.0
145
0.0
146
1.0
147
0.625
148
0.0
 69
0
 70
0
 71
0
 72
0
 73
0
 74
0
 75
0
 76
0
 77
1
 78
8
 79
3
170
0
171
3
172
1
173
0
174
0
175
0
176
0
177
0
178
0
179
2
271
2
272
2
273
2
274
3
275
0
276
0
277
2
278
44
279
0
280
0
281
0
282
0
283
0
284
8
285
0
286
0
288
0
289
3
290
0
371
-2
372
-2
  0
DIMSTYLE
105
43
330
4
100
AcDbSymbolTableRecord
100
AcDbDimStyleTableRecord
  2
FLAMA-IRAM
 70
0
 40
1.0
 41
3.5
 42
1.5
 43
3.75
 44
2.0
 45
0.0
 46
0.0
 47
0.0
 48
0.0
 49
2.5
140
3.5
141
2.5
142
0.0
143
0.03937007874
144
1.0
145
0.0
146
1.0
147
1.0
148
0.0
 69
0
 70
0
 71
0
 72
0
 73
0
 74
0
 75
0
 76
0
 77
1
 78
8
 79
3
170
0
171
3
172
1
173
0
174
0
175
0
176
3
177
3
178
3
179
2
271
1
272
2
273
2
274
3
275
0
276
0
277
2
278
44
279
0
280
0
281
0
282
0
283
0
284
8
285
0
286
0
288
0
289
3
290
0
340
3E
342
3F
343
3F
344
3F
371
18
372
18
  0
ENDTAB
  0
TABLE
  2
BLOCK_RECORD
  5
9
330
0
100
AcDbSymbolTable
 70
34
  0
BLOCK_RECORD
  5
17
330
9
100
AcDbSymbolTableRecord
100
AcDbBlockTableRecord
  2
*Model_Space
340
1A
 70
0
280
1
281
0
  0
BLOCK_RECORD
  5
3F
330
9
100
AcDbSymbolTableRecord
100
AcDbBlockTableRecord
  2
IRAM_FLECHA
340
0
 70
0
280
1
281
0
  0
BLOCK_RECORD
  5
36D0
330
9
100
AcDbSymbolTableRecord
100
AcDbBlockTableRecord
  2
*D1
340
0
 70
0
280
1
281
0
  0
BLOCK_RECORD
  5
36DF
330
9
100
AcDbSymbolTableRecord
100
AcDbBlockTableRecord
  2
*D2
340
0
 70
0
280
1
281
0
  0
BLOCK_RECORD
  5
6A8D
330
9
100
AcDbSymbolTableRecord
100
AcDbBlockTableRecord
  2
*D3
340
0
 70
0
280
1
281
0
  0
BLOCK_RECORD
  5
6A9C
330
9
100
AcDbSymbolTableRecord
100
AcDbBlockTableRecord
  2
*D4
340
0
 70
0
280
1
281
0
  0
BLOCK_RECORD
  5
6AAB
330
9
100
AcDbSymbolTableRecord
100
AcDbBlockTableRecord
  2
*D5
340
0
 70
0
280
1
281
0
  0
BLOCK_RECORD
  5
6ABA
330
9
100
AcDbSymbolTableRecord
100
AcDbBlockTableRecord
  2
*D6
340
0
 70
0
280
1
281
0
  0
BLOCK_RECORD
  5
6D04
330
9
100
AcDbSymbolTableRecord
100
AcDbBlockTableRecord
  2
*D7
340
0
 70
0
280
1
281
0
  0
BLOCK_RECORD
  5
6D13
330
9
100
AcDbSymbolTableRecord
100
AcDbBlockTableRecord
  2
*D8
340
0
 70
0
280
1
281
0
  0
BLOCK_RECORD
  5
6D22
330
9
100
AcDbSymbolTableRecord
100
AcDbBlockTableRecord
  2
*D9
340
0
 70
0
280
1
281
0
  0
BLOCK_RECORD
  5
6D4F
330
9
100
AcDbSymbolTableRecord
100
AcDbBlockTableRecord
  2
*D10
340
0
 70
0
280
1
281
0
  0
BLOCK_RECORD
  5
6D5E
330
9
100
AcDbSymbolTableRecord
100
AcDbBlockTableRecord
  2
*D11
340
0
 70
0
280
1
281
0
  0
BLOCK_RECORD
  5
6D6D
330
9
100
AcDbSymbolTableRecord
100
AcDbBlockTableRecord
  2
*D12
340
0
 70
0
280
1
281
0
  0
BLOCK_RECORD
  5
6DA0
330
9
100
AcDbSymbolTableRecord
100
AcDbBlockTableRecord
  2
*D13
340
0
 70
0
280
1
281
0
  0
BLOCK_RECORD
  5
6DAF
330
9
100
AcDbSymbolTableRecord
100
AcDbBlockTableRecord
  2
*D14
340
0
 70
0
280
1
281
0
  0
BLOCK_RECORD
  5
6DBE
330
9
100
AcDbSymbolTableRecord
100
AcDbBlockTableRecord
  2
*D15
340
0
 70
0
280
1
281
0
  0
BLOCK_RECORD
  5
6DE5
330
9
100
AcDbSymbolTableRecord
100
AcDbBlockTableRecord
  2
*D16
340
0
 70
0
280
1
281
0
  0
BLOCK_RECORD
  5
6DF4
330
9
100
AcDbSymbolTableRecord
100
AcDbBlockTableRecord
  2
*D17
340
0
 70
0
280
1
281
0
  0
BLOCK_RECORD
  5
6E03
330
9
100
AcDbSymbolTableRecord
100
AcDbBlockTableRecord
  2
*D18
340
0
 70
0
280
1
281
0
  0
BLOCK_RECORD
  5
6E24
330
9
100
AcDbSymbolTableRecord
100
AcDbBlockTableRecord
  2
*D19
340
0
 70
0
280
1
281
0
  0
BLOCK_RECORD
  5
6E33
330
9
100
AcDbSymbolTableRecord
100
AcDbBlockTableRecord
  2
*D20
340
0
 70
0
280
1
281
0
  0
BLOCK_RECORD
  5
6E42
330
9
100
AcDbSymbolTableRecord
100
AcDbBlockTableRecord
  2
*D21
340
0
 70
0
280
1
281
0
  0
BLOCK_RECORD
  5
6E5F
330
9
100
AcDbSymbolTableRecord
100
AcDbBlockTableRecord
  2
*D22
340
0
 70
0
280
1
281
0
  0
BLOCK_RECORD
  5
6E6E
330
9
100
AcDbSymbolTableRecord
100
AcDbBlockTableRecord
  2
*D23
340
0
 70
0
280
1
281
0
  0
BLOCK_RECORD
  5
6E7D
330
9
100
AcDbSymbolTableRecord
100
AcDbBlockTableRecord
  2
*D24
340
0
 70
0
280
1
281
0
  0
BLOCK_RECORD
  5
6E98
330
9
100
AcDbSymbolTableRecord
100
AcDbBlockTableRecord
  2
*D25
340
0
 70
0
280
1
281
0
  0
BLOCK_RECORD
  5
6EA7
330
9
100
AcDbSymbolTableRecord
100
AcDbBlockTableRecord
  2
*D26
340
0
 70
0
280
1
281
0
  0
BLOCK_RECORD
  5
6EB6
330
9
100
AcDbSymbolTableRecord
100
AcDbBlockTableRecord
  2
*D27
340
0
 70
0
280
1
281
0
  0
BLOCK_RECORD
  5
6ED3
330
9
100
AcDbSymbolTableRecord
100
AcDbBlockTableRecord
  2
*D28
340
0
 70
0
280
1
281
0
  0
BLOCK_RECORD
  5
6EE2
330
9
100
AcDbSymbolTableRecord
100
AcDbBlockTableRecord
  2
*D29
340
0
 70
0
280
1
281
0
  0
BLOCK_RECORD
  5
6EF1
330
9
100
AcDbSymbolTableRecord
100
AcDbBlockTableRecord
  2
*D30
340
0
 70
0
280
1
281
0
  0
BLOCK_RECORD
  5
6FC5
330
9
100
AcDbSymbolTableRecord
100
AcDbBlockTableRecord
  2
*Paper_Space1
340
6FC8
 70
0
280
1
281
0
  0
BLOCK_RECORD
  5
6FBF
330
9
100
AcDbSymbolTableRecord
100
AcDbBlockTableRecord
  2
*Paper_Space
340
6FC2
 70
0
280
1
281
0
  0
ENDTAB
  0
ENDSEC
  0
SECTION
  2
BLOCKS
  0
BLOCK
  5
18
330
17
100
AcDbEntity
  8
0
100
AcDbBlockBegin
  2
*Model_Space
 70
0
 10
0.0
 20
0.0
 30
0.0
  3
*Model_Space
  1

  0
ENDBLK
  5
19
330
17
100
AcDbEntity
  8
0
100
AcDbBlockEnd
  0
BLOCK
  5
40
330
3F
100
AcDbEntity
  8
0
100
AcDbBlockBegin
  2
IRAM_FLECHA
 70
0
 10
0.0
 20
0.0
 30
0.0
  3
IRAM_FLECHA
  1

  0
SOLID
  5
42
330
3F
100
AcDbEntity
  8
0
100
AcDbTrace
 10
0.0
 20
0.0
 30
0.0
 11
-1.0
 21
0.125
 31
0.0
 12
-1.0
 22
-0.125
 32
0.0
 13
-1.0
 23
-0.125
 33
0.0
  0
ENDBLK
  5
41
330
3F
100
AcDbEntity
  8
0
100
AcDbBlockEnd
  0
BLOCK
  5
36D1
330
36D0
100
AcDbEntity
  8
0
100
AcDbBlockBegin
  2
*D1
 70
1
 10
0.0
 20
0.0
 30
0.0
  3
*D1
  1

  0
LINE
  5
36D3
330
36D0
100
AcDbEntity
  8
0
 62
3
370
18
100
AcDbLine
 10
103.0
 20
294.0
 30
0.0
 11
103.0
 21
291.8
 31
0.0
  0
LINE
  5
36D4
330
36D0
100
AcDbEntity
  8
0
 62
3
370
18
100
AcDbLine
 10
175.0
 20
294.0
 30
0.0
 11
175.0
 21
291.8
 31
0.0
  0
INSERT
  5
36D5
330
36D0
100
AcDbEntity
  8
A-COTA
 62
3
100
AcDbBlockReference
  2
IRAM_FLECHA
 10
103.0
 20
293.0
 30
0.0
 41
2.2
 42
2.2
 50
180.0
  0
INSERT
  5
36D7
330
36D0
100
AcDbEntity
  8
A-COTA
 62
3
100
AcDbBlockReference
  2
IRAM_FLECHA
 10
175.0
 20
293.0
 30
0.0
 41
2.2
 42
2.2
  0
LINE
  5
36D9
330
36D0
100
AcDbEntity
  8
0
 62
3
370
18
100
AcDbLine
 10
105.2
 20
293.0
 30
0.0
 11
172.8
 21
293.0
 31
0.0
  0
MTEXT
  5
36DA
330
36D0
100
AcDbEntity
  8
A-COTA
 62
3
100
AcDbMText
 10
139.0
 20
295.1
 30
0.0
 40
2.2
 71
5
  1
A1 3,60
  7
ISO3098
  0
POINT
  5
36DB
330
36D0
100
AcDbEntity
  8
Defpoints
100
AcDbPoint
 10
103.0
 20
293.0
 30
0.0
  0
POINT
  5
36DC
330
36D0
100
AcDbEntity
  8
Defpoints
100
AcDbPoint
 10
103.0
 20
295.0
 30
0.0
  0
POINT
  5
36DD
330
36D0
100
AcDbEntity
  8
Defpoints
100
AcDbPoint
 10
175.0
 20
295.0
 30
0.0
  0
ENDBLK
  5
36D2
330
36D0
100
AcDbEntity
  8
0
100
AcDbBlockEnd
  0
BLOCK
  5
36E0
330
36DF
100
AcDbEntity
  8
0
100
AcDbBlockBegin
  2
*D2
 70
1
 10
0.0
 20
0.0
 30
0.0
  3
*D2
  1

  0
LINE
  5
36E2
330
36DF
100
AcDbEntity
  8
0
 62
3
370
18
100
AcDbLine
 10
245.0
 20
294.0
 30
0.0
 11
245.0
 21
291.8
 31
0.0
  0
LINE
  5
36E3
330
36DF
100
AcDbEntity
  8
0
 62
3
370
18
100
AcDbLine
 10
317.0
 20
294.0
 30
0.0
 11
317.0
 21
291.8
 31
0.0
  0
INSERT
  5
36E4
330
36DF
100
AcDbEntity
  8
A-COTA
 62
3
100
AcDbBlockReference
  2
IRAM_FLECHA
 10
245.0
 20
293.0
 30
0.0
 41
2.2
 42
2.2
 50
180.0
  0
INSERT
  5
36E6
330
36DF
100
AcDbEntity
  8
A-COTA
 62
3
100
AcDbBlockReference
  2
IRAM_FLECHA
 10
317.0
 20
293.0
 30
0.0
 41
2.2
 42
2.2
  0
LINE
  5
36E8
330
36DF
100
AcDbEntity
  8
0
 62
3
370
18
100
AcDbLine
 10
247.2
 20
293.0
 30
0.0
 11
314.8
 21
293.0
 31
0.0
  0
MTEXT
  5
36E9
330
36DF
100
AcDbEntity
  8
A-COTA
 62
3
100
AcDbMText
 10
281.0
 20
295.1
 30
0.0
 40
2.2
 71
5
  1
A2 3,60
  7
ISO3098
  0
POINT
  5
36EA
330
36DF
100
AcDbEntity
  8
Defpoints
100
AcDbPoint
 10
245.0
 20
293.0
 30
0.0
  0
POINT
  5
36EB
330
36DF
100
AcDbEntity
  8
Defpoints
100
AcDbPoint
 10
245.0
 20
295.0
 30
0.0
  0
POINT
  5
36EC
330
36DF
100
AcDbEntity
  8
Defpoints
100
AcDbPoint
 10
317.0
 20
295.0
 30
0.0
  0
ENDBLK
  5
36E1
330
36DF
100
AcDbEntity
  8
0
100
AcDbBlockEnd
  0
BLOCK
  5
6A8E
330
6A8D
100
AcDbEntity
  8
0
100
AcDbBlockBegin
  2
*D3
 70
1
 10
0.0
 20
0.0
 30
0.0
  3
*D3
  1

  0
LINE
  5
6A90
330
6A8D
100
AcDbEntity
  8
0
 62
3
370
18
100
AcDbLine
 10
567.0
 20
732.0
 30
0.0
 11
567.0
 21
732.2
 31
0.0
  0
LINE
  5
6A91
330
6A8D
100
AcDbEntity
  8
0
 62
3
370
18
100
AcDbLine
 10
633.0
 20
732.0
 30
0.0
 11
633.0
 21
732.2
 31
0.0
  0
INSERT
  5
6A92
330
6A8D
100
AcDbEntity
  8
A-COTA
 62
3
100
AcDbBlockReference
  2
IRAM_FLECHA
 10
567.0
 20
731.0
 30
0.0
 41
2.2
 42
2.2
 50
180.0
  0
INSERT
  5
6A94
330
6A8D
100
AcDbEntity
  8
A-COTA
 62
3
100
AcDbBlockReference
  2
IRAM_FLECHA
 10
633.0
 20
731.0
 30
0.0
 41
2.2
 42
2.2
  0
LINE
  5
6A96
330
6A8D
100
AcDbEntity
  8
0
 62
3
370
18
100
AcDbLine
 10
569.2
 20
731.0
 30
0.0
 11
630.8
 21
731.0
 31
0.0
  0
MTEXT
  5
6A97
330
6A8D
100
AcDbEntity
  8
A-COTA
 62
3
100
AcDbMText
 10
600.0
 20
733.1
 30
0.0
 40
2.2
 71
5
  1
T1 3,30
  7
ISO3098
  0
POINT
  5
6A98
330
6A8D
100
AcDbEntity
  8
Defpoints
100
AcDbPoint
 10
567.0
 20
731.0
 30
0.0
  0
POINT
  5
6A99
330
6A8D
100
AcDbEntity
  8
Defpoints
100
AcDbPoint
 10
567.0
 20
731.0
 30
0.0
  0
POINT
  5
6A9A
330
6A8D
100
AcDbEntity
  8
Defpoints
100
AcDbPoint
 10
633.0
 20
731.0
 30
0.0
  0
ENDBLK
  5
6A8F
330
6A8D
100
AcDbEntity
  8
0
100
AcDbBlockEnd
  0
BLOCK
  5
6A9D
330
6A9C
100
AcDbEntity
  8
0
100
AcDbBlockBegin
  2
*D4
 70
1
 10
0.0
 20
0.0
 30
0.0
  3
*D4
  1

  0
LINE
  5
6A9F
330
6A9C
100
AcDbEntity
  8
0
 62
3
370
18
100
AcDbLine
 10
681.0
 20
732.0
 30
0.0
 11
681.0
 21
732.2
 31
0.0
  0
LINE
  5
6AA0
330
6A9C
100
AcDbEntity
  8
0
 62
3
370
18
100
AcDbLine
 10
747.0
 20
732.0
 30
0.0
 11
747.0
 21
732.2
 31
0.0
  0
INSERT
  5
6AA1
330
6A9C
100
AcDbEntity
  8
A-COTA
 62
3
100
AcDbBlockReference
  2
IRAM_FLECHA
 10
681.0
 20
731.0
 30
0.0
 41
2.2
 42
2.2
 50
180.0
  0
INSERT
  5
6AA3
330
6A9C
100
AcDbEntity
  8
A-COTA
 62
3
100
AcDbBlockReference
  2
IRAM_FLECHA
 10
747.0
 20
731.0
 30
0.0
 41
2.2
 42
2.2
  0
LINE
  5
6AA5
330
6A9C
100
AcDbEntity
  8
0
 62
3
370
18
100
AcDbLine
 10
683.2
 20
731.0
 30
0.0
 11
744.8
 21
731.0
 31
0.0
  0
MTEXT
  5
6AA6
330
6A9C
100
AcDbEntity
  8
A-COTA
 62
3
100
AcDbMText
 10
714.0
 20
733.1
 30
0.0
 40
2.2
 71
5
  1
T2 3,30
  7
ISO3098
  0
POINT
  5
6AA7
330
6A9C
100
AcDbEntity
  8
Defpoints
100
AcDbPoint
 10
681.0
 20
731.0
 30
0.0
  0
POINT
  5
6AA8
330
6A9C
100
AcDbEntity
  8
Defpoints
100
AcDbPoint
 10
681.0
 20
731.0
 30
0.0
  0
POINT
  5
6AA9
330
6A9C
100
AcDbEntity
  8
Defpoints
100
AcDbPoint
 10
747.0
 20
731.0
 30
0.0
  0
ENDBLK
  5
6A9E
330
6A9C
100
AcDbEntity
  8
0
100
AcDbBlockEnd
  0
BLOCK
  5
6AAC
330
6AAB
100
AcDbEntity
  8
0
100
AcDbBlockBegin
  2
*D5
 70
1
 10
0.0
 20
0.0
 30
0.0
  3
*D5
  1

  0
LINE
  5
6AAE
330
6AAB
100
AcDbEntity
  8
0
 62
3
370
18
100
AcDbLine
 10
773.0
 20
732.0
 30
0.0
 11
773.0
 21
732.2
 31
0.0
  0
LINE
  5
6AAF
330
6AAB
100
AcDbEntity
  8
0
 62
3
370
18
100
AcDbLine
 10
811.0
 20
732.0
 30
0.0
 11
811.0
 21
732.2
 31
0.0
  0
INSERT
  5
6AB0
330
6AAB
100
AcDbEntity
  8
A-COTA
 62
3
100
AcDbBlockReference
  2
IRAM_FLECHA
 10
773.0
 20
731.0
 30
0.0
 41
2.2
 42
2.2
 50
180.0
  0
INSERT
  5
6AB2
330
6AAB
100
AcDbEntity
  8
A-COTA
 62
3
100
AcDbBlockReference
  2
IRAM_FLECHA
 10
811.0
 20
731.0
 30
0.0
 41
2.2
 42
2.2
  0
LINE
  5
6AB4
330
6AAB
100
AcDbEntity
  8
0
 62
3
370
18
100
AcDbLine
 10
775.2
 20
731.0
 30
0.0
 11
808.8
 21
731.0
 31
0.0
  0
MTEXT
  5
6AB5
330
6AAB
100
AcDbEntity
  8
A-COTA
 62
3
100
AcDbMText
 10
792.0
 20
733.1
 30
0.0
 40
2.2
 71
5
  1
T3 1,90
  7
ISO3098
  0
POINT
  5
6AB6
330
6AAB
100
AcDbEntity
  8
Defpoints
100
AcDbPoint
 10
773.0
 20
731.0
 30
0.0
  0
POINT
  5
6AB7
330
6AAB
100
AcDbEntity
  8
Defpoints
100
AcDbPoint
 10
773.0
 20
731.0
 30
0.0
  0
POINT
  5
6AB8
330
6AAB
100
AcDbEntity
  8
Defpoints
100
AcDbPoint
 10
811.0
 20
731.0
 30
0.0
  0
ENDBLK
  5
6AAD
330
6AAB
100
AcDbEntity
  8
0
100
AcDbBlockEnd
  0
BLOCK
  5
6ABB
330
6ABA
100
AcDbEntity
  8
0
100
AcDbBlockBegin
  2
*D6
 70
1
 10
0.0
 20
0.0
 30
0.0
  3
*D6
  1

  0
LINE
  5
6ABD
330
6ABA
100
AcDbEntity
  8
0
 62
3
370
18
100
AcDbLine
 10
826.0
 20
443.0
 30
0.0
 11
825.8
 21
443.0
 31
0.0
  0
LINE
  5
6ABE
330
6ABA
100
AcDbEntity
  8
0
 62
3
370
18
100
AcDbLine
 10
826.0
 20
531.0
 30
0.0
 11
825.8
 21
531.0
 31
0.0
  0
INSERT
  5
6ABF
330
6ABA
100
AcDbEntity
  8
A-COTA
 62
3
100
AcDbBlockReference
  2
IRAM_FLECHA
 10
827.0
 20
443.0
 30
0.0
 41
2.2
 42
2.2
 50
270.0
  0
INSERT
  5
6AC1
330
6ABA
100
AcDbEntity
  8
A-COTA
 62
3
100
AcDbBlockReference
  2
IRAM_FLECHA
 10
827.0
 20
531.0
 30
0.0
 41
2.2
 42
2.2
 50
90.0
  0
LINE
  5
6AC3
330
6ABA
100
AcDbEntity
  8
0
 62
3
370
18
100
AcDbLine
 10
827.0
 20
445.2
 30
0.0
 11
827.0
 21
528.8
 31
0.0
  0
MTEXT
  5
6AC4
330
6ABA
100
AcDbEntity
  8
A-COTA
 62
3
100
AcDbMText
 10
824.9
 20
487.0
 30
0.0
 40
2.2
 71
5
  1
EX 4,40
  7
ISO3098
 50
90.0
  0
POINT
  5
6AC5
330
6ABA
100
AcDbEntity
  8
Defpoints
100
AcDbPoint
 10
827.0
 20
443.0
 30
0.0
  0
POINT
  5
6AC6
330
6ABA
100
AcDbEntity
  8
Defpoints
100
AcDbPoint
 10
827.0
 20
443.0
 30
0.0
  0
POINT
  5
6AC7
330
6ABA
100
AcDbEntity
  8
Defpoints
100
AcDbPoint
 10
827.0
 20
531.0
 30
0.0
  0
ENDBLK
  5
6ABC
330
6ABA
100
AcDbEntity
  8
0
100
AcDbBlockEnd
  0
BLOCK
  5
6D05
330
6D04
100
AcDbEntity
  8
0
100
AcDbBlockBegin
  2
*D7
 70
1
 10
0.0
 20
0.0
 30
0.0
  3
*D7
  1

  0
LINE
  5
6D07
330
6D04
100
AcDbEntity
  8
0
 62
3
370
18
100
AcDbLine
 10
1626.5
 20
538.0
 30
0.0
 11
1621.0
 21
538.0
 31
0.0
  0
LINE
  5
6D08
330
6D04
100
AcDbEntity
  8
0
 62
3
370
18
100
AcDbLine
 10
1626.5
 20
518.725
 30
0.0
 11
1621.0
 21
518.725
 31
0.0
  0
INSERT
  5
6D09
330
6D04
100
AcDbEntity
  8
A-COTA
 62
3
100
AcDbBlockReference
  2
IRAM_FLECHA
 10
1623.0
 20
538.0
 30
0.0
 41
2.0
 42
2.0
 50
270.0
  0
INSERT
  5
6D0B
330
6D04
100
AcDbEntity
  8
A-COTA
 62
3
100
AcDbBlockReference
  2
IRAM_FLECHA
 10
1623.0
 20
518.725
 30
0.0
 41
2.0
 42
2.0
 50
90.0
  0
LINE
  5
6D0D
330
6D04
100
AcDbEntity
  8
0
 62
3
370
18
100
AcDbLine
 10
1623.0
 20
540.0
 30
0.0
 11
1623.0
 21
516.725
 31
0.0
  0
MTEXT
  5
6D0E
330
6D04
100
AcDbEntity
  8
A-COTA
 62
3
100
AcDbMText
 10
1625.0
 20
528.3625
 30
0.0
 40
2.0
 71
5
  1
385,5
  7
ISO3098
 50
90.0
  0
POINT
  5
6D0F
330
6D04
100
AcDbEntity
  8
Defpoints
100
AcDbPoint
 10
1623.0
 20
538.0
 30
0.0
  0
POINT
  5
6D10
330
6D04
100
AcDbEntity
  8
Defpoints
100
AcDbPoint
 10
1628.0
 20
538.0
 30
0.0
  0
POINT
  5
6D11
330
6D04
100
AcDbEntity
  8
Defpoints
100
AcDbPoint
 10
1628.0
 20
518.725
 30
0.0
  0
ENDBLK
  5
6D06
330
6D04
100
AcDbEntity
  8
0
100
AcDbBlockEnd
  0
BLOCK
  5
6D14
330
6D13
100
AcDbEntity
  8
0
100
AcDbBlockBegin
  2
*D8
 70
1
 10
0.0
 20
0.0
 30
0.0
  3
*D8
  1

  0
LINE
  5
6D16
330
6D13
100
AcDbEntity
  8
0
 62
3
370
18
100
AcDbLine
 10
1628.0
 20
539.5
 30
0.0
 11
1628.0
 21
544.0
 31
0.0
  0
LINE
  5
6D17
330
6D13
100
AcDbEntity
  8
0
 62
3
370
18
100
AcDbLine
 10
1641.475
 20
539.5
 30
0.0
 11
1641.475
 21
544.0
 31
0.0
  0
INSERT
  5
6D18
330
6D13
100
AcDbEntity
  8
A-COTA
 62
3
100
AcDbBlockReference
  2
IRAM_FLECHA
 10
1628.0
 20
542.0
 30
0.0
 41
2.0
 42
2.0
 50
180.0
  0
INSERT
  5
6D1A
330
6D13
100
AcDbEntity
  8
A-COTA
 62
3
100
AcDbBlockReference
  2
IRAM_FLECHA
 10
1641.475
 20
542.0
 30
0.0
 41
2.0
 42
2.0
  0
LINE
  5
6D1C
330
6D13
100
AcDbEntity
  8
0
 62
3
370
18
100
AcDbLine
 10
1630.0
 20
542.0
 30
0.0
 11
1639.475
 21
542.0
 31
0.0
  0
MTEXT
  5
6D1D
330
6D13
100
AcDbEntity
  8
A-COTA
 62
3
100
AcDbMText
 10
1634.7375
 20
544.0
 30
0.0
 40
2.0
 71
5
  1
269,5
  7
ISO3098
  0
POINT
  5
6D1E
330
6D13
100
AcDbEntity
  8
Defpoints
100
AcDbPoint
 10
1628.0
 20
542.0
 30
0.0
  0
POINT
  5
6D1F
330
6D13
100
AcDbEntity
  8
Defpoints
100
AcDbPoint
 10
1628.0
 20
538.0
 30
0.0
  0
POINT
  5
6D20
330
6D13
100
AcDbEntity
  8
Defpoints
100
AcDbPoint
 10
1641.475
 20
538.0
 30
0.0
  0
ENDBLK
  5
6D15
330
6D13
100
AcDbEntity
  8
0
100
AcDbBlockEnd
  0
BLOCK
  5
6D23
330
6D22
100
AcDbEntity
  8
0
100
AcDbBlockBegin
  2
*D9
 70
1
 10
0.0
 20
0.0
 30
0.0
  3
*D9
  1

  0
LINE
  5
6D25
330
6D22
100
AcDbEntity
  8
0
 62
3
370
18
100
AcDbLine
 10
1628.0
 20
475.5
 30
0.0
 11
1628.0
 21
470.0
 31
0.0
  0
LINE
  5
6D26
330
6D22
100
AcDbEntity
  8
0
 62
3
370
18
100
AcDbLine
 10
1750.0
 20
475.5
 30
0.0
 11
1750.0
 21
470.0
 31
0.0
  0
INSERT
  5
6D27
330
6D22
100
AcDbEntity
  8
A-COTA
 62
3
100
AcDbBlockReference
  2
IRAM_FLECHA
 10
1628.0
 20
472.0
 30
0.0
 41
2.0
 42
2.0
 50
180.0
  0
INSERT
  5
6D29
330
6D22
100
AcDbEntity
  8
A-COTA
 62
3
100
AcDbBlockReference
  2
IRAM_FLECHA
 10
1750.0
 20
472.0
 30
0.0
 41
2.0
 42
2.0
  0
LINE
  5
6D2B
330
6D22
100
AcDbEntity
  8
0
 62
3
370
18
100
AcDbLine
 10
1630.0
 20
472.0
 30
0.0
 11
1748.0
 21
472.0
 31
0.0
  0
MTEXT
  5
6D2C
330
6D22
100
AcDbEntity
  8
A-COTA
 62
3
100
AcDbMText
 10
1689.0
 20
474.0
 30
0.0
 40
2.0
 71
5
  1
2440
  7
ISO3098
  0
POINT
  5
6D2D
330
6D22
100
AcDbEntity
  8
Defpoints
100
AcDbPoint
 10
1628.0
 20
472.0
 30
0.0
  0
POINT
  5
6D2E
330
6D22
100
AcDbEntity
  8
Defpoints
100
AcDbPoint
 10
1628.0
 20
477.0
 30
0.0
  0
POINT
  5
6D2F
330
6D22
100
AcDbEntity
  8
Defpoints
100
AcDbPoint
 10
1750.0
 20
477.0
 30
0.0
  0
ENDBLK
  5
6D24
330
6D22
100
AcDbEntity
  8
0
100
AcDbBlockEnd
  0
BLOCK
  5
6D50
330
6D4F
100
AcDbEntity
  8
0
100
AcDbBlockBegin
  2
*D10
 70
1
 10
0.0
 20
0.0
 30
0.0
  3
*D10
  1

  0
LINE
  5
6D52
330
6D4F
100
AcDbEntity
  8
0
 62
3
370
18
100
AcDbLine
 10
1820.5
 20
538.0
 30
0.0
 11
1815.0
 21
538.0
 31
0.0
  0
LINE
  5
6D53
330
6D4F
100
AcDbEntity
  8
0
 62
3
370
18
100
AcDbLine
 10
1820.5
 20
521.5
 30
0.0
 11
1815.0
 21
521.5
 31
0.0
  0
INSERT
  5
6D54
330
6D4F
100
AcDbEntity
  8
A-COTA
 62
3
100
AcDbBlockReference
  2
IRAM_FLECHA
 10
1817.0
 20
538.0
 30
0.0
 41
2.0
 42
2.0
 50
270.0
  0
INSERT
  5
6D56
330
6D4F
100
AcDbEntity
  8
A-COTA
 62
3
100
AcDbBlockReference
  2
IRAM_FLECHA
 10
1817.0
 20
521.5
 30
0.0
 41
2.0
 42
2.0
 50
90.0
  0
LINE
  5
6D58
330
6D4F
100
AcDbEntity
  8
0
 62
3
370
18
100
AcDbLine
 10
1817.0
 20
540.0
 30
0.0
 11
1817.0
 21
519.5
 31
0.0
  0
MTEXT
  5
6D59
330
6D4F
100
AcDbEntity
  8
A-COTA
 62
3
100
AcDbMText
 10
1819.0
 20
529.75
 30
0.0
 40
2.0
 71
5
  1
330
  7
ISO3098
 50
90.0
  0
POINT
  5
6D5A
330
6D4F
100
AcDbEntity
  8
Defpoints
100
AcDbPoint
 10
1817.0
 20
538.0
 30
0.0
  0
POINT
  5
6D5B
330
6D4F
100
AcDbEntity
  8
Defpoints
100
AcDbPoint
 10
1822.0
 20
538.0
 30
0.0
  0
POINT
  5
6D5C
330
6D4F
100
AcDbEntity
  8
Defpoints
100
AcDbPoint
 10
1822.0
 20
521.5
 30
0.0
  0
ENDBLK
  5
6D51
330
6D4F
100
AcDbEntity
  8
0
100
AcDbBlockEnd
  0
BLOCK
  5
6D5F
330
6D5E
100
AcDbEntity
  8
0
100
AcDbBlockBegin
  2
*D11
 70
1
 10
0.0
 20
0.0
 30
0.0
  3
*D11
  1

  0
LINE
  5
6D61
330
6D5E
100
AcDbEntity
  8
0
 62
3
370
18
100
AcDbLine
 10
1822.0
 20
539.5
 30
0.0
 11
1822.0
 21
544.0
 31
0.0
  0
LINE
  5
6D62
330
6D5E
100
AcDbEntity
  8
0
 62
3
370
18
100
AcDbLine
 10
1845.725
 20
539.5
 30
0.0
 11
1845.725
 21
544.0
 31
0.0
  0
INSERT
  5
6D63
330
6D5E
100
AcDbEntity
  8
A-COTA
 62
3
100
AcDbBlockReference
  2
IRAM_FLECHA
 10
1822.0
 20
542.0
 30
0.0
 41
2.0
 42
2.0
 50
180.0
  0
INSERT
  5
6D65
330
6D5E
100
AcDbEntity
  8
A-COTA
 62
3
100
AcDbBlockReference
  2
IRAM_FLECHA
 10
1845.725
 20
542.0
 30
0.0
 41
2.0
 42
2.0
  0
LINE
  5
6D67
330
6D5E
100
AcDbEntity
  8
0
 62
3
370
18
100
AcDbLine
 10
1824.0
 20
542.0
 30
0.0
 11
1843.725
 21
542.0
 31
0.0
  0
MTEXT
  5
6D68
330
6D5E
100
AcDbEntity
  8
A-COTA
 62
3
100
AcDbMText
 10
1833.8625
 20
544.0
 30
0.0
 40
2.0
 71
5
  1
474,5
  7
ISO3098
  0
POINT
  5
6D69
330
6D5E
100
AcDbEntity
  8
Defpoints
100
AcDbPoint
 10
1822.0
 20
542.0
 30
0.0
  0
POINT
  5
6D6A
330
6D5E
100
AcDbEntity
  8
Defpoints
100
AcDbPoint
 10
1822.0
 20
538.0
 30
0.0
  0
POINT
  5
6D6B
330
6D5E
100
AcDbEntity
  8
Defpoints
100
AcDbPoint
 10
1845.725
 20
538.0
 30
0.0
  0
ENDBLK
  5
6D60
330
6D5E
100
AcDbEntity
  8
0
100
AcDbBlockEnd
  0
BLOCK
  5
6D6E
330
6D6D
100
AcDbEntity
  8
0
100
AcDbBlockBegin
  2
*D12
 70
1
 10
0.0
 20
0.0
 30
0.0
  3
*D12
  1

  0
LINE
  5
6D70
330
6D6D
100
AcDbEntity
  8
0
 62
3
370
18
100
AcDbLine
 10
1822.0
 20
486.5
 30
0.0
 11
1822.0
 21
481.0
 31
0.0
  0
LINE
  5
6D71
330
6D6D
100
AcDbEntity
  8
0
 62
3
370
18
100
AcDbLine
 10
1922.0
 20
486.5
 30
0.0
 11
1922.0
 21
481.0
 31
0.0
  0
INSERT
  5
6D72
330
6D6D
100
AcDbEntity
  8
A-COTA
 62
3
100
AcDbBlockReference
  2
IRAM_FLECHA
 10
1822.0
 20
483.0
 30
0.0
 41
2.0
 42
2.0
 50
180.0
  0
INSERT
  5
6D74
330
6D6D
100
AcDbEntity
  8
A-COTA
 62
3
100
AcDbBlockReference
  2
IRAM_FLECHA
 10
1922.0
 20
483.0
 30
0.0
 41
2.0
 42
2.0
  0
LINE
  5
6D76
330
6D6D
100
AcDbEntity
  8
0
 62
3
370
18
100
AcDbLine
 10
1824.0
 20
483.0
 30
0.0
 11
1920.0
 21
483.0
 31
0.0
  0
MTEXT
  5
6D77
330
6D6D
100
AcDbEntity
  8
A-COTA
 62
3
100
AcDbMText
 10
1872.0
 20
485.0
 30
0.0
 40
2.0
 71
5
  1
2000
  7
ISO3098
  0
POINT
  5
6D78
330
6D6D
100
AcDbEntity
  8
Defpoints
100
AcDbPoint
 10
1822.0
 20
483.0
 30
0.0
  0
POINT
  5
6D79
330
6D6D
100
AcDbEntity
  8
Defpoints
100
AcDbPoint
 10
1822.0
 20
488.0
 30
0.0
  0
POINT
  5
6D7A
330
6D6D
100
AcDbEntity
  8
Defpoints
100
AcDbPoint
 10
1922.0
 20
488.0
 30
0.0
  0
ENDBLK
  5
6D6F
330
6D6D
100
AcDbEntity
  8
0
100
AcDbBlockEnd
  0
BLOCK
  5
6DA1
330
6DA0
100
AcDbEntity
  8
0
100
AcDbBlockBegin
  2
*D13
 70
1
 10
0.0
 20
0.0
 30
0.0
  3
*D13
  1

  0
LINE
  5
6DA3
330
6DA0
100
AcDbEntity
  8
0
 62
3
370
18
100
AcDbLine
 10
2014.5
 20
538.0
 30
0.0
 11
2009.0
 21
538.0
 31
0.0
  0
LINE
  5
6DA4
330
6DA0
100
AcDbEntity
  8
0
 62
3
370
18
100
AcDbLine
 10
2014.5
 20
513.25
 30
0.0
 11
2009.0
 21
513.25
 31
0.0
  0
INSERT
  5
6DA5
330
6DA0
100
AcDbEntity
  8
A-COTA
 62
3
100
AcDbBlockReference
  2
IRAM_FLECHA
 10
2011.0
 20
538.0
 30
0.0
 41
2.0
 42
2.0
 50
270.0
  0
INSERT
  5
6DA7
330
6DA0
100
AcDbEntity
  8
A-COTA
 62
3
100
AcDbBlockReference
  2
IRAM_FLECHA
 10
2011.0
 20
513.25
 30
0.0
 41
2.0
 42
2.0
 50
90.0
  0
LINE
  5
6DA9
330
6DA0
100
AcDbEntity
  8
0
 62
3
370
18
100
AcDbLine
 10
2011.0
 20
540.0
 30
0.0
 11
2011.0
 21
511.25
 31
0.0
  0
MTEXT
  5
6DAA
330
6DA0
100
AcDbEntity
  8
A-COTA
 62
3
100
AcDbMText
 10
2013.0
 20
525.625
 30
0.0
 40
2.0
 71
5
  1
495
  7
ISO3098
 50
90.0
  0
POINT
  5
6DAB
330
6DA0
100
AcDbEntity
  8
Defpoints
100
AcDbPoint
 10
2011.0
 20
538.0
 30
0.0
  0
POINT
  5
6DAC
330
6DA0
100
AcDbEntity
  8
Defpoints
100
AcDbPoint
 10
2016.0
 20
538.0
 30
0.0
  0
POINT
  5
6DAD
330
6DA0
100
AcDbEntity
  8
Defpoints
100
AcDbPoint
 10
2016.0
 20
513.25
 30
0.0
  0
ENDBLK
  5
6DA2
330
6DA0
100
AcDbEntity
  8
0
100
AcDbBlockEnd
  0
BLOCK
  5
6DB0
330
6DAF
100
AcDbEntity
  8
0
100
AcDbBlockBegin
  2
*D14
 70
1
 10
0.0
 20
0.0
 30
0.0
  3
*D14
  1

  0
LINE
  5
6DB2
330
6DAF
100
AcDbEntity
  8
0
 62
3
370
18
100
AcDbLine
 10
2016.0
 20
539.5
 30
0.0
 11
2016.0
 21
544.0
 31
0.0
  0
LINE
  5
6DB3
330
6DAF
100
AcDbEntity
  8
0
 62
3
370
18
100
AcDbLine
 10
2044.15
 20
539.5
 30
0.0
 11
2044.15
 21
544.0
 31
0.0
  0
INSERT
  5
6DB4
330
6DAF
100
AcDbEntity
  8
A-COTA
 62
3
100
AcDbBlockReference
  2
IRAM_FLECHA
 10
2016.0
 20
542.0
 30
0.0
 41
2.0
 42
2.0
 50
180.0
  0
INSERT
  5
6DB6
330
6DAF
100
AcDbEntity
  8
A-COTA
 62
3
100
AcDbBlockReference
  2
IRAM_FLECHA
 10
2044.15
 20
542.0
 30
0.0
 41
2.0
 42
2.0
  0
LINE
  5
6DB8
330
6DAF
100
AcDbEntity
  8
0
 62
3
370
18
100
AcDbLine
 10
2018.0
 20
542.0
 30
0.0
 11
2042.15
 21
542.0
 31
0.0
  0
MTEXT
  5
6DB9
330
6DAF
100
AcDbEntity
  8
A-COTA
 62
3
100
AcDbMText
 10
2030.075
 20
544.0
 30
0.0
 40
2.0
 71
5
  1
563
  7
ISO3098
  0
POINT
  5
6DBA
330
6DAF
100
AcDbEntity
  8
Defpoints
100
AcDbPoint
 10
2016.0
 20
542.0
 30
0.0
  0
POINT
  5
6DBB
330
6DAF
100
AcDbEntity
  8
Defpoints
100
AcDbPoint
 10
2016.0
 20
538.0
 30
0.0
  0
POINT
  5
6DBC
330
6DAF
100
AcDbEntity
  8
Defpoints
100
AcDbPoint
 10
2044.15
 20
538.0
 30
0.0
  0
ENDBLK
  5
6DB1
330
6DAF
100
AcDbEntity
  8
0
100
AcDbBlockEnd
  0
BLOCK
  5
6DBF
330
6DBE
100
AcDbEntity
  8
0
100
AcDbBlockBegin
  2
*D15
 70
1
 10
0.0
 20
0.0
 30
0.0
  3
*D15
  1

  0
LINE
  5
6DC1
330
6DBE
100
AcDbEntity
  8
0
 62
3
370
18
100
AcDbLine
 10
2016.0
 20
461.5
 30
0.0
 11
2016.0
 21
456.0
 31
0.0
  0
LINE
  5
6DC2
330
6DBE
100
AcDbEntity
  8
0
 62
3
370
18
100
AcDbLine
 10
2166.0
 20
461.5
 30
0.0
 11
2166.0
 21
456.0
 31
0.0
  0
INSERT
  5
6DC3
330
6DBE
100
AcDbEntity
  8
A-COTA
 62
3
100
AcDbBlockReference
  2
IRAM_FLECHA
 10
2016.0
 20
458.0
 30
0.0
 41
2.0
 42
2.0
 50
180.0
  0
INSERT
  5
6DC5
330
6DBE
100
AcDbEntity
  8
A-COTA
 62
3
100
AcDbBlockReference
  2
IRAM_FLECHA
 10
2166.0
 20
458.0
 30
0.0
 41
2.0
 42
2.0
  0
LINE
  5
6DC7
330
6DBE
100
AcDbEntity
  8
0
 62
3
370
18
100
AcDbLine
 10
2018.0
 20
458.0
 30
0.0
 11
2164.0
 21
458.0
 31
0.0
  0
MTEXT
  5
6DC8
330
6DBE
100
AcDbEntity
  8
A-COTA
 62
3
100
AcDbMText
 10
2091.0
 20
460.0
 30
0.0
 40
2.0
 71
5
  1
3000
  7
ISO3098
  0
POINT
  5
6DC9
330
6DBE
100
AcDbEntity
  8
Defpoints
100
AcDbPoint
 10
2016.0
 20
458.0
 30
0.0
  0
POINT
  5
6DCA
330
6DBE
100
AcDbEntity
  8
Defpoints
100
AcDbPoint
 10
2016.0
 20
463.0
 30
0.0
  0
POINT
  5
6DCB
330
6DBE
100
AcDbEntity
  8
Defpoints
100
AcDbPoint
 10
2166.0
 20
463.0
 30
0.0
  0
ENDBLK
  5
6DC0
330
6DBE
100
AcDbEntity
  8
0
100
AcDbBlockEnd
  0
BLOCK
  5
6DE6
330
6DE5
100
AcDbEntity
  8
0
100
AcDbBlockBegin
  2
*D16
 70
1
 10
0.0
 20
0.0
 30
0.0
  3
*D16
  1

  0
LINE
  5
6DE8
330
6DE5
100
AcDbEntity
  8
0
 62
3
370
18
100
AcDbLine
 10
2208.5
 20
538.0
 30
0.0
 11
2203.0
 21
538.0
 31
0.0
  0
LINE
  5
6DE9
330
6DE5
100
AcDbEntity
  8
0
 62
3
370
18
100
AcDbLine
 10
2208.5
 20
513.5
 30
0.0
 11
2203.0
 21
513.5
 31
0.0
  0
INSERT
  5
6DEA
330
6DE5
100
AcDbEntity
  8
A-COTA
 62
3
100
AcDbBlockReference
  2
IRAM_FLECHA
 10
2205.0
 20
538.0
 30
0.0
 41
2.0
 42
2.0
 50
270.0
  0
INSERT
  5
6DEC
330
6DE5
100
AcDbEntity
  8
A-COTA
 62
3
100
AcDbBlockReference
  2
IRAM_FLECHA
 10
2205.0
 20
513.5
 30
0.0
 41
2.0
 42
2.0
 50
90.0
  0
LINE
  5
6DEE
330
6DE5
100
AcDbEntity
  8
0
 62
3
370
18
100
AcDbLine
 10
2205.0
 20
540.0
 30
0.0
 11
2205.0
 21
511.5
 31
0.0
  0
MTEXT
  5
6DEF
330
6DE5
100
AcDbEntity
  8
A-COTA
 62
3
100
AcDbMText
 10
2207.0
 20
525.75
 30
0.0
 40
2.0
 71
5
  1
490
  7
ISO3098
 50
90.0
  0
POINT
  5
6DF0
330
6DE5
100
AcDbEntity
  8
Defpoints
100
AcDbPoint
 10
2205.0
 20
538.0
 30
0.0
  0
POINT
  5
6DF1
330
6DE5
100
AcDbEntity
  8
Defpoints
100
AcDbPoint
 10
2210.0
 20
538.0
 30
0.0
  0
POINT
  5
6DF2
330
6DE5
100
AcDbEntity
  8
Defpoints
100
AcDbPoint
 10
2210.0
 20
513.5
 30
0.0
  0
ENDBLK
  5
6DE7
330
6DE5
100
AcDbEntity
  8
0
100
AcDbBlockEnd
  0
BLOCK
  5
6DF5
330
6DF4
100
AcDbEntity
  8
0
100
AcDbBlockBegin
  2
*D17
 70
1
 10
0.0
 20
0.0
 30
0.0
  3
*D17
  1

  0
LINE
  5
6DF7
330
6DF4
100
AcDbEntity
  8
0
 62
3
370
18
100
AcDbLine
 10
2210.0
 20
539.5
 30
0.0
 11
2210.0
 21
544.0
 31
0.0
  0
LINE
  5
6DF8
330
6DF4
100
AcDbEntity
  8
0
 62
3
370
18
100
AcDbLine
 10
2252.9
 20
539.5
 30
0.0
 11
2252.9
 21
544.0
 31
0.0
  0
INSERT
  5
6DF9
330
6DF4
100
AcDbEntity
  8
A-COTA
 62
3
100
AcDbBlockReference
  2
IRAM_FLECHA
 10
2210.0
 20
542.0
 30
0.0
 41
2.0
 42
2.0
 50
180.0
  0
INSERT
  5
6DFB
330
6DF4
100
AcDbEntity
  8
A-COTA
 62
3
100
AcDbBlockReference
  2
IRAM_FLECHA
 10
2252.9
 20
542.0
 30
0.0
 41
2.0
 42
2.0
  0
LINE
  5
6DFD
330
6DF4
100
AcDbEntity
  8
0
 62
3
370
18
100
AcDbLine
 10
2212.0
 20
542.0
 30
0.0
 11
2250.9
 21
542.0
 31
0.0
  0
MTEXT
  5
6DFE
330
6DF4
100
AcDbEntity
  8
A-COTA
 62
3
100
AcDbMText
 10
2231.45
 20
544.0
 30
0.0
 40
2.0
 71
5
  1
858
  7
ISO3098
  0
POINT
  5
6DFF
330
6DF4
100
AcDbEntity
  8
Defpoints
100
AcDbPoint
 10
2210.0
 20
542.0
 30
0.0
  0
POINT
  5
6E00
330
6DF4
100
AcDbEntity
  8
Defpoints
100
AcDbPoint
 10
2210.0
 20
538.0
 30
0.0
  0
POINT
  5
6E01
330
6DF4
100
AcDbEntity
  8
Defpoints
100
AcDbPoint
 10
2252.9
 20
538.0
 30
0.0
  0
ENDBLK
  5
6DF6
330
6DF4
100
AcDbEntity
  8
0
100
AcDbBlockEnd
  0
BLOCK
  5
6E04
330
6E03
100
AcDbEntity
  8
0
100
AcDbBlockBegin
  2
*D18
 70
1
 10
0.0
 20
0.0
 30
0.0
  3
*D18
  1

  0
LINE
  5
6E06
330
6E03
100
AcDbEntity
  8
0
 62
3
370
18
100
AcDbLine
 10
2210.0
 20
461.5
 30
0.0
 11
2210.0
 21
456.0
 31
0.0
  0
LINE
  5
6E07
330
6E03
100
AcDbEntity
  8
0
 62
3
370
18
100
AcDbLine
 10
2360.0
 20
461.5
 30
0.0
 11
2360.0
 21
456.0
 31
0.0
  0
INSERT
  5
6E08
330
6E03
100
AcDbEntity
  8
A-COTA
 62
3
100
AcDbBlockReference
  2
IRAM_FLECHA
 10
2210.0
 20
458.0
 30
0.0
 41
2.0
 42
2.0
 50
180.0
  0
INSERT
  5
6E0A
330
6E03
100
AcDbEntity
  8
A-COTA
 62
3
100
AcDbBlockReference
  2
IRAM_FLECHA
 10
2360.0
 20
458.0
 30
0.0
 41
2.0
 42
2.0
  0
LINE
  5
6E0C
330
6E03
100
AcDbEntity
  8
0
 62
3
370
18
100
AcDbLine
 10
2212.0
 20
458.0
 30
0.0
 11
2358.0
 21
458.0
 31
0.0
  0
MTEXT
  5
6E0D
330
6E03
100
AcDbEntity
  8
A-COTA
 62
3
100
AcDbMText
 10
2285.0
 20
460.0
 30
0.0
 40
2.0
 71
5
  1
3000
  7
ISO3098
  0
POINT
  5
6E0E
330
6E03
100
AcDbEntity
  8
Defpoints
100
AcDbPoint
 10
2210.0
 20
458.0
 30
0.0
  0
POINT
  5
6E0F
330
6E03
100
AcDbEntity
  8
Defpoints
100
AcDbPoint
 10
2210.0
 20
463.0
 30
0.0
  0
POINT
  5
6E10
330
6E03
100
AcDbEntity
  8
Defpoints
100
AcDbPoint
 10
2360.0
 20
463.0
 30
0.0
  0
ENDBLK
  5
6E05
330
6E03
100
AcDbEntity
  8
0
100
AcDbBlockEnd
  0
BLOCK
  5
6E25
330
6E24
100
AcDbEntity
  8
0
100
AcDbBlockBegin
  2
*D19
 70
1
 10
0.0
 20
0.0
 30
0.0
  3
*D19
  1

  0
LINE
  5
6E27
330
6E24
100
AcDbEntity
  8
0
 62
3
370
18
100
AcDbLine
 10
1626.5
 20
420.0
 30
0.0
 11
1621.0
 21
420.0
 31
0.0
  0
LINE
  5
6E28
330
6E24
100
AcDbEntity
  8
0
 62
3
370
18
100
AcDbLine
 10
1626.5
 20
388.0
 30
0.0
 11
1621.0
 21
388.0
 31
0.0
  0
INSERT
  5
6E29
330
6E24
100
AcDbEntity
  8
A-COTA
 62
3
100
AcDbBlockReference
  2
IRAM_FLECHA
 10
1623.0
 20
420.0
 30
0.0
 41
2.0
 42
2.0
 50
270.0
  0
INSERT
  5
6E2B
330
6E24
100
AcDbEntity
  8
A-COTA
 62
3
100
AcDbBlockReference
  2
IRAM_FLECHA
 10
1623.0
 20
388.0
 30
0.0
 41
2.0
 42
2.0
 50
90.0
  0
LINE
  5
6E2D
330
6E24
100
AcDbEntity
  8
0
 62
3
370
18
100
AcDbLine
 10
1623.0
 20
422.0
 30
0.0
 11
1623.0
 21
386.0
 31
0.0
  0
MTEXT
  5
6E2E
330
6E24
100
AcDbEntity
  8
A-COTA
 62
3
100
AcDbMText
 10
1625.0
 20
404.0
 30
0.0
 40
2.0
 71
5
  1
640
  7
ISO3098
 50
90.0
  0
POINT
  5
6E2F
330
6E24
100
AcDbEntity
  8
Defpoints
100
AcDbPoint
 10
1623.0
 20
420.0
 30
0.0
  0
POINT
  5
6E30
330
6E24
100
AcDbEntity
  8
Defpoints
100
AcDbPoint
 10
1628.0
 20
420.0
 30
0.0
  0
POINT
  5
6E31
330
6E24
100
AcDbEntity
  8
Defpoints
100
AcDbPoint
 10
1628.0
 20
388.0
 30
0.0
  0
ENDBLK
  5
6E26
330
6E24
100
AcDbEntity
  8
0
100
AcDbBlockEnd
  0
BLOCK
  5
6E34
330
6E33
100
AcDbEntity
  8
0
100
AcDbBlockBegin
  2
*D20
 70
1
 10
0.0
 20
0.0
 30
0.0
  3
*D20
  1

  0
LINE
  5
6E36
330
6E33
100
AcDbEntity
  8
0
 62
3
370
18
100
AcDbLine
 10
1628.0
 20
421.5
 30
0.0
 11
1628.0
 21
426.0
 31
0.0
  0
LINE
  5
6E37
330
6E33
100
AcDbEntity
  8
0
 62
3
370
18
100
AcDbLine
 10
1677.7
 20
421.5
 30
0.0
 11
1677.7
 21
426.0
 31
0.0
  0
INSERT
  5
6E38
330
6E33
100
AcDbEntity
  8
A-COTA
 62
3
100
AcDbBlockReference
  2
IRAM_FLECHA
 10
1628.0
 20
424.0
 30
0.0
 41
2.0
 42
2.0
 50
180.0
  0
INSERT
  5
6E3A
330
6E33
100
AcDbEntity
  8
A-COTA
 62
3
100
AcDbBlockReference
  2
IRAM_FLECHA
 10
1677.7
 20
424.0
 30
0.0
 41
2.0
 42
2.0
  0
LINE
  5
6E3C
330
6E33
100
AcDbEntity
  8
0
 62
3
370
18
100
AcDbLine
 10
1630.0
 20
424.0
 30
0.0
 11
1675.7
 21
424.0
 31
0.0
  0
MTEXT
  5
6E3D
330
6E33
100
AcDbEntity
  8
A-COTA
 62
3
100
AcDbMText
 10
1652.85
 20
426.0
 30
0.0
 40
2.0
 71
5
  1
994
  7
ISO3098
  0
POINT
  5
6E3E
330
6E33
100
AcDbEntity
  8
Defpoints
100
AcDbPoint
 10
1628.0
 20
424.0
 30
0.0
  0
POINT
  5
6E3F
330
6E33
100
AcDbEntity
  8
Defpoints
100
AcDbPoint
 10
1628.0
 20
420.0
 30
0.0
  0
POINT
  5
6E40
330
6E33
100
AcDbEntity
  8
Defpoints
100
AcDbPoint
 10
1677.7
 20
420.0
 30
0.0
  0
ENDBLK
  5
6E35
330
6E33
100
AcDbEntity
  8
0
100
AcDbBlockEnd
  0
BLOCK
  5
6E43
330
6E42
100
AcDbEntity
  8
0
100
AcDbBlockBegin
  2
*D21
 70
1
 10
0.0
 20
0.0
 30
0.0
  3
*D21
  1

  0
LINE
  5
6E45
330
6E42
100
AcDbEntity
  8
0
 62
3
370
18
100
AcDbLine
 10
1628.0
 20
343.5
 30
0.0
 11
1628.0
 21
338.0
 31
0.0
  0
LINE
  5
6E46
330
6E42
100
AcDbEntity
  8
0
 62
3
370
18
100
AcDbLine
 10
1778.0
 20
343.5
 30
0.0
 11
1778.0
 21
338.0
 31
0.0
  0
INSERT
  5
6E47
330
6E42
100
AcDbEntity
  8
A-COTA
 62
3
100
AcDbBlockReference
  2
IRAM_FLECHA
 10
1628.0
 20
340.0
 30
0.0
 41
2.0
 42
2.0
 50
180.0
  0
INSERT
  5
6E49
330
6E42
100
AcDbEntity
  8
A-COTA
 62
3
100
AcDbBlockReference
  2
IRAM_FLECHA
 10
1778.0
 20
340.0
 30
0.0
 41
2.0
 42
2.0
  0
LINE
  5
6E4B
330
6E42
100
AcDbEntity
  8
0
 62
3
370
18
100
AcDbLine
 10
1630.0
 20
340.0
 30
0.0
 11
1776.0
 21
340.0
 31
0.0
  0
MTEXT
  5
6E4C
330
6E42
100
AcDbEntity
  8
A-COTA
 62
3
100
AcDbMText
 10
1703.0
 20
342.0
 30
0.0
 40
2.0
 71
5
  1
3000
  7
ISO3098
  0
POINT
  5
6E4D
330
6E42
100
AcDbEntity
  8
Defpoints
100
AcDbPoint
 10
1628.0
 20
340.0
 30
0.0
  0
POINT
  5
6E4E
330
6E42
100
AcDbEntity
  8
Defpoints
100
AcDbPoint
 10
1628.0
 20
345.0
 30
0.0
  0
POINT
  5
6E4F
330
6E42
100
AcDbEntity
  8
Defpoints
100
AcDbPoint
 10
1778.0
 20
345.0
 30
0.0
  0
ENDBLK
  5
6E44
330
6E42
100
AcDbEntity
  8
0
100
AcDbBlockEnd
  0
BLOCK
  5
6E60
330
6E5F
100
AcDbEntity
  8
0
100
AcDbBlockBegin
  2
*D22
 70
1
 10
0.0
 20
0.0
 30
0.0
  3
*D22
  1

  0
LINE
  5
6E62
330
6E5F
100
AcDbEntity
  8
0
 62
3
370
18
100
AcDbLine
 10
1820.5
 20
420.0
 30
0.0
 11
1815.0
 21
420.0
 31
0.0
  0
LINE
  5
6E63
330
6E5F
100
AcDbEntity
  8
0
 62
3
370
18
100
AcDbLine
 10
1820.5
 20
386.0
 30
0.0
 11
1815.0
 21
386.0
 31
0.0
  0
INSERT
  5
6E64
330
6E5F
100
AcDbEntity
  8
A-COTA
 62
3
100
AcDbBlockReference
  2
IRAM_FLECHA
 10
1817.0
 20
420.0
 30
0.0
 41
2.0
 42
2.0
 50
270.0
  0
INSERT
  5
6E66
330
6E5F
100
AcDbEntity
  8
A-COTA
 62
3
100
AcDbBlockReference
  2
IRAM_FLECHA
 10
1817.0
 20
386.0
 30
0.0
 41
2.0
 42
2.0
 50
90.0
  0
LINE
  5
6E68
330
6E5F
100
AcDbEntity
  8
0
 62
3
370
18
100
AcDbLine
 10
1817.0
 20
422.0
 30
0.0
 11
1817.0
 21
384.0
 31
0.0
  0
MTEXT
  5
6E69
330
6E5F
100
AcDbEntity
  8
A-COTA
 62
3
100
AcDbMText
 10
1819.0
 20
403.0
 30
0.0
 40
2.0
 71
5
  1
680
  7
ISO3098
 50
90.0
  0
POINT
  5
6E6A
330
6E5F
100
AcDbEntity
  8
Defpoints
100
AcDbPoint
 10
1817.0
 20
420.0
 30
0.0
  0
POINT
  5
6E6B
330
6E5F
100
AcDbEntity
  8
Defpoints
100
AcDbPoint
 10
1822.0
 20
420.0
 30
0.0
  0
POINT
  5
6E6C
330
6E5F
100
AcDbEntity
  8
Defpoints
100
AcDbPoint
 10
1822.0
 20
386.0
 30
0.0
  0
ENDBLK
  5
6E61
330
6E5F
100
AcDbEntity
  8
0
100
AcDbBlockEnd
  0
BLOCK
  5
6E6F
330
6E6E
100
AcDbEntity
  8
0
100
AcDbBlockBegin
  2
*D23
 70
1
 10
0.0
 20
0.0
 30
0.0
  3
*D23
  1

  0
LINE
  5
6E71
330
6E6E
100
AcDbEntity
  8
0
 62
3
370
18
100
AcDbLine
 10
1822.0
 20
421.5
 30
0.0
 11
1822.0
 21
426.0
 31
0.0
  0
LINE
  5
6E72
330
6E6E
100
AcDbEntity
  8
0
 62
3
370
18
100
AcDbLine
 10
1882.6
 20
421.5
 30
0.0
 11
1882.6
 21
426.0
 31
0.0
  0
INSERT
  5
6E73
330
6E6E
100
AcDbEntity
  8
A-COTA
 62
3
100
AcDbBlockReference
  2
IRAM_FLECHA
 10
1822.0
 20
424.0
 30
0.0
 41
2.0
 42
2.0
 50
180.0
  0
INSERT
  5
6E75
330
6E6E
100
AcDbEntity
  8
A-COTA
 62
3
100
AcDbBlockReference
  2
IRAM_FLECHA
 10
1882.6
 20
424.0
 30
0.0
 41
2.0
 42
2.0
  0
LINE
  5
6E77
330
6E6E
100
AcDbEntity
  8
0
 62
3
370
18
100
AcDbLine
 10
1824.0
 20
424.0
 30
0.0
 11
1880.6
 21
424.0
 31
0.0
  0
MTEXT
  5
6E78
330
6E6E
100
AcDbEntity
  8
A-COTA
 62
3
100
AcDbMText
 10
1852.3
 20
426.0
 30
0.0
 40
2.0
 71
5
  1
1212
  7
ISO3098
  0
POINT
  5
6E79
330
6E6E
100
AcDbEntity
  8
Defpoints
100
AcDbPoint
 10
1822.0
 20
424.0
 30
0.0
  0
POINT
  5
6E7A
330
6E6E
100
AcDbEntity
  8
Defpoints
100
AcDbPoint
 10
1822.0
 20
420.0
 30
0.0
  0
POINT
  5
6E7B
330
6E6E
100
AcDbEntity
  8
Defpoints
100
AcDbPoint
 10
1882.6
 20
420.0
 30
0.0
  0
ENDBLK
  5
6E70
330
6E6E
100
AcDbEntity
  8
0
100
AcDbBlockEnd
  0
BLOCK
  5
6E7E
330
6E7D
100
AcDbEntity
  8
0
100
AcDbBlockBegin
  2
*D24
 70
1
 10
0.0
 20
0.0
 30
0.0
  3
*D24
  1

  0
LINE
  5
6E80
330
6E7D
100
AcDbEntity
  8
0
 62
3
370
18
100
AcDbLine
 10
1822.0
 20
343.5
 30
0.0
 11
1822.0
 21
338.0
 31
0.0
  0
LINE
  5
6E81
330
6E7D
100
AcDbEntity
  8
0
 62
3
370
18
100
AcDbLine
 10
1972.0
 20
343.5
 30
0.0
 11
1972.0
 21
338.0
 31
0.0
  0
INSERT
  5
6E82
330
6E7D
100
AcDbEntity
  8
A-COTA
 62
3
100
AcDbBlockReference
  2
IRAM_FLECHA
 10
1822.0
 20
340.0
 30
0.0
 41
2.0
 42
2.0
 50
180.0
  0
INSERT
  5
6E84
330
6E7D
100
AcDbEntity
  8
A-COTA
 62
3
100
AcDbBlockReference
  2
IRAM_FLECHA
 10
1972.0
 20
340.0
 30
0.0
 41
2.0
 42
2.0
  0
LINE
  5
6E86
330
6E7D
100
AcDbEntity
  8
0
 62
3
370
18
100
AcDbLine
 10
1824.0
 20
340.0
 30
0.0
 11
1970.0
 21
340.0
 31
0.0
  0
MTEXT
  5
6E87
330
6E7D
100
AcDbEntity
  8
A-COTA
 62
3
100
AcDbMText
 10
1897.0
 20
342.0
 30
0.0
 40
2.0
 71
5
  1
3000
  7
ISO3098
  0
POINT
  5
6E88
330
6E7D
100
AcDbEntity
  8
Defpoints
100
AcDbPoint
 10
1822.0
 20
340.0
 30
0.0
  0
POINT
  5
6E89
330
6E7D
100
AcDbEntity
  8
Defpoints
100
AcDbPoint
 10
1822.0
 20
345.0
 30
0.0
  0
POINT
  5
6E8A
330
6E7D
100
AcDbEntity
  8
Defpoints
100
AcDbPoint
 10
1972.0
 20
345.0
 30
0.0
  0
ENDBLK
  5
6E7F
330
6E7D
100
AcDbEntity
  8
0
100
AcDbBlockEnd
  0
BLOCK
  5
6E99
330
6E98
100
AcDbEntity
  8
0
100
AcDbBlockBegin
  2
*D25
 70
1
 10
0.0
 20
0.0
 30
0.0
  3
*D25
  1

  0
LINE
  5
6E9B
330
6E98
100
AcDbEntity
  8
0
 62
3
370
18
100
AcDbLine
 10
2014.5
 20
420.0
 30
0.0
 11
2009.0
 21
420.0
 31
0.0
  0
LINE
  5
6E9C
330
6E98
100
AcDbEntity
  8
0
 62
3
370
18
100
AcDbLine
 10
2014.5
 20
359.4
 30
0.0
 11
2009.0
 21
359.4
 31
0.0
  0
INSERT
  5
6E9D
330
6E98
100
AcDbEntity
  8
A-COTA
 62
3
100
AcDbBlockReference
  2
IRAM_FLECHA
 10
2011.0
 20
420.0
 30
0.0
 41
2.0
 42
2.0
 50
270.0
  0
INSERT
  5
6E9F
330
6E98
100
AcDbEntity
  8
A-COTA
 62
3
100
AcDbBlockReference
  2
IRAM_FLECHA
 10
2011.0
 20
359.4
 30
0.0
 41
2.0
 42
2.0
 50
90.0
  0
LINE
  5
6EA1
330
6E98
100
AcDbEntity
  8
0
 62
3
370
18
100
AcDbLine
 10
2011.0
 20
422.0
 30
0.0
 11
2011.0
 21
357.4
 31
0.0
  0
MTEXT
  5
6EA2
330
6E98
100
AcDbEntity
  8
A-COTA
 62
3
100
AcDbMText
 10
2013.0
 20
389.7
 30
0.0
 40
2.0
 71
5
  1
1212
  7
ISO3098
 50
90.0
  0
POINT
  5
6EA3
330
6E98
100
AcDbEntity
  8
Defpoints
100
AcDbPoint
 10
2011.0
 20
420.0
 30
0.0
  0
POINT
  5
6EA4
330
6E98
100
AcDbEntity
  8
Defpoints
100
AcDbPoint
 10
2016.0
 20
420.0
 30
0.0
  0
POINT
  5
6EA5
330
6E98
100
AcDbEntity
  8
Defpoints
100
AcDbPoint
 10
2016.0
 20
359.4
 30
0.0
  0
ENDBLK
  5
6E9A
330
6E98
100
AcDbEntity
  8
0
100
AcDbBlockEnd
  0
BLOCK
  5
6EA8
330
6EA7
100
AcDbEntity
  8
0
100
AcDbBlockBegin
  2
*D26
 70
1
 10
0.0
 20
0.0
 30
0.0
  3
*D26
  1

  0
LINE
  5
6EAA
330
6EA7
100
AcDbEntity
  8
0
 62
3
370
18
100
AcDbLine
 10
2016.0
 20
421.5
 30
0.0
 11
2016.0
 21
426.0
 31
0.0
  0
LINE
  5
6EAB
330
6EA7
100
AcDbEntity
  8
0
 62
3
370
18
100
AcDbLine
 10
2061.0
 20
421.5
 30
0.0
 11
2061.0
 21
426.0
 31
0.0
  0
INSERT
  5
6EAC
330
6EA7
100
AcDbEntity
  8
A-COTA
 62
3
100
AcDbBlockReference
  2
IRAM_FLECHA
 10
2016.0
 20
424.0
 30
0.0
 41
2.0
 42
2.0
 50
180.0
  0
INSERT
  5
6EAE
330
6EA7
100
AcDbEntity
  8
A-COTA
 62
3
100
AcDbBlockReference
  2
IRAM_FLECHA
 10
2061.0
 20
424.0
 30
0.0
 41
2.0
 42
2.0
  0
LINE
  5
6EB0
330
6EA7
100
AcDbEntity
  8
0
 62
3
370
18
100
AcDbLine
 10
2018.0
 20
424.0
 30
0.0
 11
2059.0
 21
424.0
 31
0.0
  0
MTEXT
  5
6EB1
330
6EA7
100
AcDbEntity
  8
A-COTA
 62
3
100
AcDbMText
 10
2038.5
 20
426.0
 30
0.0
 40
2.0
 71
5
  1
900
  7
ISO3098
  0
POINT
  5
6EB2
330
6EA7
100
AcDbEntity
  8
Defpoints
100
AcDbPoint
 10
2016.0
 20
424.0
 30
0.0
  0
POINT
  5
6EB3
330
6EA7
100
AcDbEntity
  8
Defpoints
100
AcDbPoint
 10
2016.0
 20
420.0
 30
0.0
  0
POINT
  5
6EB4
330
6EA7
100
AcDbEntity
  8
Defpoints
100
AcDbPoint
 10
2061.0
 20
420.0
 30
0.0
  0
ENDBLK
  5
6EA9
330
6EA7
100
AcDbEntity
  8
0
100
AcDbBlockEnd
  0
BLOCK
  5
6EB7
330
6EB6
100
AcDbEntity
  8
0
100
AcDbBlockBegin
  2
*D27
 70
1
 10
0.0
 20
0.0
 30
0.0
  3
*D27
  1

  0
LINE
  5
6EB9
330
6EB6
100
AcDbEntity
  8
0
 62
3
370
18
100
AcDbLine
 10
2016.0
 20
343.5
 30
0.0
 11
2016.0
 21
338.0
 31
0.0
  0
LINE
  5
6EBA
330
6EB6
100
AcDbEntity
  8
0
 62
3
370
18
100
AcDbLine
 10
2166.0
 20
343.5
 30
0.0
 11
2166.0
 21
338.0
 31
0.0
  0
INSERT
  5
6EBB
330
6EB6
100
AcDbEntity
  8
A-COTA
 62
3
100
AcDbBlockReference
  2
IRAM_FLECHA
 10
2016.0
 20
340.0
 30
0.0
 41
2.0
 42
2.0
 50
180.0
  0
INSERT
  5
6EBD
330
6EB6
100
AcDbEntity
  8
A-COTA
 62
3
100
AcDbBlockReference
  2
IRAM_FLECHA
 10
2166.0
 20
340.0
 30
0.0
 41
2.0
 42
2.0
  0
LINE
  5
6EBF
330
6EB6
100
AcDbEntity
  8
0
 62
3
370
18
100
AcDbLine
 10
2018.0
 20
340.0
 30
0.0
 11
2164.0
 21
340.0
 31
0.0
  0
MTEXT
  5
6EC0
330
6EB6
100
AcDbEntity
  8
A-COTA
 62
3
100
AcDbMText
 10
2091.0
 20
342.0
 30
0.0
 40
2.0
 71
5
  1
3000
  7
ISO3098
  0
POINT
  5
6EC1
330
6EB6
100
AcDbEntity
  8
Defpoints
100
AcDbPoint
 10
2016.0
 20
340.0
 30
0.0
  0
POINT
  5
6EC2
330
6EB6
100
AcDbEntity
  8
Defpoints
100
AcDbPoint
 10
2016.0
 20
345.0
 30
0.0
  0
POINT
  5
6EC3
330
6EB6
100
AcDbEntity
  8
Defpoints
100
AcDbPoint
 10
2166.0
 20
345.0
 30
0.0
  0
ENDBLK
  5
6EB8
330
6EB6
100
AcDbEntity
  8
0
100
AcDbBlockEnd
  0
BLOCK
  5
6ED4
330
6ED3
100
AcDbEntity
  8
0
100
AcDbBlockBegin
  2
*D28
 70
1
 10
0.0
 20
0.0
 30
0.0
  3
*D28
  1

  0
LINE
  5
6ED6
330
6ED3
100
AcDbEntity
  8
0
 62
3
370
18
100
AcDbLine
 10
2208.5
 20
420.0
 30
0.0
 11
2203.0
 21
420.0
 31
0.0
  0
LINE
  5
6ED7
330
6ED3
100
AcDbEntity
  8
0
 62
3
370
18
100
AcDbLine
 10
2208.5
 20
359.4
 30
0.0
 11
2203.0
 21
359.4
 31
0.0
  0
INSERT
  5
6ED8
330
6ED3
100
AcDbEntity
  8
A-COTA
 62
3
100
AcDbBlockReference
  2
IRAM_FLECHA
 10
2205.0
 20
420.0
 30
0.0
 41
2.0
 42
2.0
 50
270.0
  0
INSERT
  5
6EDA
330
6ED3
100
AcDbEntity
  8
A-COTA
 62
3
100
AcDbBlockReference
  2
IRAM_FLECHA
 10
2205.0
 20
359.4
 30
0.0
 41
2.0
 42
2.0
 50
90.0
  0
LINE
  5
6EDC
330
6ED3
100
AcDbEntity
  8
0
 62
3
370
18
100
AcDbLine
 10
2205.0
 20
422.0
 30
0.0
 11
2205.0
 21
357.4
 31
0.0
  0
MTEXT
  5
6EDD
330
6ED3
100
AcDbEntity
  8
A-COTA
 62
3
100
AcDbMText
 10
2207.0
 20
389.7
 30
0.0
 40
2.0
 71
5
  1
1212
  7
ISO3098
 50
90.0
  0
POINT
  5
6EDE
330
6ED3
100
AcDbEntity
  8
Defpoints
100
AcDbPoint
 10
2205.0
 20
420.0
 30
0.0
  0
POINT
  5
6EDF
330
6ED3
100
AcDbEntity
  8
Defpoints
100
AcDbPoint
 10
2210.0
 20
420.0
 30
0.0
  0
POINT
  5
6EE0
330
6ED3
100
AcDbEntity
  8
Defpoints
100
AcDbPoint
 10
2210.0
 20
359.4
 30
0.0
  0
ENDBLK
  5
6ED5
330
6ED3
100
AcDbEntity
  8
0
100
AcDbBlockEnd
  0
BLOCK
  5
6EE3
330
6EE2
100
AcDbEntity
  8
0
100
AcDbBlockBegin
  2
*D29
 70
1
 10
0.0
 20
0.0
 30
0.0
  3
*D29
  1

  0
LINE
  5
6EE5
330
6EE2
100
AcDbEntity
  8
0
 62
3
370
18
100
AcDbLine
 10
2210.0
 20
421.5
 30
0.0
 11
2210.0
 21
426.0
 31
0.0
  0
LINE
  5
6EE6
330
6EE2
100
AcDbEntity
  8
0
 62
3
370
18
100
AcDbLine
 10
2255.0
 20
421.5
 30
0.0
 11
2255.0
 21
426.0
 31
0.0
  0
INSERT
  5
6EE7
330
6EE2
100
AcDbEntity
  8
A-COTA
 62
3
100
AcDbBlockReference
  2
IRAM_FLECHA
 10
2210.0
 20
424.0
 30
0.0
 41
2.0
 42
2.0
 50
180.0
  0
INSERT
  5
6EE9
330
6EE2
100
AcDbEntity
  8
A-COTA
 62
3
100
AcDbBlockReference
  2
IRAM_FLECHA
 10
2255.0
 20
424.0
 30
0.0
 41
2.0
 42
2.0
  0
LINE
  5
6EEB
330
6EE2
100
AcDbEntity
  8
0
 62
3
370
18
100
AcDbLine
 10
2212.0
 20
424.0
 30
0.0
 11
2253.0
 21
424.0
 31
0.0
  0
MTEXT
  5
6EEC
330
6EE2
100
AcDbEntity
  8
A-COTA
 62
3
100
AcDbMText
 10
2232.5
 20
426.0
 30
0.0
 40
2.0
 71
5
  1
900
  7
ISO3098
  0
POINT
  5
6EED
330
6EE2
100
AcDbEntity
  8
Defpoints
100
AcDbPoint
 10
2210.0
 20
424.0
 30
0.0
  0
POINT
  5
6EEE
330
6EE2
100
AcDbEntity
  8
Defpoints
100
AcDbPoint
 10
2210.0
 20
420.0
 30
0.0
  0
POINT
  5
6EEF
330
6EE2
100
AcDbEntity
  8
Defpoints
100
AcDbPoint
 10
2255.0
 20
420.0
 30
0.0
  0
ENDBLK
  5
6EE4
330
6EE2
100
AcDbEntity
  8
0
100
AcDbBlockEnd
  0
BLOCK
  5
6EF2
330
6EF1
100
AcDbEntity
  8
0
100
AcDbBlockBegin
  2
*D30
 70
1
 10
0.0
 20
0.0
 30
0.0
  3
*D30
  1

  0
LINE
  5
6EF4
330
6EF1
100
AcDbEntity
  8
0
 62
3
370
18
100
AcDbLine
 10
2210.0
 20
343.5
 30
0.0
 11
2210.0
 21
338.0
 31
0.0
  0
LINE
  5
6EF5
330
6EF1
100
AcDbEntity
  8
0
 62
3
370
18
100
AcDbLine
 10
2360.0
 20
343.5
 30
0.0
 11
2360.0
 21
338.0
 31
0.0
  0
INSERT
  5
6EF6
330
6EF1
100
AcDbEntity
  8
A-COTA
 62
3
100
AcDbBlockReference
  2
IRAM_FLECHA
 10
2210.0
 20
340.0
 30
0.0
 41
2.0
 42
2.0
 50
180.0
  0
INSERT
  5
6EF8
330
6EF1
100
AcDbEntity
  8
A-COTA
 62
3
100
AcDbBlockReference
  2
IRAM_FLECHA
 10
2360.0
 20
340.0
 30
0.0
 41
2.0
 42
2.0
  0
LINE
  5
6EFA
330
6EF1
100
AcDbEntity
  8
0
 62
3
370
18
100
AcDbLine
 10
2212.0
 20
340.0
 30
0.0
 11
2358.0
 21
340.0
 31
0.0
  0
MTEXT
  5
6EFB
330
6EF1
100
AcDbEntity
  8
A-COTA
 62
3
100
AcDbMText
 10
2285.0
 20
342.0
 30
0.0
 40
2.0
 71
5
  1
3000
  7
ISO3098
  0
POINT
  5
6EFC
330
6EF1
100
AcDbEntity
  8
Defpoints
100
AcDbPoint
 10
2210.0
 20
340.0
 30
0.0
  0
POINT
  5
6EFD
330
6EF1
100
AcDbEntity
  8
Defpoints
100
AcDbPoint
 10
2210.0
 20
345.0
 30
0.0
  0
POINT
  5
6EFE
330
6EF1
100
AcDbEntity
  8
Defpoints
100
AcDbPoint
 10
2360.0
 20
345.0
 30
0.0
  0
ENDBLK
  5
6EF3
330
6EF1
100
AcDbEntity
  8
0
100
AcDbBlockEnd
  0
BLOCK
  5
6FC6
330
6FC5
100
AcDbEntity
  8
0
100
AcDbBlockBegin
  2
*Paper_Space1
 70
0
 10
0.0
 20
0.0
 30
0.0
  3
*Paper_Space1
  1

  0
VIEWPORT
  5
6FC9
330
6FC5
100
AcDbEntity
 67
1
  8
VIEWPORTS
100
AcDbViewport
 10
645888.0
 20
456192.0
 30
0.0
 40
1420953.6
 41
1003622.4
 68
1
 69
1
 12
645888.0
 22
456192.0
 13
0.0
 23
0.0
 14
10.0
 24
10.0
 15
10.0
 25
10.0
 16
0.0
 26
0.0
 36
1.0
 17
0.0
 27
0.0
 37
0.0
 42
50.0
 43
0.0
 44
0.0
 45
1003622.4
 50
0.0
 51
0.0
 72
100
 90
557088
  1

281
0
 71
0
 74
0
110
0.0
120
0.0
130
0.0
111
1.0
121
0.0
131
0.0
112
0.0
122
1.0
132
0.0
 79
0
146
0.0
282
0
  0
VIEWPORT
  5
6FCA
330
6FC5
100
AcDbEntity
 67
1
  8
VIEWPORTS
100
AcDbViewport
 10
420.5
 20
297.0
 30
0.0
 40
841.0
 41
594.0
 68
2
 69
3
 12
2009.5
 22
297.0
 13
0.0
 23
0.0
 14
10.0
 24
10.0
 15
10.0
 25
10.0
 16
0.0
 26
0.0
 36
1.0
 17
0.0
 27
0.0
 37
0.0
 42
50.0
 43
0.0
 44
0.0
 45
594.0
 50
0.0
 51
0.0
 72
100
 90
0
  1

281
0
 71
0
 74
0
110
0.0
120
0.0
130
0.0
111
1.0
121
0.0
131
0.0
112
0.0
122
1.0
132
0.0
 79
0
146
0.0
282
0
  0
ENDBLK
  5
6FC7
330
6FC5
100
AcDbEntity
  8
0
100
AcDbBlockEnd
  0
BLOCK
  5
6FC0
330
6FBF
100
AcDbEntity
  8
0
100
AcDbBlockBegin
  2
*Paper_Space
 70
0
 10
0.0
 20
0.0
 30
0.0
  3
*Paper_Space
  1

  0
ENDBLK
  5
6FC1
330
6FBF
100
AcDbEntity
  8
0
100
AcDbBlockEnd
  0
ENDSEC
  0
SECTION
  2
ENTITIES
  0
LWPOLYLINE
  5
75
330
17
100
AcDbEntity
  8
08-FINA
100
AcDbPolyline
 90
4
 70
1
 10
0.0
 20
0.0
 10
1189.0
 20
0.0
 10
1189.0
 20
841.0
 10
0.0
 20
841.0
  0
LWPOLYLINE
  5
76
330
17
100
AcDbEntity
  8
07-RECUADRO
100
AcDbPolyline
 90
4
 70
1
 10
25.0
 20
10.0
 10
1179.0
 20
10.0
 10
1179.0
 20
831.0
 10
25.0
 20
831.0
  0
LINE
  5
77
330
17
100
AcDbEntity
  8
07-RECUADRO
100
AcDbLine
 10
594.5
 20
0.0
 30
0.0
 11
594.5
 21
15.0
 31
0.0
  0
LINE
  5
78
330
17
100
AcDbEntity
  8
07-RECUADRO
100
AcDbLine
 10
594.5
 20
841.0
 30
0.0
 11
594.5
 21
826.0
 31
0.0
  0
LINE
  5
79
330
17
100
AcDbEntity
  8
07-RECUADRO
100
AcDbLine
 10
0.0
 20
420.5
 30
0.0
 11
30.0
 21
420.5
 31
0.0
  0
LINE
  5
7A
330
17
100
AcDbEntity
  8
07-RECUADRO
100
AcDbLine
 10
1189.0
 20
420.5
 30
0.0
 11
1174.0
 21
420.5
 31
0.0
  0
LINE
  5
7B
330
17
100
AcDbEntity
  8
08-FINA
100
AcDbLine
 10
44.5
 20
10.0
 30
0.0
 11
44.5
 21
5.0
 31
0.0
  0
LINE
  5
7C
330
17
100
AcDbEntity
  8
08-FINA
100
AcDbLine
 10
44.5
 20
831.0
 30
0.0
 11
44.5
 21
836.0
 31
0.0
  0
LINE
  5
7D
330
17
100
AcDbEntity
  8
08-FINA
100
AcDbLine
 10
94.5
 20
10.0
 30
0.0
 11
94.5
 21
5.0
 31
0.0
  0
LINE
  5
7E
330
17
100
AcDbEntity
  8
08-FINA
100
AcDbLine
 10
94.5
 20
831.0
 30
0.0
 11
94.5
 21
836.0
 31
0.0
  0
LINE
  5
7F
330
17
100
AcDbEntity
  8
08-FINA
100
AcDbLine
 10
144.5
 20
10.0
 30
0.0
 11
144.5
 21
5.0
 31
0.0
  0
LINE
  5
80
330
17
100
AcDbEntity
  8
08-FINA
100
AcDbLine
 10
144.5
 20
831.0
 30
0.0
 11
144.5
 21
836.0
 31
0.0
  0
LINE
  5
81
330
17
100
AcDbEntity
  8
08-FINA
100
AcDbLine
 10
194.5
 20
10.0
 30
0.0
 11
194.5
 21
5.0
 31
0.0
  0
LINE
  5
82
330
17
100
AcDbEntity
  8
08-FINA
100
AcDbLine
 10
194.5
 20
831.0
 30
0.0
 11
194.5
 21
836.0
 31
0.0
  0
LINE
  5
83
330
17
100
AcDbEntity
  8
08-FINA
100
AcDbLine
 10
244.5
 20
10.0
 30
0.0
 11
244.5
 21
5.0
 31
0.0
  0
LINE
  5
84
330
17
100
AcDbEntity
  8
08-FINA
100
AcDbLine
 10
244.5
 20
831.0
 30
0.0
 11
244.5
 21
836.0
 31
0.0
  0
LINE
  5
85
330
17
100
AcDbEntity
  8
08-FINA
100
AcDbLine
 10
294.5
 20
10.0
 30
0.0
 11
294.5
 21
5.0
 31
0.0
  0
LINE
  5
86
330
17
100
AcDbEntity
  8
08-FINA
100
AcDbLine
 10
294.5
 20
831.0
 30
0.0
 11
294.5
 21
836.0
 31
0.0
  0
LINE
  5
87
330
17
100
AcDbEntity
  8
08-FINA
100
AcDbLine
 10
344.5
 20
10.0
 30
0.0
 11
344.5
 21
5.0
 31
0.0
  0
LINE
  5
88
330
17
100
AcDbEntity
  8
08-FINA
100
AcDbLine
 10
344.5
 20
831.0
 30
0.0
 11
344.5
 21
836.0
 31
0.0
  0
LINE
  5
89
330
17
100
AcDbEntity
  8
08-FINA
100
AcDbLine
 10
394.5
 20
10.0
 30
0.0
 11
394.5
 21
5.0
 31
0.0
  0
LINE
  5
8A
330
17
100
AcDbEntity
  8
08-FINA
100
AcDbLine
 10
394.5
 20
831.0
 30
0.0
 11
394.5
 21
836.0
 31
0.0
  0
LINE
  5
8B
330
17
100
AcDbEntity
  8
08-FINA
100
AcDbLine
 10
444.5
 20
10.0
 30
0.0
 11
444.5
 21
5.0
 31
0.0
  0
LINE
  5
8C
330
17
100
AcDbEntity
  8
08-FINA
100
AcDbLine
 10
444.5
 20
831.0
 30
0.0
 11
444.5
 21
836.0
 31
0.0
  0
LINE
  5
8D
330
17
100
AcDbEntity
  8
08-FINA
100
AcDbLine
 10
494.5
 20
10.0
 30
0.0
 11
494.5
 21
5.0
 31
0.0
  0
LINE
  5
8E
330
17
100
AcDbEntity
  8
08-FINA
100
AcDbLine
 10
494.5
 20
831.0
 30
0.0
 11
494.5
 21
836.0
 31
0.0
  0
LINE
  5
8F
330
17
100
AcDbEntity
  8
08-FINA
100
AcDbLine
 10
544.5
 20
10.0
 30
0.0
 11
544.5
 21
5.0
 31
0.0
  0
LINE
  5
90
330
17
100
AcDbEntity
  8
08-FINA
100
AcDbLine
 10
544.5
 20
831.0
 30
0.0
 11
544.5
 21
836.0
 31
0.0
  0
LINE
  5
91
330
17
100
AcDbEntity
  8
08-FINA
100
AcDbLine
 10
644.5
 20
10.0
 30
0.0
 11
644.5
 21
5.0
 31
0.0
  0
LINE
  5
92
330
17
100
AcDbEntity
  8
08-FINA
100
AcDbLine
 10
644.5
 20
831.0
 30
0.0
 11
644.5
 21
836.0
 31
0.0
  0
LINE
  5
93
330
17
100
AcDbEntity
  8
08-FINA
100
AcDbLine
 10
694.5
 20
10.0
 30
0.0
 11
694.5
 21
5.0
 31
0.0
  0
LINE
  5
94
330
17
100
AcDbEntity
  8
08-FINA
100
AcDbLine
 10
694.5
 20
831.0
 30
0.0
 11
694.5
 21
836.0
 31
0.0
  0
LINE
  5
95
330
17
100
AcDbEntity
  8
08-FINA
100
AcDbLine
 10
744.5
 20
10.0
 30
0.0
 11
744.5
 21
5.0
 31
0.0
  0
LINE
  5
96
330
17
100
AcDbEntity
  8
08-FINA
100
AcDbLine
 10
744.5
 20
831.0
 30
0.0
 11
744.5
 21
836.0
 31
0.0
  0
LINE
  5
97
330
17
100
AcDbEntity
  8
08-FINA
100
AcDbLine
 10
794.5
 20
10.0
 30
0.0
 11
794.5
 21
5.0
 31
0.0
  0
LINE
  5
98
330
17
100
AcDbEntity
  8
08-FINA
100
AcDbLine
 10
794.5
 20
831.0
 30
0.0
 11
794.5
 21
836.0
 31
0.0
  0
LINE
  5
99
330
17
100
AcDbEntity
  8
08-FINA
100
AcDbLine
 10
844.5
 20
10.0
 30
0.0
 11
844.5
 21
5.0
 31
0.0
  0
LINE
  5
9A
330
17
100
AcDbEntity
  8
08-FINA
100
AcDbLine
 10
844.5
 20
831.0
 30
0.0
 11
844.5
 21
836.0
 31
0.0
  0
LINE
  5
9B
330
17
100
AcDbEntity
  8
08-FINA
100
AcDbLine
 10
894.5
 20
10.0
 30
0.0
 11
894.5
 21
5.0
 31
0.0
  0
LINE
  5
9C
330
17
100
AcDbEntity
  8
08-FINA
100
AcDbLine
 10
894.5
 20
831.0
 30
0.0
 11
894.5
 21
836.0
 31
0.0
  0
LINE
  5
9D
330
17
100
AcDbEntity
  8
08-FINA
100
AcDbLine
 10
944.5
 20
10.0
 30
0.0
 11
944.5
 21
5.0
 31
0.0
  0
LINE
  5
9E
330
17
100
AcDbEntity
  8
08-FINA
100
AcDbLine
 10
944.5
 20
831.0
 30
0.0
 11
944.5
 21
836.0
 31
0.0
  0
LINE
  5
9F
330
17
100
AcDbEntity
  8
08-FINA
100
AcDbLine
 10
994.5
 20
10.0
 30
0.0
 11
994.5
 21
5.0
 31
0.0
  0
LINE
  5
A0
330
17
100
AcDbEntity
  8
08-FINA
100
AcDbLine
 10
994.5
 20
831.0
 30
0.0
 11
994.5
 21
836.0
 31
0.0
  0
LINE
  5
A1
330
17
100
AcDbEntity
  8
08-FINA
100
AcDbLine
 10
1044.5
 20
10.0
 30
0.0
 11
1044.5
 21
5.0
 31
0.0
  0
LINE
  5
A2
330
17
100
AcDbEntity
  8
08-FINA
100
AcDbLine
 10
1044.5
 20
831.0
 30
0.0
 11
1044.5
 21
836.0
 31
0.0
  0
LINE
  5
A3
330
17
100
AcDbEntity
  8
08-FINA
100
AcDbLine
 10
1094.5
 20
10.0
 30
0.0
 11
1094.5
 21
5.0
 31
0.0
  0
LINE
  5
A4
330
17
100
AcDbEntity
  8
08-FINA
100
AcDbLine
 10
1094.5
 20
831.0
 30
0.0
 11
1094.5
 21
836.0
 31
0.0
  0
LINE
  5
A5
330
17
100
AcDbEntity
  8
08-FINA
100
AcDbLine
 10
1144.5
 20
10.0
 30
0.0
 11
1144.5
 21
5.0
 31
0.0
  0
LINE
  5
A6
330
17
100
AcDbEntity
  8
08-FINA
100
AcDbLine
 10
1144.5
 20
831.0
 30
0.0
 11
1144.5
 21
836.0
 31
0.0
  0
LINE
  5
A7
330
17
100
AcDbEntity
  8
08-FINA
100
AcDbLine
 10
25.0
 20
20.5
 30
0.0
 11
20.0
 21
20.5
 31
0.0
  0
LINE
  5
A8
330
17
100
AcDbEntity
  8
08-FINA
100
AcDbLine
 10
1179.0
 20
20.5
 30
0.0
 11
1184.0
 21
20.5
 31
0.0
  0
LINE
  5
A9
330
17
100
AcDbEntity
  8
08-FINA
100
AcDbLine
 10
25.0
 20
70.5
 30
0.0
 11
20.0
 21
70.5
 31
0.0
  0
LINE
  5
AA
330
17
100
AcDbEntity
  8
08-FINA
100
AcDbLine
 10
1179.0
 20
70.5
 30
0.0
 11
1184.0
 21
70.5
 31
0.0
  0
LINE
  5
AB
330
17
100
AcDbEntity
  8
08-FINA
100
AcDbLine
 10
25.0
 20
120.5
 30
0.0
 11
20.0
 21
120.5
 31
0.0
  0
LINE
  5
AC
330
17
100
AcDbEntity
  8
08-FINA
100
AcDbLine
 10
1179.0
 20
120.5
 30
0.0
 11
1184.0
 21
120.5
 31
0.0
  0
LINE
  5
AD
330
17
100
AcDbEntity
  8
08-FINA
100
AcDbLine
 10
25.0
 20
170.5
 30
0.0
 11
20.0
 21
170.5
 31
0.0
  0
LINE
  5
AE
330
17
100
AcDbEntity
  8
08-FINA
100
AcDbLine
 10
1179.0
 20
170.5
 30
0.0
 11
1184.0
 21
170.5
 31
0.0
  0
LINE
  5
AF
330
17
100
AcDbEntity
  8
08-FINA
100
AcDbLine
 10
25.0
 20
220.5
 30
0.0
 11
20.0
 21
220.5
 31
0.0
  0
LINE
  5
B0
330
17
100
AcDbEntity
  8
08-FINA
100
AcDbLine
 10
1179.0
 20
220.5
 30
0.0
 11
1184.0
 21
220.5
 31
0.0
  0
LINE
  5
B1
330
17
100
AcDbEntity
  8
08-FINA
100
AcDbLine
 10
25.0
 20
270.5
 30
0.0
 11
20.0
 21
270.5
 31
0.0
  0
LINE
  5
B2
330
17
100
AcDbEntity
  8
08-FINA
100
AcDbLine
 10
1179.0
 20
270.5
 30
0.0
 11
1184.0
 21
270.5
 31
0.0
  0
LINE
  5
B3
330
17
100
AcDbEntity
  8
08-FINA
100
AcDbLine
 10
25.0
 20
320.5
 30
0.0
 11
20.0
 21
320.5
 31
0.0
  0
LINE
  5
B4
330
17
100
AcDbEntity
  8
08-FINA
100
AcDbLine
 10
1179.0
 20
320.5
 30
0.0
 11
1184.0
 21
320.5
 31
0.0
  0
LINE
  5
B5
330
17
100
AcDbEntity
  8
08-FINA
100
AcDbLine
 10
25.0
 20
370.5
 30
0.0
 11
20.0
 21
370.5
 31
0.0
  0
LINE
  5
B6
330
17
100
AcDbEntity
  8
08-FINA
100
AcDbLine
 10
1179.0
 20
370.5
 30
0.0
 11
1184.0
 21
370.5
 31
0.0
  0
LINE
  5
B7
330
17
100
AcDbEntity
  8
08-FINA
100
AcDbLine
 10
25.0
 20
470.5
 30
0.0
 11
20.0
 21
470.5
 31
0.0
  0
LINE
  5
B8
330
17
100
AcDbEntity
  8
08-FINA
100
AcDbLine
 10
1179.0
 20
470.5
 30
0.0
 11
1184.0
 21
470.5
 31
0.0
  0
LINE
  5
B9
330
17
100
AcDbEntity
  8
08-FINA
100
AcDbLine
 10
25.0
 20
520.5
 30
0.0
 11
20.0
 21
520.5
 31
0.0
  0
LINE
  5
BA
330
17
100
AcDbEntity
  8
08-FINA
100
AcDbLine
 10
1179.0
 20
520.5
 30
0.0
 11
1184.0
 21
520.5
 31
0.0
  0
LINE
  5
BB
330
17
100
AcDbEntity
  8
08-FINA
100
AcDbLine
 10
25.0
 20
570.5
 30
0.0
 11
20.0
 21
570.5
 31
0.0
  0
LINE
  5
BC
330
17
100
AcDbEntity
  8
08-FINA
100
AcDbLine
 10
1179.0
 20
570.5
 30
0.0
 11
1184.0
 21
570.5
 31
0.0
  0
LINE
  5
BD
330
17
100
AcDbEntity
  8
08-FINA
100
AcDbLine
 10
25.0
 20
620.5
 30
0.0
 11
20.0
 21
620.5
 31
0.0
  0
LINE
  5
BE
330
17
100
AcDbEntity
  8
08-FINA
100
AcDbLine
 10
1179.0
 20
620.5
 30
0.0
 11
1184.0
 21
620.5
 31
0.0
  0
LINE
  5
BF
330
17
100
AcDbEntity
  8
08-FINA
100
AcDbLine
 10
25.0
 20
670.5
 30
0.0
 11
20.0
 21
670.5
 31
0.0
  0
LINE
  5
C0
330
17
100
AcDbEntity
  8
08-FINA
100
AcDbLine
 10
1179.0
 20
670.5
 30
0.0
 11
1184.0
 21
670.5
 31
0.0
  0
LINE
  5
C1
330
17
100
AcDbEntity
  8
08-FINA
100
AcDbLine
 10
25.0
 20
720.5
 30
0.0
 11
20.0
 21
720.5
 31
0.0
  0
LINE
  5
C2
330
17
100
AcDbEntity
  8
08-FINA
100
AcDbLine
 10
1179.0
 20
720.5
 30
0.0
 11
1184.0
 21
720.5
 31
0.0
  0
LINE
  5
C3
330
17
100
AcDbEntity
  8
08-FINA
100
AcDbLine
 10
25.0
 20
770.5
 30
0.0
 11
20.0
 21
770.5
 31
0.0
  0
LINE
  5
C4
330
17
100
AcDbEntity
  8
08-FINA
100
AcDbLine
 10
1179.0
 20
770.5
 30
0.0
 11
1184.0
 21
770.5
 31
0.0
  0
LINE
  5
C5
330
17
100
AcDbEntity
  8
08-FINA
100
AcDbLine
 10
25.0
 20
820.5
 30
0.0
 11
20.0
 21
820.5
 31
0.0
  0
LINE
  5
C6
330
17
100
AcDbEntity
  8
08-FINA
100
AcDbLine
 10
1179.0
 20
820.5
 30
0.0
 11
1184.0
 21
820.5
 31
0.0
  0
TEXT
  5
C7
330
17
100
AcDbEntity
  8
06-TEXTO
100
AcDbText
 10
34.75
 20
5.0
 30
0.0
 40
3.5
  1
1
  7
ISO3098
 72
1
 11
34.75
 21
5.0
 31
0.0
100
AcDbText
 73
2
  0
TEXT
  5
C8
330
17
100
AcDbEntity
  8
06-TEXTO
100
AcDbText
 10
34.75
 20
836.0
 30
0.0
 40
3.5
  1
1
  7
ISO3098
 72
1
 11
34.75
 21
836.0
 31
0.0
100
AcDbText
 73
2
  0
TEXT
  5
C9
330
17
100
AcDbEntity
  8
06-TEXTO
100
AcDbText
 10
69.5
 20
5.0
 30
0.0
 40
3.5
  1
2
  7
ISO3098
 72
1
 11
69.5
 21
5.0
 31
0.0
100
AcDbText
 73
2
  0
TEXT
  5
CA
330
17
100
AcDbEntity
  8
06-TEXTO
100
AcDbText
 10
69.5
 20
836.0
 30
0.0
 40
3.5
  1
2
  7
ISO3098
 72
1
 11
69.5
 21
836.0
 31
0.0
100
AcDbText
 73
2
  0
TEXT
  5
CB
330
17
100
AcDbEntity
  8
06-TEXTO
100
AcDbText
 10
119.5
 20
5.0
 30
0.0
 40
3.5
  1
3
  7
ISO3098
 72
1
 11
119.5
 21
5.0
 31
0.0
100
AcDbText
 73
2
  0
TEXT
  5
CC
330
17
100
AcDbEntity
  8
06-TEXTO
100
AcDbText
 10
119.5
 20
836.0
 30
0.0
 40
3.5
  1
3
  7
ISO3098
 72
1
 11
119.5
 21
836.0
 31
0.0
100
AcDbText
 73
2
  0
TEXT
  5
CD
330
17
100
AcDbEntity
  8
06-TEXTO
100
AcDbText
 10
169.5
 20
5.0
 30
0.0
 40
3.5
  1
4
  7
ISO3098
 72
1
 11
169.5
 21
5.0
 31
0.0
100
AcDbText
 73
2
  0
TEXT
  5
CE
330
17
100
AcDbEntity
  8
06-TEXTO
100
AcDbText
 10
169.5
 20
836.0
 30
0.0
 40
3.5
  1
4
  7
ISO3098
 72
1
 11
169.5
 21
836.0
 31
0.0
100
AcDbText
 73
2
  0
TEXT
  5
CF
330
17
100
AcDbEntity
  8
06-TEXTO
100
AcDbText
 10
219.5
 20
5.0
 30
0.0
 40
3.5
  1
5
  7
ISO3098
 72
1
 11
219.5
 21
5.0
 31
0.0
100
AcDbText
 73
2
  0
TEXT
  5
D0
330
17
100
AcDbEntity
  8
06-TEXTO
100
AcDbText
 10
219.5
 20
836.0
 30
0.0
 40
3.5
  1
5
  7
ISO3098
 72
1
 11
219.5
 21
836.0
 31
0.0
100
AcDbText
 73
2
  0
TEXT
  5
D1
330
17
100
AcDbEntity
  8
06-TEXTO
100
AcDbText
 10
269.5
 20
5.0
 30
0.0
 40
3.5
  1
6
  7
ISO3098
 72
1
 11
269.5
 21
5.0
 31
0.0
100
AcDbText
 73
2
  0
TEXT
  5
D2
330
17
100
AcDbEntity
  8
06-TEXTO
100
AcDbText
 10
269.5
 20
836.0
 30
0.0
 40
3.5
  1
6
  7
ISO3098
 72
1
 11
269.5
 21
836.0
 31
0.0
100
AcDbText
 73
2
  0
TEXT
  5
D3
330
17
100
AcDbEntity
  8
06-TEXTO
100
AcDbText
 10
319.5
 20
5.0
 30
0.0
 40
3.5
  1
7
  7
ISO3098
 72
1
 11
319.5
 21
5.0
 31
0.0
100
AcDbText
 73
2
  0
TEXT
  5
D4
330
17
100
AcDbEntity
  8
06-TEXTO
100
AcDbText
 10
319.5
 20
836.0
 30
0.0
 40
3.5
  1
7
  7
ISO3098
 72
1
 11
319.5
 21
836.0
 31
0.0
100
AcDbText
 73
2
  0
TEXT
  5
D5
330
17
100
AcDbEntity
  8
06-TEXTO
100
AcDbText
 10
369.5
 20
5.0
 30
0.0
 40
3.5
  1
8
  7
ISO3098
 72
1
 11
369.5
 21
5.0
 31
0.0
100
AcDbText
 73
2
  0
TEXT
  5
D6
330
17
100
AcDbEntity
  8
06-TEXTO
100
AcDbText
 10
369.5
 20
836.0
 30
0.0
 40
3.5
  1
8
  7
ISO3098
 72
1
 11
369.5
 21
836.0
 31
0.0
100
AcDbText
 73
2
  0
TEXT
  5
D7
330
17
100
AcDbEntity
  8
06-TEXTO
100
AcDbText
 10
419.5
 20
5.0
 30
0.0
 40
3.5
  1
9
  7
ISO3098
 72
1
 11
419.5
 21
5.0
 31
0.0
100
AcDbText
 73
2
  0
TEXT
  5
D8
330
17
100
AcDbEntity
  8
06-TEXTO
100
AcDbText
 10
419.5
 20
836.0
 30
0.0
 40
3.5
  1
9
  7
ISO3098
 72
1
 11
419.5
 21
836.0
 31
0.0
100
AcDbText
 73
2
  0
TEXT
  5
D9
330
17
100
AcDbEntity
  8
06-TEXTO
100
AcDbText
 10
469.5
 20
5.0
 30
0.0
 40
3.5
  1
10
  7
ISO3098
 72
1
 11
469.5
 21
5.0
 31
0.0
100
AcDbText
 73
2
  0
TEXT
  5
DA
330
17
100
AcDbEntity
  8
06-TEXTO
100
AcDbText
 10
469.5
 20
836.0
 30
0.0
 40
3.5
  1
10
  7
ISO3098
 72
1
 11
469.5
 21
836.0
 31
0.0
100
AcDbText
 73
2
  0
TEXT
  5
DB
330
17
100
AcDbEntity
  8
06-TEXTO
100
AcDbText
 10
519.5
 20
5.0
 30
0.0
 40
3.5
  1
11
  7
ISO3098
 72
1
 11
519.5
 21
5.0
 31
0.0
100
AcDbText
 73
2
  0
TEXT
  5
DC
330
17
100
AcDbEntity
  8
06-TEXTO
100
AcDbText
 10
519.5
 20
836.0
 30
0.0
 40
3.5
  1
11
  7
ISO3098
 72
1
 11
519.5
 21
836.0
 31
0.0
100
AcDbText
 73
2
  0
TEXT
  5
DD
330
17
100
AcDbEntity
  8
06-TEXTO
100
AcDbText
 10
569.5
 20
5.0
 30
0.0
 40
3.5
  1
12
  7
ISO3098
 72
1
 11
569.5
 21
5.0
 31
0.0
100
AcDbText
 73
2
  0
TEXT
  5
DE
330
17
100
AcDbEntity
  8
06-TEXTO
100
AcDbText
 10
569.5
 20
836.0
 30
0.0
 40
3.5
  1
12
  7
ISO3098
 72
1
 11
569.5
 21
836.0
 31
0.0
100
AcDbText
 73
2
  0
TEXT
  5
DF
330
17
100
AcDbEntity
  8
06-TEXTO
100
AcDbText
 10
619.5
 20
5.0
 30
0.0
 40
3.5
  1
13
  7
ISO3098
 72
1
 11
619.5
 21
5.0
 31
0.0
100
AcDbText
 73
2
  0
TEXT
  5
E0
330
17
100
AcDbEntity
  8
06-TEXTO
100
AcDbText
 10
619.5
 20
836.0
 30
0.0
 40
3.5
  1
13
  7
ISO3098
 72
1
 11
619.5
 21
836.0
 31
0.0
100
AcDbText
 73
2
  0
TEXT
  5
E1
330
17
100
AcDbEntity
  8
06-TEXTO
100
AcDbText
 10
669.5
 20
5.0
 30
0.0
 40
3.5
  1
14
  7
ISO3098
 72
1
 11
669.5
 21
5.0
 31
0.0
100
AcDbText
 73
2
  0
TEXT
  5
E2
330
17
100
AcDbEntity
  8
06-TEXTO
100
AcDbText
 10
669.5
 20
836.0
 30
0.0
 40
3.5
  1
14
  7
ISO3098
 72
1
 11
669.5
 21
836.0
 31
0.0
100
AcDbText
 73
2
  0
TEXT
  5
E3
330
17
100
AcDbEntity
  8
06-TEXTO
100
AcDbText
 10
719.5
 20
5.0
 30
0.0
 40
3.5
  1
15
  7
ISO3098
 72
1
 11
719.5
 21
5.0
 31
0.0
100
AcDbText
 73
2
  0
TEXT
  5
E4
330
17
100
AcDbEntity
  8
06-TEXTO
100
AcDbText
 10
719.5
 20
836.0
 30
0.0
 40
3.5
  1
15
  7
ISO3098
 72
1
 11
719.5
 21
836.0
 31
0.0
100
AcDbText
 73
2
  0
TEXT
  5
E5
330
17
100
AcDbEntity
  8
06-TEXTO
100
AcDbText
 10
769.5
 20
5.0
 30
0.0
 40
3.5
  1
16
  7
ISO3098
 72
1
 11
769.5
 21
5.0
 31
0.0
100
AcDbText
 73
2
  0
TEXT
  5
E6
330
17
100
AcDbEntity
  8
06-TEXTO
100
AcDbText
 10
769.5
 20
836.0
 30
0.0
 40
3.5
  1
16
  7
ISO3098
 72
1
 11
769.5
 21
836.0
 31
0.0
100
AcDbText
 73
2
  0
TEXT
  5
E7
330
17
100
AcDbEntity
  8
06-TEXTO
100
AcDbText
 10
819.5
 20
5.0
 30
0.0
 40
3.5
  1
17
  7
ISO3098
 72
1
 11
819.5
 21
5.0
 31
0.0
100
AcDbText
 73
2
  0
TEXT
  5
E8
330
17
100
AcDbEntity
  8
06-TEXTO
100
AcDbText
 10
819.5
 20
836.0
 30
0.0
 40
3.5
  1
17
  7
ISO3098
 72
1
 11
819.5
 21
836.0
 31
0.0
100
AcDbText
 73
2
  0
TEXT
  5
E9
330
17
100
AcDbEntity
  8
06-TEXTO
100
AcDbText
 10
869.5
 20
5.0
 30
0.0
 40
3.5
  1
18
  7
ISO3098
 72
1
 11
869.5
 21
5.0
 31
0.0
100
AcDbText
 73
2
  0
TEXT
  5
EA
330
17
100
AcDbEntity
  8
06-TEXTO
100
AcDbText
 10
869.5
 20
836.0
 30
0.0
 40
3.5
  1
18
  7
ISO3098
 72
1
 11
869.5
 21
836.0
 31
0.0
100
AcDbText
 73
2
  0
TEXT
  5
EB
330
17
100
AcDbEntity
  8
06-TEXTO
100
AcDbText
 10
919.5
 20
5.0
 30
0.0
 40
3.5
  1
19
  7
ISO3098
 72
1
 11
919.5
 21
5.0
 31
0.0
100
AcDbText
 73
2
  0
TEXT
  5
EC
330
17
100
AcDbEntity
  8
06-TEXTO
100
AcDbText
 10
919.5
 20
836.0
 30
0.0
 40
3.5
  1
19
  7
ISO3098
 72
1
 11
919.5
 21
836.0
 31
0.0
100
AcDbText
 73
2
  0
TEXT
  5
ED
330
17
100
AcDbEntity
  8
06-TEXTO
100
AcDbText
 10
969.5
 20
5.0
 30
0.0
 40
3.5
  1
20
  7
ISO3098
 72
1
 11
969.5
 21
5.0
 31
0.0
100
AcDbText
 73
2
  0
TEXT
  5
EE
330
17
100
AcDbEntity
  8
06-TEXTO
100
AcDbText
 10
969.5
 20
836.0
 30
0.0
 40
3.5
  1
20
  7
ISO3098
 72
1
 11
969.5
 21
836.0
 31
0.0
100
AcDbText
 73
2
  0
TEXT
  5
EF
330
17
100
AcDbEntity
  8
06-TEXTO
100
AcDbText
 10
1019.5
 20
5.0
 30
0.0
 40
3.5
  1
21
  7
ISO3098
 72
1
 11
1019.5
 21
5.0
 31
0.0
100
AcDbText
 73
2
  0
TEXT
  5
F0
330
17
100
AcDbEntity
  8
06-TEXTO
100
AcDbText
 10
1019.5
 20
836.0
 30
0.0
 40
3.5
  1
21
  7
ISO3098
 72
1
 11
1019.5
 21
836.0
 31
0.0
100
AcDbText
 73
2
  0
TEXT
  5
F1
330
17
100
AcDbEntity
  8
06-TEXTO
100
AcDbText
 10
1069.5
 20
5.0
 30
0.0
 40
3.5
  1
22
  7
ISO3098
 72
1
 11
1069.5
 21
5.0
 31
0.0
100
AcDbText
 73
2
  0
TEXT
  5
F2
330
17
100
AcDbEntity
  8
06-TEXTO
100
AcDbText
 10
1069.5
 20
836.0
 30
0.0
 40
3.5
  1
22
  7
ISO3098
 72
1
 11
1069.5
 21
836.0
 31
0.0
100
AcDbText
 73
2
  0
TEXT
  5
F3
330
17
100
AcDbEntity
  8
06-TEXTO
100
AcDbText
 10
1119.5
 20
5.0
 30
0.0
 40
3.5
  1
23
  7
ISO3098
 72
1
 11
1119.5
 21
5.0
 31
0.0
100
AcDbText
 73
2
  0
TEXT
  5
F4
330
17
100
AcDbEntity
  8
06-TEXTO
100
AcDbText
 10
1119.5
 20
836.0
 30
0.0
 40
3.5
  1
23
  7
ISO3098
 72
1
 11
1119.5
 21
836.0
 31
0.0
100
AcDbText
 73
2
  0
TEXT
  5
F5
330
17
100
AcDbEntity
  8
06-TEXTO
100
AcDbText
 10
1161.75
 20
5.0
 30
0.0
 40
3.5
  1
24
  7
ISO3098
 72
1
 11
1161.75
 21
5.0
 31
0.0
100
AcDbText
 73
2
  0
TEXT
  5
F6
330
17
100
AcDbEntity
  8
06-TEXTO
100
AcDbText
 10
1161.75
 20
836.0
 30
0.0
 40
3.5
  1
24
  7
ISO3098
 72
1
 11
1161.75
 21
836.0
 31
0.0
100
AcDbText
 73
2
  0
TEXT
  5
F7
330
17
100
AcDbEntity
  8
06-TEXTO
100
AcDbText
 10
15.0
 20
15.25
 30
0.0
 40
3.5
  1
T
  7
ISO3098
 72
1
 11
15.0
 21
15.25
 31
0.0
100
AcDbText
 73
2
  0
TEXT
  5
F8
330
17
100
AcDbEntity
  8
06-TEXTO
100
AcDbText
 10
1184.0
 20
15.25
 30
0.0
 40
3.5
  1
T
  7
ISO3098
 72
1
 11
1184.0
 21
15.25
 31
0.0
100
AcDbText
 73
2
  0
TEXT
  5
F9
330
17
100
AcDbEntity
  8
06-TEXTO
100
AcDbText
 10
15.0
 20
45.5
 30
0.0
 40
3.5
  1
S
  7
ISO3098
 72
1
 11
15.0
 21
45.5
 31
0.0
100
AcDbText
 73
2
  0
TEXT
  5
FA
330
17
100
AcDbEntity
  8
06-TEXTO
100
AcDbText
 10
1184.0
 20
45.5
 30
0.0
 40
3.5
  1
S
  7
ISO3098
 72
1
 11
1184.0
 21
45.5
 31
0.0
100
AcDbText
 73
2
  0
TEXT
  5
FB
330
17
100
AcDbEntity
  8
06-TEXTO
100
AcDbText
 10
15.0
 20
95.5
 30
0.0
 40
3.5
  1
R
  7
ISO3098
 72
1
 11
15.0
 21
95.5
 31
0.0
100
AcDbText
 73
2
  0
TEXT
  5
FC
330
17
100
AcDbEntity
  8
06-TEXTO
100
AcDbText
 10
1184.0
 20
95.5
 30
0.0
 40
3.5
  1
R
  7
ISO3098
 72
1
 11
1184.0
 21
95.5
 31
0.0
100
AcDbText
 73
2
  0
TEXT
  5
FD
330
17
100
AcDbEntity
  8
06-TEXTO
100
AcDbText
 10
15.0
 20
145.5
 30
0.0
 40
3.5
  1
Q
  7
ISO3098
 72
1
 11
15.0
 21
145.5
 31
0.0
100
AcDbText
 73
2
  0
TEXT
  5
FE
330
17
100
AcDbEntity
  8
06-TEXTO
100
AcDbText
 10
1184.0
 20
145.5
 30
0.0
 40
3.5
  1
Q
  7
ISO3098
 72
1
 11
1184.0
 21
145.5
 31
0.0
100
AcDbText
 73
2
  0
TEXT
  5
FF
330
17
100
AcDbEntity
  8
06-TEXTO
100
AcDbText
 10
15.0
 20
195.5
 30
0.0
 40
3.5
  1
P
  7
ISO3098
 72
1
 11
15.0
 21
195.5
 31
0.0
100
AcDbText
 73
2
  0
TEXT
  5
100
330
17
100
AcDbEntity
  8
06-TEXTO
100
AcDbText
 10
1184.0
 20
195.5
 30
0.0
 40
3.5
  1
P
  7
ISO3098
 72
1
 11
1184.0
 21
195.5
 31
0.0
100
AcDbText
 73
2
  0
TEXT
  5
101
330
17
100
AcDbEntity
  8
06-TEXTO
100
AcDbText
 10
15.0
 20
245.5
 30
0.0
 40
3.5
  1
N
  7
ISO3098
 72
1
 11
15.0
 21
245.5
 31
0.0
100
AcDbText
 73
2
  0
TEXT
  5
102
330
17
100
AcDbEntity
  8
06-TEXTO
100
AcDbText
 10
1184.0
 20
245.5
 30
0.0
 40
3.5
  1
N
  7
ISO3098
 72
1
 11
1184.0
 21
245.5
 31
0.0
100
AcDbText
 73
2
  0
TEXT
  5
103
330
17
100
AcDbEntity
  8
06-TEXTO
100
AcDbText
 10
15.0
 20
295.5
 30
0.0
 40
3.5
  1
M
  7
ISO3098
 72
1
 11
15.0
 21
295.5
 31
0.0
100
AcDbText
 73
2
  0
TEXT
  5
104
330
17
100
AcDbEntity
  8
06-TEXTO
100
AcDbText
 10
1184.0
 20
295.5
 30
0.0
 40
3.5
  1
M
  7
ISO3098
 72
1
 11
1184.0
 21
295.5
 31
0.0
100
AcDbText
 73
2
  0
TEXT
  5
105
330
17
100
AcDbEntity
  8
06-TEXTO
100
AcDbText
 10
15.0
 20
345.5
 30
0.0
 40
3.5
  1
L
  7
ISO3098
 72
1
 11
15.0
 21
345.5
 31
0.0
100
AcDbText
 73
2
  0
TEXT
  5
106
330
17
100
AcDbEntity
  8
06-TEXTO
100
AcDbText
 10
1184.0
 20
345.5
 30
0.0
 40
3.5
  1
L
  7
ISO3098
 72
1
 11
1184.0
 21
345.5
 31
0.0
100
AcDbText
 73
2
  0
TEXT
  5
107
330
17
100
AcDbEntity
  8
06-TEXTO
100
AcDbText
 10
15.0
 20
395.5
 30
0.0
 40
3.5
  1
K
  7
ISO3098
 72
1
 11
15.0
 21
395.5
 31
0.0
100
AcDbText
 73
2
  0
TEXT
  5
108
330
17
100
AcDbEntity
  8
06-TEXTO
100
AcDbText
 10
1184.0
 20
395.5
 30
0.0
 40
3.5
  1
K
  7
ISO3098
 72
1
 11
1184.0
 21
395.5
 31
0.0
100
AcDbText
 73
2
  0
TEXT
  5
109
330
17
100
AcDbEntity
  8
06-TEXTO
100
AcDbText
 10
15.0
 20
445.5
 30
0.0
 40
3.5
  1
J
  7
ISO3098
 72
1
 11
15.0
 21
445.5
 31
0.0
100
AcDbText
 73
2
  0
TEXT
  5
10A
330
17
100
AcDbEntity
  8
06-TEXTO
100
AcDbText
 10
1184.0
 20
445.5
 30
0.0
 40
3.5
  1
J
  7
ISO3098
 72
1
 11
1184.0
 21
445.5
 31
0.0
100
AcDbText
 73
2
  0
TEXT
  5
10B
330
17
100
AcDbEntity
  8
06-TEXTO
100
AcDbText
 10
15.0
 20
495.5
 30
0.0
 40
3.5
  1
H
  7
ISO3098
 72
1
 11
15.0
 21
495.5
 31
0.0
100
AcDbText
 73
2
  0
TEXT
  5
10C
330
17
100
AcDbEntity
  8
06-TEXTO
100
AcDbText
 10
1184.0
 20
495.5
 30
0.0
 40
3.5
  1
H
  7
ISO3098
 72
1
 11
1184.0
 21
495.5
 31
0.0
100
AcDbText
 73
2
  0
TEXT
  5
10D
330
17
100
AcDbEntity
  8
06-TEXTO
100
AcDbText
 10
15.0
 20
545.5
 30
0.0
 40
3.5
  1
G
  7
ISO3098
 72
1
 11
15.0
 21
545.5
 31
0.0
100
AcDbText
 73
2
  0
TEXT
  5
10E
330
17
100
AcDbEntity
  8
06-TEXTO
100
AcDbText
 10
1184.0
 20
545.5
 30
0.0
 40
3.5
  1
G
  7
ISO3098
 72
1
 11
1184.0
 21
545.5
 31
0.0
100
AcDbText
 73
2
  0
TEXT
  5
10F
330
17
100
AcDbEntity
  8
06-TEXTO
100
AcDbText
 10
15.0
 20
595.5
 30
0.0
 40
3.5
  1
F
  7
ISO3098
 72
1
 11
15.0
 21
595.5
 31
0.0
100
AcDbText
 73
2
  0
TEXT
  5
110
330
17
100
AcDbEntity
  8
06-TEXTO
100
AcDbText
 10
1184.0
 20
595.5
 30
0.0
 40
3.5
  1
F
  7
ISO3098
 72
1
 11
1184.0
 21
595.5
 31
0.0
100
AcDbText
 73
2
  0
TEXT
  5
111
330
17
100
AcDbEntity
  8
06-TEXTO
100
AcDbText
 10
15.0
 20
645.5
 30
0.0
 40
3.5
  1
E
  7
ISO3098
 72
1
 11
15.0
 21
645.5
 31
0.0
100
AcDbText
 73
2
  0
TEXT
  5
112
330
17
100
AcDbEntity
  8
06-TEXTO
100
AcDbText
 10
1184.0
 20
645.5
 30
0.0
 40
3.5
  1
E
  7
ISO3098
 72
1
 11
1184.0
 21
645.5
 31
0.0
100
AcDbText
 73
2
  0
TEXT
  5
113
330
17
100
AcDbEntity
  8
06-TEXTO
100
AcDbText
 10
15.0
 20
695.5
 30
0.0
 40
3.5
  1
D
  7
ISO3098
 72
1
 11
15.0
 21
695.5
 31
0.0
100
AcDbText
 73
2
  0
TEXT
  5
114
330
17
100
AcDbEntity
  8
06-TEXTO
100
AcDbText
 10
1184.0
 20
695.5
 30
0.0
 40
3.5
  1
D
  7
ISO3098
 72
1
 11
1184.0
 21
695.5
 31
0.0
100
AcDbText
 73
2
  0
TEXT
  5
115
330
17
100
AcDbEntity
  8
06-TEXTO
100
AcDbText
 10
15.0
 20
745.5
 30
0.0
 40
3.5
  1
C
  7
ISO3098
 72
1
 11
15.0
 21
745.5
 31
0.0
100
AcDbText
 73
2
  0
TEXT
  5
116
330
17
100
AcDbEntity
  8
06-TEXTO
100
AcDbText
 10
1184.0
 20
745.5
 30
0.0
 40
3.5
  1
C
  7
ISO3098
 72
1
 11
1184.0
 21
745.5
 31
0.0
100
AcDbText
 73
2
  0
TEXT
  5
117
330
17
100
AcDbEntity
  8
06-TEXTO
100
AcDbText
 10
15.0
 20
795.5
 30
0.0
 40
3.5
  1
B
  7
ISO3098
 72
1
 11
15.0
 21
795.5
 31
0.0
100
AcDbText
 73
2
  0
TEXT
  5
118
330
17
100
AcDbEntity
  8
06-TEXTO
100
AcDbText
 10
1184.0
 20
795.5
 30
0.0
 40
3.5
  1
B
  7
ISO3098
 72
1
 11
1184.0
 21
795.5
 31
0.0
100
AcDbText
 73
2
  0
TEXT
  5
119
330
17
100
AcDbEntity
  8
06-TEXTO
100
AcDbText
 10
15.0
 20
825.75
 30
0.0
 40
3.5
  1
A
  7
ISO3098
 72
1
 11
15.0
 21
825.75
 31
0.0
100
AcDbText
 73
2
  0
TEXT
  5
11A
330
17
100
AcDbEntity
  8
06-TEXTO
100
AcDbText
 10
1184.0
 20
825.75
 30
0.0
 40
3.5
  1
A
  7
ISO3098
 72
1
 11
1184.0
 21
825.75
 31
0.0
100
AcDbText
 73
2
  0
LWPOLYLINE
  5
11B
330
17
100
AcDbEntity
  8
10-ROTULO
100
AcDbPolyline
 90
4
 70
1
 10
1004.0
 20
56.0
 10
1018.0
 20
56.0
 10
1018.0
 20
61.0
 10
1004.0
 20
61.0
  0
LWPOLYLINE
  5
11C
330
17
100
AcDbEntity
  8
10-ROTULO
100
AcDbPolyline
 90
4
 70
1
 10
1018.0
 20
56.0
 10
1034.0
 20
56.0
 10
1034.0
 20
61.0
 10
1018.0
 20
61.0
  0
TEXT
  5
11D
330
17
100
AcDbEntity
  8
11-TEXTO-ROTULO
100
AcDbText
 10
1026.0
 20
58.5
 30
0.0
 40
2.5
  1
Fecha
  7
ISO3098
 72
1
 11
1026.0
 21
58.5
 31
0.0
100
AcDbText
 73
2
  0
LWPOLYLINE
  5
11E
330
17
100
AcDbEntity
  8
10-ROTULO
100
AcDbPolyline
 90
4
 70
1
 10
1034.0
 20
56.0
 10
1059.0
 20
56.0
 10
1059.0
 20
61.0
 10
1034.0
 20
61.0
  0
TEXT
  5
11F
330
17
100
AcDbEntity
  8
11-TEXTO-ROTULO
100
AcDbText
 10
1046.5
 20
58.5
 30
0.0
 40
2.5
  1
Nombre
  7
ISO3098
 72
1
 11
1046.5
 21
58.5
 31
0.0
100
AcDbText
 73
2
  0
LWPOLYLINE
  5
120
330
17
100
AcDbEntity
  8
10-ROTULO
100
AcDbPolyline
 90
4
 70
1
 10
1004.0
 20
50.0
 10
1018.0
 20
50.0
 10
1018.0
 20
56.0
 10
1004.0
 20
56.0
  0
TEXT
  5
121
330
17
100
AcDbEntity
  8
11-TEXTO-ROTULO
100
AcDbText
 10
1005.5
 20
53.0
 30
0.0
 40
2.5
  1
Dibujó
  7
ISO3098
 11
1005.5
 21
53.0
 31
0.0
100
AcDbText
 73
2
  0
LWPOLYLINE
  5
122
330
17
100
AcDbEntity
  8
10-ROTULO
100
AcDbPolyline
 90
4
 70
1
 10
1018.0
 20
50.0
 10
1034.0
 20
50.0
 10
1034.0
 20
56.0
 10
1018.0
 20
56.0
  0
TEXT
  5
123
330
17
100
AcDbEntity
  8
11-TEXTO-ROTULO
100
AcDbText
 10
1026.0
 20
53.0
 30
0.0
 40
2.5
  1
02/10/26
  7
ISO3098
 72
1
 11
1026.0
 21
53.0
 31
0.0
100
AcDbText
 73
2
  0
LWPOLYLINE
  5
124
330
17
100
AcDbEntity
  8
10-ROTULO
100
AcDbPolyline
 90
4
 70
1
 10
1034.0
 20
50.0
 10
1059.0
 20
50.0
 10
1059.0
 20
56.0
 10
1034.0
 20
56.0
  0
TEXT
  5
125
330
17
100
AcDbEntity
  8
11-TEXTO-ROTULO
100
AcDbText
 10
1046.5
 20
53.0
 30
0.0
 40
2.5
  1
Claude Code
  7
ISO3098
 72
1
 11
1046.5
 21
53.0
 31
0.0
100
AcDbText
 73
2
  0
LWPOLYLINE
  5
126
330
17
100
AcDbEntity
  8
10-ROTULO
100
AcDbPolyline
 90
4
 70
1
 10
1004.0
 20
44.0
 10
1018.0
 20
44.0
 10
1018.0
 20
50.0
 10
1004.0
 20
50.0
  0
TEXT
  5
127
330
17
100
AcDbEntity
  8
11-TEXTO-ROTULO
100
AcDbText
 10
1005.5
 20
47.0
 30
0.0
 40
2.5
  1
Revisó
  7
ISO3098
 11
1005.5
 21
47.0
 31
0.0
100
AcDbText
 73
2
  0
LWPOLYLINE
  5
128
330
17
100
AcDbEntity
  8
10-ROTULO
100
AcDbPolyline
 90
4
 70
1
 10
1018.0
 20
44.0
 10
1034.0
 20
44.0
 10
1034.0
 20
50.0
 10
1018.0
 20
50.0
  0
LWPOLYLINE
  5
129
330
17
100
AcDbEntity
  8
10-ROTULO
100
AcDbPolyline
 90
4
 70
1
 10
1034.0
 20
44.0
 10
1059.0
 20
44.0
 10
1059.0
 20
50.0
 10
1034.0
 20
50.0
  0
LWPOLYLINE
  5
12A
330
17
100
AcDbEntity
  8
10-ROTULO
100
AcDbPolyline
 90
4
 70
1
 10
1004.0
 20
38.0
 10
1018.0
 20
38.0
 10
1018.0
 20
44.0
 10
1004.0
 20
44.0
  0
TEXT
  5
12B
330
17
100
AcDbEntity
  8
11-TEXTO-ROTULO
100
AcDbText
 10
1005.5
 20
41.0
 30
0.0
 40
2.5
  1
Aprobó
  7
ISO3098
 11
1005.5
 21
41.0
 31
0.0
100
AcDbText
 73
2
  0
LWPOLYLINE
  5
12C
330
17
100
AcDbEntity
  8
10-ROTULO
100
AcDbPolyline
 90
4
 70
1
 10
1018.0
 20
38.0
 10
1034.0
 20
38.0
 10
1034.0
 20
44.0
 10
1018.0
 20
44.0
  0
LWPOLYLINE
  5
12D
330
17
100
AcDbEntity
  8
10-ROTULO
100
AcDbPolyline
 90
4
 70
1
 10
1034.0
 20
38.0
 10
1059.0
 20
38.0
 10
1059.0
 20
44.0
 10
1034.0
 20
44.0
  0
LWPOLYLINE
  5
12E
330
17
100
AcDbEntity
  8
10-ROTULO
100
AcDbPolyline
 90
4
 70
1
 10
1004.0
 20
24.0
 10
1024.0
 20
24.0
 10
1024.0
 20
38.0
 10
1004.0
 20
38.0
  0
TEXT
  5
12F
330
17
100
AcDbEntity
  8
11-TEXTO-ROTULO
100
AcDbText
 10
1005.0
 20
37.0
 30
0.0
 40
1.8
  1
Escala
  7
ISO3098
 11
1005.0
 21
37.0
 31
0.0
100
AcDbText
 73
3
  0
TEXT
  5
130
330
17
100
AcDbEntity
  8
11-TEXTO-ROTULO
100
AcDbText
 10
1014.0
 20
29.6
 30
0.0
 40
5.0
  1
1:50
  7
ISO3098
 72
1
 11
1014.0
 21
29.6
 31
0.0
100
AcDbText
 73
2
  0
LWPOLYLINE
  5
131
330
17
100
AcDbEntity
  8
10-ROTULO
100
AcDbPolyline
 90
4
 70
1
 10
1024.0
 20
24.0
 10
1059.0
 20
24.0
 10
1059.0
 20
38.0
 10
1024.0
 20
38.0
  0
TEXT
  5
132
330
17
100
AcDbEntity
  8
11-TEXTO-ROTULO
100
AcDbText
 10
1025.0
 20
37.0
 30
0.0
 40
1.8
  1
Método de proyección
  7
ISO3098
 11
1025.0
 21
37.0
 31
0.0
100
AcDbText
 73
3
  0
CIRCLE
  5
133
330
17
100
AcDbEntity
  8
01-VISIBLE
100
AcDbCircle
 10
1034.0
 20
29.5
 30
0.0
 40
2.5
  0
CIRCLE
  5
134
330
17
100
AcDbEntity
  8
01-VISIBLE
100
AcDbCircle
 10
1034.0
 20
29.5
 30
0.0
 40
1.25
  0
LWPOLYLINE
  5
135
330
17
100
AcDbEntity
  8
01-VISIBLE
100
AcDbPolyline
 90
4
 70
1
 10
1039.0
 20
27.0
 10
1044.0
 20
28.25
 10
1044.0
 20
30.75
 10
1039.0
 20
32.0
  0
LINE
  5
136
330
17
100
AcDbEntity
  8
03-EJE
100
AcDbLine
 10
1030.0
 20
29.5
 30
0.0
 11
1045.5
 21
29.5
 31
0.0
  0
LINE
  5
137
330
17
100
AcDbEntity
  8
03-EJE
100
AcDbLine
 10
1034.0
 20
25.5
 30
0.0
 11
1034.0
 21
33.5
 31
0.0
  0
TEXT
  5
138
330
17
100
AcDbEntity
  8
11-TEXTO-ROTULO
100
AcDbText
 10
1055.5
 20
29.5
 30
0.0
 40
2.5
  1
ISO E
  7
ISO3098
 72
2
 11
1055.5
 21
29.5
 31
0.0
100
AcDbText
 73
2
  0
LWPOLYLINE
  5
139
330
17
100
AcDbEntity
  8
10-ROTULO
100
AcDbPolyline
 90
4
 70
1
 10
1004.0
 20
10.0
 10
1037.0
 20
10.0
 10
1037.0
 20
24.0
 10
1004.0
 20
24.0
  0
TEXT
  5
13A
330
17
100
AcDbEntity
  8
11-TEXTO-ROTULO
100
AcDbText
 10
1005.0
 20
23.0
 30
0.0
 40
1.8
  1
Unidades
  7
ISO3098
 11
1005.0
 21
23.0
 31
0.0
100
AcDbText
 73
3
  0
TEXT
  5
13B
330
17
100
AcDbEntity
  8
11-TEXTO-ROTULO
100
AcDbText
 10
1020.5
 20
15.6
 30
0.0
 40
3.5
  1
Cotas en m
  7
ISO3098
 72
1
 11
1020.5
 21
15.6
 31
0.0
100
AcDbText
 73
2
  0
LWPOLYLINE
  5
13C
330
17
100
AcDbEntity
  8
10-ROTULO
100
AcDbPolyline
 90
4
 70
1
 10
1037.0
 20
10.0
 10
1059.0
 20
10.0
 10
1059.0
 20
24.0
 10
1037.0
 20
24.0
  0
TEXT
  5
13D
330
17
100
AcDbEntity
  8
11-TEXTO-ROTULO
100
AcDbText
 10
1038.0
 20
23.0
 30
0.0
 40
1.8
  1
Formato
  7
ISO3098
 11
1038.0
 21
23.0
 31
0.0
100
AcDbText
 73
3
  0
TEXT
  5
13E
330
17
100
AcDbEntity
  8
11-TEXTO-ROTULO
100
AcDbText
 10
1048.0
 20
15.6
 30
0.0
 40
3.5
  1
A0
  7
ISO3098
 72
1
 11
1048.0
 21
15.6
 31
0.0
100
AcDbText
 73
2
  0
LWPOLYLINE
  5
13F
330
17
100
AcDbEntity
  8
10-ROTULO
100
AcDbPolyline
 90
4
 70
1
 10
1059.0
 20
49.0
 10
1129.0
 20
49.0
 10
1129.0
 20
61.0
 10
1059.0
 20
61.0
  0
TEXT
  5
140
330
17
100
AcDbEntity
  8
11-TEXTO-ROTULO
100
AcDbText
 10
1060.0
 20
60.0
 30
0.0
 40
1.8
  1
Propietario
  7
ISO3098
 11
1060.0
 21
60.0
 31
0.0
100
AcDbText
 73
3
  0
TEXT
  5
141
330
17
100
AcDbEntity
  8
11-TEXTO-ROTULO
100
AcDbText
 10
1094.0
 20
53.6
 30
0.0
 40
5.0
  1
FLAMA S.A.
  7
ISO3098
 72
1
 11
1094.0
 21
53.6
 31
0.0
100
AcDbText
 73
2
  0
LWPOLYLINE
  5
142
330
17
100
AcDbEntity
  8
10-ROTULO
100
AcDbPolyline
 90
4
 70
1
 10
1059.0
 20
22.0
 10
1129.0
 20
22.0
 10
1129.0
 20
49.0
 10
1059.0
 20
49.0
  0
TEXT
  5
143
330
17
100
AcDbEntity
  8
11-TEXTO-ROTULO
100
AcDbText
 10
1060.0
 20
48.0
 30
0.0
 40
1.8
  1
Denominación
  7
ISO3098
 11
1060.0
 21
48.0
 31
0.0
100
AcDbText
 73
3
  0
TEXT
  5
144
330
17
100
AcDbEntity
  8
11-TEXTO-ROTULO
100
AcDbText
 10
1094.0
 20
35.0
 30
0.0
 40
3.5
  1
Logística de MP y de PT
  7
ISO3098
 72
1
 11
1094.0
 21
35.0
 31
0.0
100
AcDbText
 73
2
  0
TEXT
  5
145
330
17
100
AcDbEntity
  8
11-TEXTO-ROTULO
100
AcDbText
 10
1094.0
 20
25.5
 30
0.0
 40
1.8
  1
Descarga, almacén, carga a máquina, políticas de stock y expedición
  7
ISO3098
 72
1
 11
1094.0
 21
25.5
 31
0.0
100
AcDbText
 73
2
  0
LWPOLYLINE
  5
146
330
17
100
AcDbEntity
  8
10-ROTULO
100
AcDbPolyline
 90
4
 70
1
 10
1059.0
 20
10.0
 10
1129.0
 20
10.0
 10
1129.0
 20
22.0
 10
1059.0
 20
22.0
  0
TEXT
  5
147
330
17
100
AcDbEntity
  8
11-TEXTO-ROTULO
100
AcDbText
 10
1060.0
 20
21.0
 30
0.0
 40
1.8
  1
Tipo de documento
  7
ISO3098
 11
1060.0
 21
21.0
 31
0.0
100
AcDbText
 73
3
  0
TEXT
  5
148
330
17
100
AcDbEntity
  8
11-TEXTO-ROTULO
100
AcDbText
 10
1094.0
 20
14.6
 30
0.0
 40
3.5
  1
Plano de detalle
  7
ISO3098
 72
1
 11
1094.0
 21
14.6
 31
0.0
100
AcDbText
 73
2
  0
LWPOLYLINE
  5
149
330
17
100
AcDbEntity
  8
10-ROTULO
100
AcDbPolyline
 90
4
 70
1
 10
1129.0
 20
53.0
 10
1179.0
 20
53.0
 10
1179.0
 20
61.0
 10
1129.0
 20
61.0
  0
TEXT
  5
14A
330
17
100
AcDbEntity
  8
11-TEXTO-ROTULO
100
AcDbText
 10
1130.0
 20
60.0
 30
0.0
 40
1.8
  1
Reemplaza a / Reemplazado por
  7
ISO3098
 11
1130.0
 21
60.0
 31
0.0
100
AcDbText
 73
3
  0
TEXT
  5
14B
330
17
100
AcDbEntity
  8
11-TEXTO-ROTULO
100
AcDbText
 10
1154.0
 20
55.6
 30
0.0
 40
1.8
  1
-
  7
ISO3098
 72
1
 11
1154.0
 21
55.6
 31
0.0
100
AcDbText
 73
2
  0
LWPOLYLINE
  5
14C
330
17
100
AcDbEntity
  8
10-ROTULO
100
AcDbPolyline
 90
4
 70
1
 10
1129.0
 20
43.0
 10
1179.0
 20
43.0
 10
1179.0
 20
53.0
 10
1129.0
 20
53.0
  0
TEXT
  5
14D
330
17
100
AcDbEntity
  8
11-TEXTO-ROTULO
100
AcDbText
 10
1130.0
 20
52.0
 30
0.0
 40
1.8
  1
Material
  7
ISO3098
 11
1130.0
 21
52.0
 31
0.0
100
AcDbText
 73
3
  0
TEXT
  5
14E
330
17
100
AcDbEntity
  8
11-TEXTO-ROTULO
100
AcDbText
 10
1154.0
 20
46.6
 30
0.0
 40
2.5
  1
-
  7
ISO3098
 72
1
 11
1154.0
 21
46.6
 31
0.0
100
AcDbText
 73
2
  0
LWPOLYLINE
  5
14F
330
17
100
AcDbEntity
  8
10-ROTULO
100
AcDbPolyline
 90
4
 70
1
 10
1129.0
 20
33.0
 10
1151.0
 20
33.0
 10
1151.0
 20
43.0
 10
1129.0
 20
43.0
  0
TEXT
  5
150
330
17
100
AcDbEntity
  8
11-TEXTO-ROTULO
100
AcDbText
 10
1130.0
 20
42.0
 30
0.0
 40
1.8
  1
Edición
  7
ISO3098
 11
1130.0
 21
42.0
 31
0.0
100
AcDbText
 73
3
  0
TEXT
  5
151
330
17
100
AcDbEntity
  8
11-TEXTO-ROTULO
100
AcDbText
 10
1140.0
 20
36.6
 30
0.0
 40
3.5
  1
0
  7
ISO3098
 72
1
 11
1140.0
 21
36.6
 31
0.0
100
AcDbText
 73
2
  0
LWPOLYLINE
  5
152
330
17
100
AcDbEntity
  8
10-ROTULO
100
AcDbPolyline
 90
4
 70
1
 10
1151.0
 20
33.0
 10
1179.0
 20
33.0
 10
1179.0
 20
43.0
 10
1151.0
 20
43.0
  0
TEXT
  5
153
330
17
100
AcDbEntity
  8
11-TEXTO-ROTULO
100
AcDbText
 10
1152.0
 20
42.0
 30
0.0
 40
1.8
  1
Fecha de emisión
  7
ISO3098
 11
1152.0
 21
42.0
 31
0.0
100
AcDbText
 73
3
  0
TEXT
  5
154
330
17
100
AcDbEntity
  8
11-TEXTO-ROTULO
100
AcDbText
 10
1165.0
 20
36.6
 30
0.0
 40
2.5
  1
02/10/2026
  7
ISO3098
 72
1
 11
1165.0
 21
36.6
 31
0.0
100
AcDbText
 73
2
  0
LWPOLYLINE
  5
155
330
17
100
AcDbEntity
  8
10-ROTULO
100
AcDbPolyline
 90
4
 70
1
 10
1129.0
 20
23.0
 10
1151.0
 20
23.0
 10
1151.0
 20
33.0
 10
1129.0
 20
33.0
  0
TEXT
  5
156
330
17
100
AcDbEntity
  8
11-TEXTO-ROTULO
100
AcDbText
 10
1130.0
 20
32.0
 30
0.0
 40
1.8
  1
Hoja
  7
ISO3098
 11
1130.0
 21
32.0
 31
0.0
100
AcDbText
 73
3
  0
TEXT
  5
157
330
17
100
AcDbEntity
  8
11-TEXTO-ROTULO
100
AcDbText
 10
1140.0
 20
26.6
 30
0.0
 40
3.5
  1
1 / 2
  7
ISO3098
 72
1
 11
1140.0
 21
26.6
 31
0.0
100
AcDbText
 73
2
  0
LWPOLYLINE
  5
158
330
17
100
AcDbEntity
  8
10-ROTULO
100
AcDbPolyline
 90
4
 70
1
 10
1151.0
 20
23.0
 10
1179.0
 20
23.0
 10
1179.0
 20
33.0
 10
1151.0
 20
33.0
  0
TEXT
  5
159
330
17
100
AcDbEntity
  8
11-TEXTO-ROTULO
100
AcDbText
 10
1152.0
 20
32.0
 30
0.0
 40
1.8
  1
Idioma
  7
ISO3098
 11
1152.0
 21
32.0
 31
0.0
100
AcDbText
 73
3
  0
TEXT
  5
15A
330
17
100
AcDbEntity
  8
11-TEXTO-ROTULO
100
AcDbText
 10
1165.0
 20
26.6
 30
0.0
 40
3.5
  1
es
  7
ISO3098
 72
1
 11
1165.0
 21
26.6
 31
0.0
100
AcDbText
 73
2
  0
LWPOLYLINE
  5
15B
330
17
100
AcDbEntity
  8
10-ROTULO
100
AcDbPolyline
 90
4
 70
1
 10
1129.0
 20
10.0
 10
1179.0
 20
10.0
 10
1179.0
 20
23.0
 10
1129.0
 20
23.0
  0
TEXT
  5
15C
330
17
100
AcDbEntity
  8
11-TEXTO-ROTULO
100
AcDbText
 10
1130.0
 20
22.0
 30
0.0
 40
1.8
  1
N° de plano
  7
ISO3098
 11
1130.0
 21
22.0
 31
0.0
100
AcDbText
 73
3
  0
TEXT
  5
15D
330
17
100
AcDbEntity
  8
11-TEXTO-ROTULO
100
AcDbText
 10
1154.0
 20
15.1
 30
0.0
 40
5.0
  1
FL_PI_04
  7
ISO3098
 72
1
 11
1154.0
 21
15.1
 31
0.0
100
AcDbText
 73
2
  0
LWPOLYLINE
  5
15E
330
17
100
AcDbEntity
  8
07-RECUADRO
100
AcDbPolyline
 90
4
 70
1
 10
1004.0
 20
10.0
 10
1179.0
 20
10.0
 10
1179.0
 20
61.0
 10
1004.0
 20
61.0
  0
TEXT
  5
15F
330
17
100
AcDbEntity
  8
A-TEXTO
100
AcDbText
 10
33.0
 20
823.0
 30
0.0
 40
7.0
  1
FL_PI_04 - LOGÍSTICA DE MATERIA PRIMA Y DE PRODUCTO TERMINADO
  7
ISO3098
 11
33.0
 21
823.0
 31
0.0
100
AcDbText
 73
3
  0
TEXT
  5
160
330
17
100
AcDbEntity
  8
A-TEXTO
100
AcDbText
 10
33.0
 20
813.0
 30
0.0
 40
3.5
  1
Detalles 1:50 del almacén de MP y de la expedición, con la secuencia de cada movimiento. Flota calculada por métodos y tiempos.
  7
ISO3098
 11
33.0
 21
813.0
 31
0.0
100
AcDbText
 73
3
  0
HATCH
  5
161
330
17
100
AcDbEntity
  8
A-RELLENO
 62
7
420
13492725
100
AcDbHatch
 10
0.0
 20
0.0
 30
0.0
210
0.0
220
0.0
230
1.0
  2
SOLID
 70
1
 71
0
 91
1
 92
3
 72
0
 73
1
 93
4
 10
71.0
 20
311.0
 10
101.0
 20
311.0
 10
101.0
 20
571.0
 10
71.0
 20
571.0
 97
0
 75
1
 76
1
 98
0
  0
LWPOLYLINE
  5
162
330
17
100
AcDbEntity
  8
A-SECTOR
100
AcDbPolyline
 90
4
 70
1
 10
71.0
 20
311.0
 10
101.0
 20
311.0
 10
101.0
 20
571.0
 10
71.0
 20
571.0
  0
HATCH
  5
163
330
17
100
AcDbEntity
  8
A-RELLENO
 62
7
420
15263976
100
AcDbHatch
 10
0.0
 20
0.0
 30
0.0
210
0.0
220
0.0
230
1.0
  2
SOLID
 70
1
 71
0
 91
1
 92
3
 72
0
 73
1
 93
4
 10
71.0
 20
575.0
 10
101.0
 20
575.0
 10
101.0
 20
649.0
 10
71.0
 20
649.0
 97
0
 75
1
 76
1
 98
0
  0
LWPOLYLINE
  5
164
330
17
100
AcDbEntity
  8
A-SECTOR
100
AcDbPolyline
 90
4
 70
1
 10
71.0
 20
575.0
 10
101.0
 20
575.0
 10
101.0
 20
649.0
 10
71.0
 20
649.0
  0
HATCH
  5
165
330
17
100
AcDbEntity
  8
A-RELLENO
 62
7
420
13492725
100
AcDbHatch
 10
0.0
 20
0.0
 30
0.0
210
0.0
220
0.0
230
1.0
  2
SOLID
 70
1
 71
0
 91
1
 92
3
 72
0
 73
1
 93
4
 10
177.0
 20
311.0
 10
207.0
 20
311.0
 10
207.0
 20
649.0
 10
177.0
 20
649.0
 97
0
 75
1
 76
1
 98
0
  0
LWPOLYLINE
  5
166
330
17
100
AcDbEntity
  8
A-SECTOR
100
AcDbPolyline
 90
4
 70
1
 10
177.0
 20
311.0
 10
207.0
 20
311.0
 10
207.0
 20
649.0
 10
177.0
 20
649.0
  0
HATCH
  5
167
330
17
100
AcDbEntity
  8
A-RELLENO
 62
7
420
13492725
100
AcDbHatch
 10
0.0
 20
0.0
 30
0.0
210
0.0
220
0.0
230
1.0
  2
SOLID
 70
1
 71
0
 91
1
 92
3
 72
0
 73
1
 93
4
 10
211.0
 20
311.0
 10
243.0
 20
311.0
 10
243.0
 20
649.0
 10
211.0
 20
649.0
 97
0
 75
1
 76
1
 98
0
  0
LWPOLYLINE
  5
168
330
17
100
AcDbEntity
  8
A-SECTOR
100
AcDbPolyline
 90
4
 70
1
 10
211.0
 20
311.0
 10
243.0
 20
311.0
 10
243.0
 20
649.0
 10
211.0
 20
649.0
  0
HATCH
  5
1E4
330
17
100
AcDbEntity
  8
A-RELLENO
 62
7
420
16639176
100
AcDbHatch
 10
0.0
 20
0.0
 30
0.0
210
0.0
220
0.0
230
1.0
  2
SOLID
 70
1
 71
0
 91
1
 92
3
 72
0
 73
1
 93
4
 10
319.0
 20
311.0
 10
319.0
 20
405.0
 10
513.0
 20
405.0
 10
513.0
 20
311.0
 97
0
 75
1
 76
1
 98
0
  0
LWPOLYLINE
  5
1E5
330
17
100
AcDbEntity
  8
A-SECTOR
100
AcDbPolyline
 90
2
 70
0
 10
319.0
 20
311.0
 10
513.0
 20
311.0
  0
LWPOLYLINE
  5
1E6
330
17
100
AcDbEntity
  8
A-SECTOR
100
AcDbPolyline
 90
3
 70
0
 10
513.0
 20
405.0
 10
319.0
 20
405.0
 10
319.0
 20
311.0
  0
HATCH
  5
1E7
330
17
100
AcDbEntity
  8
A-RELLENO
 62
7
420
16639176
100
AcDbHatch
 10
0.0
 20
0.0
 30
0.0
210
0.0
220
0.0
230
1.0
  2
SOLID
 70
1
 71
0
 91
1
 92
3
 72
0
 73
1
 93
4
 10
319.0
 20
409.0
 10
319.0
 20
531.0
 10
513.0
 20
531.0
 10
513.0
 20
409.0
 97
0
 75
1
 76
1
 98
0
  0
LWPOLYLINE
  5
1E8
330
17
100
AcDbEntity
  8
A-SECTOR
100
AcDbPolyline
 90
2
 70
0
 10
319.0
 20
409.0
 10
513.0
 20
409.0
  0
LWPOLYLINE
  5
1E9
330
17
100
AcDbEntity
  8
A-SECTOR
100
AcDbPolyline
 90
3
 70
0
 10
513.0
 20
531.0
 10
319.0
 20
531.0
 10
319.0
 20
409.0
  0
HATCH
  5
1EA
330
17
100
AcDbEntity
  8
A-RELLENO
 62
7
420
16639176
100
AcDbHatch
 10
0.0
 20
0.0
 30
0.0
210
0.0
220
0.0
230
1.0
  2
SOLID
 70
1
 71
0
 91
1
 92
3
 72
0
 73
1
 93
4
 10
319.0
 20
532.0
 10
319.0
 20
685.0
 10
513.0
 20
685.0
 10
513.0
 20
532.0
 97
0
 75
1
 76
1
 98
0
  0
LWPOLYLINE
  5
1EB
330
17
100
AcDbEntity
  8
A-SECTOR
100
AcDbPolyline
 90
2
 70
0
 10
319.0
 20
532.0
 10
513.0
 20
532.0
  0
LWPOLYLINE
  5
1EC
330
17
100
AcDbEntity
  8
A-SECTOR
100
AcDbPolyline
 90
3
 70
0
 10
513.0
 20
685.0
 10
319.0
 20
685.0
 10
319.0
 20
532.0
  0
HATCH
  5
1ED
330
17
100
AcDbEntity
  8
A-RELLENO
 62
7
420
16119285
100
AcDbHatch
 10
0.0
 20
0.0
 30
0.0
210
0.0
220
0.0
230
1.0
  2
SOLID
 70
1
 71
0
 91
1
 92
3
 72
0
 73
1
 93
4
 10
33.0
 20
275.0
 10
33.0
 20
305.0
 10
61.0
 20
305.0
 10
61.0
 20
275.0
 97
0
 75
1
 76
1
 98
0
  0
LWPOLYLINE
  5
1EE
330
17
100
AcDbEntity
  8
A-LOCAL
100
AcDbPolyline
 90
2
 70
0
 10
33.0
 20
275.0
 10
61.0
 20
275.0
  0
LWPOLYLINE
  5
1EF
330
17
100
AcDbEntity
  8
A-LOCAL
100
AcDbPolyline
 90
3
 70
0
 10
61.0
 20
275.0
 10
61.0
 20
305.0
 10
33.0
 20
305.0
  0
HATCH
  5
1F0
330
17
100
AcDbEntity
  8
A-RELLENO
 62
7
420
16775373
100
AcDbHatch
 10
0.0
 20
0.0
 30
0.0
210
0.0
220
0.0
230
1.0
  2
SOLID
 70
1
 71
0
 91
1
 92
3
 72
0
 73
1
 93
4
 10
61.0
 20
569.0
 10
61.0
 20
307.0
 10
33.0
 20
307.0
 10
33.0
 20
569.0
 97
0
 75
1
 76
1
 98
0
  0
LWPOLYLINE
  5
1F1
330
17
100
AcDbEntity
  8
A-LOCAL
100
AcDbPolyline
 90
4
 70
0
 10
33.0
 20
307.0
 10
61.0
 20
307.0
 10
61.0
 20
569.0
 10
33.0
 20
569.0
  0
LINE
  5
1F9
330
17
100
AcDbEntity
  8
A-PASILLO
100
AcDbLine
 10
69.0
 20
279.0
 30
0.0
 11
69.0
 21
303.0
 31
0.0
  0
LINE
  5
1FC
330
17
100
AcDbEntity
  8
A-PASILLO
100
AcDbLine
 10
245.0
 20
307.0
 30
0.0
 11
317.0
 21
307.0
 31
0.0
  0
LINE
  5
1FD
330
17
100
AcDbEntity
  8
A-PASILLO
100
AcDbLine
 10
245.0
 20
651.0
 30
0.0
 11
317.0
 21
651.0
 31
0.0
  0
LINE
  5
1FE
330
17
100
AcDbEntity
  8
A-PASILLO
100
AcDbLine
 10
245.0
 20
307.0
 30
0.0
 11
245.0
 21
651.0
 31
0.0
  0
LINE
  5
1FF
330
17
100
AcDbEntity
  8
A-PASILLO
100
AcDbLine
 10
317.0
 20
307.0
 30
0.0
 11
317.0
 21
651.0
 31
0.0
  0
TEXT
  5
200
330
17
100
AcDbEntity
  8
A-TEXTO
100
AcDbText
 10
281.0
 20
479.00000000000006
 30
0.0
 40
1.7600000000000002
  1
A2 3,60 m
 50
90.0
  7
ISO3098
 72
1
 11
281.0
 21
479.00000000000006
 31
0.0
100
AcDbText
 73
2
  0
LINE
  5
201
330
17
100
AcDbEntity
  8
A-PASILLO
100
AcDbLine
 10
103.0
 20
307.0
 30
0.0
 11
175.0
 21
307.0
 31
0.0
  0
LINE
  5
202
330
17
100
AcDbEntity
  8
A-PASILLO
100
AcDbLine
 10
103.0
 20
651.0
 30
0.0
 11
175.0
 21
651.0
 31
0.0
  0
LINE
  5
203
330
17
100
AcDbEntity
  8
A-PASILLO
100
AcDbLine
 10
103.0
 20
307.0
 30
0.0
 11
103.0
 21
651.0
 31
0.0
  0
LINE
  5
204
330
17
100
AcDbEntity
  8
A-PASILLO
100
AcDbLine
 10
175.0
 20
307.0
 30
0.0
 11
175.0
 21
651.0
 31
0.0
  0
TEXT
  5
205
330
17
100
AcDbEntity
  8
A-TEXTO
100
AcDbText
 10
139.0
 20
479.00000000000006
 30
0.0
 40
1.7600000000000002
  1
A1 3,60 m
 50
90.0
  7
ISO3098
 72
1
 11
139.0
 21
479.00000000000006
 31
0.0
100
AcDbText
 73
2
  0
LINE
  5
206
330
17
100
AcDbEntity
  8
A-PASILLO
100
AcDbLine
 10
69.0
 20
653.0
 30
0.0
 11
317.0
 21
653.0
 31
0.0
  0
LINE
  5
207
330
17
100
AcDbEntity
  8
A-PASILLO
100
AcDbLine
 10
69.0
 20
687.0
 30
0.0
 11
317.0
 21
687.0
 31
0.0
  0
LINE
  5
208
330
17
100
AcDbEntity
  8
A-PASILLO
100
AcDbLine
 10
69.0
 20
653.0
 30
0.0
 11
69.0
 21
687.0
 31
0.0
  0
LINE
  5
209
330
17
100
AcDbEntity
  8
A-PASILLO
100
AcDbLine
 10
317.0
 20
653.0
 30
0.0
 11
317.0
 21
687.0
 31
0.0
  0
TEXT
  5
20A
330
17
100
AcDbEntity
  8
A-TEXTO
100
AcDbText
 10
193.0
 20
670.0
 30
0.0
 40
1.7600000000000002
  1
AN 1,70 m
  7
ISO3098
 72
1
 11
193.0
 21
670.0
 31
0.0
100
AcDbText
 73
2
  0
LINE
  5
221
330
17
100
AcDbEntity
  8
A-PASILLO
100
AcDbLine
 10
319.0
 20
598.0
 30
0.0
 11
319.0
 21
618.0
 31
0.0
  0
LINE
  5
226
330
17
100
AcDbEntity
  8
A-PASILLO
100
AcDbLine
 10
319.0
 20
455.99999999999994
 30
0.0
 11
319.0
 21
484.00000000000006
 31
0.0
  0
TEXT
  5
228
330
17
100
AcDbEntity
  8
A-TEXTO
100
AcDbText
 10
495.0
 20
470.0
 30
0.0
 40
1.7600000000000002
  1
PO-L 1,40 m
  7
ISO3098
 72
1
 11
495.0
 21
470.0
 31
0.0
100
AcDbText
 73
2
  0
HATCH
  5
274
330
17
100
AcDbEntity
  8
A-SENDA
 62
7
420
14132480
100
AcDbHatch
 10
0.0
 20
0.0
 30
0.0
210
0.0
220
0.0
230
1.0
  2
SOLID
 70
1
 71
0
 91
1
 92
3
 72
0
 73
1
 93
4
 10
407.0
 20
596.0
 10
414.99999999999994
 20
596.0
 10
414.99999999999994
 20
620.0
 10
407.0
 20
620.0
 97
0
 75
1
 76
1
 98
0
  0
HATCH
  5
275
330
17
100
AcDbEntity
  8
A-SENDA
 62
7
420
14132480
100
AcDbHatch
 10
0.0
 20
0.0
 30
0.0
210
0.0
220
0.0
230
1.0
  2
SOLID
 70
1
 71
0
 91
1
 92
3
 72
0
 73
1
 93
4
 10
423.0
 20
596.0
 10
431.0
 20
596.0
 10
431.0
 20
620.0
 10
423.0
 20
620.0
 97
0
 75
1
 76
1
 98
0
  0
TEXT
  5
276
330
17
100
AcDbEntity
  8
A-TEXTO
100
AcDbText
 10
419.0
 20
636.0
 30
0.0
 40
1.7600000000000002
  1
X1
  7
ISO3098
 72
1
 11
419.0
 21
636.0
 31
0.0
100
AcDbText
 73
2
  0
HATCH
  5
277
330
17
100
AcDbEntity
  8
A-SENDA
 62
7
420
14132480
100
AcDbHatch
 10
0.0
 20
0.0
 30
0.0
210
0.0
220
0.0
230
1.0
  2
SOLID
 70
1
 71
0
 91
1
 92
3
 72
0
 73
1
 93
4
 10
431.0
 20
353.0
 10
438.99999999999994
 20
353.0
 10
438.99999999999994
 20
377.0
 10
431.0
 20
377.0
 97
0
 75
1
 76
1
 98
0
  0
HATCH
  5
278
330
17
100
AcDbEntity
  8
A-SENDA
 62
7
420
14132480
100
AcDbHatch
 10
0.0
 20
0.0
 30
0.0
210
0.0
220
0.0
230
1.0
  2
SOLID
 70
1
 71
0
 91
1
 92
3
 72
0
 73
1
 93
4
 10
447.0
 20
353.0
 10
454.99999999999994
 20
353.0
 10
454.99999999999994
 20
377.0
 10
447.0
 20
377.0
 97
0
 75
1
 76
1
 98
0
  0
TEXT
  5
279
330
17
100
AcDbEntity
  8
A-TEXTO
100
AcDbText
 10
443.0
 20
393.00000000000006
 30
0.0
 40
1.7600000000000002
  1
X2
  7
ISO3098
 72
1
 11
443.0
 21
393.00000000000006
 31
0.0
100
AcDbText
 73
2
  0
HATCH
  5
27A
330
17
100
AcDbEntity
  8
A-SENDA
 62
7
420
14132480
100
AcDbHatch
 10
0.0
 20
0.0
 30
0.0
210
0.0
220
0.0
230
1.0
  2
SOLID
 70
1
 71
0
 91
1
 92
3
 72
0
 73
1
 93
4
 10
501.0
 20
458.0
 10
508.99999999999994
 20
458.0
 10
508.99999999999994
 20
482.0
 10
501.0
 20
482.0
 97
0
 75
1
 76
1
 98
0
  0
HATCH
  5
2B2
330
17
100
AcDbEntity
  8
A-DEFENSA
 62
7
420
16107520
100
AcDbHatch
 10
0.0
 20
0.0
 30
0.0
210
0.0
220
0.0
230
1.0
  2
SOLID
 70
1
 71
0
 91
1
 92
3
 72
0
 73
1
 93
4
 10
69.0
 20
275.0
 10
245.0
 20
275.0
 10
245.0
 20
279.00000000000006
 10
69.0
 20
279.00000000000006
 97
0
 75
1
 76
1
 98
0
  0
LINE
  5
2B4
330
17
100
AcDbEntity
  8
A-DEFENSA
100
AcDbLine
 10
69.0
 20
279.00000000000006
 30
0.0
 11
245.0
 21
279.00000000000006
 31
0.0
  0
HATCH
  5
2BB
330
17
100
AcDbEntity
  8
A-DEFENSA
 62
7
420
16107520
100
AcDbHatch
 10
0.0
 20
0.0
 30
0.0
210
0.0
220
0.0
230
1.0
  2
SOLID
 70
1
 71
0
 91
1
 92
3
 72
0
 73
1
 93
4
 10
317.0
 20
275.0
 10
395.0
 20
275.0
 10
395.0
 20
279.00000000000006
 10
317.0
 20
279.00000000000006
 97
0
 75
1
 76
1
 98
0
  0
LINE
  5
2BD
330
17
100
AcDbEntity
  8
A-DEFENSA
100
AcDbLine
 10
317.0
 20
279.00000000000006
 30
0.0
 11
395.0
 21
279.00000000000006
 31
0.0
  0
HATCH
  5
2C1
330
17
100
AcDbEntity
  8
A-DEFENSA
 62
7
420
16107520
100
AcDbHatch
 10
0.0
 20
0.0
 30
0.0
210
0.0
220
0.0
230
1.0
  2
SOLID
 70
1
 71
0
 91
1
 92
3
 72
0
 73
1
 93
4
 10
419.0
 20
275.0
 10
463.0
 20
275.0
 10
463.0
 20
279.00000000000006
 10
419.0
 20
279.00000000000006
 97
0
 75
1
 76
1
 98
0
  0
LINE
  5
2C3
330
17
100
AcDbEntity
  8
A-DEFENSA
100
AcDbLine
 10
419.0
 20
279.00000000000006
 30
0.0
 11
463.0
 21
279.00000000000006
 31
0.0
  0
HATCH
  5
2F9
330
17
100
AcDbEntity
  8
A-EQUIPO-RELLENO
 62
7
420
9870240
100
AcDbHatch
 10
0.0
 20
0.0
 30
0.0
210
0.0
220
0.0
230
1.0
  2
SOLID
 70
1
 71
0
 91
1
 92
3
 72
0
 73
1
 93
4
 10
99.8
 20
315.0
 10
99.8
 20
317.0
 10
97.8
 20
317.0
 10
97.8
 20
315.0
 97
0
 75
1
 76
1
 98
0
  0
HATCH
  5
2FA
330
17
100
AcDbEntity
  8
A-EQUIPO-RELLENO
 62
7
420
9870240
100
AcDbHatch
 10
0.0
 20
0.0
 30
0.0
210
0.0
220
0.0
230
1.0
  2
SOLID
 70
1
 71
0
 91
1
 92
3
 72
0
 73
1
 93
4
 10
74.2
 20
315.0
 10
74.2
 20
317.0
 10
72.2
 20
317.0
 10
72.2
 20
315.0
 97
0
 75
1
 76
1
 98
0
  0
HATCH
  5
2FB
330
17
100
AcDbEntity
  8
A-EQUIPO-RELLENO
 62
7
420
9870240
100
AcDbHatch
 10
0.0
 20
0.0
 30
0.0
210
0.0
220
0.0
230
1.0
  2
SOLID
 70
1
 71
0
 91
1
 92
3
 72
0
 73
1
 93
4
 10
99.8
 20
364.4
 10
99.8
 20
366.4
 10
97.80000000000001
 20
366.4
 10
97.80000000000001
 20
364.4
 97
0
 75
1
 76
1
 98
0
  0
HATCH
  5
2FC
330
17
100
AcDbEntity
  8
A-EQUIPO-RELLENO
 62
7
420
9870240
100
AcDbHatch
 10
0.0
 20
0.0
 30
0.0
210
0.0
220
0.0
230
1.0
  2
SOLID
 70
1
 71
0
 91
1
 92
3
 72
0
 73
1
 93
4
 10
74.20000000000002
 20
364.4
 10
74.20000000000002
 20
366.4
 10
72.2
 20
366.4
 10
72.2
 20
364.4
 97
0
 75
1
 76
1
 98
0
  0
HATCH
  5
2FD
330
17
100
AcDbEntity
  8
A-EQUIPO-RELLENO
 62
7
420
9870240
100
AcDbHatch
 10
0.0
 20
0.0
 30
0.0
210
0.0
220
0.0
230
1.0
  2
SOLID
 70
1
 71
0
 91
1
 92
3
 72
0
 73
1
 93
4
 10
99.8
 20
414.80000000000007
 10
99.8
 20
416.8
 10
97.80000000000001
 20
416.8
 10
97.80000000000001
 20
414.80000000000007
 97
0
 75
1
 76
1
 98
0
  0
HATCH
  5
2FE
330
17
100
AcDbEntity
  8
A-EQUIPO-RELLENO
 62
7
420
9870240
100
AcDbHatch
 10
0.0
 20
0.0
 30
0.0
210
0.0
220
0.0
230
1.0
  2
SOLID
 70
1
 71
0
 91
1
 92
3
 72
0
 73
1
 93
4
 10
74.20000000000002
 20
414.80000000000007
 10
74.20000000000002
 20
416.8
 10
72.2
 20
416.8
 10
72.2
 20
414.80000000000007
 97
0
 75
1
 76
1
 98
0
  0
HATCH
  5
2FF
330
17
100
AcDbEntity
  8
A-EQUIPO-RELLENO
 62
7
420
9870240
100
AcDbHatch
 10
0.0
 20
0.0
 30
0.0
210
0.0
220
0.0
230
1.0
  2
SOLID
 70
1
 71
0
 91
1
 92
3
 72
0
 73
1
 93
4
 10
99.80000000000001
 20
465.2000000000001
 10
99.80000000000001
 20
467.2
 10
97.80000000000001
 20
467.2
 10
97.80000000000001
 20
465.2000000000001
 97
0
 75
1
 76
1
 98
0
  0
HATCH
  5
300
330
17
100
AcDbEntity
  8
A-EQUIPO-RELLENO
 62
7
420
9870240
100
AcDbHatch
 10
0.0
 20
0.0
 30
0.0
210
0.0
220
0.0
230
1.0
  2
SOLID
 70
1
 71
0
 91
1
 92
3
 72
0
 73
1
 93
4
 10
74.20000000000002
 20
465.2000000000001
 10
74.20000000000002
 20
467.2
 10
72.20000000000002
 20
467.2
 10
72.20000000000002
 20
465.2000000000001
 97
0
 75
1
 76
1
 98
0
  0
HATCH
  5
301
330
17
100
AcDbEntity
  8
A-EQUIPO-RELLENO
 62
7
420
9870240
100
AcDbHatch
 10
0.0
 20
0.0
 30
0.0
210
0.0
220
0.0
230
1.0
  2
SOLID
 70
1
 71
0
 91
1
 92
3
 72
0
 73
1
 93
4
 10
99.80000000000001
 20
515.6
 10
99.80000000000001
 20
517.6
 10
97.80000000000001
 20
517.6
 10
97.80000000000001
 20
515.6
 97
0
 75
1
 76
1
 98
0
  0
HATCH
  5
302
330
17
100
AcDbEntity
  8
A-EQUIPO-RELLENO
 62
7
420
9870240
100
AcDbHatch
 10
0.0
 20
0.0
 30
0.0
210
0.0
220
0.0
230
1.0
  2
SOLID
 70
1
 71
0
 91
1
 92
3
 72
0
 73
1
 93
4
 10
74.20000000000002
 20
515.6
 10
74.20000000000002
 20
517.6
 10
72.20000000000002
 20
517.6
 10
72.20000000000002
 20
515.6
 97
0
 75
1
 76
1
 98
0
  0
HATCH
  5
303
330
17
100
AcDbEntity
  8
A-EQUIPO-RELLENO
 62
7
420
9870240
100
AcDbHatch
 10
0.0
 20
0.0
 30
0.0
210
0.0
220
0.0
230
1.0
  2
SOLID
 70
1
 71
0
 91
1
 92
3
 72
0
 73
1
 93
4
 10
99.80000000000001
 20
565.0
 10
99.80000000000001
 20
567.0
 10
97.80000000000001
 20
567.0
 10
97.80000000000001
 20
565.0
 97
0
 75
1
 76
1
 98
0
  0
HATCH
  5
304
330
17
100
AcDbEntity
  8
A-EQUIPO-RELLENO
 62
7
420
9870240
100
AcDbHatch
 10
0.0
 20
0.0
 30
0.0
210
0.0
220
0.0
230
1.0
  2
SOLID
 70
1
 71
0
 91
1
 92
3
 72
0
 73
1
 93
4
 10
74.20000000000002
 20
565.0
 10
74.20000000000002
 20
567.0
 10
72.20000000000002
 20
567.0
 10
72.20000000000002
 20
565.0
 97
0
 75
1
 76
1
 98
0
  0
HATCH
  5
305
330
17
100
AcDbEntity
  8
A-EQUIPO-RELLENO
 62
7
420
15654592
100
AcDbHatch
 10
0.0
 20
0.0
 30
0.0
210
0.0
220
0.0
230
1.0
  2
SOLID
 70
1
 71
0
 91
1
 92
3
 72
0
 73
1
 93
4
 10
98.39999999999999
 20
317.0
 10
98.39999999999999
 20
341.0
 10
78.39999999999999
 20
341.0
 10
78.39999999999999
 20
317.0
 97
0
 75
1
 76
1
 98
0
  0
HATCH
  5
306
330
17
100
AcDbEntity
  8
A-EQUIPO-RELLENO
 62
7
420
15654592
100
AcDbHatch
 10
0.0
 20
0.0
 30
0.0
210
0.0
220
0.0
230
1.0
  2
SOLID
 70
1
 71
0
 91
1
 92
3
 72
0
 73
1
 93
4
 10
98.4
 20
367.40000000000003
 10
98.4
 20
391.4
 10
78.4
 20
391.4
 10
78.4
 20
367.40000000000003
 97
0
 75
1
 76
1
 98
0
  0
HATCH
  5
307
330
17
100
AcDbEntity
  8
A-EQUIPO-RELLENO
 62
7
420
15654592
100
AcDbHatch
 10
0.0
 20
0.0
 30
0.0
210
0.0
220
0.0
230
1.0
  2
SOLID
 70
1
 71
0
 91
1
 92
3
 72
0
 73
1
 93
4
 10
98.4
 20
417.8
 10
98.4
 20
441.8
 10
78.4
 20
441.8
 10
78.4
 20
417.8
 97
0
 75
1
 76
1
 98
0
  0
HATCH
  5
308
330
17
100
AcDbEntity
  8
A-EQUIPO-RELLENO
 62
7
420
15654592
100
AcDbHatch
 10
0.0
 20
0.0
 30
0.0
210
0.0
220
0.0
230
1.0
  2
SOLID
 70
1
 71
0
 91
1
 92
3
 72
0
 73
1
 93
4
 10
98.4
 20
468.20000000000005
 10
98.4
 20
492.2
 10
78.4
 20
492.2
 10
78.4
 20
468.20000000000005
 97
0
 75
1
 76
1
 98
0
  0
HATCH
  5
309
330
17
100
AcDbEntity
  8
A-EQUIPO-RELLENO
 62
7
420
15654592
100
AcDbHatch
 10
0.0
 20
0.0
 30
0.0
210
0.0
220
0.0
230
1.0
  2
SOLID
 70
1
 71
0
 91
1
 92
3
 72
0
 73
1
 93
4
 10
98.4
 20
518.6
 10
98.4
 20
542.6
 10
78.4
 20
542.6
 10
78.4
 20
518.6
 97
0
 75
1
 76
1
 98
0
  0
LWPOLYLINE
  5
30A
330
17
100
AcDbEntity
  8
A-EQUIPO-OCULTO
100
AcDbPolyline
 90
4
 70
1
 10
100.0
 20
315.0
 10
100.00000000000001
 20
567.0
 10
72.00000000000001
 20
567.0
 10
72.0
 20
315.0
  0
LINE
  5
30B
330
17
100
AcDbEntity
  8
A-EQUIPO
100
AcDbLine
 10
98.8
 20
315.0
 30
0.0
 11
98.80000000000001
 21
567.0
 31
0.0
  0
LINE
  5
30C
330
17
100
AcDbEntity
  8
A-EQUIPO
100
AcDbLine
 10
73.19999999999999
 20
315.0
 30
0.0
 11
73.20000000000002
 21
567.0
 31
0.0
  0
LWPOLYLINE
  5
30D
330
17
100
AcDbEntity
  8
A-EQUIPO-FINO
100
AcDbPolyline
 90
4
 70
1
 10
99.8
 20
315.0
 10
99.8
 20
317.0
 10
97.8
 20
317.0
 10
97.8
 20
315.0
  0
LWPOLYLINE
  5
30E
330
17
100
AcDbEntity
  8
A-EQUIPO-FINO
100
AcDbPolyline
 90
4
 70
1
 10
74.2
 20
315.0
 10
74.2
 20
317.0
 10
72.2
 20
317.0
 10
72.2
 20
315.0
  0
LWPOLYLINE
  5
30F
330
17
100
AcDbEntity
  8
A-EQUIPO-FINO
100
AcDbPolyline
 90
5
 70
0
 10
98.8
 20
315.6
 10
92.39999999999999
 20
316.4
 10
86.0
 20
315.6
 10
79.6
 20
316.4
 10
73.19999999999999
 20
315.6
  0
LWPOLYLINE
  5
310
330
17
100
AcDbEntity
  8
A-SEGURIDAD
100
AcDbPolyline
 90
3
 70
0
 10
100.0
 20
314.6
 10
101.6
 20
316.0
 10
100.0
 20
317.40000000000003
  0
LWPOLYLINE
  5
311
330
17
100
AcDbEntity
  8
A-EQUIPO-FINO
100
AcDbPolyline
 90
4
 70
1
 10
99.8
 20
364.4
 10
99.8
 20
366.4
 10
97.80000000000001
 20
366.4
 10
97.80000000000001
 20
364.4
  0
LWPOLYLINE
  5
312
330
17
100
AcDbEntity
  8
A-EQUIPO-FINO
100
AcDbPolyline
 90
4
 70
1
 10
74.20000000000002
 20
364.4
 10
74.20000000000002
 20
366.4
 10
72.2
 20
366.4
 10
72.2
 20
364.4
  0
LWPOLYLINE
  5
313
330
17
100
AcDbEntity
  8
A-EQUIPO-FINO
100
AcDbPolyline
 90
5
 70
0
 10
98.8
 20
365.0
 10
92.4
 20
365.79999999999995
 10
86.0
 20
365.0
 10
79.6
 20
365.79999999999995
 10
73.2
 20
365.0
  0
LWPOLYLINE
  5
314
330
17
100
AcDbEntity
  8
A-SEGURIDAD
100
AcDbPolyline
 90
3
 70
0
 10
100.0
 20
364.0
 10
101.60000000000001
 20
365.4
 10
100.0
 20
366.8
  0
LWPOLYLINE
  5
315
330
17
100
AcDbEntity
  8
A-EQUIPO-FINO
100
AcDbPolyline
 90
4
 70
1
 10
99.8
 20
414.80000000000007
 10
99.8
 20
416.8
 10
97.80000000000001
 20
416.8
 10
97.80000000000001
 20
414.80000000000007
  0
LWPOLYLINE
  5
316
330
17
100
AcDbEntity
  8
A-EQUIPO-FINO
100
AcDbPolyline
 90
4
 70
1
 10
74.20000000000002
 20
414.80000000000007
 10
74.20000000000002
 20
416.8
 10
72.2
 20
416.8
 10
72.2
 20
414.80000000000007
  0
LWPOLYLINE
  5
317
330
17
100
AcDbEntity
  8
A-EQUIPO-FINO
100
AcDbPolyline
 90
5
 70
0
 10
98.8
 20
415.4000000000001
 10
92.4
 20
416.20000000000005
 10
86.0
 20
415.4000000000001
 10
79.6
 20
416.20000000000005
 10
73.2
 20
415.4000000000001
  0
LWPOLYLINE
  5
318
330
17
100
AcDbEntity
  8
A-SEGURIDAD
100
AcDbPolyline
 90
3
 70
0
 10
100.0
 20
414.4
 10
101.60000000000001
 20
415.79999999999995
 10
100.0
 20
417.2
  0
LWPOLYLINE
  5
319
330
17
100
AcDbEntity
  8
A-EQUIPO-FINO
100
AcDbPolyline
 90
4
 70
1
 10
99.80000000000001
 20
465.2000000000001
 10
99.80000000000001
 20
467.2
 10
97.80000000000001
 20
467.2
 10
97.80000000000001
 20
465.2000000000001
  0
LWPOLYLINE
  5
31A
330
17
100
AcDbEntity
  8
A-EQUIPO-FINO
100
AcDbPolyline
 90
4
 70
1
 10
74.20000000000002
 20
465.2000000000001
 10
74.20000000000002
 20
467.2
 10
72.20000000000002
 20
467.2
 10
72.20000000000002
 20
465.2000000000001
  0
LWPOLYLINE
  5
31B
330
17
100
AcDbEntity
  8
A-EQUIPO-FINO
100
AcDbPolyline
 90
5
 70
0
 10
98.8
 20
465.79999999999995
 10
92.4
 20
466.59999999999997
 10
86.0
 20
465.79999999999995
 10
79.60000000000001
 20
466.59999999999997
 10
73.20000000000002
 20
465.79999999999995
  0
LWPOLYLINE
  5
31C
330
17
100
AcDbEntity
  8
A-SEGURIDAD
100
AcDbPolyline
 90
3
 70
0
 10
100.00000000000001
 20
464.80000000000007
 10
101.60000000000001
 20
466.20000000000005
 10
100.00000000000001
 20
467.6
  0
LWPOLYLINE
  5
31D
330
17
100
AcDbEntity
  8
A-EQUIPO-FINO
100
AcDbPolyline
 90
4
 70
1
 10
99.80000000000001
 20
515.6
 10
99.80000000000001
 20
517.6
 10
97.80000000000001
 20
517.6
 10
97.80000000000001
 20
515.6
  0
LWPOLYLINE
  5
31E
330
17
100
AcDbEntity
  8
A-EQUIPO-FINO
100
AcDbPolyline
 90
4
 70
1
 10
74.20000000000002
 20
515.6
 10
74.20000000000002
 20
517.6
 10
72.20000000000002
 20
517.6
 10
72.20000000000002
 20
515.6
  0
LWPOLYLINE
  5
31F
330
17
100
AcDbEntity
  8
A-EQUIPO-FINO
100
AcDbPolyline
 90
5
 70
0
 10
98.80000000000001
 20
516.2
 10
92.4
 20
517.0
 10
86.0
 20
516.2
 10
79.60000000000002
 20
517.0
 10
73.20000000000002
 20
516.2
  0
LWPOLYLINE
  5
320
330
17
100
AcDbEntity
  8
A-SEGURIDAD
100
AcDbPolyline
 90
3
 70
0
 10
100.00000000000001
 20
515.2
 10
101.60000000000001
 20
516.5999999999999
 10
100.00000000000001
 20
518.0000000000001
  0
LWPOLYLINE
  5
321
330
17
100
AcDbEntity
  8
A-EQUIPO-FINO
100
AcDbPolyline
 90
4
 70
1
 10
99.80000000000001
 20
565.0
 10
99.80000000000001
 20
567.0
 10
97.80000000000001
 20
567.0
 10
97.80000000000001
 20
565.0
  0
LWPOLYLINE
  5
322
330
17
100
AcDbEntity
  8
A-EQUIPO-FINO
100
AcDbPolyline
 90
4
 70
1
 10
74.20000000000002
 20
565.0
 10
74.20000000000002
 20
567.0
 10
72.20000000000002
 20
567.0
 10
72.20000000000002
 20
565.0
  0
LWPOLYLINE
  5
323
330
17
100
AcDbEntity
  8
A-EQUIPO-FINO
100
AcDbPolyline
 90
5
 70
0
 10
98.80000000000001
 20
565.6
 10
92.4
 20
566.4
 10
86.0
 20
565.6
 10
79.60000000000002
 20
566.4
 10
73.20000000000002
 20
565.6
  0
LWPOLYLINE
  5
324
330
17
100
AcDbEntity
  8
A-SEGURIDAD
100
AcDbPolyline
 90
3
 70
0
 10
100.00000000000001
 20
564.6000000000001
 10
101.60000000000001
 20
566.0
 10
100.00000000000001
 20
567.4000000000001
  0
LWPOLYLINE
  5
325
330
17
100
AcDbEntity
  8
A-EQUIPO-FINO
100
AcDbPolyline
 90
4
 70
1
 10
98.39999999999999
 20
317.0
 10
98.39999999999999
 20
341.0
 10
78.39999999999999
 20
341.0
 10
78.39999999999999
 20
317.0
  0
LINE
  5
326
330
17
100
AcDbEntity
  8
A-EQUIPO-FINO
100
AcDbLine
 10
98.39999999999999
 20
320.42857142857144
 30
0.0
 11
78.39999999999999
 21
320.42857142857144
 31
0.0
  0
LINE
  5
327
330
17
100
AcDbEntity
  8
A-EQUIPO-FINO
100
AcDbLine
 10
98.39999999999999
 20
323.8571428571429
 30
0.0
 11
78.39999999999999
 21
323.8571428571429
 31
0.0
  0
LINE
  5
328
330
17
100
AcDbEntity
  8
A-EQUIPO-FINO
100
AcDbLine
 10
98.39999999999999
 20
327.2857142857143
 30
0.0
 11
78.39999999999999
 21
327.2857142857143
 31
0.0
  0
LINE
  5
329
330
17
100
AcDbEntity
  8
A-EQUIPO-FINO
100
AcDbLine
 10
98.39999999999999
 20
330.71428571428567
 30
0.0
 11
78.39999999999999
 21
330.71428571428567
 31
0.0
  0
LINE
  5
32A
330
17
100
AcDbEntity
  8
A-EQUIPO-FINO
100
AcDbLine
 10
98.39999999999999
 20
334.1428571428571
 30
0.0
 11
78.39999999999999
 21
334.1428571428571
 31
0.0
  0
LINE
  5
32B
330
17
100
AcDbEntity
  8
A-EQUIPO-FINO
100
AcDbLine
 10
98.39999999999999
 20
337.5714285714286
 30
0.0
 11
78.39999999999999
 21
337.5714285714286
 31
0.0
  0
LWPOLYLINE
  5
32C
330
17
100
AcDbEntity
  8
A-EQUIPO
100
AcDbPolyline
 90
4
 70
1
 10
97.6
 20
317.8
 10
97.6
 20
340.20000000000005
 10
79.19999999999999
 20
340.20000000000005
 10
79.19999999999999
 20
317.8
  0
LINE
  5
32D
330
17
100
AcDbEntity
  8
A-EQUIPO-FINO
100
AcDbLine
 10
97.6
 20
317.8
 30
0.0
 11
79.19999999999999
 21
340.20000000000005
 31
0.0
  0
LINE
  5
32E
330
17
100
AcDbEntity
  8
A-EQUIPO-FINO
100
AcDbLine
 10
79.19999999999999
 20
317.8
 30
0.0
 11
97.6
 21
340.20000000000005
 31
0.0
  0
LWPOLYLINE
  5
32F
330
17
100
AcDbEntity
  8
A-EQUIPO-FINO
100
AcDbPolyline
 90
4
 70
1
 10
98.4
 20
367.40000000000003
 10
98.4
 20
391.4
 10
78.4
 20
391.4
 10
78.4
 20
367.40000000000003
  0
LINE
  5
330
330
17
100
AcDbEntity
  8
A-EQUIPO-FINO
100
AcDbLine
 10
98.4
 20
370.8285714285714
 30
0.0
 11
78.4
 21
370.8285714285714
 31
0.0
  0
LINE
  5
331
330
17
100
AcDbEntity
  8
A-EQUIPO-FINO
100
AcDbLine
 10
98.4
 20
374.25714285714287
 30
0.0
 11
78.4
 21
374.25714285714287
 31
0.0
  0
LINE
  5
332
330
17
100
AcDbEntity
  8
A-EQUIPO-FINO
100
AcDbLine
 10
98.4
 20
377.68571428571425
 30
0.0
 11
78.4
 21
377.68571428571425
 31
0.0
  0
LINE
  5
333
330
17
100
AcDbEntity
  8
A-EQUIPO-FINO
100
AcDbLine
 10
98.4
 20
381.11428571428576
 30
0.0
 11
78.4
 21
381.11428571428576
 31
0.0
  0
LINE
  5
334
330
17
100
AcDbEntity
  8
A-EQUIPO-FINO
100
AcDbLine
 10
98.4
 20
384.5428571428572
 30
0.0
 11
78.4
 21
384.5428571428572
 31
0.0
  0
LINE
  5
335
330
17
100
AcDbEntity
  8
A-EQUIPO-FINO
100
AcDbLine
 10
98.4
 20
387.9714285714286
 30
0.0
 11
78.4
 21
387.9714285714286
 31
0.0
  0
LWPOLYLINE
  5
336
330
17
100
AcDbEntity
  8
A-EQUIPO
100
AcDbPolyline
 90
4
 70
1
 10
97.6
 20
368.2
 10
97.6
 20
390.6
 10
79.2
 20
390.6
 10
79.2
 20
368.2
  0
LINE
  5
337
330
17
100
AcDbEntity
  8
A-EQUIPO-FINO
100
AcDbLine
 10
97.6
 20
368.2
 30
0.0
 11
79.2
 21
390.6
 31
0.0
  0
LINE
  5
338
330
17
100
AcDbEntity
  8
A-EQUIPO-FINO
100
AcDbLine
 10
79.2
 20
368.2
 30
0.0
 11
97.6
 21
390.6
 31
0.0
  0
LWPOLYLINE
  5
339
330
17
100
AcDbEntity
  8
A-EQUIPO-FINO
100
AcDbPolyline
 90
4
 70
1
 10
98.4
 20
417.8
 10
98.4
 20
441.8
 10
78.4
 20
441.8
 10
78.4
 20
417.8
  0
LINE
  5
33A
330
17
100
AcDbEntity
  8
A-EQUIPO-FINO
100
AcDbLine
 10
98.4
 20
421.2285714285714
 30
0.0
 11
78.4
 21
421.2285714285714
 31
0.0
  0
LINE
  5
33B
330
17
100
AcDbEntity
  8
A-EQUIPO-FINO
100
AcDbLine
 10
98.4
 20
424.65714285714284
 30
0.0
 11
78.4
 21
424.65714285714284
 31
0.0
  0
LINE
  5
33C
330
17
100
AcDbEntity
  8
A-EQUIPO-FINO
100
AcDbLine
 10
98.4
 20
428.0857142857143
 30
0.0
 11
78.4
 21
428.0857142857143
 31
0.0
  0
LINE
  5
33D
330
17
100
AcDbEntity
  8
A-EQUIPO-FINO
100
AcDbLine
 10
98.4
 20
431.51428571428573
 30
0.0
 11
78.4
 21
431.51428571428573
 31
0.0
  0
LINE
  5
33E
330
17
100
AcDbEntity
  8
A-EQUIPO-FINO
100
AcDbLine
 10
98.4
 20
434.9428571428572
 30
0.0
 11
78.4
 21
434.9428571428572
 31
0.0
  0
LINE
  5
33F
330
17
100
AcDbEntity
  8
A-EQUIPO-FINO
100
AcDbLine
 10
98.4
 20
438.37142857142857
 30
0.0
 11
78.4
 21
438.37142857142857
 31
0.0
  0
LWPOLYLINE
  5
340
330
17
100
AcDbEntity
  8
A-EQUIPO
100
AcDbPolyline
 90
4
 70
1
 10
97.6
 20
418.6
 10
97.60000000000001
 20
441.0
 10
79.20000000000002
 20
441.0
 10
79.2
 20
418.6
  0
LINE
  5
341
330
17
100
AcDbEntity
  8
A-EQUIPO-FINO
100
AcDbLine
 10
97.6
 20
418.6
 30
0.0
 11
79.20000000000002
 21
441.0
 31
0.0
  0
LINE
  5
342
330
17
100
AcDbEntity
  8
A-EQUIPO-FINO
100
AcDbLine
 10
79.2
 20
418.6
 30
0.0
 11
97.60000000000001
 21
441.0
 31
0.0
  0
LWPOLYLINE
  5
343
330
17
100
AcDbEntity
  8
A-EQUIPO-FINO
100
AcDbPolyline
 90
4
 70
1
 10
98.4
 20
468.20000000000005
 10
98.4
 20
492.2
 10
78.4
 20
492.2
 10
78.4
 20
468.20000000000005
  0
LINE
  5
344
330
17
100
AcDbEntity
  8
A-EQUIPO-FINO
100
AcDbLine
 10
98.4
 20
471.6285714285715
 30
0.0
 11
78.4
 21
471.6285714285715
 31
0.0
  0
LINE
  5
345
330
17
100
AcDbEntity
  8
A-EQUIPO-FINO
100
AcDbLine
 10
98.4
 20
475.05714285714294
 30
0.0
 11
78.4
 21
475.05714285714294
 31
0.0
  0
LINE
  5
346
330
17
100
AcDbEntity
  8
A-EQUIPO-FINO
100
AcDbLine
 10
98.4
 20
478.4857142857143
 30
0.0
 11
78.4
 21
478.4857142857143
 31
0.0
  0
LINE
  5
347
330
17
100
AcDbEntity
  8
A-EQUIPO-FINO
100
AcDbLine
 10
98.4
 20
481.9142857142857
 30
0.0
 11
78.4
 21
481.9142857142857
 31
0.0
  0
LINE
  5
348
330
17
100
AcDbEntity
  8
A-EQUIPO-FINO
100
AcDbLine
 10
98.4
 20
485.34285714285716
 30
0.0
 11
78.4
 21
485.34285714285716
 31
0.0
  0
LINE
  5
349
330
17
100
AcDbEntity
  8
A-EQUIPO-FINO
100
AcDbLine
 10
98.4
 20
488.7714285714286
 30
0.0
 11
78.4
 21
488.7714285714286
 31
0.0
  0
LWPOLYLINE
  5
34A
330
17
100
AcDbEntity
  8
A-EQUIPO
100
AcDbPolyline
 90
4
 70
1
 10
97.60000000000001
 20
469.00000000000006
 10
97.60000000000001
 20
491.4
 10
79.20000000000002
 20
491.4
 10
79.20000000000002
 20
469.00000000000006
  0
LINE
  5
34B
330
17
100
AcDbEntity
  8
A-EQUIPO-FINO
100
AcDbLine
 10
97.60000000000001
 20
469.00000000000006
 30
0.0
 11
79.20000000000002
 21
491.4
 31
0.0
  0
LINE
  5
34C
330
17
100
AcDbEntity
  8
A-EQUIPO-FINO
100
AcDbLine
 10
79.20000000000002
 20
469.00000000000006
 30
0.0
 11
97.60000000000001
 21
491.4
 31
0.0
  0
LWPOLYLINE
  5
34D
330
17
100
AcDbEntity
  8
A-EQUIPO-FINO
100
AcDbPolyline
 90
4
 70
1
 10
98.4
 20
518.6
 10
98.4
 20
542.6
 10
78.4
 20
542.6
 10
78.4
 20
518.6
  0
LINE
  5
34E
330
17
100
AcDbEntity
  8
A-EQUIPO-FINO
100
AcDbLine
 10
98.4
 20
522.0285714285715
 30
0.0
 11
78.4
 21
522.0285714285715
 31
0.0
  0
LINE
  5
34F
330
17
100
AcDbEntity
  8
A-EQUIPO-FINO
100
AcDbLine
 10
98.4
 20
525.457142857143
 30
0.0
 11
78.4
 21
525.457142857143
 31
0.0
  0
LINE
  5
350
330
17
100
AcDbEntity
  8
A-EQUIPO-FINO
100
AcDbLine
 10
98.4
 20
528.8857142857142
 30
0.0
 11
78.4
 21
528.8857142857142
 31
0.0
  0
LINE
  5
351
330
17
100
AcDbEntity
  8
A-EQUIPO-FINO
100
AcDbLine
 10
98.4
 20
532.3142857142858
 30
0.0
 11
78.4
 21
532.3142857142858
 31
0.0
  0
LINE
  5
352
330
17
100
AcDbEntity
  8
A-EQUIPO-FINO
100
AcDbLine
 10
98.4
 20
535.7428571428572
 30
0.0
 11
78.4
 21
535.7428571428572
 31
0.0
  0
LINE
  5
353
330
17
100
AcDbEntity
  8
A-EQUIPO-FINO
100
AcDbLine
 10
98.4
 20
539.1714285714286
 30
0.0
 11
78.4
 21
539.1714285714286
 31
0.0
  0
LWPOLYLINE
  5
354
330
17
100
AcDbEntity
  8
A-EQUIPO
100
AcDbPolyline
 90
4
 70
1
 10
97.60000000000001
 20
519.4
 10
97.60000000000001
 20
541.8000000000001
 10
79.20000000000002
 20
541.8000000000001
 10
79.20000000000002
 20
519.4
  0
LINE
  5
355
330
17
100
AcDbEntity
  8
A-EQUIPO-FINO
100
AcDbLine
 10
97.60000000000001
 20
519.4
 30
0.0
 11
79.20000000000002
 21
541.8000000000001
 31
0.0
  0
LINE
  5
356
330
17
100
AcDbEntity
  8
A-EQUIPO-FINO
100
AcDbLine
 10
79.20000000000002
 20
519.4
 30
0.0
 11
97.60000000000001
 21
541.8000000000001
 31
0.0
  0
HATCH
  5
357
330
17
100
AcDbEntity
  8
A-EQUIPO-RELLENO
 62
7
420
15132390
100
AcDbHatch
 10
0.0
 20
0.0
 30
0.0
210
0.0
220
0.0
230
1.0
  2
SOLID
 70
1
 71
0
 91
1
 92
3
 72
0
 73
1
 93
4
 10
98.0
 20
581.0000000000001
 10
98.0
 20
611.0000000000001
 10
74.0
 20
611.0000000000001
 10
74.0
 20
581.0000000000001
 97
0
 75
1
 76
1
 98
0
  0
HATCH
  5
358
330
17
100
AcDbEntity
  8
A-EQUIPO-RELLENO
 62
7
420
15132390
100
AcDbHatch
 10
0.0
 20
0.0
 30
0.0
210
0.0
220
0.0
230
1.0
  2
SOLID
 70
1
 71
0
 91
1
 92
3
 72
0
 73
1
 93
4
 10
98.0
 20
615.0
 10
98.0
 20
645.0
 10
74.0
 20
645.0
 10
74.0
 20
615.0
 97
0
 75
1
 76
1
 98
0
  0
LWPOLYLINE
  5
359
330
17
100
AcDbEntity
  8
A-EQUIPO
100
AcDbPolyline
 90
4
 70
1
 10
98.0
 20
581.0000000000001
 10
98.0
 20
611.0000000000001
 10
74.0
 20
611.0000000000001
 10
74.0
 20
581.0000000000001
  0
LWPOLYLINE
  5
35A
330
17
100
AcDbEntity
  8
A-EQUIPO-FINO
100
AcDbPolyline
 90
4
 70
0
 10
98.0
 20
583.0000000000001
 10
77.0
 20
586.0000000000001
 10
77.0
 20
606.0000000000001
 10
98.0
 20
609.0
  0
LWPOLYLINE
  5
35B
330
17
100
AcDbEntity
  8
A-EQUIPO-OCULTO
100
AcDbPolyline
 90
4
 70
1
 10
98.0
 20
587.6
 10
98.0
 20
592.4000000000001
 10
94.0
 20
592.4000000000001
 10
94.0
 20
587.6
  0
LWPOLYLINE
  5
35C
330
17
100
AcDbEntity
  8
A-EQUIPO-OCULTO
100
AcDbPolyline
 90
4
 70
1
 10
98.0
 20
599.6000000000001
 10
98.0
 20
604.4
 10
94.0
 20
604.4
 10
94.0
 20
599.6000000000001
  0
LWPOLYLINE
  5
35D
330
17
100
AcDbEntity
  8
A-EQUIPO
100
AcDbPolyline
 90
4
 70
1
 10
98.0
 20
615.0
 10
98.0
 20
645.0
 10
74.0
 20
645.0
 10
74.0
 20
615.0
  0
LWPOLYLINE
  5
35E
330
17
100
AcDbEntity
  8
A-EQUIPO-FINO
100
AcDbPolyline
 90
4
 70
0
 10
98.0
 20
617.0
 10
77.0
 20
620.0
 10
77.0
 20
640.0
 10
98.0
 20
643.0
  0
LWPOLYLINE
  5
35F
330
17
100
AcDbEntity
  8
A-EQUIPO-OCULTO
100
AcDbPolyline
 90
4
 70
1
 10
98.0
 20
621.5999999999999
 10
98.0
 20
626.4
 10
94.0
 20
626.4
 10
94.0
 20
621.5999999999999
  0
LWPOLYLINE
  5
360
330
17
100
AcDbEntity
  8
A-EQUIPO-OCULTO
100
AcDbPolyline
 90
4
 70
1
 10
98.0
 20
633.6
 10
98.0
 20
638.4000000000001
 10
94.0
 20
638.4000000000001
 10
94.0
 20
633.6
  0
HATCH
  5
361
330
17
100
AcDbEntity
  8
A-EQUIPO-RELLENO
 62
7
420
14804716
100
AcDbHatch
 10
0.0
 20
0.0
 30
0.0
210
0.0
220
0.0
230
1.0
  2
SOLID
 70
1
 71
0
 91
1
 92
3
 72
0
 73
1
 93
24
 10
192.0
 20
625.9333333333334
 10
194.5881904510252
 20
626.2740750704427
 10
197.0
 20
627.273079295489
 10
199.07106781186548
 20
628.862265521468
 10
200.6602540378444
 20
630.9333333333334
 10
201.6592582628907
 20
633.3451428823082
 10
202.0
 20
635.9333333333334
 10
201.6592582628907
 20
638.5215237843586
 10
200.6602540378444
 20
640.9333333333334
 10
199.07106781186548
 20
643.0044011451989
 10
197.0
 20
644.5935873711778
 10
194.5881904510252
 20
645.592591596224
 10
192.0
 20
645.9333333333334
 10
189.4118095489748
 20
645.592591596224
 10
187.0
 20
644.5935873711778
 10
184.92893218813452
 20
643.0044011451989
 10
183.3397459621556
 20
640.9333333333334
 10
182.34074173710934
 20
638.5215237843586
 10
182.0
 20
635.9333333333334
 10
182.34074173710934
 20
633.3451428823082
 10
183.3397459621556
 20
630.9333333333334
 10
184.92893218813452
 20
628.862265521468
 10
187.0
 20
627.273079295489
 10
189.4118095489748
 20
626.2740750704427
 97
0
 75
1
 76
1
 98
0
  0
HATCH
  5
362
330
17
100
AcDbEntity
  8
A-EQUIPO-RELLENO
 62
7
420
14804716
100
AcDbHatch
 10
0.0
 20
0.0
 30
0.0
210
0.0
220
0.0
230
1.0
  2
SOLID
 70
1
 71
0
 91
1
 92
3
 72
0
 73
1
 93
24
 10
192.0
 20
603.8
 10
194.5881904510252
 20
604.1407417371092
 10
197.0
 20
605.1397459621556
 10
199.07106781186548
 20
606.7289321881345
 10
200.6602540378444
 20
608.8
 10
201.6592582628907
 20
611.2118095489748
 10
202.0
 20
613.8
 10
201.6592582628907
 20
616.3881904510253
 10
200.6602540378444
 20
618.8
 10
199.07106781186548
 20
620.8710678118655
 10
197.0
 20
622.4602540378444
 10
194.5881904510252
 20
623.4592582628908
 10
192.0
 20
623.8
 10
189.4118095489748
 20
623.4592582628908
 10
187.0
 20
622.4602540378444
 10
184.92893218813452
 20
620.8710678118655
 10
183.3397459621556
 20
618.8000000000001
 10
182.34074173710934
 20
616.3881904510253
 10
182.0
 20
613.8
 10
182.34074173710934
 20
611.2118095489748
 10
183.3397459621556
 20
608.8
 10
184.92893218813452
 20
606.7289321881345
 10
187.0
 20
605.1397459621556
 10
189.4118095489748
 20
604.1407417371092
 97
0
 75
1
 76
1
 98
0
  0
HATCH
  5
363
330
17
100
AcDbEntity
  8
A-EQUIPO-RELLENO
 62
7
420
14804716
100
AcDbHatch
 10
0.0
 20
0.0
 30
0.0
210
0.0
220
0.0
230
1.0
  2
SOLID
 70
1
 71
0
 91
1
 92
3
 72
0
 73
1
 93
24
 10
192.0
 20
581.6666666666667
 10
194.58819045102518
 20
582.007408403776
 10
197.0
 20
583.0064126288223
 10
199.07106781186545
 20
584.5955988548012
 10
200.66025403784437
 20
586.6666666666667
 10
201.65925826289066
 20
589.0784762156414
 10
202.0
 20
591.6666666666667
 10
201.65925826289066
 20
594.2548571176918
 10
200.6602540378444
 20
596.6666666666667
 10
199.07106781186548
 20
598.737734478532
 10
197.0
 20
600.326920704511
 10
194.5881904510252
 20
601.3259249295573
 10
192.0
 20
601.6666666666667
 10
189.4118095489748
 20
601.3259249295573
 10
187.0
 20
600.326920704511
 10
184.92893218813452
 20
598.737734478532
 10
183.3397459621556
 20
596.6666666666667
 10
182.3407417371093
 20
594.2548571176918
 10
182.0
 20
591.6666666666667
 10
182.3407417371093
 20
589.0784762156414
 10
183.3397459621556
 20
586.6666666666667
 10
184.9289321881345
 20
584.5955988548012
 10
187.0
 20
583.0064126288223
 10
189.4118095489748
 20
582.007408403776
 97
0
 75
1
 76
1
 98
0
  0
HATCH
  5
364
330
17
100
AcDbEntity
  8
A-EQUIPO-RELLENO
 62
7
420
14804716
100
AcDbHatch
 10
0.0
 20
0.0
 30
0.0
210
0.0
220
0.0
230
1.0
  2
SOLID
 70
1
 71
0
 91
1
 92
3
 72
0
 73
1
 93
24
 10
192.0
 20
559.5333333333333
 10
194.58819045102518
 20
559.8740750704427
 10
197.0
 20
560.873079295489
 10
199.07106781186545
 20
562.462265521468
 10
200.66025403784437
 20
564.5333333333333
 10
201.65925826289066
 20
566.9451428823081
 10
202.0
 20
569.5333333333333
 10
201.65925826289066
 20
572.1215237843586
 10
200.6602540378444
 20
574.5333333333333
 10
199.07106781186545
 20
576.6044011451988
 10
197.0
 20
578.1935873711777
 10
194.58819045102518
 20
579.192591596224
 10
192.0
 20
579.5333333333333
 10
189.4118095489748
 20
579.192591596224
 10
187.0
 20
578.1935873711777
 10
184.9289321881345
 20
576.6044011451988
 10
183.3397459621556
 20
574.5333333333333
 10
182.3407417371093
 20
572.1215237843586
 10
182.0
 20
569.5333333333333
 10
182.3407417371093
 20
566.9451428823082
 10
183.3397459621556
 20
564.5333333333333
 10
184.9289321881345
 20
562.462265521468
 10
187.0
 20
560.873079295489
 10
189.4118095489748
 20
559.8740750704427
 97
0
 75
1
 76
1
 98
0
  0
HATCH
  5
365
330
17
100
AcDbEntity
  8
A-EQUIPO-RELLENO
 62
7
420
14804716
100
AcDbHatch
 10
0.0
 20
0.0
 30
0.0
210
0.0
220
0.0
230
1.0
  2
SOLID
 70
1
 71
0
 91
1
 92
3
 72
0
 73
1
 93
24
 10
192.0
 20
537.4000000000001
 10
194.58819045102518
 20
537.7407417371093
 10
197.0
 20
538.7397459621557
 10
199.07106781186545
 20
540.3289321881346
 10
200.66025403784437
 20
542.4000000000001
 10
201.65925826289066
 20
544.8118095489748
 10
202.0
 20
547.4000000000001
 10
201.65925826289066
 20
549.9881904510253
 10
200.6602540378444
 20
552.4000000000001
 10
199.07106781186545
 20
554.4710678118655
 10
197.0
 20
556.0602540378444
 10
194.58819045102518
 20
557.0592582628908
 10
192.0
 20
557.4000000000001
 10
189.4118095489748
 20
557.0592582628908
 10
187.0
 20
556.0602540378444
 10
184.9289321881345
 20
554.4710678118655
 10
183.3397459621556
 20
552.4000000000001
 10
182.3407417371093
 20
549.9881904510253
 10
182.0
 20
547.4000000000001
 10
182.3407417371093
 20
544.8118095489748
 10
183.3397459621556
 20
542.4000000000001
 10
184.9289321881345
 20
540.3289321881346
 10
187.0
 20
538.7397459621557
 10
189.4118095489748
 20
537.7407417371093
 97
0
 75
1
 76
1
 98
0
  0
HATCH
  5
366
330
17
100
AcDbEntity
  8
A-EQUIPO-RELLENO
 62
7
420
14804716
100
AcDbHatch
 10
0.0
 20
0.0
 30
0.0
210
0.0
220
0.0
230
1.0
  2
SOLID
 70
1
 71
0
 91
1
 92
3
 72
0
 73
1
 93
24
 10
192.0
 20
515.2666666666667
 10
194.58819045102518
 20
515.607408403776
 10
197.0
 20
516.6064126288222
 10
199.07106781186545
 20
518.1955988548011
 10
200.66025403784437
 20
520.2666666666667
 10
201.65925826289066
 20
522.6784762156415
 10
202.0
 20
525.2666666666667
 10
201.65925826289066
 20
527.8548571176918
 10
200.6602540378444
 20
530.2666666666667
 10
199.07106781186545
 20
532.3377344785321
 10
197.0
 20
533.9269207045111
 10
194.58819045102518
 20
534.9259249295574
 10
192.0
 20
535.2666666666667
 10
189.4118095489748
 20
534.9259249295574
 10
187.0
 20
533.9269207045111
 10
184.9289321881345
 20
532.3377344785321
 10
183.3397459621556
 20
530.2666666666667
 10
182.3407417371093
 20
527.8548571176918
 10
182.0
 20
525.2666666666667
 10
182.3407417371093
 20
522.6784762156415
 10
183.3397459621556
 20
520.2666666666667
 10
184.9289321881345
 20
518.1955988548011
 10
187.0
 20
516.6064126288222
 10
189.4118095489748
 20
515.607408403776
 97
0
 75
1
 76
1
 98
0
  0
HATCH
  5
367
330
17
100
AcDbEntity
  8
A-EQUIPO-RELLENO
 62
7
420
14804716
100
AcDbHatch
 10
0.0
 20
0.0
 30
0.0
210
0.0
220
0.0
230
1.0
  2
SOLID
 70
1
 71
0
 91
1
 92
3
 72
0
 73
1
 93
24
 10
191.99999999999997
 20
493.1333333333333
 10
194.58819045102518
 20
493.47407507044267
 10
197.0
 20
494.473079295489
 10
199.07106781186545
 20
496.0622655214679
 10
200.66025403784437
 20
498.1333333333333
 10
201.65925826289066
 20
500.5451428823082
 10
202.0
 20
503.1333333333333
 10
201.65925826289066
 20
505.7215237843586
 10
200.6602540378444
 20
508.1333333333333
 10
199.07106781186545
 20
510.20440114519886
 10
197.0
 20
511.7935873711778
 10
194.58819045102518
 20
512.7925915962239
 10
192.0
 20
513.1333333333333
 10
189.4118095489748
 20
512.7925915962239
 10
187.0
 20
511.7935873711778
 10
184.9289321881345
 20
510.20440114519886
 10
183.3397459621556
 20
508.1333333333333
 10
182.3407417371093
 20
505.7215237843586
 10
182.0
 20
503.1333333333333
 10
182.34074173710928
 20
500.5451428823082
 10
183.33974596215558
 20
498.1333333333333
 10
184.9289321881345
 20
496.0622655214679
 10
186.99999999999997
 20
494.473079295489
 10
189.41180954897476
 20
493.47407507044267
 97
0
 75
1
 76
1
 98
0
  0
HATCH
  5
368
330
17
100
AcDbEntity
  8
A-EQUIPO-RELLENO
 62
7
420
14804716
100
AcDbHatch
 10
0.0
 20
0.0
 30
0.0
210
0.0
220
0.0
230
1.0
  2
SOLID
 70
1
 71
0
 91
1
 92
3
 72
0
 73
1
 93
24
 10
191.99999999999997
 20
470.99999999999994
 10
194.58819045102518
 20
471.3407417371093
 10
197.0
 20
472.3397459621556
 10
199.07106781186545
 20
473.9289321881346
 10
200.66025403784437
 20
475.99999999999994
 10
201.65925826289066
 20
478.4118095489748
 10
202.0
 20
480.99999999999994
 10
201.65925826289066
 20
483.5881904510252
 10
200.66025403784437
 20
485.99999999999994
 10
199.07106781186545
 20
488.0710678118655
 10
197.0
 20
489.6602540378444
 10
194.58819045102518
 20
490.6592582628907
 10
191.99999999999997
 20
490.99999999999994
 10
189.41180954897476
 20
490.6592582628907
 10
186.99999999999997
 20
489.6602540378444
 10
184.9289321881345
 20
488.0710678118655
 10
183.33974596215558
 20
485.99999999999994
 10
182.34074173710928
 20
483.5881904510252
 10
181.99999999999997
 20
480.99999999999994
 10
182.34074173710928
 20
478.4118095489748
 10
183.33974596215558
 20
475.99999999999994
 10
184.9289321881345
 20
473.9289321881346
 10
186.99999999999997
 20
472.3397459621556
 10
189.41180954897476
 20
471.3407417371093
 97
0
 75
1
 76
1
 98
0
  0
HATCH
  5
369
330
17
100
AcDbEntity
  8
A-EQUIPO-RELLENO
 62
7
420
14804716
100
AcDbHatch
 10
0.0
 20
0.0
 30
0.0
210
0.0
220
0.0
230
1.0
  2
SOLID
 70
1
 71
0
 91
1
 92
3
 72
0
 73
1
 93
24
 10
191.99999999999997
 20
448.8666666666667
 10
194.58819045102518
 20
449.20740840377596
 10
197.0
 20
450.2064126288223
 10
199.07106781186545
 20
451.79559885480114
 10
200.66025403784437
 20
453.8666666666667
 10
201.65925826289066
 20
456.27847621564143
 10
202.0
 20
458.8666666666667
 10
201.65925826289066
 20
461.45485711769186
 10
200.66025403784437
 20
463.8666666666667
 10
199.07106781186545
 20
465.9377344785321
 10
197.0
 20
467.52692070451104
 10
194.58819045102518
 20
468.5259249295574
 10
191.99999999999997
 20
468.8666666666667
 10
189.41180954897476
 20
468.5259249295574
 10
186.99999999999997
 20
467.52692070451104
 10
184.9289321881345
 20
465.9377344785321
 10
183.33974596215558
 20
463.8666666666667
 10
182.34074173710928
 20
461.45485711769186
 10
181.99999999999997
 20
458.8666666666667
 10
182.34074173710928
 20
456.27847621564143
 10
183.33974596215558
 20
453.8666666666667
 10
184.9289321881345
 20
451.79559885480114
 10
186.99999999999997
 20
450.2064126288223
 10
189.41180954897476
 20
449.20740840377596
 97
0
 75
1
 76
1
 98
0
  0
HATCH
  5
36A
330
17
100
AcDbEntity
  8
A-EQUIPO-RELLENO
 62
7
420
14804716
100
AcDbHatch
 10
0.0
 20
0.0
 30
0.0
210
0.0
220
0.0
230
1.0
  2
SOLID
 70
1
 71
0
 91
1
 92
3
 72
0
 73
1
 93
24
 10
191.99999999999997
 20
426.73333333333335
 10
194.58819045102518
 20
427.07407507044263
 10
197.0
 20
428.073079295489
 10
199.07106781186545
 20
429.66226552146793
 10
200.66025403784437
 20
431.73333333333335
 10
201.65925826289066
 20
434.14514288230816
 10
202.0
 20
436.73333333333335
 10
201.65925826289066
 20
439.3215237843586
 10
200.66025403784437
 20
441.73333333333335
 10
199.07106781186545
 20
443.8044011451989
 10
197.0
 20
445.3935873711777
 10
194.58819045102518
 20
446.39259159622407
 10
191.99999999999997
 20
446.73333333333335
 10
189.41180954897476
 20
446.39259159622407
 10
186.99999999999997
 20
445.3935873711777
 10
184.9289321881345
 20
443.8044011451989
 10
183.33974596215558
 20
441.73333333333335
 10
182.34074173710928
 20
439.3215237843586
 10
181.99999999999997
 20
436.73333333333335
 10
182.34074173710928
 20
434.14514288230816
 10
183.33974596215558
 20
431.73333333333335
 10
184.9289321881345
 20
429.66226552146793
 10
186.99999999999997
 20
428.073079295489
 10
189.41180954897476
 20
427.07407507044263
 97
0
 75
1
 76
1
 98
0
  0
HATCH
  5
36B
330
17
100
AcDbEntity
  8
A-EQUIPO-RELLENO
 62
7
420
14804716
100
AcDbHatch
 10
0.0
 20
0.0
 30
0.0
210
0.0
220
0.0
230
1.0
  2
SOLID
 70
1
 71
0
 91
1
 92
3
 72
0
 73
1
 93
24
 10
191.99999999999994
 20
404.6
 10
194.58819045102516
 20
404.9407417371093
 10
197.0
 20
405.9397459621556
 10
199.07106781186545
 20
407.52893218813455
 10
200.66025403784437
 20
409.6
 10
201.65925826289066
 20
412.01180954897484
 10
202.0
 20
414.6
 10
201.65925826289066
 20
417.1881904510252
 10
200.66025403784437
 20
419.6
 10
199.07106781186545
 20
421.67106781186544
 10
197.0
 20
423.26025403784445
 10
194.58819045102518
 20
424.25925826289074
 10
191.99999999999997
 20
424.6
 10
189.41180954897476
 20
424.25925826289074
 10
186.99999999999997
 20
423.26025403784445
 10
184.9289321881345
 20
421.67106781186544
 10
183.33974596215558
 20
419.6
 10
182.34074173710928
 20
417.1881904510252
 10
181.99999999999997
 20
414.6
 10
182.34074173710928
 20
412.01180954897484
 10
183.33974596215558
 20
409.6
 10
184.9289321881345
 20
407.52893218813455
 10
186.99999999999997
 20
405.9397459621556
 10
189.41180954897476
 20
404.9407417371093
 97
0
 75
1
 76
1
 98
0
  0
HATCH
  5
36C
330
17
100
AcDbEntity
  8
A-EQUIPO-RELLENO
 62
7
420
14804716
100
AcDbHatch
 10
0.0
 20
0.0
 30
0.0
210
0.0
220
0.0
230
1.0
  2
SOLID
 70
1
 71
0
 91
1
 92
3
 72
0
 73
1
 93
24
 10
191.99999999999994
 20
382.4666666666667
 10
194.58819045102516
 20
382.80740840377604
 10
196.99999999999994
 20
383.8064126288224
 10
199.07106781186545
 20
385.3955988548012
 10
200.6602540378443
 20
387.4666666666667
 10
201.65925826289066
 20
389.8784762156415
 10
201.99999999999994
 20
392.4666666666667
 10
201.65925826289066
 20
395.0548571176919
 10
200.6602540378443
 20
397.4666666666667
 10
199.07106781186545
 20
399.5377344785322
 10
196.99999999999994
 20
401.126920704511
 10
194.58819045102518
 20
402.12592492955736
 10
191.99999999999994
 20
402.4666666666667
 10
189.41180954897476
 20
402.12592492955736
 10
186.99999999999994
 20
401.126920704511
 10
184.92893218813447
 20
399.5377344785322
 10
183.33974596215558
 20
397.4666666666667
 10
182.34074173710928
 20
395.0548571176919
 10
181.99999999999994
 20
392.4666666666667
 10
182.34074173710928
 20
389.8784762156415
 10
183.33974596215555
 20
387.4666666666667
 10
184.92893218813447
 20
385.3955988548012
 10
186.99999999999994
 20
383.8064126288224
 10
189.41180954897476
 20
382.80740840377604
 97
0
 75
1
 76
1
 98
0
  0
HATCH
  5
36D
330
17
100
AcDbEntity
  8
A-EQUIPO-RELLENO
 62
7
420
14804716
100
AcDbHatch
 10
0.0
 20
0.0
 30
0.0
210
0.0
220
0.0
230
1.0
  2
SOLID
 70
1
 71
0
 91
1
 92
3
 72
0
 73
1
 93
24
 10
191.99999999999994
 20
360.3333333333333
 10
194.58819045102516
 20
360.67407507044265
 10
196.99999999999994
 20
361.67307929548895
 10
199.07106781186545
 20
363.26226552146784
 10
200.6602540378443
 20
365.3333333333333
 10
201.65925826289066
 20
367.74514288230813
 10
201.99999999999994
 20
370.3333333333333
 10
201.65925826289066
 20
372.9215237843585
 10
200.6602540378443
 20
375.3333333333333
 10
199.07106781186545
 20
377.4044011451988
 10
196.99999999999994
 20
378.9935873711777
 10
194.58819045102518
 20
379.992591596224
 10
191.99999999999994
 20
380.3333333333333
 10
189.41180954897476
 20
379.992591596224
 10
186.99999999999994
 20
378.9935873711777
 10
184.92893218813447
 20
377.4044011451988
 10
183.33974596215558
 20
375.3333333333333
 10
182.34074173710928
 20
372.9215237843585
 10
181.99999999999994
 20
370.3333333333333
 10
182.34074173710928
 20
367.74514288230813
 10
183.33974596215555
 20
365.3333333333333
 10
184.92893218813447
 20
363.26226552146784
 10
186.99999999999994
 20
361.67307929548895
 10
189.41180954897476
 20
360.67407507044265
 97
0
 75
1
 76
1
 98
0
  0
HATCH
  5
36E
330
17
100
AcDbEntity
  8
A-EQUIPO-RELLENO
 62
7
420
14804716
100
AcDbHatch
 10
0.0
 20
0.0
 30
0.0
210
0.0
220
0.0
230
1.0
  2
SOLID
 70
1
 71
0
 91
1
 92
3
 72
0
 73
1
 93
24
 10
191.99999999999994
 20
338.2
 10
194.58819045102516
 20
338.5407417371093
 10
196.99999999999994
 20
339.5397459621556
 10
199.07106781186545
 20
341.1289321881345
 10
200.6602540378443
 20
343.2
 10
201.65925826289066
 20
345.6118095489748
 10
201.99999999999994
 20
348.2
 10
201.65925826289066
 20
350.78819045102523
 10
200.6602540378443
 20
353.2
 10
199.07106781186545
 20
355.27106781186546
 10
196.99999999999994
 20
356.8602540378444
 10
194.58819045102518
 20
357.85925826289076
 10
191.99999999999994
 20
358.2
 10
189.41180954897476
 20
357.85925826289076
 10
186.99999999999994
 20
356.8602540378444
 10
184.92893218813447
 20
355.27106781186546
 10
183.33974596215558
 20
353.2
 10
182.34074173710928
 20
350.78819045102523
 10
181.99999999999994
 20
348.2
 10
182.34074173710928
 20
345.6118095489748
 10
183.33974596215555
 20
343.2
 10
184.92893218813447
 20
341.1289321881345
 10
186.99999999999994
 20
339.5397459621556
 10
189.41180954897476
 20
338.5407417371093
 97
0
 75
1
 76
1
 98
0
  0
HATCH
  5
36F
330
17
100
AcDbEntity
  8
A-EQUIPO-RELLENO
 62
7
420
14804716
100
AcDbHatch
 10
0.0
 20
0.0
 30
0.0
210
0.0
220
0.0
230
1.0
  2
SOLID
 70
1
 71
0
 91
1
 92
3
 72
0
 73
1
 93
24
 10
191.99999999999994
 20
316.0666666666667
 10
194.58819045102516
 20
316.407408403776
 10
196.99999999999994
 20
317.4064126288223
 10
199.07106781186545
 20
318.99559885480124
 10
200.6602540378443
 20
321.0666666666667
 10
201.65925826289066
 20
323.4784762156415
 10
201.99999999999994
 20
326.0666666666667
 10
201.65925826289066
 20
328.6548571176919
 10
200.6602540378443
 20
331.0666666666667
 10
199.07106781186545
 20
333.13773447853214
 10
196.99999999999994
 20
334.72692070451103
 10
194.58819045102518
 20
335.7259249295573
 10
191.99999999999994
 20
336.0666666666667
 10
189.41180954897476
 20
335.7259249295573
 10
186.99999999999994
 20
334.72692070451103
 10
184.92893218813447
 20
333.13773447853214
 10
183.33974596215558
 20
331.0666666666667
 10
182.34074173710928
 20
328.6548571176919
 10
181.99999999999994
 20
326.0666666666667
 10
182.34074173710928
 20
323.4784762156415
 10
183.33974596215555
 20
321.0666666666667
 10
184.92893218813447
 20
318.99559885480124
 10
186.99999999999994
 20
317.4064126288223
 10
189.41180954897476
 20
316.407408403776
 97
0
 75
1
 76
1
 98
0
  0
LWPOLYLINE
  5
370
330
17
100
AcDbEntity
  8
A-EQUIPO
100
AcDbPolyline
 90
4
 70
1
 10
178.0
 20
647.0
 10
177.99999999999994
 20
315.0
 10
205.99999999999997
 20
315.0
 10
206.0
 20
647.0
  0
CIRCLE
  5
371
330
17
100
AcDbEntity
  8
A-EQUIPO
100
AcDbCircle
 10
192.0
 20
635.9333333333334
 30
0.0
 40
10.0
  0
CIRCLE
  5
372
330
17
100
AcDbEntity
  8
A-EQUIPO-FINO
100
AcDbCircle
 10
192.0
 20
635.9333333333334
 30
0.0
 40
5.0
  0
CIRCLE
  5
373
330
17
100
AcDbEntity
  8
A-EQUIPO-OCULTO
100
AcDbCircle
 10
192.0
 20
635.9333333333334
 30
0.0
 40
7.5
  0
CIRCLE
  5
374
330
17
100
AcDbEntity
  8
A-EQUIPO
100
AcDbCircle
 10
192.0
 20
613.8
 30
0.0
 40
10.0
  0
CIRCLE
  5
375
330
17
100
AcDbEntity
  8
A-EQUIPO-FINO
100
AcDbCircle
 10
192.0
 20
613.8
 30
0.0
 40
5.0
  0
CIRCLE
  5
376
330
17
100
AcDbEntity
  8
A-EQUIPO-OCULTO
100
AcDbCircle
 10
192.0
 20
613.8
 30
0.0
 40
7.5
  0
CIRCLE
  5
377
330
17
100
AcDbEntity
  8
A-EQUIPO
100
AcDbCircle
 10
192.0
 20
591.6666666666667
 30
0.0
 40
10.0
  0
CIRCLE
  5
378
330
17
100
AcDbEntity
  8
A-EQUIPO-FINO
100
AcDbCircle
 10
192.0
 20
591.6666666666667
 30
0.0
 40
5.0
  0
CIRCLE
  5
379
330
17
100
AcDbEntity
  8
A-EQUIPO-OCULTO
100
AcDbCircle
 10
192.0
 20
591.6666666666667
 30
0.0
 40
7.5
  0
CIRCLE
  5
37A
330
17
100
AcDbEntity
  8
A-EQUIPO
100
AcDbCircle
 10
192.0
 20
569.5333333333333
 30
0.0
 40
10.0
  0
CIRCLE
  5
37B
330
17
100
AcDbEntity
  8
A-EQUIPO-FINO
100
AcDbCircle
 10
192.0
 20
569.5333333333333
 30
0.0
 40
5.0
  0
CIRCLE
  5
37C
330
17
100
AcDbEntity
  8
A-EQUIPO-OCULTO
100
AcDbCircle
 10
192.0
 20
569.5333333333333
 30
0.0
 40
7.5
  0
CIRCLE
  5
37D
330
17
100
AcDbEntity
  8
A-EQUIPO
100
AcDbCircle
 10
192.0
 20
547.4000000000001
 30
0.0
 40
10.0
  0
CIRCLE
  5
37E
330
17
100
AcDbEntity
  8
A-EQUIPO-FINO
100
AcDbCircle
 10
192.0
 20
547.4000000000001
 30
0.0
 40
5.0
  0
CIRCLE
  5
37F
330
17
100
AcDbEntity
  8
A-EQUIPO-OCULTO
100
AcDbCircle
 10
192.0
 20
547.4000000000001
 30
0.0
 40
7.5
  0
CIRCLE
  5
380
330
17
100
AcDbEntity
  8
A-EQUIPO
100
AcDbCircle
 10
192.0
 20
525.2666666666667
 30
0.0
 40
10.0
  0
CIRCLE
  5
381
330
17
100
AcDbEntity
  8
A-EQUIPO-FINO
100
AcDbCircle
 10
192.0
 20
525.2666666666667
 30
0.0
 40
5.0
  0
CIRCLE
  5
382
330
17
100
AcDbEntity
  8
A-EQUIPO-OCULTO
100
AcDbCircle
 10
192.0
 20
525.2666666666667
 30
0.0
 40
7.5
  0
CIRCLE
  5
383
330
17
100
AcDbEntity
  8
A-EQUIPO
100
AcDbCircle
 10
192.0
 20
503.1333333333333
 30
0.0
 40
10.0
  0
CIRCLE
  5
384
330
17
100
AcDbEntity
  8
A-EQUIPO-FINO
100
AcDbCircle
 10
192.0
 20
503.1333333333333
 30
0.0
 40
5.0
  0
CIRCLE
  5
385
330
17
100
AcDbEntity
  8
A-EQUIPO-OCULTO
100
AcDbCircle
 10
192.0
 20
503.1333333333333
 30
0.0
 40
7.5
  0
CIRCLE
  5
386
330
17
100
AcDbEntity
  8
A-EQUIPO
100
AcDbCircle
 10
191.99999999999997
 20
480.99999999999994
 30
0.0
 40
10.0
  0
CIRCLE
  5
387
330
17
100
AcDbEntity
  8
A-EQUIPO-FINO
100
AcDbCircle
 10
191.99999999999997
 20
480.99999999999994
 30
0.0
 40
5.0
  0
CIRCLE
  5
388
330
17
100
AcDbEntity
  8
A-EQUIPO-OCULTO
100
AcDbCircle
 10
191.99999999999997
 20
480.99999999999994
 30
0.0
 40
7.5
  0
CIRCLE
  5
389
330
17
100
AcDbEntity
  8
A-EQUIPO
100
AcDbCircle
 10
191.99999999999997
 20
458.8666666666667
 30
0.0
 40
10.0
  0
CIRCLE
  5
38A
330
17
100
AcDbEntity
  8
A-EQUIPO-FINO
100
AcDbCircle
 10
191.99999999999997
 20
458.8666666666667
 30
0.0
 40
5.0
  0
CIRCLE
  5
38B
330
17
100
AcDbEntity
  8
A-EQUIPO-OCULTO
100
AcDbCircle
 10
191.99999999999997
 20
458.8666666666667
 30
0.0
 40
7.5
  0
CIRCLE
  5
38C
330
17
100
AcDbEntity
  8
A-EQUIPO
100
AcDbCircle
 10
191.99999999999997
 20
436.73333333333335
 30
0.0
 40
10.0
  0
CIRCLE
  5
38D
330
17
100
AcDbEntity
  8
A-EQUIPO-FINO
100
AcDbCircle
 10
191.99999999999997
 20
436.73333333333335
 30
0.0
 40
5.0
  0
CIRCLE
  5
38E
330
17
100
AcDbEntity
  8
A-EQUIPO-OCULTO
100
AcDbCircle
 10
191.99999999999997
 20
436.73333333333335
 30
0.0
 40
7.5
  0
CIRCLE
  5
38F
330
17
100
AcDbEntity
  8
A-EQUIPO
100
AcDbCircle
 10
191.99999999999997
 20
414.6
 30
0.0
 40
10.0
  0
CIRCLE
  5
390
330
17
100
AcDbEntity
  8
A-EQUIPO-FINO
100
AcDbCircle
 10
191.99999999999997
 20
414.6
 30
0.0
 40
5.0
  0
CIRCLE
  5
391
330
17
100
AcDbEntity
  8
A-EQUIPO-OCULTO
100
AcDbCircle
 10
191.99999999999997
 20
414.6
 30
0.0
 40
7.5
  0
CIRCLE
  5
392
330
17
100
AcDbEntity
  8
A-EQUIPO
100
AcDbCircle
 10
191.99999999999994
 20
392.4666666666667
 30
0.0
 40
10.0
  0
CIRCLE
  5
393
330
17
100
AcDbEntity
  8
A-EQUIPO-FINO
100
AcDbCircle
 10
191.99999999999994
 20
392.4666666666667
 30
0.0
 40
5.0
  0
CIRCLE
  5
394
330
17
100
AcDbEntity
  8
A-EQUIPO-OCULTO
100
AcDbCircle
 10
191.99999999999994
 20
392.4666666666667
 30
0.0
 40
7.5
  0
CIRCLE
  5
395
330
17
100
AcDbEntity
  8
A-EQUIPO
100
AcDbCircle
 10
191.99999999999994
 20
370.3333333333333
 30
0.0
 40
10.0
  0
CIRCLE
  5
396
330
17
100
AcDbEntity
  8
A-EQUIPO-FINO
100
AcDbCircle
 10
191.99999999999994
 20
370.3333333333333
 30
0.0
 40
5.0
  0
CIRCLE
  5
397
330
17
100
AcDbEntity
  8
A-EQUIPO-OCULTO
100
AcDbCircle
 10
191.99999999999994
 20
370.3333333333333
 30
0.0
 40
7.5
  0
CIRCLE
  5
398
330
17
100
AcDbEntity
  8
A-EQUIPO
100
AcDbCircle
 10
191.99999999999994
 20
348.2
 30
0.0
 40
10.0
  0
CIRCLE
  5
399
330
17
100
AcDbEntity
  8
A-EQUIPO-FINO
100
AcDbCircle
 10
191.99999999999994
 20
348.2
 30
0.0
 40
5.0
  0
CIRCLE
  5
39A
330
17
100
AcDbEntity
  8
A-EQUIPO-OCULTO
100
AcDbCircle
 10
191.99999999999994
 20
348.2
 30
0.0
 40
7.5
  0
CIRCLE
  5
39B
330
17
100
AcDbEntity
  8
A-EQUIPO
100
AcDbCircle
 10
191.99999999999994
 20
326.0666666666667
 30
0.0
 40
10.0
  0
CIRCLE
  5
39C
330
17
100
AcDbEntity
  8
A-EQUIPO-FINO
100
AcDbCircle
 10
191.99999999999994
 20
326.0666666666667
 30
0.0
 40
5.0
  0
CIRCLE
  5
39D
330
17
100
AcDbEntity
  8
A-EQUIPO-OCULTO
100
AcDbCircle
 10
191.99999999999994
 20
326.0666666666667
 30
0.0
 40
7.5
  0
HATCH
  5
39E
330
17
100
AcDbEntity
  8
A-EQUIPO-RELLENO
 62
7
420
15265010
100
AcDbHatch
 10
0.0
 20
0.0
 30
0.0
210
0.0
220
0.0
230
1.0
  2
SOLID
 70
1
 71
0
 91
1
 92
3
 72
0
 73
1
 93
4
 10
240.39999999999998
 20
316.59999999999997
 10
240.39999999999998
 20
350.2888888888889
 10
213.60000000000002
 20
350.2888888888889
 10
213.60000000000002
 20
316.59999999999997
 97
0
 75
1
 76
1
 98
0
  0
HATCH
  5
39F
330
17
100
AcDbEntity
  8
A-EQUIPO-RELLENO
 62
7
420
15265010
100
AcDbHatch
 10
0.0
 20
0.0
 30
0.0
210
0.0
220
0.0
230
1.0
  2
SOLID
 70
1
 71
0
 91
1
 92
3
 72
0
 73
1
 93
4
 10
240.39999999999998
 20
353.4888888888889
 10
240.39999999999998
 20
387.17777777777775
 10
213.60000000000002
 20
387.17777777777775
 10
213.60000000000002
 20
353.4888888888889
 97
0
 75
1
 76
1
 98
0
  0
HATCH
  5
3A0
330
17
100
AcDbEntity
  8
A-EQUIPO-RELLENO
 62
7
420
15265010
100
AcDbHatch
 10
0.0
 20
0.0
 30
0.0
210
0.0
220
0.0
230
1.0
  2
SOLID
 70
1
 71
0
 91
1
 92
3
 72
0
 73
1
 93
4
 10
240.39999999999998
 20
390.37777777777774
 10
240.39999999999998
 20
424.06666666666666
 10
213.60000000000002
 20
424.06666666666666
 10
213.60000000000002
 20
390.37777777777774
 97
0
 75
1
 76
1
 98
0
  0
HATCH
  5
3A1
330
17
100
AcDbEntity
  8
A-EQUIPO-RELLENO
 62
7
420
15265010
100
AcDbHatch
 10
0.0
 20
0.0
 30
0.0
210
0.0
220
0.0
230
1.0
  2
SOLID
 70
1
 71
0
 91
1
 92
3
 72
0
 73
1
 93
4
 10
240.39999999999998
 20
427.26666666666665
 10
240.39999999999998
 20
460.95555555555563
 10
213.60000000000002
 20
460.95555555555563
 10
213.60000000000002
 20
427.26666666666665
 97
0
 75
1
 76
1
 98
0
  0
HATCH
  5
3A2
330
17
100
AcDbEntity
  8
A-EQUIPO-RELLENO
 62
7
420
15265010
100
AcDbHatch
 10
0.0
 20
0.0
 30
0.0
210
0.0
220
0.0
230
1.0
  2
SOLID
 70
1
 71
0
 91
1
 92
3
 72
0
 73
1
 93
4
 10
240.39999999999998
 20
464.15555555555557
 10
240.39999999999998
 20
497.84444444444443
 10
213.60000000000002
 20
497.84444444444443
 10
213.60000000000002
 20
464.15555555555557
 97
0
 75
1
 76
1
 98
0
  0
HATCH
  5
3A3
330
17
100
AcDbEntity
  8
A-EQUIPO-RELLENO
 62
7
420
15265010
100
AcDbHatch
 10
0.0
 20
0.0
 30
0.0
210
0.0
220
0.0
230
1.0
  2
SOLID
 70
1
 71
0
 91
1
 92
3
 72
0
 73
1
 93
4
 10
240.39999999999998
 20
501.04444444444454
 10
240.39999999999998
 20
534.7333333333333
 10
213.60000000000002
 20
534.7333333333333
 10
213.60000000000002
 20
501.04444444444454
 97
0
 75
1
 76
1
 98
0
  0
HATCH
  5
3A4
330
17
100
AcDbEntity
  8
A-EQUIPO-RELLENO
 62
7
420
15265010
100
AcDbHatch
 10
0.0
 20
0.0
 30
0.0
210
0.0
220
0.0
230
1.0
  2
SOLID
 70
1
 71
0
 91
1
 92
3
 72
0
 73
1
 93
4
 10
240.39999999999998
 20
537.9333333333334
 10
240.39999999999998
 20
571.6222222222223
 10
213.60000000000002
 20
571.6222222222223
 10
213.60000000000002
 20
537.9333333333334
 97
0
 75
1
 76
1
 98
0
  0
HATCH
  5
3A5
330
17
100
AcDbEntity
  8
A-EQUIPO-RELLENO
 62
7
420
15265010
100
AcDbHatch
 10
0.0
 20
0.0
 30
0.0
210
0.0
220
0.0
230
1.0
  2
SOLID
 70
1
 71
0
 91
1
 92
3
 72
0
 73
1
 93
4
 10
240.39999999999998
 20
574.8222222222222
 10
240.40000000000003
 20
608.5111111111111
 10
213.60000000000002
 20
608.5111111111111
 10
213.60000000000002
 20
574.8222222222222
 97
0
 75
1
 76
1
 98
0
  0
HATCH
  5
3A6
330
17
100
AcDbEntity
  8
A-EQUIPO-RELLENO
 62
7
420
15265010
100
AcDbHatch
 10
0.0
 20
0.0
 30
0.0
210
0.0
220
0.0
230
1.0
  2
SOLID
 70
1
 71
0
 91
1
 92
3
 72
0
 73
1
 93
4
 10
240.40000000000003
 20
611.7111111111112
 10
240.40000000000003
 20
645.4000000000001
 10
213.60000000000002
 20
645.4000000000001
 10
213.60000000000002
 20
611.7111111111112
 97
0
 75
1
 76
1
 98
0
  0
LWPOLYLINE
  5
3A7
330
17
100
AcDbEntity
  8
A-EQUIPO
100
AcDbPolyline
 90
4
 70
1
 10
240.39999999999998
 20
316.59999999999997
 10
240.39999999999998
 20
350.2888888888889
 10
213.60000000000002
 20
350.2888888888889
 10
213.60000000000002
 20
316.59999999999997
  0
LWPOLYLINE
  5
3A8
330
17
100
AcDbEntity
  8
A-EQUIPO-FINO
100
AcDbPolyline
 90
4
 70
1
 10
238.79999999999998
 20
318.2
 10
238.79999999999998
 20
348.68888888888887
 10
215.2
 20
348.68888888888887
 10
215.2
 20
318.2
  0
LINE
  5
3A9
330
17
100
AcDbEntity
  8
A-EQUIPO-FINO
100
AcDbLine
 10
238.79999999999998
 20
318.2
 30
0.0
 11
215.2
 21
348.68888888888887
 31
0.0
  0
LWPOLYLINE
  5
3AA
330
17
100
AcDbEntity
  8
A-EQUIPO-OCULTO
100
AcDbPolyline
 90
4
 70
1
 10
234.7
 20
318.6
 10
234.7
 20
348.2888888888889
 10
232.7
 20
348.2888888888889
 10
232.7
 20
318.6
  0
LWPOLYLINE
  5
3AB
330
17
100
AcDbEntity
  8
A-EQUIPO-OCULTO
100
AcDbPolyline
 90
4
 70
1
 10
221.29999999999998
 20
318.6
 10
221.29999999999998
 20
348.2888888888889
 10
219.29999999999998
 20
348.2888888888889
 10
219.29999999999998
 20
318.6
  0
LWPOLYLINE
  5
3AC
330
17
100
AcDbEntity
  8
A-EQUIPO
100
AcDbPolyline
 90
4
 70
1
 10
240.39999999999998
 20
353.4888888888889
 10
240.39999999999998
 20
387.17777777777775
 10
213.60000000000002
 20
387.17777777777775
 10
213.60000000000002
 20
353.4888888888889
  0
LWPOLYLINE
  5
3AD
330
17
100
AcDbEntity
  8
A-EQUIPO-FINO
100
AcDbPolyline
 90
4
 70
1
 10
238.79999999999998
 20
355.0888888888889
 10
238.79999999999998
 20
385.5777777777778
 10
215.2
 20
385.5777777777778
 10
215.2
 20
355.0888888888889
  0
LINE
  5
3AE
330
17
100
AcDbEntity
  8
A-EQUIPO-FINO
100
AcDbLine
 10
238.79999999999998
 20
355.0888888888889
 30
0.0
 11
215.2
 21
385.5777777777778
 31
0.0
  0
LWPOLYLINE
  5
3AF
330
17
100
AcDbEntity
  8
A-EQUIPO-OCULTO
100
AcDbPolyline
 90
4
 70
1
 10
234.7
 20
355.4888888888889
 10
234.7
 20
385.1777777777778
 10
232.7
 20
385.1777777777778
 10
232.7
 20
355.4888888888889
  0
LWPOLYLINE
  5
3B0
330
17
100
AcDbEntity
  8
A-EQUIPO-OCULTO
100
AcDbPolyline
 90
4
 70
1
 10
221.29999999999998
 20
355.4888888888889
 10
221.29999999999998
 20
385.1777777777778
 10
219.29999999999998
 20
385.1777777777778
 10
219.29999999999998
 20
355.4888888888889
  0
LWPOLYLINE
  5
3B1
330
17
100
AcDbEntity
  8
A-EQUIPO
100
AcDbPolyline
 90
4
 70
1
 10
240.39999999999998
 20
390.37777777777774
 10
240.39999999999998
 20
424.06666666666666
 10
213.60000000000002
 20
424.06666666666666
 10
213.60000000000002
 20
390.37777777777774
  0
LWPOLYLINE
  5
3B2
330
17
100
AcDbEntity
  8
A-EQUIPO-FINO
100
AcDbPolyline
 90
4
 70
1
 10
238.79999999999998
 20
391.9777777777778
 10
238.79999999999998
 20
422.4666666666667
 10
215.2
 20
422.4666666666667
 10
215.2
 20
391.9777777777778
  0
LINE
  5
3B3
330
17
100
AcDbEntity
  8
A-EQUIPO-FINO
100
AcDbLine
 10
238.79999999999998
 20
391.9777777777778
 30
0.0
 11
215.2
 21
422.4666666666667
 31
0.0
  0
LWPOLYLINE
  5
3B4
330
17
100
AcDbEntity
  8
A-EQUIPO-OCULTO
100
AcDbPolyline
 90
4
 70
1
 10
234.7
 20
392.3777777777778
 10
234.7
 20
422.0666666666666
 10
232.7
 20
422.0666666666666
 10
232.7
 20
392.3777777777778
  0
LWPOLYLINE
  5
3B5
330
17
100
AcDbEntity
  8
A-EQUIPO-OCULTO
100
AcDbPolyline
 90
4
 70
1
 10
221.29999999999998
 20
392.3777777777778
 10
221.29999999999998
 20
422.0666666666666
 10
219.29999999999998
 20
422.0666666666666
 10
219.29999999999998
 20
392.3777777777778
  0
LWPOLYLINE
  5
3B6
330
17
100
AcDbEntity
  8
A-EQUIPO
100
AcDbPolyline
 90
4
 70
1
 10
240.39999999999998
 20
427.26666666666665
 10
240.39999999999998
 20
460.95555555555563
 10
213.60000000000002
 20
460.95555555555563
 10
213.60000000000002
 20
427.26666666666665
  0
LWPOLYLINE
  5
3B7
330
17
100
AcDbEntity
  8
A-EQUIPO-FINO
100
AcDbPolyline
 90
4
 70
1
 10
238.79999999999998
 20
428.8666666666667
 10
238.79999999999998
 20
459.3555555555555
 10
215.2
 20
459.3555555555555
 10
215.2
 20
428.8666666666667
  0
LINE
  5
3B8
330
17
100
AcDbEntity
  8
A-EQUIPO-FINO
100
AcDbLine
 10
238.79999999999998
 20
428.8666666666667
 30
0.0
 11
215.2
 21
459.3555555555555
 31
0.0
  0
LWPOLYLINE
  5
3B9
330
17
100
AcDbEntity
  8
A-EQUIPO-OCULTO
100
AcDbPolyline
 90
4
 70
1
 10
234.7
 20
429.26666666666665
 10
234.7
 20
458.95555555555563
 10
232.7
 20
458.95555555555563
 10
232.7
 20
429.26666666666665
  0
LWPOLYLINE
  5
3BA
330
17
100
AcDbEntity
  8
A-EQUIPO-OCULTO
100
AcDbPolyline
 90
4
 70
1
 10
221.29999999999998
 20
429.26666666666665
 10
221.29999999999998
 20
458.95555555555563
 10
219.29999999999998
 20
458.95555555555563
 10
219.29999999999998
 20
429.26666666666665
  0
LWPOLYLINE
  5
3BB
330
17
100
AcDbEntity
  8
A-EQUIPO
100
AcDbPolyline
 90
4
 70
1
 10
240.39999999999998
 20
464.15555555555557
 10
240.39999999999998
 20
497.84444444444443
 10
213.60000000000002
 20
497.84444444444443
 10
213.60000000000002
 20
464.15555555555557
  0
LWPOLYLINE
  5
3BC
330
17
100
AcDbEntity
  8
A-EQUIPO-FINO
100
AcDbPolyline
 90
4
 70
1
 10
238.79999999999998
 20
465.75555555555553
 10
238.79999999999998
 20
496.2444444444445
 10
215.2
 20
496.2444444444445
 10
215.2
 20
465.75555555555553
  0
LINE
  5
3BD
330
17
100
AcDbEntity
  8
A-EQUIPO-FINO
100
AcDbLine
 10
238.79999999999998
 20
465.75555555555553
 30
0.0
 11
215.2
 21
496.2444444444445
 31
0.0
  0
LWPOLYLINE
  5
3BE
330
17
100
AcDbEntity
  8
A-EQUIPO-OCULTO
100
AcDbPolyline
 90
4
 70
1
 10
234.7
 20
466.15555555555557
 10
234.7
 20
495.84444444444443
 10
232.7
 20
495.84444444444443
 10
232.7
 20
466.15555555555557
  0
LWPOLYLINE
  5
3BF
330
17
100
AcDbEntity
  8
A-EQUIPO-OCULTO
100
AcDbPolyline
 90
4
 70
1
 10
221.29999999999998
 20
466.15555555555557
 10
221.29999999999998
 20
495.84444444444443
 10
219.29999999999998
 20
495.84444444444443
 10
219.29999999999998
 20
466.15555555555557
  0
LWPOLYLINE
  5
3C0
330
17
100
AcDbEntity
  8
A-EQUIPO
100
AcDbPolyline
 90
4
 70
1
 10
240.39999999999998
 20
501.04444444444454
 10
240.39999999999998
 20
534.7333333333333
 10
213.60000000000002
 20
534.7333333333333
 10
213.60000000000002
 20
501.04444444444454
  0
LWPOLYLINE
  5
3C1
330
17
100
AcDbEntity
  8
A-EQUIPO-FINO
100
AcDbPolyline
 90
4
 70
1
 10
238.79999999999998
 20
502.6444444444445
 10
238.79999999999998
 20
533.1333333333333
 10
215.2
 20
533.1333333333333
 10
215.2
 20
502.6444444444445
  0
LINE
  5
3C2
330
17
100
AcDbEntity
  8
A-EQUIPO-FINO
100
AcDbLine
 10
238.79999999999998
 20
502.6444444444445
 30
0.0
 11
215.2
 21
533.1333333333333
 31
0.0
  0
LWPOLYLINE
  5
3C3
330
17
100
AcDbEntity
  8
A-EQUIPO-OCULTO
100
AcDbPolyline
 90
4
 70
1
 10
234.7
 20
503.0444444444444
 10
234.7
 20
532.7333333333333
 10
232.7
 20
532.7333333333333
 10
232.7
 20
503.0444444444444
  0
LWPOLYLINE
  5
3C4
330
17
100
AcDbEntity
  8
A-EQUIPO-OCULTO
100
AcDbPolyline
 90
4
 70
1
 10
221.29999999999998
 20
503.0444444444444
 10
221.29999999999998
 20
532.7333333333333
 10
219.29999999999998
 20
532.7333333333333
 10
219.29999999999998
 20
503.0444444444444
  0
LWPOLYLINE
  5
3C5
330
17
100
AcDbEntity
  8
A-EQUIPO
100
AcDbPolyline
 90
4
 70
1
 10
240.39999999999998
 20
537.9333333333334
 10
240.39999999999998
 20
571.6222222222223
 10
213.60000000000002
 20
571.6222222222223
 10
213.60000000000002
 20
537.9333333333334
  0
LWPOLYLINE
  5
3C6
330
17
100
AcDbEntity
  8
A-EQUIPO-FINO
100
AcDbPolyline
 90
4
 70
1
 10
238.79999999999998
 20
539.5333333333333
 10
238.79999999999998
 20
570.0222222222224
 10
215.2
 20
570.0222222222224
 10
215.2
 20
539.5333333333333
  0
LINE
  5
3C7
330
17
100
AcDbEntity
  8
A-EQUIPO-FINO
100
AcDbLine
 10
238.79999999999998
 20
539.5333333333333
 30
0.0
 11
215.2
 21
570.0222222222224
 31
0.0
  0
LWPOLYLINE
  5
3C8
330
17
100
AcDbEntity
  8
A-EQUIPO-OCULTO
100
AcDbPolyline
 90
4
 70
1
 10
234.7
 20
539.9333333333334
 10
234.7
 20
569.6222222222223
 10
232.7
 20
569.6222222222223
 10
232.7
 20
539.9333333333334
  0
LWPOLYLINE
  5
3C9
330
17
100
AcDbEntity
  8
A-EQUIPO-OCULTO
100
AcDbPolyline
 90
4
 70
1
 10
221.29999999999998
 20
539.9333333333334
 10
221.29999999999998
 20
569.6222222222223
 10
219.29999999999998
 20
569.6222222222223
 10
219.29999999999998
 20
539.9333333333334
  0
LWPOLYLINE
  5
3CA
330
17
100
AcDbEntity
  8
A-EQUIPO
100
AcDbPolyline
 90
4
 70
1
 10
240.39999999999998
 20
574.8222222222222
 10
240.40000000000003
 20
608.5111111111111
 10
213.60000000000002
 20
608.5111111111111
 10
213.60000000000002
 20
574.8222222222222
  0
LWPOLYLINE
  5
3CB
330
17
100
AcDbEntity
  8
A-EQUIPO-FINO
100
AcDbPolyline
 90
4
 70
1
 10
238.79999999999998
 20
576.4222222222222
 10
238.8
 20
606.9111111111112
 10
215.20000000000005
 20
606.9111111111112
 10
215.2
 20
576.4222222222222
  0
LINE
  5
3CC
330
17
100
AcDbEntity
  8
A-EQUIPO-FINO
100
AcDbLine
 10
238.79999999999998
 20
576.4222222222222
 30
0.0
 11
215.20000000000005
 21
606.9111111111112
 31
0.0
  0
LWPOLYLINE
  5
3CD
330
17
100
AcDbEntity
  8
A-EQUIPO-OCULTO
100
AcDbPolyline
 90
4
 70
1
 10
234.7
 20
576.8222222222222
 10
234.70000000000002
 20
606.5111111111111
 10
232.70000000000002
 20
606.5111111111111
 10
232.7
 20
576.8222222222222
  0
LWPOLYLINE
  5
3CE
330
17
100
AcDbEntity
  8
A-EQUIPO-OCULTO
100
AcDbPolyline
 90
4
 70
1
 10
221.29999999999998
 20
576.8222222222222
 10
221.30000000000007
 20
606.5111111111111
 10
219.3
 20
606.5111111111111
 10
219.29999999999998
 20
576.8222222222222
  0
LWPOLYLINE
  5
3CF
330
17
100
AcDbEntity
  8
A-EQUIPO
100
AcDbPolyline
 90
4
 70
1
 10
240.40000000000003
 20
611.7111111111112
 10
240.40000000000003
 20
645.4000000000001
 10
213.60000000000002
 20
645.4000000000001
 10
213.60000000000002
 20
611.7111111111112
  0
LWPOLYLINE
  5
3D0
330
17
100
AcDbEntity
  8
A-EQUIPO-FINO
100
AcDbPolyline
 90
4
 70
1
 10
238.8
 20
613.3111111111111
 10
238.8
 20
643.8000000000001
 10
215.20000000000005
 20
643.8000000000001
 10
215.20000000000005
 20
613.3111111111111
  0
LINE
  5
3D1
330
17
100
AcDbEntity
  8
A-EQUIPO-FINO
100
AcDbLine
 10
238.8
 20
613.3111111111111
 30
0.0
 11
215.20000000000005
 21
643.8000000000001
 31
0.0
  0
LWPOLYLINE
  5
3D2
330
17
100
AcDbEntity
  8
A-EQUIPO-OCULTO
100
AcDbPolyline
 90
4
 70
1
 10
234.70000000000002
 20
613.711111111111
 10
234.70000000000002
 20
643.4000000000001
 10
232.70000000000002
 20
643.4000000000001
 10
232.70000000000002
 20
613.711111111111
  0
LWPOLYLINE
  5
3D3
330
17
100
AcDbEntity
  8
A-EQUIPO-OCULTO
100
AcDbPolyline
 90
4
 70
1
 10
221.30000000000007
 20
613.711111111111
 10
221.30000000000007
 20
643.4000000000001
 10
219.3
 20
643.4000000000001
 10
219.3
 20
613.711111111111
  0
HATCH
  5
3D4
330
17
100
AcDbEntity
  8
A-EQUIPO-RELLENO
 62
7
420
15658734
100
AcDbHatch
 10
0.0
 20
0.0
 30
0.0
210
0.0
220
0.0
230
1.0
  2
SOLID
 70
1
 71
0
 91
1
 92
3
 72
0
 73
1
 93
4
 10
321.0
 20
389.00000000000006
 10
321.0
 20
327.0
 10
345.0
 20
327.0
 10
345.0
 20
389.00000000000006
 97
0
 75
1
 76
1
 98
0
  0
LWPOLYLINE
  5
3D5
330
17
100
AcDbEntity
  8
A-EQUIPO
100
AcDbPolyline
 90
4
 70
1
 10
321.0
 20
389.00000000000006
 10
321.0
 20
327.0
 10
345.0
 20
327.0
 10
345.0
 20
389.00000000000006
  0
LINE
  5
3D6
330
17
100
AcDbEntity
  8
A-EQUIPO-OCULTO
100
AcDbLine
 10
323.0
 20
387.0
 30
0.0
 11
343.0
 21
329.00000000000006
 31
0.0
  0
LINE
  5
3D7
330
17
100
AcDbEntity
  8
A-EQUIPO-OCULTO
100
AcDbLine
 10
343.0
 20
387.0
 30
0.0
 11
323.0
 21
329.00000000000006
 31
0.0
  0
LWPOLYLINE
  5
3D8
330
17
100
AcDbEntity
  8
A-EQUIPO
100
AcDbPolyline
 90
4
 70
1
 10
324.0
 20
386.0000000000001
 10
324.0
 20
330.0
 10
342.0
 20
330.0
 10
342.0
 20
386.0000000000001
  0
LINE
  5
3D9
330
17
100
AcDbEntity
  8
A-EQUIPO-FINO
100
AcDbLine
 10
326.25
 20
386.0000000000001
 30
0.0
 11
326.25
 21
330.0
 31
0.0
  0
LINE
  5
3DA
330
17
100
AcDbEntity
  8
A-EQUIPO-FINO
100
AcDbLine
 10
328.5
 20
386.0000000000001
 30
0.0
 11
328.5
 21
330.0
 31
0.0
  0
LINE
  5
3DB
330
17
100
AcDbEntity
  8
A-EQUIPO-FINO
100
AcDbLine
 10
330.75
 20
386.0000000000001
 30
0.0
 11
330.75
 21
330.0
 31
0.0
  0
LINE
  5
3DC
330
17
100
AcDbEntity
  8
A-EQUIPO-FINO
100
AcDbLine
 10
333.0
 20
386.0000000000001
 30
0.0
 11
333.0
 21
330.0
 31
0.0
  0
LINE
  5
3DD
330
17
100
AcDbEntity
  8
A-EQUIPO-FINO
100
AcDbLine
 10
335.25
 20
386.0000000000001
 30
0.0
 11
335.25
 21
330.0
 31
0.0
  0
LINE
  5
3DE
330
17
100
AcDbEntity
  8
A-EQUIPO-FINO
100
AcDbLine
 10
337.5
 20
386.0000000000001
 30
0.0
 11
337.5
 21
330.0
 31
0.0
  0
LINE
  5
3DF
330
17
100
AcDbEntity
  8
A-EQUIPO-FINO
100
AcDbLine
 10
339.75
 20
386.0000000000001
 30
0.0
 11
339.75
 21
330.0
 31
0.0
  0
CIRCLE
  5
3E0
330
17
100
AcDbEntity
  8
A-EQUIPO-FINO
100
AcDbCircle
 10
333.0
 20
386.0000000000001
 30
0.0
 40
0.8
  0
HATCH
  5
3E1
330
17
100
AcDbEntity
  8
A-EQUIPO-RELLENO
 62
7
420
15658734
100
AcDbHatch
 10
0.0
 20
0.0
 30
0.0
210
0.0
220
0.0
230
1.0
  2
SOLID
 70
1
 71
0
 91
1
 92
3
 72
0
 73
1
 93
4
 10
371.0
 20
389.0
 10
347.0
 20
389.0
 10
347.0
 20
325.0
 10
371.0
 20
325.0
 97
0
 75
1
 76
1
 98
0
  0
HATCH
  5
3E2
330
17
100
AcDbEntity
  8
A-EQUIPO-RELLENO
 62
7
420
16441845
100
AcDbHatch
 10
0.0
 20
0.0
 30
0.0
210
0.0
220
0.0
230
1.0
  2
SOLID
 70
1
 71
0
 91
1
 92
3
 72
0
 73
1
 93
14
 10
365.0
 20
398.6
 10
364.79555495773445
 20
400.15291427061516
 10
364.19615242270663
 20
401.59999999999997
 10
363.2426406871193
 20
402.8426406871193
 10
362.0
 20
403.7961524227066
 10
360.5529142706151
 20
404.3955549577344
 10
358.99999999999994
 20
404.6
 10
357.4470857293848
 20
404.3955549577344
 10
356.0
 20
403.7961524227066
 10
354.75735931288074
 20
402.8426406871193
 10
353.80384757729337
 20
401.59999999999997
 10
353.2044450422656
 20
400.15291427061516
 10
352.99999999999994
 20
398.6
 10
365.0
 20
398.6
 97
0
 75
1
 76
1
 98
0
  0
HATCH
  5
3E3
330
17
100
AcDbEntity
  8
A-EQUIPO-RELLENO
 62
7
420
16777215
100
AcDbHatch
 10
0.0
 20
0.0
 30
0.0
210
0.0
220
0.0
230
1.0
  2
SOLID
 70
1
 71
0
 91
1
 92
3
 72
0
 73
1
 93
24
 10
356.6
 20
398.2
 10
356.6817780169062
 20
397.57883429175394
 10
356.9215390309173
 20
396.99999999999994
 10
357.30294372515226
 20
396.50294372515225
 10
357.79999999999995
 20
396.1215390309173
 10
358.37883429175395
 20
395.8817780169062
 10
358.99999999999994
 20
395.79999999999995
 10
359.621165708246
 20
395.8817780169062
 10
360.2
 20
396.1215390309173
 10
360.6970562748477
 20
396.50294372515225
 10
361.07846096908264
 20
396.99999999999994
 10
361.31822198309374
 20
397.57883429175394
 10
361.4
 20
398.2
 10
361.31822198309374
 20
398.8211657082461
 10
361.07846096908264
 20
399.4
 10
360.6970562748477
 20
399.89705627484767
 10
360.2
 20
400.27846096908263
 10
359.621165708246
 20
400.5182219830937
 10
358.99999999999994
 20
400.59999999999997
 10
358.37883429175395
 20
400.5182219830937
 10
357.79999999999995
 20
400.27846096908263
 10
357.30294372515226
 20
399.89705627484767
 10
356.9215390309173
 20
399.4
 10
356.6817780169062
 20
398.8211657082461
 97
0
 75
1
 76
1
 98
0
  0
LWPOLYLINE
  5
3E4
330
17
100
AcDbEntity
  8
A-EQUIPO
100
AcDbPolyline
 90
4
 70
1
 10
371.0
 20
389.0
 10
347.0
 20
389.0
 10
347.0
 20
325.0
 10
371.0
 20
325.0
  0
CIRCLE
  5
3E5
330
17
100
AcDbEntity
  8
A-EQUIPO-FINO
100
AcDbCircle
 10
368.6
 20
386.59999999999997
 30
0.0
 40
0.5
  0
CIRCLE
  5
3E6
330
17
100
AcDbEntity
  8
A-EQUIPO-FINO
100
AcDbCircle
 10
368.6
 20
383.0
 30
0.0
 40
0.5
  0
CIRCLE
  5
3E7
330
17
100
AcDbEntity
  8
A-EQUIPO-FINO
100
AcDbCircle
 10
368.6
 20
379.4
 30
0.0
 40
0.5
  0
CIRCLE
  5
3E8
330
17
100
AcDbEntity
  8
A-EQUIPO-FINO
100
AcDbCircle
 10
368.6
 20
375.79999999999995
 30
0.0
 40
0.5
  0
CIRCLE
  5
3E9
330
17
100
AcDbEntity
  8
A-EQUIPO-FINO
100
AcDbCircle
 10
368.6
 20
372.2
 30
0.0
 40
0.5
  0
CIRCLE
  5
3EA
330
17
100
AcDbEntity
  8
A-EQUIPO-FINO
100
AcDbCircle
 10
368.6
 20
368.6
 30
0.0
 40
0.5
  0
CIRCLE
  5
3EB
330
17
100
AcDbEntity
  8
A-EQUIPO-FINO
100
AcDbCircle
 10
368.6
 20
365.0
 30
0.0
 40
0.5
  0
CIRCLE
  5
3EC
330
17
100
AcDbEntity
  8
A-EQUIPO-FINO
100
AcDbCircle
 10
368.6
 20
361.4
 30
0.0
 40
0.5
  0
CIRCLE
  5
3ED
330
17
100
AcDbEntity
  8
A-EQUIPO-FINO
100
AcDbCircle
 10
368.6
 20
357.8
 30
0.0
 40
0.5
  0
CIRCLE
  5
3EE
330
17
100
AcDbEntity
  8
A-EQUIPO-FINO
100
AcDbCircle
 10
368.6
 20
354.20000000000005
 30
0.0
 40
0.5
  0
CIRCLE
  5
3EF
330
17
100
AcDbEntity
  8
A-EQUIPO-FINO
100
AcDbCircle
 10
368.6
 20
350.6
 30
0.0
 40
0.5
  0
CIRCLE
  5
3F0
330
17
100
AcDbEntity
  8
A-EQUIPO-FINO
100
AcDbCircle
 10
368.6
 20
346.99999999999994
 30
0.0
 40
0.5
  0
CIRCLE
  5
3F1
330
17
100
AcDbEntity
  8
A-EQUIPO-FINO
100
AcDbCircle
 10
368.6
 20
343.4
 30
0.0
 40
0.5
  0
CIRCLE
  5
3F2
330
17
100
AcDbEntity
  8
A-EQUIPO-FINO
100
AcDbCircle
 10
368.6
 20
339.79999999999995
 30
0.0
 40
0.5
  0
CIRCLE
  5
3F3
330
17
100
AcDbEntity
  8
A-EQUIPO-FINO
100
AcDbCircle
 10
368.6
 20
336.2
 30
0.0
 40
0.5
  0
CIRCLE
  5
3F4
330
17
100
AcDbEntity
  8
A-EQUIPO-FINO
100
AcDbCircle
 10
368.6
 20
332.59999999999997
 30
0.0
 40
0.5
  0
CIRCLE
  5
3F5
330
17
100
AcDbEntity
  8
A-EQUIPO-FINO
100
AcDbCircle
 10
368.6
 20
329.0
 30
0.0
 40
0.5
  0
CIRCLE
  5
3F6
330
17
100
AcDbEntity
  8
A-EQUIPO-FINO
100
AcDbCircle
 10
364.99999999999994
 20
386.59999999999997
 30
0.0
 40
0.5
  0
CIRCLE
  5
3F7
330
17
100
AcDbEntity
  8
A-EQUIPO-FINO
100
AcDbCircle
 10
364.99999999999994
 20
383.0
 30
0.0
 40
0.5
  0
CIRCLE
  5
3F8
330
17
100
AcDbEntity
  8
A-EQUIPO-FINO
100
AcDbCircle
 10
364.99999999999994
 20
379.4
 30
0.0
 40
0.5
  0
CIRCLE
  5
3F9
330
17
100
AcDbEntity
  8
A-EQUIPO-FINO
100
AcDbCircle
 10
364.99999999999994
 20
375.79999999999995
 30
0.0
 40
0.5
  0
CIRCLE
  5
3FA
330
17
100
AcDbEntity
  8
A-EQUIPO-FINO
100
AcDbCircle
 10
364.99999999999994
 20
372.2
 30
0.0
 40
0.5
  0
CIRCLE
  5
3FB
330
17
100
AcDbEntity
  8
A-EQUIPO-FINO
100
AcDbCircle
 10
364.99999999999994
 20
368.6
 30
0.0
 40
0.5
  0
CIRCLE
  5
3FC
330
17
100
AcDbEntity
  8
A-EQUIPO-FINO
100
AcDbCircle
 10
364.99999999999994
 20
365.0
 30
0.0
 40
0.5
  0
CIRCLE
  5
3FD
330
17
100
AcDbEntity
  8
A-EQUIPO-FINO
100
AcDbCircle
 10
364.99999999999994
 20
361.4
 30
0.0
 40
0.5
  0
CIRCLE
  5
3FE
330
17
100
AcDbEntity
  8
A-EQUIPO-FINO
100
AcDbCircle
 10
364.99999999999994
 20
357.8
 30
0.0
 40
0.5
  0
CIRCLE
  5
3FF
330
17
100
AcDbEntity
  8
A-EQUIPO-FINO
100
AcDbCircle
 10
364.99999999999994
 20
354.20000000000005
 30
0.0
 40
0.5
  0
CIRCLE
  5
400
330
17
100
AcDbEntity
  8
A-EQUIPO-FINO
100
AcDbCircle
 10
364.99999999999994
 20
350.6
 30
0.0
 40
0.5
  0
CIRCLE
  5
401
330
17
100
AcDbEntity
  8
A-EQUIPO-FINO
100
AcDbCircle
 10
364.99999999999994
 20
346.99999999999994
 30
0.0
 40
0.5
  0
CIRCLE
  5
402
330
17
100
AcDbEntity
  8
A-EQUIPO-FINO
100
AcDbCircle
 10
364.99999999999994
 20
343.4
 30
0.0
 40
0.5
  0
CIRCLE
  5
403
330
17
100
AcDbEntity
  8
A-EQUIPO-FINO
100
AcDbCircle
 10
364.99999999999994
 20
339.79999999999995
 30
0.0
 40
0.5
  0
CIRCLE
  5
404
330
17
100
AcDbEntity
  8
A-EQUIPO-FINO
100
AcDbCircle
 10
364.99999999999994
 20
336.2
 30
0.0
 40
0.5
  0
CIRCLE
  5
405
330
17
100
AcDbEntity
  8
A-EQUIPO-FINO
100
AcDbCircle
 10
364.99999999999994
 20
332.59999999999997
 30
0.0
 40
0.5
  0
CIRCLE
  5
406
330
17
100
AcDbEntity
  8
A-EQUIPO-FINO
100
AcDbCircle
 10
364.99999999999994
 20
329.0
 30
0.0
 40
0.5
  0
CIRCLE
  5
407
330
17
100
AcDbEntity
  8
A-EQUIPO-FINO
100
AcDbCircle
 10
361.4
 20
386.59999999999997
 30
0.0
 40
0.5
  0
CIRCLE
  5
408
330
17
100
AcDbEntity
  8
A-EQUIPO-FINO
100
AcDbCircle
 10
361.4
 20
383.0
 30
0.0
 40
0.5
  0
CIRCLE
  5
409
330
17
100
AcDbEntity
  8
A-EQUIPO-FINO
100
AcDbCircle
 10
361.4
 20
379.4
 30
0.0
 40
0.5
  0
CIRCLE
  5
40A
330
17
100
AcDbEntity
  8
A-EQUIPO-FINO
100
AcDbCircle
 10
361.4
 20
375.79999999999995
 30
0.0
 40
0.5
  0
CIRCLE
  5
40B
330
17
100
AcDbEntity
  8
A-EQUIPO-FINO
100
AcDbCircle
 10
361.4
 20
372.2
 30
0.0
 40
0.5
  0
CIRCLE
  5
40C
330
17
100
AcDbEntity
  8
A-EQUIPO-FINO
100
AcDbCircle
 10
361.4
 20
368.6
 30
0.0
 40
0.5
  0
CIRCLE
  5
40D
330
17
100
AcDbEntity
  8
A-EQUIPO-FINO
100
AcDbCircle
 10
361.4
 20
365.0
 30
0.0
 40
0.5
  0
CIRCLE
  5
40E
330
17
100
AcDbEntity
  8
A-EQUIPO-FINO
100
AcDbCircle
 10
361.4
 20
361.4
 30
0.0
 40
0.5
  0
CIRCLE
  5
40F
330
17
100
AcDbEntity
  8
A-EQUIPO-FINO
100
AcDbCircle
 10
361.4
 20
357.8
 30
0.0
 40
0.5
  0
CIRCLE
  5
410
330
17
100
AcDbEntity
  8
A-EQUIPO-FINO
100
AcDbCircle
 10
361.4
 20
354.20000000000005
 30
0.0
 40
0.5
  0
CIRCLE
  5
411
330
17
100
AcDbEntity
  8
A-EQUIPO-FINO
100
AcDbCircle
 10
361.4
 20
350.6
 30
0.0
 40
0.5
  0
CIRCLE
  5
412
330
17
100
AcDbEntity
  8
A-EQUIPO-FINO
100
AcDbCircle
 10
361.4
 20
346.99999999999994
 30
0.0
 40
0.5
  0
CIRCLE
  5
413
330
17
100
AcDbEntity
  8
A-EQUIPO-FINO
100
AcDbCircle
 10
361.4
 20
343.4
 30
0.0
 40
0.5
  0
CIRCLE
  5
414
330
17
100
AcDbEntity
  8
A-EQUIPO-FINO
100
AcDbCircle
 10
361.4
 20
339.79999999999995
 30
0.0
 40
0.5
  0
CIRCLE
  5
415
330
17
100
AcDbEntity
  8
A-EQUIPO-FINO
100
AcDbCircle
 10
361.4
 20
336.2
 30
0.0
 40
0.5
  0
CIRCLE
  5
416
330
17
100
AcDbEntity
  8
A-EQUIPO-FINO
100
AcDbCircle
 10
361.4
 20
332.59999999999997
 30
0.0
 40
0.5
  0
CIRCLE
  5
417
330
17
100
AcDbEntity
  8
A-EQUIPO-FINO
100
AcDbCircle
 10
361.4
 20
329.0
 30
0.0
 40
0.5
  0
CIRCLE
  5
418
330
17
100
AcDbEntity
  8
A-EQUIPO-FINO
100
AcDbCircle
 10
357.79999999999995
 20
386.59999999999997
 30
0.0
 40
0.5
  0
CIRCLE
  5
419
330
17
100
AcDbEntity
  8
A-EQUIPO-FINO
100
AcDbCircle
 10
357.79999999999995
 20
383.0
 30
0.0
 40
0.5
  0
CIRCLE
  5
41A
330
17
100
AcDbEntity
  8
A-EQUIPO-FINO
100
AcDbCircle
 10
357.79999999999995
 20
379.4
 30
0.0
 40
0.5
  0
CIRCLE
  5
41B
330
17
100
AcDbEntity
  8
A-EQUIPO-FINO
100
AcDbCircle
 10
357.79999999999995
 20
375.79999999999995
 30
0.0
 40
0.5
  0
CIRCLE
  5
41C
330
17
100
AcDbEntity
  8
A-EQUIPO-FINO
100
AcDbCircle
 10
357.79999999999995
 20
372.2
 30
0.0
 40
0.5
  0
CIRCLE
  5
41D
330
17
100
AcDbEntity
  8
A-EQUIPO-FINO
100
AcDbCircle
 10
357.79999999999995
 20
368.6
 30
0.0
 40
0.5
  0
CIRCLE
  5
41E
330
17
100
AcDbEntity
  8
A-EQUIPO-FINO
100
AcDbCircle
 10
357.79999999999995
 20
365.0
 30
0.0
 40
0.5
  0
CIRCLE
  5
41F
330
17
100
AcDbEntity
  8
A-EQUIPO-FINO
100
AcDbCircle
 10
357.79999999999995
 20
361.4
 30
0.0
 40
0.5
  0
CIRCLE
  5
420
330
17
100
AcDbEntity
  8
A-EQUIPO-FINO
100
AcDbCircle
 10
357.79999999999995
 20
357.8
 30
0.0
 40
0.5
  0
CIRCLE
  5
421
330
17
100
AcDbEntity
  8
A-EQUIPO-FINO
100
AcDbCircle
 10
357.79999999999995
 20
354.20000000000005
 30
0.0
 40
0.5
  0
CIRCLE
  5
422
330
17
100
AcDbEntity
  8
A-EQUIPO-FINO
100
AcDbCircle
 10
357.79999999999995
 20
350.6
 30
0.0
 40
0.5
  0
CIRCLE
  5
423
330
17
100
AcDbEntity
  8
A-EQUIPO-FINO
100
AcDbCircle
 10
357.79999999999995
 20
346.99999999999994
 30
0.0
 40
0.5
  0
CIRCLE
  5
424
330
17
100
AcDbEntity
  8
A-EQUIPO-FINO
100
AcDbCircle
 10
357.79999999999995
 20
343.4
 30
0.0
 40
0.5
  0
CIRCLE
  5
425
330
17
100
AcDbEntity
  8
A-EQUIPO-FINO
100
AcDbCircle
 10
357.79999999999995
 20
339.79999999999995
 30
0.0
 40
0.5
  0
CIRCLE
  5
426
330
17
100
AcDbEntity
  8
A-EQUIPO-FINO
100
AcDbCircle
 10
357.79999999999995
 20
336.2
 30
0.0
 40
0.5
  0
CIRCLE
  5
427
330
17
100
AcDbEntity
  8
A-EQUIPO-FINO
100
AcDbCircle
 10
357.79999999999995
 20
332.59999999999997
 30
0.0
 40
0.5
  0
CIRCLE
  5
428
330
17
100
AcDbEntity
  8
A-EQUIPO-FINO
100
AcDbCircle
 10
357.79999999999995
 20
329.0
 30
0.0
 40
0.5
  0
CIRCLE
  5
429
330
17
100
AcDbEntity
  8
A-EQUIPO-FINO
100
AcDbCircle
 10
354.2
 20
386.59999999999997
 30
0.0
 40
0.5
  0
CIRCLE
  5
42A
330
17
100
AcDbEntity
  8
A-EQUIPO-FINO
100
AcDbCircle
 10
354.2
 20
383.0
 30
0.0
 40
0.5
  0
CIRCLE
  5
42B
330
17
100
AcDbEntity
  8
A-EQUIPO-FINO
100
AcDbCircle
 10
354.2
 20
379.4
 30
0.0
 40
0.5
  0
CIRCLE
  5
42C
330
17
100
AcDbEntity
  8
A-EQUIPO-FINO
100
AcDbCircle
 10
354.2
 20
375.79999999999995
 30
0.0
 40
0.5
  0
CIRCLE
  5
42D
330
17
100
AcDbEntity
  8
A-EQUIPO-FINO
100
AcDbCircle
 10
354.2
 20
372.2
 30
0.0
 40
0.5
  0
CIRCLE
  5
42E
330
17
100
AcDbEntity
  8
A-EQUIPO-FINO
100
AcDbCircle
 10
354.2
 20
368.6
 30
0.0
 40
0.5
  0
CIRCLE
  5
42F
330
17
100
AcDbEntity
  8
A-EQUIPO-FINO
100
AcDbCircle
 10
354.2
 20
365.0
 30
0.0
 40
0.5
  0
CIRCLE
  5
430
330
17
100
AcDbEntity
  8
A-EQUIPO-FINO
100
AcDbCircle
 10
354.2
 20
361.4
 30
0.0
 40
0.5
  0
CIRCLE
  5
431
330
17
100
AcDbEntity
  8
A-EQUIPO-FINO
100
AcDbCircle
 10
354.2
 20
357.8
 30
0.0
 40
0.5
  0
CIRCLE
  5
432
330
17
100
AcDbEntity
  8
A-EQUIPO-FINO
100
AcDbCircle
 10
354.2
 20
354.20000000000005
 30
0.0
 40
0.5
  0
CIRCLE
  5
433
330
17
100
AcDbEntity
  8
A-EQUIPO-FINO
100
AcDbCircle
 10
354.2
 20
350.6
 30
0.0
 40
0.5
  0
CIRCLE
  5
434
330
17
100
AcDbEntity
  8
A-EQUIPO-FINO
100
AcDbCircle
 10
354.2
 20
346.99999999999994
 30
0.0
 40
0.5
  0
CIRCLE
  5
435
330
17
100
AcDbEntity
  8
A-EQUIPO-FINO
100
AcDbCircle
 10
354.2
 20
343.4
 30
0.0
 40
0.5
  0
CIRCLE
  5
436
330
17
100
AcDbEntity
  8
A-EQUIPO-FINO
100
AcDbCircle
 10
354.2
 20
339.79999999999995
 30
0.0
 40
0.5
  0
CIRCLE
  5
437
330
17
100
AcDbEntity
  8
A-EQUIPO-FINO
100
AcDbCircle
 10
354.2
 20
336.2
 30
0.0
 40
0.5
  0
CIRCLE
  5
438
330
17
100
AcDbEntity
  8
A-EQUIPO-FINO
100
AcDbCircle
 10
354.2
 20
332.59999999999997
 30
0.0
 40
0.5
  0
CIRCLE
  5
439
330
17
100
AcDbEntity
  8
A-EQUIPO-FINO
100
AcDbCircle
 10
354.2
 20
329.0
 30
0.0
 40
0.5
  0
CIRCLE
  5
43A
330
17
100
AcDbEntity
  8
A-EQUIPO-FINO
100
AcDbCircle
 10
350.59999999999997
 20
386.59999999999997
 30
0.0
 40
0.5
  0
CIRCLE
  5
43B
330
17
100
AcDbEntity
  8
A-EQUIPO-FINO
100
AcDbCircle
 10
350.59999999999997
 20
383.0
 30
0.0
 40
0.5
  0
CIRCLE
  5
43C
330
17
100
AcDbEntity
  8
A-EQUIPO-FINO
100
AcDbCircle
 10
350.59999999999997
 20
379.4
 30
0.0
 40
0.5
  0
CIRCLE
  5
43D
330
17
100
AcDbEntity
  8
A-EQUIPO-FINO
100
AcDbCircle
 10
350.59999999999997
 20
375.79999999999995
 30
0.0
 40
0.5
  0
CIRCLE
  5
43E
330
17
100
AcDbEntity
  8
A-EQUIPO-FINO
100
AcDbCircle
 10
350.59999999999997
 20
372.2
 30
0.0
 40
0.5
  0
CIRCLE
  5
43F
330
17
100
AcDbEntity
  8
A-EQUIPO-FINO
100
AcDbCircle
 10
350.59999999999997
 20
368.6
 30
0.0
 40
0.5
  0
CIRCLE
  5
440
330
17
100
AcDbEntity
  8
A-EQUIPO-FINO
100
AcDbCircle
 10
350.59999999999997
 20
365.0
 30
0.0
 40
0.5
  0
CIRCLE
  5
441
330
17
100
AcDbEntity
  8
A-EQUIPO-FINO
100
AcDbCircle
 10
350.59999999999997
 20
361.4
 30
0.0
 40
0.5
  0
CIRCLE
  5
442
330
17
100
AcDbEntity
  8
A-EQUIPO-FINO
100
AcDbCircle
 10
350.59999999999997
 20
357.8
 30
0.0
 40
0.5
  0
CIRCLE
  5
443
330
17
100
AcDbEntity
  8
A-EQUIPO-FINO
100
AcDbCircle
 10
350.59999999999997
 20
354.20000000000005
 30
0.0
 40
0.5
  0
CIRCLE
  5
444
330
17
100
AcDbEntity
  8
A-EQUIPO-FINO
100
AcDbCircle
 10
350.59999999999997
 20
350.6
 30
0.0
 40
0.5
  0
CIRCLE
  5
445
330
17
100
AcDbEntity
  8
A-EQUIPO-FINO
100
AcDbCircle
 10
350.59999999999997
 20
346.99999999999994
 30
0.0
 40
0.5
  0
CIRCLE
  5
446
330
17
100
AcDbEntity
  8
A-EQUIPO-FINO
100
AcDbCircle
 10
350.59999999999997
 20
343.4
 30
0.0
 40
0.5
  0
CIRCLE
  5
447
330
17
100
AcDbEntity
  8
A-EQUIPO-FINO
100
AcDbCircle
 10
350.59999999999997
 20
339.79999999999995
 30
0.0
 40
0.5
  0
CIRCLE
  5
448
330
17
100
AcDbEntity
  8
A-EQUIPO-FINO
100
AcDbCircle
 10
350.59999999999997
 20
336.2
 30
0.0
 40
0.5
  0
CIRCLE
  5
449
330
17
100
AcDbEntity
  8
A-EQUIPO-FINO
100
AcDbCircle
 10
350.59999999999997
 20
332.59999999999997
 30
0.0
 40
0.5
  0
CIRCLE
  5
44A
330
17
100
AcDbEntity
  8
A-EQUIPO-FINO
100
AcDbCircle
 10
350.59999999999997
 20
329.0
 30
0.0
 40
0.5
  0
LWPOLYLINE
  5
44B
330
17
100
AcDbEntity
  8
A-AREA-TRABAJO
100
AcDbPolyline
 90
4
 70
0
 10
373.99999999999994
 20
408.0
 10
373.99999999999994
 20
322.0
 10
344.0
 20
322.0
 10
344.0
 20
408.0
  0
LINE
  5
44C
330
17
100
AcDbEntity
  8
A-AREA-TRABAJO
100
AcDbLine
 10
373.99999999999994
 20
408.0
 30
0.0
 11
368.0
 21
408.0
 31
0.0
  0
LINE
  5
44D
330
17
100
AcDbEntity
  8
A-AREA-TRABAJO
100
AcDbLine
 10
350.0
 20
408.0
 30
0.0
 11
344.0
 21
408.0
 31
0.0
  0
LWPOLYLINE
  5
44E
330
17
100
AcDbEntity
  8
A-OPERARIO
100
AcDbPolyline
 90
13
 70
1
 10
365.0
 20
398.6
 10
364.79555495773445
 20
400.15291427061516
 10
364.19615242270663
 20
401.59999999999997
 10
363.2426406871193
 20
402.8426406871193
 10
362.0
 20
403.7961524227066
 10
360.5529142706151
 20
404.3955549577344
 10
358.99999999999994
 20
404.6
 10
357.4470857293848
 20
404.3955549577344
 10
356.0
 20
403.7961524227066
 10
354.75735931288074
 20
402.8426406871193
 10
353.80384757729337
 20
401.59999999999997
 10
353.2044450422656
 20
400.15291427061516
 10
352.99999999999994
 20
398.6
  0
CIRCLE
  5
44F
330
17
100
AcDbEntity
  8
A-OPERARIO
100
AcDbCircle
 10
358.99999999999994
 20
398.2
 30
0.0
 40
2.4
  0
HATCH
  5
450
330
17
100
AcDbEntity
  8
A-EQUIPO-RELLENO
 62
7
420
13488340
100
AcDbHatch
 10
0.0
 20
0.0
 30
0.0
210
0.0
220
0.0
230
1.0
  2
SOLID
 70
1
 71
0
 91
1
 92
3
 72
0
 73
1
 93
4
 10
383.18
 20
396.99999999999994
 10
383.18
 20
388.41999999999996
 10
407.4
 20
388.41999999999996
 10
407.4
 20
396.99999999999994
 97
0
 75
1
 76
1
 98
0
  0
HATCH
  5
451
330
17
100
AcDbEntity
  8
A-EQUIPO-RELLENO
 62
7
420
13488340
100
AcDbHatch
 10
0.0
 20
0.0
 30
0.0
210
0.0
220
0.0
230
1.0
  2
SOLID
 70
1
 71
0
 91
1
 92
3
 72
0
 73
1
 93
4
 10
383.18
 20
327.5799999999999
 10
383.18
 20
319.0
 10
407.4
 20
319.0
 10
407.4
 20
327.5799999999999
 97
0
 75
1
 76
1
 98
0
  0
HATCH
  5
452
330
17
100
AcDbEntity
  8
A-EQUIPO-RELLENO
 62
7
420
14870510
100
AcDbHatch
 10
0.0
 20
0.0
 30
0.0
210
0.0
220
0.0
230
1.0
  2
SOLID
 70
1
 71
0
 91
1
 92
3
 72
0
 73
1
 93
4
 10
384.18
 20
388.41999999999996
 10
384.18
 20
327.5799999999999
 10
404.0
 20
327.5799999999999
 10
404.0
 20
388.41999999999996
 97
0
 75
1
 76
1
 98
0
  0
HATCH
  5
453
330
17
100
AcDbEntity
  8
A-EQUIPO-RELLENO
 62
7
420
15658734
100
AcDbHatch
 10
0.0
 20
0.0
 30
0.0
210
0.0
220
0.0
230
1.0
  2
SOLID
 70
1
 71
0
 91
1
 92
3
 72
0
 73
1
 93
4
 10
386.7
 20
388.41999999999996
 10
386.7
 20
327.5799999999999
 10
395.9
 20
327.5799999999999
 10
395.9
 20
388.41999999999996
 97
0
 75
1
 76
1
 98
0
  0
HATCH
  5
454
330
17
100
AcDbEntity
  8
A-EQUIPO-RELLENO
 62
7
420
9870240
100
AcDbHatch
 10
0.0
 20
0.0
 30
0.0
210
0.0
220
0.0
230
1.0
  2
SOLID
 70
1
 71
0
 91
1
 92
3
 72
0
 73
1
 93
4
 10
389.9
 20
388.41999999999996
 10
389.9
 20
327.5799999999999
 10
390.70000000000005
 20
327.5799999999999
 10
390.70000000000005
 20
388.41999999999996
 97
0
 75
1
 76
1
 98
0
  0
HATCH
  5
455
330
17
100
AcDbEntity
  8
A-EQUIPO-RELLENO
 62
7
420
13488340
100
AcDbHatch
 10
0.0
 20
0.0
 30
0.0
210
0.0
220
0.0
230
1.0
  2
SOLID
 70
1
 71
0
 91
1
 92
3
 72
0
 73
1
 93
4
 10
387.90000000000003
 20
369.0
 10
387.90000000000003
 20
346.99999999999994
 10
395.30000000000007
 20
346.99999999999994
 10
395.30000000000007
 20
369.0
 97
0
 75
1
 76
1
 98
0
  0
HATCH
  5
456
330
17
100
AcDbEntity
  8
A-EQUIPO-RELLENO
 62
7
420
13488340
100
AcDbHatch
 10
0.0
 20
0.0
 30
0.0
210
0.0
220
0.0
230
1.0
  2
SOLID
 70
1
 71
0
 91
1
 92
3
 72
0
 73
1
 93
4
 10
389.8
 20
365.99999999999994
 10
389.8
 20
359.5999999999999
 10
393.20000000000005
 20
359.5999999999999
 10
393.20000000000005
 20
365.99999999999994
 97
0
 75
1
 76
1
 98
0
  0
HATCH
  5
457
330
17
100
AcDbEntity
  8
A-EQUIPO-RELLENO
 62
7
420
13488340
100
AcDbHatch
 10
0.0
 20
0.0
 30
0.0
210
0.0
220
0.0
230
1.0
  2
SOLID
 70
1
 71
0
 91
1
 92
3
 72
0
 73
1
 93
4
 10
375.0
 20
381.41999999999996
 10
375.0
 20
379.41999999999996
 10
384.18
 20
379.41999999999996
 10
384.18
 20
381.41999999999996
 97
0
 75
1
 76
1
 98
0
  0
HATCH
  5
458
330
17
100
AcDbEntity
  8
A-EQUIPO-RELLENO
 62
7
420
13488340
100
AcDbHatch
 10
0.0
 20
0.0
 30
0.0
210
0.0
220
0.0
230
1.0
  2
SOLID
 70
1
 71
0
 91
1
 92
3
 72
0
 73
1
 93
4
 10
375.0
 20
359.0
 10
375.0
 20
356.99999999999994
 10
384.18
 20
356.99999999999994
 10
384.18
 20
359.0
 97
0
 75
1
 76
1
 98
0
  0
HATCH
  5
459
330
17
100
AcDbEntity
  8
A-EQUIPO-RELLENO
 62
7
420
13488340
100
AcDbHatch
 10
0.0
 20
0.0
 30
0.0
210
0.0
220
0.0
230
1.0
  2
SOLID
 70
1
 71
0
 91
1
 92
3
 72
0
 73
1
 93
4
 10
375.0
 20
336.58000000000004
 10
375.0
 20
334.58
 10
384.18
 20
334.58
 10
384.18
 20
336.58000000000004
 97
0
 75
1
 76
1
 98
0
  0
HATCH
  5
45A
330
17
100
AcDbEntity
  8
A-EQUIPO-RELLENO
 62
7
420
14870510
100
AcDbHatch
 10
0.0
 20
0.0
 30
0.0
210
0.0
220
0.0
230
1.0
  2
SOLID
 70
1
 71
0
 91
1
 92
3
 72
0
 73
1
 93
4
 10
375.0
 20
388.0199999999999
 10
375.0
 20
386.41999999999996
 10
384.18
 20
386.41999999999996
 10
384.18
 20
388.0199999999999
 97
0
 75
1
 76
1
 98
0
  0
HATCH
  5
45B
330
17
100
AcDbEntity
  8
A-EQUIPO-RELLENO
 62
7
420
13488340
100
AcDbHatch
 10
0.0
 20
0.0
 30
0.0
210
0.0
220
0.0
230
1.0
  2
SOLID
 70
1
 71
0
 91
1
 92
3
 72
0
 73
1
 93
4
 10
398.745
 20
386.41999999999996
 10
398.745
 20
329.58
 10
400.34499999999997
 20
329.58
 10
400.34499999999997
 20
386.41999999999996
 97
0
 75
1
 76
1
 98
0
  0
HATCH
  5
45C
330
17
100
AcDbEntity
  8
A-EQUIPO-RELLENO
 62
7
420
13488340
100
AcDbHatch
 10
0.0
 20
0.0
 30
0.0
210
0.0
220
0.0
230
1.0
  2
SOLID
 70
1
 71
0
 91
1
 92
3
 72
0
 73
1
 93
4
 10
400.0
 20
361.99999999999994
 10
400.0
 20
355.59999999999997
 10
402.80000000000007
 20
355.59999999999997
 10
402.80000000000007
 20
361.99999999999994
 97
0
 75
1
 76
1
 98
0
  0
HATCH
  5
45D
330
17
100
AcDbEntity
  8
A-EQUIPO-RELLENO
 62
7
420
13488340
100
AcDbHatch
 10
0.0
 20
0.0
 30
0.0
210
0.0
220
0.0
230
1.0
  2
SOLID
 70
1
 71
0
 91
1
 92
3
 72
0
 73
1
 93
4
 10
396.6
 20
339.97999999999996
 10
396.6
 20
329.18
 10
403.6
 20
329.18
 10
403.6
 20
339.97999999999996
 97
0
 75
1
 76
1
 98
0
  0
HATCH
  5
45E
330
17
100
AcDbEntity
  8
A-EQUIPO-RELLENO
 62
7
420
13488340
100
AcDbHatch
 10
0.0
 20
0.0
 30
0.0
210
0.0
220
0.0
230
1.0
  2
SOLID
 70
1
 71
0
 91
1
 92
3
 72
0
 73
1
 93
4
 10
377.4
 20
335.58
 10
377.4
 20
329.18
 10
382.20000000000005
 20
329.18
 10
382.20000000000005
 20
335.58
 97
0
 75
1
 76
1
 98
0
  0
HATCH
  5
45F
330
17
100
AcDbEntity
  8
A-EQUIPO-RELLENO
 62
7
420
14428200
100
AcDbHatch
 10
0.0
 20
0.0
 30
0.0
210
0.0
220
0.0
230
1.0
  2
SOLID
 70
1
 71
0
 91
1
 92
3
 72
0
 73
1
 93
24
 10
379.8
 20
333.64933333333335
 10
380.02361965496857
 20
333.67877341941954
 10
380.23199999999997
 20
333.7650873844635
 10
380.4109402589451
 20
333.9023930743881
 10
380.54824594886975
 20
334.0813333333333
 10
380.63455991391373
 20
334.28971367836476
 10
380.66400000000004
 20
334.5133333333333
 10
380.63455991391373
 20
334.7369529883019
 10
380.54824594886975
 20
334.9453333333333
 10
380.4109402589451
 20
335.1242735922785
 10
380.23199999999997
 20
335.26157928220306
 10
380.02361965496857
 20
335.34789324724704
 10
379.8
 20
335.37733333333335
 10
379.57638034503134
 20
335.34789324724704
 10
379.368
 20
335.26157928220306
 10
379.1890597410548
 20
335.1242735922785
 10
379.0517540511302
 20
334.9453333333333
 10
378.96544008608623
 20
334.7369529883019
 10
378.9359999999999
 20
334.5133333333333
 10
378.96544008608623
 20
334.28971367836476
 10
379.0517540511302
 20
334.0813333333333
 10
379.1890597410548
 20
333.9023930743881
 10
379.368
 20
333.7650873844635
 10
379.57638034503134
 20
333.67877341941954
 97
0
 75
1
 76
1
 98
0
  0
HATCH
  5
460
330
17
100
AcDbEntity
  8
A-EQUIPO-RELLENO
 62
7
420
13488340
100
AcDbHatch
 10
0.0
 20
0.0
 30
0.0
210
0.0
220
0.0
230
1.0
  2
SOLID
 70
1
 71
0
 91
1
 92
3
 72
0
 73
1
 93
4
 10
375.8
 20
346.99999999999994
 10
375.8
 20
340.99999999999994
 10
381.0
 20
340.99999999999994
 10
381.0
 20
346.99999999999994
 97
0
 75
1
 76
1
 98
0
  0
HATCH
  5
461
330
17
100
AcDbEntity
  8
A-EQUIPO-RELLENO
 62
7
420
14428200
100
AcDbHatch
 10
0.0
 20
0.0
 30
0.0
210
0.0
220
0.0
230
1.0
  2
SOLID
 70
1
 71
0
 91
1
 92
3
 72
0
 73
1
 93
4
 10
407.80000000000007
 20
396.59999999999997
 10
407.80000000000007
 20
395.4
 10
409.0
 20
395.4
 10
409.0
 20
396.59999999999997
 97
0
 75
1
 76
1
 98
0
  0
HATCH
  5
462
330
17
100
AcDbEntity
  8
A-EQUIPO-RELLENO
 62
7
420
14428200
100
AcDbHatch
 10
0.0
 20
0.0
 30
0.0
210
0.0
220
0.0
230
1.0
  2
SOLID
 70
1
 71
0
 91
1
 92
3
 72
0
 73
1
 93
4
 10
407.80000000000007
 20
320.59999999999997
 10
407.80000000000007
 20
319.4
 10
409.0
 20
319.4
 10
409.0
 20
320.59999999999997
 97
0
 75
1
 76
1
 98
0
  0
LWPOLYLINE
  5
463
330
17
100
AcDbEntity
  8
A-EQUIPO
100
AcDbPolyline
 90
4
 70
1
 10
383.18
 20
396.99999999999994
 10
383.18
 20
388.41999999999996
 10
407.4
 20
388.41999999999996
 10
407.4
 20
396.99999999999994
  0
CIRCLE
  5
464
330
17
100
AcDbEntity
  8
A-EQUIPO
100
AcDbCircle
 10
391.29999999999995
 20
392.7099999999999
 30
0.0
 40
3.0887999999999987
  0
CIRCLE
  5
465
330
17
100
AcDbEntity
  8
A-EQUIPO-FINO
100
AcDbCircle
 10
391.29999999999995
 20
392.7099999999999
 30
0.0
 40
1.7159999999999995
  0
LWPOLYLINE
  5
466
330
17
100
AcDbEntity
  8
A-EQUIPO-FINO
100
AcDbPolyline
 90
4
 70
1
 10
397.4
 20
395.79999999999995
 10
397.4
 20
389.61999999999995
 10
405.8
 20
389.61999999999995
 10
405.8
 20
395.79999999999995
  0
CIRCLE
  5
467
330
17
100
AcDbEntity
  8
A-EQUIPO-FINO
100
AcDbCircle
 10
398.4
 20
394.99999999999994
 30
0.0
 40
0.3
  0
CIRCLE
  5
468
330
17
100
AcDbEntity
  8
A-EQUIPO-FINO
100
AcDbCircle
 10
404.8
 20
394.99999999999994
 30
0.0
 40
0.3
  0
CIRCLE
  5
469
330
17
100
AcDbEntity
  8
A-EQUIPO-FINO
100
AcDbCircle
 10
398.4
 20
390.41999999999996
 30
0.0
 40
0.3
  0
CIRCLE
  5
46A
330
17
100
AcDbEntity
  8
A-EQUIPO-FINO
100
AcDbCircle
 10
404.8
 20
390.41999999999996
 30
0.0
 40
0.3
  0
LWPOLYLINE
  5
46B
330
17
100
AcDbEntity
  8
A-EQUIPO
100
AcDbPolyline
 90
4
 70
1
 10
383.18
 20
327.5799999999999
 10
383.18
 20
319.0
 10
407.4
 20
319.0
 10
407.4
 20
327.5799999999999
  0
CIRCLE
  5
46C
330
17
100
AcDbEntity
  8
A-EQUIPO
100
AcDbCircle
 10
391.29999999999995
 20
323.29
 30
0.0
 40
3.0887999999999987
  0
CIRCLE
  5
46D
330
17
100
AcDbEntity
  8
A-EQUIPO-FINO
100
AcDbCircle
 10
391.29999999999995
 20
323.29
 30
0.0
 40
1.7159999999999995
  0
LWPOLYLINE
  5
46E
330
17
100
AcDbEntity
  8
A-EQUIPO-FINO
100
AcDbPolyline
 90
4
 70
1
 10
397.4
 20
326.38
 10
397.4
 20
320.19999999999993
 10
405.8
 20
320.19999999999993
 10
405.8
 20
326.38
  0
CIRCLE
  5
46F
330
17
100
AcDbEntity
  8
A-EQUIPO-FINO
100
AcDbCircle
 10
398.4
 20
325.58
 30
0.0
 40
0.3
  0
CIRCLE
  5
470
330
17
100
AcDbEntity
  8
A-EQUIPO-FINO
100
AcDbCircle
 10
404.8
 20
325.58
 30
0.0
 40
0.3
  0
CIRCLE
  5
471
330
17
100
AcDbEntity
  8
A-EQUIPO-FINO
100
AcDbCircle
 10
398.4
 20
321.0
 30
0.0
 40
0.3
  0
CIRCLE
  5
472
330
17
100
AcDbEntity
  8
A-EQUIPO-FINO
100
AcDbCircle
 10
404.8
 20
321.0
 30
0.0
 40
0.3
  0
LWPOLYLINE
  5
473
330
17
100
AcDbEntity
  8
A-EQUIPO
100
AcDbPolyline
 90
4
 70
1
 10
384.18
 20
388.41999999999996
 10
384.18
 20
327.5799999999999
 10
404.0
 20
327.5799999999999
 10
404.0
 20
388.41999999999996
  0
CIRCLE
  5
474
330
17
100
AcDbEntity
  8
A-EQUIPO-FINO
100
AcDbCircle
 10
386.17999999999995
 20
385.41999999999996
 30
0.0
 40
0.43999999999999995
  0
CIRCLE
  5
475
330
17
100
AcDbEntity
  8
A-EQUIPO-FINO
100
AcDbCircle
 10
386.17999999999995
 20
380.41999999999996
 30
0.0
 40
0.43999999999999995
  0
CIRCLE
  5
476
330
17
100
AcDbEntity
  8
A-EQUIPO-FINO
100
AcDbCircle
 10
386.17999999999995
 20
375.41999999999996
 30
0.0
 40
0.43999999999999995
  0
CIRCLE
  5
477
330
17
100
AcDbEntity
  8
A-EQUIPO-FINO
100
AcDbCircle
 10
386.17999999999995
 20
370.41999999999996
 30
0.0
 40
0.43999999999999995
  0
CIRCLE
  5
478
330
17
100
AcDbEntity
  8
A-EQUIPO-FINO
100
AcDbCircle
 10
386.17999999999995
 20
365.41999999999996
 30
0.0
 40
0.43999999999999995
  0
CIRCLE
  5
479
330
17
100
AcDbEntity
  8
A-EQUIPO-FINO
100
AcDbCircle
 10
386.17999999999995
 20
360.41999999999996
 30
0.0
 40
0.43999999999999995
  0
CIRCLE
  5
47A
330
17
100
AcDbEntity
  8
A-EQUIPO-FINO
100
AcDbCircle
 10
386.17999999999995
 20
355.41999999999996
 30
0.0
 40
0.43999999999999995
  0
CIRCLE
  5
47B
330
17
100
AcDbEntity
  8
A-EQUIPO-FINO
100
AcDbCircle
 10
386.17999999999995
 20
350.41999999999996
 30
0.0
 40
0.43999999999999995
  0
CIRCLE
  5
47C
330
17
100
AcDbEntity
  8
A-EQUIPO-FINO
100
AcDbCircle
 10
386.17999999999995
 20
345.41999999999996
 30
0.0
 40
0.43999999999999995
  0
CIRCLE
  5
47D
330
17
100
AcDbEntity
  8
A-EQUIPO-FINO
100
AcDbCircle
 10
386.17999999999995
 20
340.41999999999996
 30
0.0
 40
0.43999999999999995
  0
CIRCLE
  5
47E
330
17
100
AcDbEntity
  8
A-EQUIPO-FINO
100
AcDbCircle
 10
386.17999999999995
 20
335.41999999999996
 30
0.0
 40
0.43999999999999995
  0
CIRCLE
  5
47F
330
17
100
AcDbEntity
  8
A-EQUIPO-FINO
100
AcDbCircle
 10
386.17999999999995
 20
330.41999999999996
 30
0.0
 40
0.43999999999999995
  0
LWPOLYLINE
  5
480
330
17
100
AcDbEntity
  8
A-EQUIPO
100
AcDbPolyline
 90
4
 70
1
 10
386.7
 20
388.41999999999996
 10
386.7
 20
327.5799999999999
 10
395.9
 20
327.5799999999999
 10
395.9
 20
388.41999999999996
  0
LINE
  5
481
330
17
100
AcDbEntity
  8
A-EQUIPO
100
AcDbLine
 10
390.29999999999995
 20
388.41999999999996
 30
0.0
 11
390.29999999999995
 21
327.5799999999999
 31
0.0
  0
CIRCLE
  5
482
330
17
100
AcDbEntity
  8
A-EQUIPO-FINO
100
AcDbCircle
 10
388.3
 20
384.38999999999993
 30
0.0
 40
0.7000000000000001
  0
CIRCLE
  5
483
330
17
100
AcDbEntity
  8
A-EQUIPO-FINO
100
AcDbCircle
 10
388.3
 20
384.38999999999993
 30
0.0
 40
0.34
  0
CIRCLE
  5
484
330
17
100
AcDbEntity
  8
A-EQUIPO-FINO
100
AcDbCircle
 10
388.3
 20
380.3299999999999
 30
0.0
 40
0.7000000000000001
  0
CIRCLE
  5
485
330
17
100
AcDbEntity
  8
A-EQUIPO-FINO
100
AcDbCircle
 10
388.3
 20
380.3299999999999
 30
0.0
 40
0.34
  0
CIRCLE
  5
486
330
17
100
AcDbEntity
  8
A-EQUIPO-FINO
100
AcDbCircle
 10
388.3
 20
376.27
 30
0.0
 40
0.7000000000000001
  0
CIRCLE
  5
487
330
17
100
AcDbEntity
  8
A-EQUIPO-FINO
100
AcDbCircle
 10
388.3
 20
376.27
 30
0.0
 40
0.34
  0
CIRCLE
  5
488
330
17
100
AcDbEntity
  8
A-EQUIPO-FINO
100
AcDbCircle
 10
388.3
 20
372.21
 30
0.0
 40
0.7000000000000001
  0
CIRCLE
  5
489
330
17
100
AcDbEntity
  8
A-EQUIPO-FINO
100
AcDbCircle
 10
388.3
 20
372.21
 30
0.0
 40
0.34
  0
CIRCLE
  5
48A
330
17
100
AcDbEntity
  8
A-EQUIPO-FINO
100
AcDbCircle
 10
388.3
 20
368.15
 30
0.0
 40
0.7000000000000001
  0
CIRCLE
  5
48B
330
17
100
AcDbEntity
  8
A-EQUIPO-FINO
100
AcDbCircle
 10
388.3
 20
368.15
 30
0.0
 40
0.34
  0
CIRCLE
  5
48C
330
17
100
AcDbEntity
  8
A-EQUIPO-FINO
100
AcDbCircle
 10
388.3
 20
364.09
 30
0.0
 40
0.7000000000000001
  0
CIRCLE
  5
48D
330
17
100
AcDbEntity
  8
A-EQUIPO-FINO
100
AcDbCircle
 10
388.3
 20
364.09
 30
0.0
 40
0.34
  0
CIRCLE
  5
48E
330
17
100
AcDbEntity
  8
A-EQUIPO-FINO
100
AcDbCircle
 10
388.3
 20
360.03
 30
0.0
 40
0.7000000000000001
  0
CIRCLE
  5
48F
330
17
100
AcDbEntity
  8
A-EQUIPO-FINO
100
AcDbCircle
 10
388.3
 20
360.03
 30
0.0
 40
0.34
  0
CIRCLE
  5
490
330
17
100
AcDbEntity
  8
A-EQUIPO-FINO
100
AcDbCircle
 10
388.3
 20
355.9699999999999
 30
0.0
 40
0.7000000000000001
  0
CIRCLE
  5
491
330
17
100
AcDbEntity
  8
A-EQUIPO-FINO
100
AcDbCircle
 10
388.3
 20
355.9699999999999
 30
0.0
 40
0.34
  0
CIRCLE
  5
492
330
17
100
AcDbEntity
  8
A-EQUIPO-FINO
100
AcDbCircle
 10
388.3
 20
351.90999999999997
 30
0.0
 40
0.7000000000000001
  0
CIRCLE
  5
493
330
17
100
AcDbEntity
  8
A-EQUIPO-FINO
100
AcDbCircle
 10
388.3
 20
351.90999999999997
 30
0.0
 40
0.34
  0
CIRCLE
  5
494
330
17
100
AcDbEntity
  8
A-EQUIPO-FINO
100
AcDbCircle
 10
388.3
 20
347.84999999999997
 30
0.0
 40
0.7000000000000001
  0
CIRCLE
  5
495
330
17
100
AcDbEntity
  8
A-EQUIPO-FINO
100
AcDbCircle
 10
388.3
 20
347.84999999999997
 30
0.0
 40
0.34
  0
CIRCLE
  5
496
330
17
100
AcDbEntity
  8
A-EQUIPO-FINO
100
AcDbCircle
 10
388.3
 20
343.78999999999996
 30
0.0
 40
0.7000000000000001
  0
CIRCLE
  5
497
330
17
100
AcDbEntity
  8
A-EQUIPO-FINO
100
AcDbCircle
 10
388.3
 20
343.78999999999996
 30
0.0
 40
0.34
  0
CIRCLE
  5
498
330
17
100
AcDbEntity
  8
A-EQUIPO-FINO
100
AcDbCircle
 10
388.3
 20
339.73
 30
0.0
 40
0.7000000000000001
  0
CIRCLE
  5
499
330
17
100
AcDbEntity
  8
A-EQUIPO-FINO
100
AcDbCircle
 10
388.3
 20
339.73
 30
0.0
 40
0.34
  0
CIRCLE
  5
49A
330
17
100
AcDbEntity
  8
A-EQUIPO-FINO
100
AcDbCircle
 10
388.3
 20
335.67
 30
0.0
 40
0.7000000000000001
  0
CIRCLE
  5
49B
330
17
100
AcDbEntity
  8
A-EQUIPO-FINO
100
AcDbCircle
 10
388.3
 20
335.67
 30
0.0
 40
0.34
  0
CIRCLE
  5
49C
330
17
100
AcDbEntity
  8
A-EQUIPO-FINO
100
AcDbCircle
 10
388.3
 20
331.61
 30
0.0
 40
0.7000000000000001
  0
CIRCLE
  5
49D
330
17
100
AcDbEntity
  8
A-EQUIPO-FINO
100
AcDbCircle
 10
388.3
 20
331.61
 30
0.0
 40
0.34
  0
LWPOLYLINE
  5
49E
330
17
100
AcDbEntity
  8
A-EQUIPO-FINO
100
AcDbPolyline
 90
4
 70
1
 10
387.90000000000003
 20
369.0
 10
387.90000000000003
 20
346.99999999999994
 10
395.30000000000007
 20
346.99999999999994
 10
395.30000000000007
 20
369.0
  0
LWPOLYLINE
  5
49F
330
17
100
AcDbEntity
  8
A-EQUIPO-FINO
100
AcDbPolyline
 90
4
 70
1
 10
389.8
 20
365.99999999999994
 10
389.8
 20
359.5999999999999
 10
393.20000000000005
 20
359.5999999999999
 10
393.20000000000005
 20
365.99999999999994
  0
LINE
  5
4A0
330
17
100
AcDbEntity
  8
A-EQUIPO-FINO
100
AcDbLine
 10
390.47999999999996
 20
364.592
 30
0.0
 11
390.47999999999996
 21
360.11199999999997
 31
0.0
  0
LINE
  5
4A1
330
17
100
AcDbEntity
  8
A-EQUIPO-FINO
100
AcDbLine
 10
391.5
 20
364.592
 30
0.0
 11
391.5
 21
360.11199999999997
 31
0.0
  0
LINE
  5
4A2
330
17
100
AcDbEntity
  8
A-EQUIPO-FINO
100
AcDbLine
 10
392.52
 20
364.592
 30
0.0
 11
392.52
 21
360.11199999999997
 31
0.0
  0
LWPOLYLINE
  5
4A3
330
17
100
AcDbEntity
  8
A-EQUIPO-FINO
100
AcDbPolyline
 90
4
 70
1
 10
390.14
 20
367.15199999999993
 10
390.14
 20
365.99999999999994
 10
392.85999999999996
 20
365.99999999999994
 10
392.85999999999996
 20
367.15199999999993
  0
LINE
  5
4A4
330
17
100
AcDbEntity
  8
A-EQUIPO-FINO
100
AcDbLine
 10
391.5
 20
359.5999999999999
 30
0.0
 11
391.5
 21
358.448
 31
0.0
  0
LWPOLYLINE
  5
4A5
330
17
100
AcDbEntity
  8
A-EQUIPO-FINO
100
AcDbPolyline
 90
4
 70
1
 10
390.81999999999994
 20
363.12
 10
390.81999999999994
 20
361.5199999999999
 10
392.18
 20
361.5199999999999
 10
392.18
 20
363.12
  0
CIRCLE
  5
4A6
330
17
100
AcDbEntity
  8
A-EQUIPO-FINO
100
AcDbCircle
 10
391.5
 20
351.99999999999994
 30
0.0
 40
1.0
  0
CIRCLE
  5
4A7
330
17
100
AcDbEntity
  8
A-EQUIPO-FINO
100
AcDbCircle
 10
391.5
 20
349.0
 30
0.0
 40
0.5
  0
LINE
  5
4A8
330
17
100
AcDbEntity
  8
A-SEGURIDAD
100
AcDbLine
 10
385.5
 20
388.41999999999996
 30
0.0
 11
385.5
 21
327.5799999999999
 31
0.0
  0
LINE
  5
4A9
330
17
100
AcDbEntity
  8
A-EQUIPO-FINO
100
AcDbLine
 10
385.5
 20
387.41999999999996
 30
0.0
 11
386.5
 21
387.41999999999996
 31
0.0
  0
LINE
  5
4AA
330
17
100
AcDbEntity
  8
A-EQUIPO-FINO
100
AcDbLine
 10
385.5
 20
385.41999999999996
 30
0.0
 11
386.5
 21
385.41999999999996
 31
0.0
  0
LINE
  5
4AB
330
17
100
AcDbEntity
  8
A-EQUIPO-FINO
100
AcDbLine
 10
385.5
 20
383.41999999999996
 30
0.0
 11
386.5
 21
383.41999999999996
 31
0.0
  0
LINE
  5
4AC
330
17
100
AcDbEntity
  8
A-EQUIPO-FINO
100
AcDbLine
 10
385.5
 20
381.41999999999996
 30
0.0
 11
386.5
 21
381.41999999999996
 31
0.0
  0
LINE
  5
4AD
330
17
100
AcDbEntity
  8
A-EQUIPO-FINO
100
AcDbLine
 10
385.5
 20
379.41999999999996
 30
0.0
 11
386.5
 21
379.41999999999996
 31
0.0
  0
LINE
  5
4AE
330
17
100
AcDbEntity
  8
A-EQUIPO-FINO
100
AcDbLine
 10
385.5
 20
377.41999999999996
 30
0.0
 11
386.5
 21
377.41999999999996
 31
0.0
  0
LINE
  5
4AF
330
17
100
AcDbEntity
  8
A-EQUIPO-FINO
100
AcDbLine
 10
385.5
 20
375.41999999999996
 30
0.0
 11
386.5
 21
375.41999999999996
 31
0.0
  0
LINE
  5
4B0
330
17
100
AcDbEntity
  8
A-EQUIPO-FINO
100
AcDbLine
 10
385.5
 20
373.41999999999996
 30
0.0
 11
386.5
 21
373.41999999999996
 31
0.0
  0
LINE
  5
4B1
330
17
100
AcDbEntity
  8
A-EQUIPO-FINO
100
AcDbLine
 10
385.5
 20
371.41999999999996
 30
0.0
 11
386.5
 21
371.41999999999996
 31
0.0
  0
LINE
  5
4B2
330
17
100
AcDbEntity
  8
A-EQUIPO-FINO
100
AcDbLine
 10
385.5
 20
369.41999999999996
 30
0.0
 11
386.5
 21
369.41999999999996
 31
0.0
  0
LINE
  5
4B3
330
17
100
AcDbEntity
  8
A-EQUIPO-FINO
100
AcDbLine
 10
385.5
 20
367.41999999999996
 30
0.0
 11
386.5
 21
367.41999999999996
 31
0.0
  0
LINE
  5
4B4
330
17
100
AcDbEntity
  8
A-EQUIPO-FINO
100
AcDbLine
 10
385.5
 20
365.41999999999996
 30
0.0
 11
386.5
 21
365.41999999999996
 31
0.0
  0
LINE
  5
4B5
330
17
100
AcDbEntity
  8
A-EQUIPO-FINO
100
AcDbLine
 10
385.5
 20
363.41999999999996
 30
0.0
 11
386.5
 21
363.41999999999996
 31
0.0
  0
LINE
  5
4B6
330
17
100
AcDbEntity
  8
A-EQUIPO-FINO
100
AcDbLine
 10
385.5
 20
361.41999999999996
 30
0.0
 11
386.5
 21
361.41999999999996
 31
0.0
  0
LINE
  5
4B7
330
17
100
AcDbEntity
  8
A-EQUIPO-FINO
100
AcDbLine
 10
385.5
 20
359.41999999999996
 30
0.0
 11
386.5
 21
359.41999999999996
 31
0.0
  0
LINE
  5
4B8
330
17
100
AcDbEntity
  8
A-EQUIPO-FINO
100
AcDbLine
 10
385.5
 20
357.41999999999996
 30
0.0
 11
386.5
 21
357.41999999999996
 31
0.0
  0
LINE
  5
4B9
330
17
100
AcDbEntity
  8
A-EQUIPO-FINO
100
AcDbLine
 10
385.5
 20
355.41999999999996
 30
0.0
 11
386.5
 21
355.41999999999996
 31
0.0
  0
LINE
  5
4BA
330
17
100
AcDbEntity
  8
A-EQUIPO-FINO
100
AcDbLine
 10
385.5
 20
353.41999999999996
 30
0.0
 11
386.5
 21
353.41999999999996
 31
0.0
  0
LINE
  5
4BB
330
17
100
AcDbEntity
  8
A-EQUIPO-FINO
100
AcDbLine
 10
385.5
 20
351.41999999999996
 30
0.0
 11
386.5
 21
351.41999999999996
 31
0.0
  0
LINE
  5
4BC
330
17
100
AcDbEntity
  8
A-EQUIPO-FINO
100
AcDbLine
 10
385.5
 20
349.41999999999996
 30
0.0
 11
386.5
 21
349.41999999999996
 31
0.0
  0
LINE
  5
4BD
330
17
100
AcDbEntity
  8
A-EQUIPO-FINO
100
AcDbLine
 10
385.5
 20
347.41999999999996
 30
0.0
 11
386.5
 21
347.41999999999996
 31
0.0
  0
LINE
  5
4BE
330
17
100
AcDbEntity
  8
A-EQUIPO-FINO
100
AcDbLine
 10
385.5
 20
345.41999999999996
 30
0.0
 11
386.5
 21
345.41999999999996
 31
0.0
  0
LINE
  5
4BF
330
17
100
AcDbEntity
  8
A-EQUIPO-FINO
100
AcDbLine
 10
385.5
 20
343.41999999999996
 30
0.0
 11
386.5
 21
343.41999999999996
 31
0.0
  0
LINE
  5
4C0
330
17
100
AcDbEntity
  8
A-EQUIPO-FINO
100
AcDbLine
 10
385.5
 20
341.41999999999996
 30
0.0
 11
386.5
 21
341.41999999999996
 31
0.0
  0
LINE
  5
4C1
330
17
100
AcDbEntity
  8
A-EQUIPO-FINO
100
AcDbLine
 10
385.5
 20
339.41999999999996
 30
0.0
 11
386.5
 21
339.41999999999996
 31
0.0
  0
LINE
  5
4C2
330
17
100
AcDbEntity
  8
A-EQUIPO-FINO
100
AcDbLine
 10
385.5
 20
337.41999999999996
 30
0.0
 11
386.5
 21
337.41999999999996
 31
0.0
  0
LINE
  5
4C3
330
17
100
AcDbEntity
  8
A-EQUIPO-FINO
100
AcDbLine
 10
385.5
 20
335.41999999999996
 30
0.0
 11
386.5
 21
335.41999999999996
 31
0.0
  0
LINE
  5
4C4
330
17
100
AcDbEntity
  8
A-EQUIPO-FINO
100
AcDbLine
 10
385.5
 20
333.41999999999996
 30
0.0
 11
386.5
 21
333.41999999999996
 31
0.0
  0
LINE
  5
4C5
330
17
100
AcDbEntity
  8
A-EQUIPO-FINO
100
AcDbLine
 10
385.5
 20
331.41999999999996
 30
0.0
 11
386.5
 21
331.41999999999996
 31
0.0
  0
LINE
  5
4C6
330
17
100
AcDbEntity
  8
A-EQUIPO-FINO
100
AcDbLine
 10
385.5
 20
329.41999999999996
 30
0.0
 11
386.5
 21
329.41999999999996
 31
0.0
  0
LWPOLYLINE
  5
4C7
330
17
100
AcDbEntity
  8
A-EQUIPO-FINO
100
AcDbPolyline
 90
4
 70
1
 10
375.0
 20
381.41999999999996
 10
375.0
 20
379.41999999999996
 10
384.18
 20
379.41999999999996
 10
384.18
 20
381.41999999999996
  0
CIRCLE
  5
4C8
330
17
100
AcDbEntity
  8
A-EQUIPO-FINO
100
AcDbCircle
 10
376.6
 20
380.41999999999996
 30
0.0
 40
0.5
  0
CIRCLE
  5
4C9
330
17
100
AcDbEntity
  8
A-EQUIPO-FINO
100
AcDbCircle
 10
379.59999999999997
 20
380.41999999999996
 30
0.0
 40
0.5
  0
CIRCLE
  5
4CA
330
17
100
AcDbEntity
  8
A-EQUIPO-FINO
100
AcDbCircle
 10
382.6
 20
380.41999999999996
 30
0.0
 40
0.5
  0
LWPOLYLINE
  5
4CB
330
17
100
AcDbEntity
  8
A-EQUIPO-FINO
100
AcDbPolyline
 90
4
 70
1
 10
375.0
 20
359.0
 10
375.0
 20
356.99999999999994
 10
384.18
 20
356.99999999999994
 10
384.18
 20
359.0
  0
CIRCLE
  5
4CC
330
17
100
AcDbEntity
  8
A-EQUIPO-FINO
100
AcDbCircle
 10
376.6
 20
358.0
 30
0.0
 40
0.5
  0
CIRCLE
  5
4CD
330
17
100
AcDbEntity
  8
A-EQUIPO-FINO
100
AcDbCircle
 10
379.59999999999997
 20
358.0
 30
0.0
 40
0.5
  0
CIRCLE
  5
4CE
330
17
100
AcDbEntity
  8
A-EQUIPO-FINO
100
AcDbCircle
 10
382.6
 20
358.0
 30
0.0
 40
0.5
  0
LWPOLYLINE
  5
4CF
330
17
100
AcDbEntity
  8
A-EQUIPO-FINO
100
AcDbPolyline
 90
4
 70
1
 10
375.0
 20
336.58000000000004
 10
375.0
 20
334.58
 10
384.18
 20
334.58
 10
384.18
 20
336.58000000000004
  0
CIRCLE
  5
4D0
330
17
100
AcDbEntity
  8
A-EQUIPO-FINO
100
AcDbCircle
 10
376.6
 20
335.58
 30
0.0
 40
0.5
  0
CIRCLE
  5
4D1
330
17
100
AcDbEntity
  8
A-EQUIPO-FINO
100
AcDbCircle
 10
379.59999999999997
 20
335.58
 30
0.0
 40
0.5
  0
CIRCLE
  5
4D2
330
17
100
AcDbEntity
  8
A-EQUIPO-FINO
100
AcDbCircle
 10
382.6
 20
335.58
 30
0.0
 40
0.5
  0
LWPOLYLINE
  5
4D3
330
17
100
AcDbEntity
  8
A-EQUIPO-FINO
100
AcDbPolyline
 90
4
 70
1
 10
375.0
 20
388.0199999999999
 10
375.0
 20
386.41999999999996
 10
384.18
 20
386.41999999999996
 10
384.18
 20
388.0199999999999
  0
LINE
  5
4D4
330
17
100
AcDbEntity
  8
A-EQUIPO-FINO
100
AcDbLine
 10
375.0
 20
388.0199999999999
 30
0.0
 11
375.0
 21
386.41999999999996
 31
0.0
  0
LINE
  5
4D5
330
17
100
AcDbEntity
  8
A-EQUIPO-FINO
100
AcDbLine
 10
376.0
 20
388.0199999999999
 30
0.0
 11
376.0
 21
387.02
 31
0.0
  0
LINE
  5
4D6
330
17
100
AcDbEntity
  8
A-EQUIPO-FINO
100
AcDbLine
 10
377.0
 20
388.0199999999999
 30
0.0
 11
377.0
 21
386.41999999999996
 31
0.0
  0
LINE
  5
4D7
330
17
100
AcDbEntity
  8
A-EQUIPO-FINO
100
AcDbLine
 10
378.0
 20
388.0199999999999
 30
0.0
 11
378.0
 21
387.02
 31
0.0
  0
LINE
  5
4D8
330
17
100
AcDbEntity
  8
A-EQUIPO-FINO
100
AcDbLine
 10
378.99999999999994
 20
388.0199999999999
 30
0.0
 11
378.99999999999994
 21
386.41999999999996
 31
0.0
  0
LINE
  5
4D9
330
17
100
AcDbEntity
  8
A-EQUIPO-FINO
100
AcDbLine
 10
380.0
 20
388.0199999999999
 30
0.0
 11
380.0
 21
387.02
 31
0.0
  0
LINE
  5
4DA
330
17
100
AcDbEntity
  8
A-EQUIPO-FINO
100
AcDbLine
 10
381.0
 20
388.0199999999999
 30
0.0
 11
381.0
 21
386.41999999999996
 31
0.0
  0
LINE
  5
4DB
330
17
100
AcDbEntity
  8
A-EQUIPO-FINO
100
AcDbLine
 10
382.0
 20
388.0199999999999
 30
0.0
 11
382.0
 21
387.02
 31
0.0
  0
LINE
  5
4DC
330
17
100
AcDbEntity
  8
A-EQUIPO-FINO
100
AcDbLine
 10
383.0
 20
388.0199999999999
 30
0.0
 11
383.0
 21
386.41999999999996
 31
0.0
  0
LINE
  5
4DD
330
17
100
AcDbEntity
  8
A-EQUIPO-FINO
100
AcDbLine
 10
384.0
 20
388.0199999999999
 30
0.0
 11
384.0
 21
387.02
 31
0.0
  0
LINE
  5
4DE
330
17
100
AcDbEntity
  8
A-EQUIPO-OCULTO
100
AcDbLine
 10
395.9
 20
383.41999999999996
 30
0.0
 11
403.0
 21
383.41999999999996
 31
0.0
  0
CIRCLE
  5
4DF
330
17
100
AcDbEntity
  8
A-EQUIPO-FINO
100
AcDbCircle
 10
402.6
 20
383.41999999999996
 30
0.0
 40
0.8
  0
LINE
  5
4E0
330
17
100
AcDbEntity
  8
A-EQUIPO-OCULTO
100
AcDbLine
 10
395.9
 20
332.5799999999999
 30
0.0
 11
403.0
 21
332.5799999999999
 31
0.0
  0
CIRCLE
  5
4E1
330
17
100
AcDbEntity
  8
A-EQUIPO-FINO
100
AcDbCircle
 10
402.6
 20
332.5799999999999
 30
0.0
 40
0.8
  0
LWPOLYLINE
  5
4E2
330
17
100
AcDbEntity
  8
A-EQUIPO-FINO
100
AcDbPolyline
 90
4
 70
1
 10
398.745
 20
386.41999999999996
 10
398.745
 20
329.58
 10
400.34499999999997
 20
329.58
 10
400.34499999999997
 20
386.41999999999996
  0
LWPOLYLINE
  5
4E3
330
17
100
AcDbEntity
  8
A-EQUIPO-FINO
100
AcDbPolyline
 90
4
 70
1
 10
397.545
 20
381.2199999999999
 10
397.545
 20
379.61999999999995
 10
398.745
 20
379.61999999999995
 10
398.745
 20
381.2199999999999
  0
LWPOLYLINE
  5
4E4
330
17
100
AcDbEntity
  8
A-EQUIPO-FINO
100
AcDbPolyline
 90
4
 70
1
 10
397.545
 20
366.2733333333333
 10
397.545
 20
364.6733333333333
 10
398.745
 20
364.6733333333333
 10
398.745
 20
366.2733333333333
  0
LWPOLYLINE
  5
4E5
330
17
100
AcDbEntity
  8
A-EQUIPO-FINO
100
AcDbPolyline
 90
4
 70
1
 10
397.545
 20
351.32666666666665
 10
397.545
 20
349.72666666666663
 10
398.745
 20
349.72666666666663
 10
398.745
 20
351.32666666666665
  0
LWPOLYLINE
  5
4E6
330
17
100
AcDbEntity
  8
A-EQUIPO-FINO
100
AcDbPolyline
 90
4
 70
1
 10
397.545
 20
336.38
 10
397.545
 20
334.78
 10
398.745
 20
334.78
 10
398.745
 20
336.38
  0
LWPOLYLINE
  5
4E7
330
17
100
AcDbEntity
  8
A-EQUIPO-FINO
100
AcDbPolyline
 90
4
 70
1
 10
400.0
 20
361.99999999999994
 10
400.0
 20
355.59999999999997
 10
402.80000000000007
 20
355.59999999999997
 10
402.80000000000007
 20
361.99999999999994
  0
LINE
  5
4E8
330
17
100
AcDbEntity
  8
A-EQUIPO-FINO
100
AcDbLine
 10
400.56
 20
360.592
 30
0.0
 11
400.56
 21
356.11199999999997
 31
0.0
  0
LINE
  5
4E9
330
17
100
AcDbEntity
  8
A-EQUIPO-FINO
100
AcDbLine
 10
401.40000000000003
 20
360.592
 30
0.0
 11
401.40000000000003
 21
356.11199999999997
 31
0.0
  0
LINE
  5
4EA
330
17
100
AcDbEntity
  8
A-EQUIPO-FINO
100
AcDbLine
 10
402.24
 20
360.592
 30
0.0
 11
402.24
 21
356.11199999999997
 31
0.0
  0
LWPOLYLINE
  5
4EB
330
17
100
AcDbEntity
  8
A-EQUIPO-FINO
100
AcDbPolyline
 90
4
 70
1
 10
400.28000000000003
 20
363.152
 10
400.28000000000003
 20
361.99999999999994
 10
402.52
 20
361.99999999999994
 10
402.52
 20
363.152
  0
LINE
  5
4EC
330
17
100
AcDbEntity
  8
A-EQUIPO-FINO
100
AcDbLine
 10
401.40000000000003
 20
355.59999999999997
 30
0.0
 11
401.40000000000003
 21
354.448
 31
0.0
  0
LWPOLYLINE
  5
4ED
330
17
100
AcDbEntity
  8
A-EQUIPO-FINO
100
AcDbPolyline
 90
4
 70
1
 10
400.84
 20
359.12
 10
400.84
 20
357.52
 10
401.96000000000004
 20
357.52
 10
401.96000000000004
 20
359.12
  0
LINE
  5
4EE
330
17
100
AcDbEntity
  8
A-EQUIPO-OCULTO
100
AcDbLine
 10
402.6
 20
383.41999999999996
 30
0.0
 11
402.6
 21
332.5799999999999
 31
0.0
  0
LWPOLYLINE
  5
4EF
330
17
100
AcDbEntity
  8
A-EQUIPO
100
AcDbPolyline
 90
4
 70
1
 10
396.6
 20
339.97999999999996
 10
396.6
 20
329.18
 10
403.6
 20
329.18
 10
403.6
 20
339.97999999999996
  0
LINE
  5
4F0
330
17
100
AcDbEntity
  8
A-EQUIPO-FINO
100
AcDbLine
 10
396.6
 20
339.97999999999996
 30
0.0
 11
403.6
 21
329.18
 31
0.0
  0
CIRCLE
  5
4F1
330
17
100
AcDbEntity
  8
A-EQUIPO-FINO
100
AcDbCircle
 10
400.1
 20
330.79999999999995
 30
0.0
 40
0.5600000000000002
  0
LWPOLYLINE
  5
4F2
330
17
100
AcDbEntity
  8
A-EQUIPO-FINO
100
AcDbPolyline
 90
4
 70
1
 10
377.4
 20
335.58
 10
377.4
 20
329.18
 10
382.20000000000005
 20
329.18
 10
382.20000000000005
 20
335.58
  0
CIRCLE
  5
4F3
330
17
100
AcDbEntity
  8
A-EQUIPO-FINO
100
AcDbCircle
 10
379.8
 20
334.5133333333333
 30
0.0
 40
0.8639999999999999
  0
CIRCLE
  5
4F4
330
17
100
AcDbEntity
  8
A-EQUIPO-FINO
100
AcDbCircle
 10
379.8
 20
332.38
 30
0.0
 40
0.8639999999999999
  0
CIRCLE
  5
4F5
330
17
100
AcDbEntity
  8
A-EQUIPO-FINO
100
AcDbCircle
 10
379.8
 20
330.2466666666666
 30
0.0
 40
0.8639999999999999
  0
LINE
  5
4F6
330
17
100
AcDbEntity
  8
A-EQUIPO-OCULTO
100
AcDbLine
 10
379.8
 20
329.18
 30
0.0
 11
384.18
 21
327.5799999999999
 31
0.0
  0
LWPOLYLINE
  5
4F7
330
17
100
AcDbEntity
  8
A-EQUIPO-FINO
100
AcDbPolyline
 90
4
 70
1
 10
375.8
 20
346.99999999999994
 10
375.8
 20
340.99999999999994
 10
381.0
 20
340.99999999999994
 10
381.0
 20
346.99999999999994
  0
LINE
  5
4F8
330
17
100
AcDbEntity
  8
A-EQUIPO-FINO
100
AcDbLine
 10
376.6
 20
345.99999999999994
 30
0.0
 11
376.6
 21
341.99999999999994
 31
0.0
  0
LINE
  5
4F9
330
17
100
AcDbEntity
  8
A-EQUIPO-FINO
100
AcDbLine
 10
377.80000000000007
 20
345.99999999999994
 30
0.0
 11
377.80000000000007
 21
341.99999999999994
 31
0.0
  0
LINE
  5
4FA
330
17
100
AcDbEntity
  8
A-EQUIPO-FINO
100
AcDbLine
 10
378.99999999999994
 20
345.99999999999994
 30
0.0
 11
378.99999999999994
 21
341.99999999999994
 31
0.0
  0
LINE
  5
4FB
330
17
100
AcDbEntity
  8
A-EQUIPO-FINO
100
AcDbLine
 10
380.2
 20
345.99999999999994
 30
0.0
 11
380.2
 21
341.99999999999994
 31
0.0
  0
LINE
  5
4FC
330
17
100
AcDbEntity
  8
A-EQUIPO-OCULTO
100
AcDbLine
 10
381.0
 20
344.0
 30
0.0
 11
384.18
 21
344.0
 31
0.0
  0
LWPOLYLINE
  5
4FD
330
17
100
AcDbEntity
  8
A-EQUIPO-FINO
100
AcDbPolyline
 90
4
 70
1
 10
407.80000000000007
 20
396.59999999999997
 10
407.80000000000007
 20
395.4
 10
409.0
 20
395.4
 10
409.0
 20
396.59999999999997
  0
LWPOLYLINE
  5
4FE
330
17
100
AcDbEntity
  8
A-EQUIPO-FINO
100
AcDbPolyline
 90
4
 70
1
 10
407.80000000000007
 20
320.59999999999997
 10
407.80000000000007
 20
319.4
 10
409.0
 20
319.4
 10
409.0
 20
320.59999999999997
  0
LINE
  5
4FF
330
17
100
AcDbEntity
  8
A-SEGURIDAD
100
AcDbLine
 10
408.4
 20
395.99999999999994
 30
0.0
 11
408.4
 21
320.0
 31
0.0
  0
HATCH
  5
500
330
17
100
AcDbEntity
  8
A-EQUIPO-RELLENO
 62
7
420
15658734
100
AcDbHatch
 10
0.0
 20
0.0
 30
0.0
210
0.0
220
0.0
230
1.0
  2
SOLID
 70
1
 71
0
 91
1
 92
3
 72
0
 73
1
 93
4
 10
413.0
 20
389.00000000000006
 10
413.0
 20
327.0
 10
437.0
 20
327.0
 10
437.0
 20
389.00000000000006
 97
0
 75
1
 76
1
 98
0
  0
LINE
  5
501
330
17
100
AcDbEntity
  8
A-EQUIPO
100
AcDbLine
 10
413.0
 20
389.00000000000006
 30
0.0
 11
413.0
 21
327.0
 31
0.0
  0
LINE
  5
502
330
17
100
AcDbEntity
  8
A-EQUIPO
100
AcDbLine
 10
437.0
 20
389.00000000000006
 30
0.0
 11
437.0
 21
327.0
 31
0.0
  0
LINE
  5
503
330
17
100
AcDbEntity
  8
A-EQUIPO-FINO
100
AcDbLine
 10
413.6
 20
389.00000000000006
 30
0.0
 11
436.4
 21
389.00000000000006
 31
0.0
  0
LINE
  5
504
330
17
100
AcDbEntity
  8
A-EQUIPO-FINO
100
AcDbLine
 10
413.6
 20
386.5200000000001
 30
0.0
 11
436.4
 21
386.5200000000001
 31
0.0
  0
LINE
  5
505
330
17
100
AcDbEntity
  8
A-EQUIPO-FINO
100
AcDbLine
 10
413.6
 20
384.04
 30
0.0
 11
436.4
 21
384.04
 31
0.0
  0
LINE
  5
506
330
17
100
AcDbEntity
  8
A-EQUIPO-FINO
100
AcDbLine
 10
413.6
 20
381.56000000000006
 30
0.0
 11
436.4
 21
381.56000000000006
 31
0.0
  0
LINE
  5
507
330
17
100
AcDbEntity
  8
A-EQUIPO-FINO
100
AcDbLine
 10
413.6
 20
379.0800000000001
 30
0.0
 11
436.4
 21
379.0800000000001
 31
0.0
  0
LINE
  5
508
330
17
100
AcDbEntity
  8
A-EQUIPO-FINO
100
AcDbLine
 10
413.6
 20
376.6
 30
0.0
 11
436.4
 21
376.6
 31
0.0
  0
LINE
  5
509
330
17
100
AcDbEntity
  8
A-EQUIPO-FINO
100
AcDbLine
 10
413.6
 20
374.12000000000006
 30
0.0
 11
436.4
 21
374.12000000000006
 31
0.0
  0
LINE
  5
50A
330
17
100
AcDbEntity
  8
A-EQUIPO-FINO
100
AcDbLine
 10
413.6
 20
371.64
 30
0.0
 11
436.4
 21
371.64
 31
0.0
  0
LINE
  5
50B
330
17
100
AcDbEntity
  8
A-EQUIPO-FINO
100
AcDbLine
 10
413.6
 20
369.16
 30
0.0
 11
436.4
 21
369.16
 31
0.0
  0
LINE
  5
50C
330
17
100
AcDbEntity
  8
A-EQUIPO-FINO
100
AcDbLine
 10
413.6
 20
366.68000000000006
 30
0.0
 11
436.4
 21
366.68000000000006
 31
0.0
  0
LINE
  5
50D
330
17
100
AcDbEntity
  8
A-EQUIPO-FINO
100
AcDbLine
 10
413.6
 20
364.20000000000005
 30
0.0
 11
436.4
 21
364.20000000000005
 31
0.0
  0
LINE
  5
50E
330
17
100
AcDbEntity
  8
A-EQUIPO-FINO
100
AcDbLine
 10
413.6
 20
361.72
 30
0.0
 11
436.4
 21
361.72
 31
0.0
  0
LINE
  5
50F
330
17
100
AcDbEntity
  8
A-EQUIPO-FINO
100
AcDbLine
 10
413.6
 20
359.24000000000007
 30
0.0
 11
436.4
 21
359.24000000000007
 31
0.0
  0
LINE
  5
510
330
17
100
AcDbEntity
  8
A-EQUIPO-FINO
100
AcDbLine
 10
413.6
 20
356.76
 30
0.0
 11
436.4
 21
356.76
 31
0.0
  0
LINE
  5
511
330
17
100
AcDbEntity
  8
A-EQUIPO-FINO
100
AcDbLine
 10
413.6
 20
354.28000000000003
 30
0.0
 11
436.4
 21
354.28000000000003
 31
0.0
  0
LINE
  5
512
330
17
100
AcDbEntity
  8
A-EQUIPO-FINO
100
AcDbLine
 10
413.6
 20
351.80000000000007
 30
0.0
 11
436.4
 21
351.80000000000007
 31
0.0
  0
LINE
  5
513
330
17
100
AcDbEntity
  8
A-EQUIPO-FINO
100
AcDbLine
 10
413.6
 20
349.32000000000005
 30
0.0
 11
436.4
 21
349.32000000000005
 31
0.0
  0
LINE
  5
514
330
17
100
AcDbEntity
  8
A-EQUIPO-FINO
100
AcDbLine
 10
413.6
 20
346.84000000000003
 30
0.0
 11
436.4
 21
346.84000000000003
 31
0.0
  0
LINE
  5
515
330
17
100
AcDbEntity
  8
A-EQUIPO-FINO
100
AcDbLine
 10
413.6
 20
344.36000000000007
 30
0.0
 11
436.4
 21
344.36000000000007
 31
0.0
  0
LINE
  5
516
330
17
100
AcDbEntity
  8
A-EQUIPO-FINO
100
AcDbLine
 10
413.6
 20
341.88
 30
0.0
 11
436.4
 21
341.88
 31
0.0
  0
LINE
  5
517
330
17
100
AcDbEntity
  8
A-EQUIPO-FINO
100
AcDbLine
 10
413.6
 20
339.40000000000003
 30
0.0
 11
436.4
 21
339.40000000000003
 31
0.0
  0
LINE
  5
518
330
17
100
AcDbEntity
  8
A-EQUIPO-FINO
100
AcDbLine
 10
413.6
 20
336.9200000000001
 30
0.0
 11
436.4
 21
336.9200000000001
 31
0.0
  0
LINE
  5
519
330
17
100
AcDbEntity
  8
A-EQUIPO-FINO
100
AcDbLine
 10
413.6
 20
334.44000000000005
 30
0.0
 11
436.4
 21
334.44000000000005
 31
0.0
  0
LINE
  5
51A
330
17
100
AcDbEntity
  8
A-EQUIPO-FINO
100
AcDbLine
 10
413.6
 20
331.96000000000004
 30
0.0
 11
436.4
 21
331.96000000000004
 31
0.0
  0
LINE
  5
51B
330
17
100
AcDbEntity
  8
A-EQUIPO-FINO
100
AcDbLine
 10
413.6
 20
329.48
 30
0.0
 11
436.4
 21
329.48
 31
0.0
  0
LINE
  5
51C
330
17
100
AcDbEntity
  8
A-EQUIPO-FINO
100
AcDbLine
 10
413.6
 20
327.0
 30
0.0
 11
436.4
 21
327.0
 31
0.0
  0
HATCH
  5
5CB
330
17
100
AcDbEntity
  8
A-EQUIPO-RELLENO
 62
7
420
15658734
100
AcDbHatch
 10
0.0
 20
0.0
 30
0.0
210
0.0
220
0.0
230
1.0
  2
SOLID
 70
1
 71
0
 91
1
 92
3
 72
0
 73
1
 93
4
 10
472.0
 20
425.6
 10
335.0
 20
425.6
 10
335.0
 20
410.4
 10
472.0
 20
410.4
 97
0
 75
1
 76
1
 98
0
  0
HATCH
  5
5CC
330
17
100
AcDbEntity
  8
A-EQUIPO-RELLENO
 62
7
420
13488340
100
AcDbHatch
 10
0.0
 20
0.0
 30
0.0
210
0.0
220
0.0
230
1.0
  2
SOLID
 70
1
 71
0
 91
1
 92
3
 72
0
 73
1
 93
4
 10
445.59999999999997
 20
421.6
 10
442.4
 20
421.6
 10
442.4
 20
414.4
 10
445.59999999999997
 20
414.4
 97
0
 75
1
 76
1
 98
0
  0
HATCH
  5
5CD
330
17
100
AcDbEntity
  8
A-EQUIPO-RELLENO
 62
7
420
13488340
100
AcDbHatch
 10
0.0
 20
0.0
 30
0.0
210
0.0
220
0.0
230
1.0
  2
SOLID
 70
1
 71
0
 91
1
 92
3
 72
0
 73
1
 93
4
 10
427.6
 20
421.6
 10
424.4
 20
421.6
 10
424.4
 20
414.4
 10
427.6
 20
414.4
 97
0
 75
1
 76
1
 98
0
  0
HATCH
  5
5CE
330
17
100
AcDbEntity
  8
A-EQUIPO-RELLENO
 62
7
420
13488340
100
AcDbHatch
 10
0.0
 20
0.0
 30
0.0
210
0.0
220
0.0
230
1.0
  2
SOLID
 70
1
 71
0
 91
1
 92
3
 72
0
 73
1
 93
4
 10
409.59999999999997
 20
421.6
 10
406.4
 20
421.6
 10
406.4
 20
414.4
 10
409.59999999999997
 20
414.4
 97
0
 75
1
 76
1
 98
0
  0
HATCH
  5
5CF
330
17
100
AcDbEntity
  8
A-EQUIPO-RELLENO
 62
7
420
13488340
100
AcDbHatch
 10
0.0
 20
0.0
 30
0.0
210
0.0
220
0.0
230
1.0
  2
SOLID
 70
1
 71
0
 91
1
 92
3
 72
0
 73
1
 93
4
 10
391.6
 20
421.6
 10
388.4
 20
421.6
 10
388.4
 20
414.4
 10
391.6
 20
414.4
 97
0
 75
1
 76
1
 98
0
  0
HATCH
  5
5D0
330
17
100
AcDbEntity
  8
A-EQUIPO-RELLENO
 62
7
420
13488340
100
AcDbHatch
 10
0.0
 20
0.0
 30
0.0
210
0.0
220
0.0
230
1.0
  2
SOLID
 70
1
 71
0
 91
1
 92
3
 72
0
 73
1
 93
4
 10
464.0
 20
426.4
 10
449.99999999999994
 20
426.4
 10
449.99999999999994
 20
409.6
 10
464.0
 20
409.6
 97
0
 75
1
 76
1
 98
0
  0
HATCH
  5
5D1
330
17
100
AcDbEntity
  8
A-EQUIPO-RELLENO
 62
7
420
13488340
100
AcDbHatch
 10
0.0
 20
0.0
 30
0.0
210
0.0
220
0.0
230
1.0
  2
SOLID
 70
1
 71
0
 91
1
 92
3
 72
0
 73
1
 93
4
 10
462.0
 20
419.6
 10
457.0
 20
419.6
 10
457.0
 20
416.4
 10
462.0
 20
416.4
 97
0
 75
1
 76
1
 98
0
  0
HATCH
  5
5D2
330
17
100
AcDbEntity
  8
A-EQUIPO-RELLENO
 62
7
420
13488340
100
AcDbHatch
 10
0.0
 20
0.0
 30
0.0
210
0.0
220
0.0
230
1.0
  2
SOLID
 70
1
 71
0
 91
1
 92
3
 72
0
 73
1
 93
4
 10
372.0
 20
426.4
 10
363.99999999999994
 20
426.4
 10
363.99999999999994
 20
409.6
 10
372.0
 20
409.6
 97
0
 75
1
 76
1
 98
0
  0
HATCH
  5
5D3
330
17
100
AcDbEntity
  8
A-EQUIPO-RELLENO
 62
7
420
14870510
100
AcDbHatch
 10
0.0
 20
0.0
 30
0.0
210
0.0
220
0.0
230
1.0
  2
SOLID
 70
1
 71
0
 91
1
 92
3
 72
0
 73
1
 93
4
 10
363.99999999999994
 20
428.0
 10
356.0
 20
428.0
 10
356.0
 20
408.0
 10
363.99999999999994
 20
408.0
 97
0
 75
1
 76
1
 98
0
  0
HATCH
  5
5D4
330
17
100
AcDbEntity
  8
A-EQUIPO-RELLENO
 62
7
420
13488340
100
AcDbHatch
 10
0.0
 20
0.0
 30
0.0
210
0.0
220
0.0
230
1.0
  2
SOLID
 70
1
 71
0
 91
1
 92
3
 72
0
 73
1
 93
4
 10
352.6
 20
429.0
 10
351.4
 20
429.0
 10
351.4
 20
415.0
 10
352.6
 20
415.0
 97
0
 75
1
 76
1
 98
0
  0
HATCH
  5
5D5
330
17
100
AcDbEntity
  8
A-EQUIPO-RELLENO
 62
7
420
13488340
100
AcDbHatch
 10
0.0
 20
0.0
 30
0.0
210
0.0
220
0.0
230
1.0
  2
SOLID
 70
1
 71
0
 91
1
 92
3
 72
0
 73
1
 93
4
 10
345.59999999999997
 20
429.0
 10
344.4
 20
429.0
 10
344.4
 20
415.0
 10
345.59999999999997
 20
415.0
 97
0
 75
1
 76
1
 98
0
  0
HATCH
  5
5D6
330
17
100
AcDbEntity
  8
A-EQUIPO-RELLENO
 62
7
420
13488340
100
AcDbHatch
 10
0.0
 20
0.0
 30
0.0
210
0.0
220
0.0
230
1.0
  2
SOLID
 70
1
 71
0
 91
1
 92
3
 72
0
 73
1
 93
4
 10
338.6
 20
429.0
 10
337.4
 20
429.0
 10
337.4
 20
415.0
 10
338.6
 20
415.0
 97
0
 75
1
 76
1
 98
0
  0
HATCH
  5
5D7
330
17
100
AcDbEntity
  8
A-EQUIPO-RELLENO
 62
7
420
13488340
100
AcDbHatch
 10
0.0
 20
0.0
 30
0.0
210
0.0
220
0.0
230
1.0
  2
SOLID
 70
1
 71
0
 91
1
 92
3
 72
0
 73
1
 93
4
 10
346.0
 20
409.6
 10
336.0
 20
409.6
 10
336.0
 20
410.0
 10
346.0
 20
410.0
 97
0
 75
1
 76
1
 98
0
  0
LWPOLYLINE
  5
5D8
330
17
100
AcDbEntity
  8
A-EQUIPO
100
AcDbPolyline
 90
4
 70
1
 10
472.0
 20
425.6
 10
335.0
 20
425.6
 10
335.0
 20
410.4
 10
472.0
 20
410.4
  0
LINE
  5
5D9
330
17
100
AcDbEntity
  8
A-EQUIPO
100
AcDbLine
 10
471.0
 20
424.0
 30
0.0
 11
336.0
 21
424.0
 31
0.0
  0
LINE
  5
5DA
330
17
100
AcDbEntity
  8
A-EQUIPO-FINO
100
AcDbLine
 10
471.0
 20
424.6
 30
0.0
 11
336.0
 21
424.6
 31
0.0
  0
LINE
  5
5DB
330
17
100
AcDbEntity
  8
A-EQUIPO
100
AcDbLine
 10
471.0
 20
412.0
 30
0.0
 11
336.0
 21
412.0
 31
0.0
  0
LINE
  5
5DC
330
17
100
AcDbEntity
  8
A-EQUIPO-FINO
100
AcDbLine
 10
471.0
 20
411.4
 30
0.0
 11
336.0
 21
411.4
 31
0.0
  0
LINE
  5
5DD
330
17
100
AcDbEntity
  8
A-EQUIPO-FINO
100
AcDbLine
 10
471.0
 20
411.4
 30
0.0
 11
470.2
 21
410.79999999999995
 31
0.0
  0
LINE
  5
5DE
330
17
100
AcDbEntity
  8
A-EQUIPO-FINO
100
AcDbLine
 10
469.4
 20
411.4
 30
0.0
 11
468.59999999999997
 21
410.79999999999995
 31
0.0
  0
LINE
  5
5DF
330
17
100
AcDbEntity
  8
A-EQUIPO-FINO
100
AcDbLine
 10
467.79999999999995
 20
411.4
 30
0.0
 11
467.0
 21
410.79999999999995
 31
0.0
  0
LINE
  5
5E0
330
17
100
AcDbEntity
  8
A-EQUIPO-FINO
100
AcDbLine
 10
466.2
 20
411.4
 30
0.0
 11
465.40000000000003
 21
410.79999999999995
 31
0.0
  0
LINE
  5
5E1
330
17
100
AcDbEntity
  8
A-EQUIPO-FINO
100
AcDbLine
 10
464.59999999999997
 20
411.4
 30
0.0
 11
463.79999999999995
 21
410.79999999999995
 31
0.0
  0
LINE
  5
5E2
330
17
100
AcDbEntity
  8
A-EQUIPO-FINO
100
AcDbLine
 10
463.0
 20
411.4
 30
0.0
 11
462.20000000000005
 21
410.79999999999995
 31
0.0
  0
LINE
  5
5E3
330
17
100
AcDbEntity
  8
A-EQUIPO-FINO
100
AcDbLine
 10
461.4
 20
411.4
 30
0.0
 11
460.59999999999997
 21
410.79999999999995
 31
0.0
  0
LINE
  5
5E4
330
17
100
AcDbEntity
  8
A-EQUIPO-FINO
100
AcDbLine
 10
459.8
 20
411.4
 30
0.0
 11
459.0
 21
410.79999999999995
 31
0.0
  0
LINE
  5
5E5
330
17
100
AcDbEntity
  8
A-EQUIPO-FINO
100
AcDbLine
 10
458.19999999999993
 20
411.4
 30
0.0
 11
457.4
 21
410.79999999999995
 31
0.0
  0
LINE
  5
5E6
330
17
100
AcDbEntity
  8
A-EQUIPO-FINO
100
AcDbLine
 10
456.6
 20
411.4
 30
0.0
 11
455.8
 21
410.79999999999995
 31
0.0
  0
LINE
  5
5E7
330
17
100
AcDbEntity
  8
A-EQUIPO-FINO
100
AcDbLine
 10
454.99999999999994
 20
411.4
 30
0.0
 11
454.2
 21
410.79999999999995
 31
0.0
  0
LINE
  5
5E8
330
17
100
AcDbEntity
  8
A-EQUIPO-FINO
100
AcDbLine
 10
453.4
 20
411.4
 30
0.0
 11
452.6
 21
410.79999999999995
 31
0.0
  0
LINE
  5
5E9
330
17
100
AcDbEntity
  8
A-EQUIPO-FINO
100
AcDbLine
 10
451.79999999999995
 20
411.4
 30
0.0
 11
451.0
 21
410.79999999999995
 31
0.0
  0
LINE
  5
5EA
330
17
100
AcDbEntity
  8
A-EQUIPO-FINO
100
AcDbLine
 10
450.2
 20
411.4
 30
0.0
 11
449.4
 21
410.79999999999995
 31
0.0
  0
LINE
  5
5EB
330
17
100
AcDbEntity
  8
A-EQUIPO-FINO
100
AcDbLine
 10
448.59999999999997
 20
411.4
 30
0.0
 11
447.79999999999995
 21
410.79999999999995
 31
0.0
  0
LINE
  5
5EC
330
17
100
AcDbEntity
  8
A-EQUIPO-FINO
100
AcDbLine
 10
447.0
 20
411.4
 30
0.0
 11
446.2
 21
410.79999999999995
 31
0.0
  0
LINE
  5
5ED
330
17
100
AcDbEntity
  8
A-EQUIPO-FINO
100
AcDbLine
 10
445.4
 20
411.4
 30
0.0
 11
444.59999999999997
 21
410.79999999999995
 31
0.0
  0
LINE
  5
5EE
330
17
100
AcDbEntity
  8
A-EQUIPO-FINO
100
AcDbLine
 10
443.79999999999995
 20
411.4
 30
0.0
 11
443.0
 21
410.79999999999995
 31
0.0
  0
LINE
  5
5EF
330
17
100
AcDbEntity
  8
A-EQUIPO-FINO
100
AcDbLine
 10
442.20000000000005
 20
411.4
 30
0.0
 11
441.4
 21
410.79999999999995
 31
0.0
  0
LINE
  5
5F0
330
17
100
AcDbEntity
  8
A-EQUIPO-FINO
100
AcDbLine
 10
440.59999999999997
 20
411.4
 30
0.0
 11
439.8
 21
410.79999999999995
 31
0.0
  0
LINE
  5
5F1
330
17
100
AcDbEntity
  8
A-EQUIPO-FINO
100
AcDbLine
 10
439.0
 20
411.4
 30
0.0
 11
438.19999999999993
 21
410.79999999999995
 31
0.0
  0
LINE
  5
5F2
330
17
100
AcDbEntity
  8
A-EQUIPO-FINO
100
AcDbLine
 10
437.4
 20
411.4
 30
0.0
 11
436.6
 21
410.79999999999995
 31
0.0
  0
LINE
  5
5F3
330
17
100
AcDbEntity
  8
A-EQUIPO-FINO
100
AcDbLine
 10
435.8
 20
411.4
 30
0.0
 11
434.99999999999994
 21
410.79999999999995
 31
0.0
  0
LINE
  5
5F4
330
17
100
AcDbEntity
  8
A-EQUIPO-FINO
100
AcDbLine
 10
434.2
 20
411.4
 30
0.0
 11
433.4
 21
410.79999999999995
 31
0.0
  0
LINE
  5
5F5
330
17
100
AcDbEntity
  8
A-EQUIPO-FINO
100
AcDbLine
 10
432.6
 20
411.4
 30
0.0
 11
431.79999999999995
 21
410.79999999999995
 31
0.0
  0
LINE
  5
5F6
330
17
100
AcDbEntity
  8
A-EQUIPO-FINO
100
AcDbLine
 10
431.0
 20
411.4
 30
0.0
 11
430.2
 21
410.79999999999995
 31
0.0
  0
LINE
  5
5F7
330
17
100
AcDbEntity
  8
A-EQUIPO-FINO
100
AcDbLine
 10
429.4
 20
411.4
 30
0.0
 11
428.6
 21
410.79999999999995
 31
0.0
  0
LINE
  5
5F8
330
17
100
AcDbEntity
  8
A-EQUIPO-FINO
100
AcDbLine
 10
427.79999999999995
 20
411.4
 30
0.0
 11
427.0
 21
410.79999999999995
 31
0.0
  0
LINE
  5
5F9
330
17
100
AcDbEntity
  8
A-EQUIPO-FINO
100
AcDbLine
 10
426.2
 20
411.4
 30
0.0
 11
425.4
 21
410.79999999999995
 31
0.0
  0
LINE
  5
5FA
330
17
100
AcDbEntity
  8
A-EQUIPO-FINO
100
AcDbLine
 10
424.59999999999997
 20
411.4
 30
0.0
 11
423.79999999999995
 21
410.79999999999995
 31
0.0
  0
LINE
  5
5FB
330
17
100
AcDbEntity
  8
A-EQUIPO-FINO
100
AcDbLine
 10
423.0
 20
411.4
 30
0.0
 11
422.20000000000005
 21
410.79999999999995
 31
0.0
  0
LINE
  5
5FC
330
17
100
AcDbEntity
  8
A-EQUIPO-FINO
100
AcDbLine
 10
421.4
 20
411.4
 30
0.0
 11
420.59999999999997
 21
410.79999999999995
 31
0.0
  0
LINE
  5
5FD
330
17
100
AcDbEntity
  8
A-EQUIPO-FINO
100
AcDbLine
 10
419.8
 20
411.4
 30
0.0
 11
419.0
 21
410.79999999999995
 31
0.0
  0
LINE
  5
5FE
330
17
100
AcDbEntity
  8
A-EQUIPO-FINO
100
AcDbLine
 10
418.19999999999993
 20
411.4
 30
0.0
 11
417.4
 21
410.79999999999995
 31
0.0
  0
LINE
  5
5FF
330
17
100
AcDbEntity
  8
A-EQUIPO-FINO
100
AcDbLine
 10
416.6
 20
411.4
 30
0.0
 11
415.8
 21
410.79999999999995
 31
0.0
  0
LINE
  5
600
330
17
100
AcDbEntity
  8
A-EQUIPO-FINO
100
AcDbLine
 10
414.99999999999994
 20
411.4
 30
0.0
 11
414.2
 21
410.79999999999995
 31
0.0
  0
LINE
  5
601
330
17
100
AcDbEntity
  8
A-EQUIPO-FINO
100
AcDbLine
 10
413.4
 20
411.4
 30
0.0
 11
412.6
 21
410.79999999999995
 31
0.0
  0
LINE
  5
602
330
17
100
AcDbEntity
  8
A-EQUIPO-FINO
100
AcDbLine
 10
411.79999999999995
 20
411.4
 30
0.0
 11
411.0
 21
410.79999999999995
 31
0.0
  0
LINE
  5
603
330
17
100
AcDbEntity
  8
A-EQUIPO-FINO
100
AcDbLine
 10
410.2
 20
411.4
 30
0.0
 11
409.4
 21
410.79999999999995
 31
0.0
  0
LINE
  5
604
330
17
100
AcDbEntity
  8
A-EQUIPO-FINO
100
AcDbLine
 10
408.6
 20
411.4
 30
0.0
 11
407.79999999999995
 21
410.79999999999995
 31
0.0
  0
LINE
  5
605
330
17
100
AcDbEntity
  8
A-EQUIPO-FINO
100
AcDbLine
 10
407.0
 20
411.4
 30
0.0
 11
406.2
 21
410.79999999999995
 31
0.0
  0
LINE
  5
606
330
17
100
AcDbEntity
  8
A-EQUIPO-FINO
100
AcDbLine
 10
405.4
 20
411.4
 30
0.0
 11
404.59999999999997
 21
410.79999999999995
 31
0.0
  0
LINE
  5
607
330
17
100
AcDbEntity
  8
A-EQUIPO-FINO
100
AcDbLine
 10
403.79999999999995
 20
411.4
 30
0.0
 11
403.0
 21
410.79999999999995
 31
0.0
  0
LINE
  5
608
330
17
100
AcDbEntity
  8
A-EQUIPO-FINO
100
AcDbLine
 10
402.20000000000005
 20
411.4
 30
0.0
 11
401.4
 21
410.79999999999995
 31
0.0
  0
LINE
  5
609
330
17
100
AcDbEntity
  8
A-EQUIPO-FINO
100
AcDbLine
 10
400.59999999999997
 20
411.4
 30
0.0
 11
399.8
 21
410.79999999999995
 31
0.0
  0
LINE
  5
60A
330
17
100
AcDbEntity
  8
A-EQUIPO-FINO
100
AcDbLine
 10
399.0
 20
411.4
 30
0.0
 11
398.19999999999993
 21
410.79999999999995
 31
0.0
  0
LINE
  5
60B
330
17
100
AcDbEntity
  8
A-EQUIPO-FINO
100
AcDbLine
 10
397.4
 20
411.4
 30
0.0
 11
396.6
 21
410.79999999999995
 31
0.0
  0
LINE
  5
60C
330
17
100
AcDbEntity
  8
A-EQUIPO-FINO
100
AcDbLine
 10
395.8
 20
411.4
 30
0.0
 11
394.99999999999994
 21
410.79999999999995
 31
0.0
  0
LINE
  5
60D
330
17
100
AcDbEntity
  8
A-EQUIPO-FINO
100
AcDbLine
 10
394.2
 20
411.4
 30
0.0
 11
393.4
 21
410.79999999999995
 31
0.0
  0
LINE
  5
60E
330
17
100
AcDbEntity
  8
A-EQUIPO-FINO
100
AcDbLine
 10
392.6
 20
411.4
 30
0.0
 11
391.79999999999995
 21
410.79999999999995
 31
0.0
  0
LINE
  5
60F
330
17
100
AcDbEntity
  8
A-EQUIPO-FINO
100
AcDbLine
 10
391.0
 20
411.4
 30
0.0
 11
390.2
 21
410.79999999999995
 31
0.0
  0
LINE
  5
610
330
17
100
AcDbEntity
  8
A-EQUIPO-FINO
100
AcDbLine
 10
389.4
 20
411.4
 30
0.0
 11
388.6
 21
410.79999999999995
 31
0.0
  0
LINE
  5
611
330
17
100
AcDbEntity
  8
A-EQUIPO-FINO
100
AcDbLine
 10
387.79999999999995
 20
411.4
 30
0.0
 11
387.0
 21
410.79999999999995
 31
0.0
  0
LINE
  5
612
330
17
100
AcDbEntity
  8
A-EQUIPO-FINO
100
AcDbLine
 10
386.2
 20
411.4
 30
0.0
 11
385.4
 21
410.79999999999995
 31
0.0
  0
LINE
  5
613
330
17
100
AcDbEntity
  8
A-EQUIPO-FINO
100
AcDbLine
 10
384.59999999999997
 20
411.4
 30
0.0
 11
383.79999999999995
 21
410.79999999999995
 31
0.0
  0
LINE
  5
614
330
17
100
AcDbEntity
  8
A-EQUIPO-FINO
100
AcDbLine
 10
383.0
 20
411.4
 30
0.0
 11
382.20000000000005
 21
410.79999999999995
 31
0.0
  0
LINE
  5
615
330
17
100
AcDbEntity
  8
A-EQUIPO-FINO
100
AcDbLine
 10
381.4
 20
411.4
 30
0.0
 11
380.59999999999997
 21
410.79999999999995
 31
0.0
  0
LINE
  5
616
330
17
100
AcDbEntity
  8
A-EQUIPO-FINO
100
AcDbLine
 10
379.8
 20
411.4
 30
0.0
 11
378.99999999999994
 21
410.79999999999995
 31
0.0
  0
LINE
  5
617
330
17
100
AcDbEntity
  8
A-EQUIPO-FINO
100
AcDbLine
 10
378.19999999999993
 20
411.4
 30
0.0
 11
377.4
 21
410.79999999999995
 31
0.0
  0
LINE
  5
618
330
17
100
AcDbEntity
  8
A-EQUIPO-FINO
100
AcDbLine
 10
376.6
 20
411.4
 30
0.0
 11
375.8
 21
410.79999999999995
 31
0.0
  0
LINE
  5
619
330
17
100
AcDbEntity
  8
A-EQUIPO-FINO
100
AcDbLine
 10
375.0
 20
411.4
 30
0.0
 11
374.2
 21
410.79999999999995
 31
0.0
  0
LINE
  5
61A
330
17
100
AcDbEntity
  8
A-EQUIPO-FINO
100
AcDbLine
 10
373.4
 20
411.4
 30
0.0
 11
372.6
 21
410.79999999999995
 31
0.0
  0
LINE
  5
61B
330
17
100
AcDbEntity
  8
A-EQUIPO-FINO
100
AcDbLine
 10
371.79999999999995
 20
411.4
 30
0.0
 11
371.0
 21
410.79999999999995
 31
0.0
  0
LINE
  5
61C
330
17
100
AcDbEntity
  8
A-EQUIPO-FINO
100
AcDbLine
 10
370.2
 20
411.4
 30
0.0
 11
369.4
 21
410.79999999999995
 31
0.0
  0
LINE
  5
61D
330
17
100
AcDbEntity
  8
A-EQUIPO-FINO
100
AcDbLine
 10
368.6
 20
411.4
 30
0.0
 11
367.79999999999995
 21
410.79999999999995
 31
0.0
  0
LINE
  5
61E
330
17
100
AcDbEntity
  8
A-EQUIPO-FINO
100
AcDbLine
 10
367.0
 20
411.4
 30
0.0
 11
366.2
 21
410.79999999999995
 31
0.0
  0
LINE
  5
61F
330
17
100
AcDbEntity
  8
A-EQUIPO-FINO
100
AcDbLine
 10
365.4
 20
411.4
 30
0.0
 11
364.59999999999997
 21
410.79999999999995
 31
0.0
  0
LINE
  5
620
330
17
100
AcDbEntity
  8
A-EQUIPO-FINO
100
AcDbLine
 10
363.79999999999995
 20
411.4
 30
0.0
 11
363.0
 21
410.79999999999995
 31
0.0
  0
LINE
  5
621
330
17
100
AcDbEntity
  8
A-EQUIPO-FINO
100
AcDbLine
 10
362.20000000000005
 20
411.4
 30
0.0
 11
361.4
 21
410.79999999999995
 31
0.0
  0
LINE
  5
622
330
17
100
AcDbEntity
  8
A-EQUIPO-FINO
100
AcDbLine
 10
360.59999999999997
 20
411.4
 30
0.0
 11
359.8
 21
410.79999999999995
 31
0.0
  0
LINE
  5
623
330
17
100
AcDbEntity
  8
A-EQUIPO-FINO
100
AcDbLine
 10
358.99999999999994
 20
411.4
 30
0.0
 11
358.19999999999993
 21
410.79999999999995
 31
0.0
  0
LINE
  5
624
330
17
100
AcDbEntity
  8
A-EQUIPO-FINO
100
AcDbLine
 10
357.4
 20
411.4
 30
0.0
 11
356.6
 21
410.79999999999995
 31
0.0
  0
LINE
  5
625
330
17
100
AcDbEntity
  8
A-EQUIPO-FINO
100
AcDbLine
 10
355.8
 20
411.4
 30
0.0
 11
355.0
 21
410.79999999999995
 31
0.0
  0
LINE
  5
626
330
17
100
AcDbEntity
  8
A-EQUIPO-FINO
100
AcDbLine
 10
354.2
 20
411.4
 30
0.0
 11
353.4
 21
410.79999999999995
 31
0.0
  0
LINE
  5
627
330
17
100
AcDbEntity
  8
A-EQUIPO-FINO
100
AcDbLine
 10
352.6
 20
411.4
 30
0.0
 11
351.8
 21
410.79999999999995
 31
0.0
  0
LINE
  5
628
330
17
100
AcDbEntity
  8
A-EQUIPO-FINO
100
AcDbLine
 10
351.0
 20
411.4
 30
0.0
 11
350.2
 21
410.79999999999995
 31
0.0
  0
LINE
  5
629
330
17
100
AcDbEntity
  8
A-EQUIPO-FINO
100
AcDbLine
 10
349.4
 20
411.4
 30
0.0
 11
348.59999999999997
 21
410.79999999999995
 31
0.0
  0
LINE
  5
62A
330
17
100
AcDbEntity
  8
A-EQUIPO-FINO
100
AcDbLine
 10
347.79999999999995
 20
411.4
 30
0.0
 11
347.0
 21
410.79999999999995
 31
0.0
  0
LINE
  5
62B
330
17
100
AcDbEntity
  8
A-EQUIPO-FINO
100
AcDbLine
 10
346.2
 20
411.4
 30
0.0
 11
345.4
 21
410.79999999999995
 31
0.0
  0
LINE
  5
62C
330
17
100
AcDbEntity
  8
A-EQUIPO-FINO
100
AcDbLine
 10
344.59999999999997
 20
411.4
 30
0.0
 11
343.79999999999995
 21
410.79999999999995
 31
0.0
  0
LINE
  5
62D
330
17
100
AcDbEntity
  8
A-EQUIPO-FINO
100
AcDbLine
 10
343.0
 20
411.4
 30
0.0
 11
342.2
 21
410.79999999999995
 31
0.0
  0
LINE
  5
62E
330
17
100
AcDbEntity
  8
A-EQUIPO-FINO
100
AcDbLine
 10
341.4
 20
411.4
 30
0.0
 11
340.59999999999997
 21
410.79999999999995
 31
0.0
  0
LINE
  5
62F
330
17
100
AcDbEntity
  8
A-EQUIPO-FINO
100
AcDbLine
 10
339.8
 20
411.4
 30
0.0
 11
339.0
 21
410.79999999999995
 31
0.0
  0
LINE
  5
630
330
17
100
AcDbEntity
  8
A-EQUIPO-FINO
100
AcDbLine
 10
338.19999999999993
 20
411.4
 30
0.0
 11
337.4
 21
410.79999999999995
 31
0.0
  0
LWPOLYLINE
  5
631
330
17
100
AcDbEntity
  8
A-EQUIPO-FINO
100
AcDbPolyline
 90
4
 70
1
 10
445.59999999999997
 20
421.6
 10
442.4
 20
421.6
 10
442.4
 20
414.4
 10
445.59999999999997
 20
414.4
  0
LINE
  5
632
330
17
100
AcDbEntity
  8
A-EQUIPO-FINO
100
AcDbLine
 10
445.59999999999997
 20
418.0
 30
0.0
 11
442.4
 21
418.0
 31
0.0
  0
LWPOLYLINE
  5
633
330
17
100
AcDbEntity
  8
A-EQUIPO-FINO
100
AcDbPolyline
 90
4
 70
1
 10
427.6
 20
421.6
 10
424.4
 20
421.6
 10
424.4
 20
414.4
 10
427.6
 20
414.4
  0
LINE
  5
634
330
17
100
AcDbEntity
  8
A-EQUIPO-FINO
100
AcDbLine
 10
427.6
 20
418.0
 30
0.0
 11
424.4
 21
418.0
 31
0.0
  0
LWPOLYLINE
  5
635
330
17
100
AcDbEntity
  8
A-EQUIPO-FINO
100
AcDbPolyline
 90
4
 70
1
 10
409.59999999999997
 20
421.6
 10
406.4
 20
421.6
 10
406.4
 20
414.4
 10
409.59999999999997
 20
414.4
  0
LINE
  5
636
330
17
100
AcDbEntity
  8
A-EQUIPO-FINO
100
AcDbLine
 10
409.59999999999997
 20
418.0
 30
0.0
 11
406.4
 21
418.0
 31
0.0
  0
LWPOLYLINE
  5
637
330
17
100
AcDbEntity
  8
A-EQUIPO-FINO
100
AcDbPolyline
 90
4
 70
1
 10
391.6
 20
421.6
 10
388.4
 20
421.6
 10
388.4
 20
414.4
 10
391.6
 20
414.4
  0
LINE
  5
638
330
17
100
AcDbEntity
  8
A-EQUIPO-FINO
100
AcDbLine
 10
391.6
 20
418.0
 30
0.0
 11
388.4
 21
418.0
 31
0.0
  0
LINE
  5
639
330
17
100
AcDbEntity
  8
A-EQUIPO-OCULTO
100
AcDbLine
 10
459.99999999999994
 20
418.8
 30
0.0
 11
341.0
 21
418.8
 31
0.0
  0
LINE
  5
63A
330
17
100
AcDbEntity
  8
A-EQUIPO-OCULTO
100
AcDbLine
 10
459.99999999999994
 20
417.2
 30
0.0
 11
341.0
 21
417.2
 31
0.0
  0
LWPOLYLINE
  5
63B
330
17
100
AcDbEntity
  8
A-EQUIPO
100
AcDbPolyline
 90
4
 70
1
 10
464.0
 20
426.4
 10
449.99999999999994
 20
426.4
 10
449.99999999999994
 20
409.6
 10
464.0
 20
409.6
  0
CIRCLE
  5
63C
330
17
100
AcDbEntity
  8
A-EQUIPO
100
AcDbCircle
 10
452.0
 20
418.0
 30
0.0
 40
4.8
  0
LINE
  5
63D
330
17
100
AcDbEntity
  8
A-EQUIPO
100
AcDbLine
 10
450.5857864376269
 20
416.5857864376269
 30
0.0
 11
448.88873016277915
 21
414.8887301627792
 31
0.0
  0
LINE
  5
63E
330
17
100
AcDbEntity
  8
A-EQUIPO
100
AcDbLine
 10
453.4142135623731
 20
416.5857864376269
 30
0.0
 11
455.1112698372208
 21
414.8887301627792
 31
0.0
  0
LINE
  5
63F
330
17
100
AcDbEntity
  8
A-EQUIPO
100
AcDbLine
 10
453.4142135623731
 20
419.4142135623731
 30
0.0
 11
455.1112698372208
 21
421.1112698372208
 31
0.0
  0
LINE
  5
640
330
17
100
AcDbEntity
  8
A-EQUIPO
100
AcDbLine
 10
450.5857864376269
 20
419.4142135623731
 30
0.0
 11
448.88873016277915
 21
421.1112698372208
 31
0.0
  0
LWPOLYLINE
  5
641
330
17
100
AcDbEntity
  8
A-EQUIPO-FINO
100
AcDbPolyline
 90
4
 70
1
 10
462.0
 20
419.6
 10
457.0
 20
419.6
 10
457.0
 20
416.4
 10
462.0
 20
416.4
  0
LINE
  5
642
330
17
100
AcDbEntity
  8
A-EQUIPO-FINO
100
AcDbLine
 10
460.9
 20
418.96000000000004
 30
0.0
 11
457.4
 21
418.96000000000004
 31
0.0
  0
LINE
  5
643
330
17
100
AcDbEntity
  8
A-EQUIPO-FINO
100
AcDbLine
 10
460.9
 20
418.0
 30
0.0
 11
457.4
 21
418.0
 31
0.0
  0
LINE
  5
644
330
17
100
AcDbEntity
  8
A-EQUIPO-FINO
100
AcDbLine
 10
460.9
 20
417.04
 30
0.0
 11
457.4
 21
417.04
 31
0.0
  0
LWPOLYLINE
  5
645
330
17
100
AcDbEntity
  8
A-EQUIPO-FINO
100
AcDbPolyline
 90
4
 70
1
 10
462.90000000000003
 20
419.28
 10
462.0
 20
419.28
 10
462.0
 20
416.72
 10
462.90000000000003
 20
416.72
  0
LINE
  5
646
330
17
100
AcDbEntity
  8
A-EQUIPO-FINO
100
AcDbLine
 10
457.0
 20
418.0
 30
0.0
 11
456.1
 21
418.0
 31
0.0
  0
LWPOLYLINE
  5
647
330
17
100
AcDbEntity
  8
A-EQUIPO-FINO
100
AcDbPolyline
 90
4
 70
1
 10
459.75
 20
418.64000000000004
 10
458.5
 20
418.64000000000004
 10
458.5
 20
417.36
 10
459.75
 20
417.36
  0
LWPOLYLINE
  5
648
330
17
100
AcDbEntity
  8
A-EQUIPO
100
AcDbPolyline
 90
4
 70
1
 10
372.0
 20
426.4
 10
363.99999999999994
 20
426.4
 10
363.99999999999994
 20
409.6
 10
372.0
 20
409.6
  0
CIRCLE
  5
649
330
17
100
AcDbEntity
  8
A-EQUIPO
100
AcDbCircle
 10
368.0
 20
418.0
 30
0.0
 40
4.0
  0
CIRCLE
  5
64A
330
17
100
AcDbEntity
  8
A-EQUIPO-FINO
100
AcDbCircle
 10
368.0
 20
418.0
 30
0.0
 40
1.2
  0
LWPOLYLINE
  5
64B
330
17
100
AcDbEntity
  8
A-EQUIPO-OCULTO
100
AcDbPolyline
 90
4
 70
1
 10
363.99999999999994
 20
428.0
 10
356.0
 20
428.0
 10
356.0
 20
408.0
 10
363.99999999999994
 20
408.0
  0
CIRCLE
  5
64C
330
17
100
AcDbEntity
  8
A-EQUIPO
100
AcDbCircle
 10
360.0
 20
418.0
 30
0.0
 40
1.4000000000000001
  0
CIRCLE
  5
64D
330
17
100
AcDbEntity
  8
A-EQUIPO-FINO
100
AcDbCircle
 10
360.0
 20
418.0
 30
0.0
 40
0.4
  0
LINE
  5
64E
330
17
100
AcDbEntity
  8
A-EQUIPO-FINO
100
AcDbLine
 10
362.0
 20
418.0
 30
0.0
 11
358.0
 21
418.0
 31
0.0
  0
LINE
  5
64F
330
17
100
AcDbEntity
  8
A-EQUIPO-FINO
100
AcDbLine
 10
360.0
 20
420.0
 30
0.0
 11
360.0
 21
416.0
 31
0.0
  0
LWPOLYLINE
  5
650
330
17
100
AcDbEntity
  8
A-SEGURIDAD
100
AcDbPolyline
 90
4
 70
1
 10
373.99999999999994
 20
430.0
 10
335.0
 20
430.0
 10
335.0
 20
406.0
 10
373.99999999999994
 20
406.0
  0
LWPOLYLINE
  5
651
330
17
100
AcDbEntity
  8
A-EQUIPO-FINO
100
AcDbPolyline
 90
4
 70
1
 10
352.6
 20
429.0
 10
351.4
 20
429.0
 10
351.4
 20
415.0
 10
352.6
 20
415.0
  0
LWPOLYLINE
  5
652
330
17
100
AcDbEntity
  8
A-EQUIPO-FINO
100
AcDbPolyline
 90
4
 70
1
 10
345.59999999999997
 20
429.0
 10
344.4
 20
429.0
 10
344.4
 20
415.0
 10
345.59999999999997
 20
415.0
  0
LWPOLYLINE
  5
653
330
17
100
AcDbEntity
  8
A-EQUIPO-FINO
100
AcDbPolyline
 90
4
 70
1
 10
338.6
 20
429.0
 10
337.4
 20
429.0
 10
337.4
 20
415.0
 10
338.6
 20
415.0
  0
LWPOLYLINE
  5
654
330
17
100
AcDbEntity
  8
A-EQUIPO-OCULTO
100
AcDbPolyline
 90
4
 70
1
 10
353.0
 20
429.6
 10
336.0
 20
429.6
 10
336.0
 20
425.6
 10
353.0
 20
425.6
  0
LINE
  5
655
330
17
100
AcDbEntity
  8
A-EQUIPO-OCULTO
100
AcDbLine
 10
360.0
 20
425.6
 30
0.0
 11
360.0
 21
426.0
 31
0.0
  0
LWPOLYLINE
  5
656
330
17
100
AcDbEntity
  8
A-EQUIPO
100
AcDbPolyline
 90
4
 70
1
 10
346.0
 20
409.6
 10
336.0
 20
409.6
 10
336.0
 20
410.0
 10
346.0
 20
410.0
  0
LINE
  5
657
330
17
100
AcDbEntity
  8
A-EQUIPO-FINO
100
AcDbLine
 10
346.0
 20
409.6
 30
0.0
 11
336.0
 21
410.0
 31
0.0
  0
CIRCLE
  5
658
330
17
100
AcDbEntity
  8
A-EQUIPO-FINO
100
AcDbCircle
 10
337.5
 20
409.80000000000007
 30
0.0
 40
-0.03199999999999932
  0
HATCH
  5
659
330
17
100
AcDbEntity
  8
A-EQUIPO-RELLENO
 62
7
420
9870240
100
AcDbHatch
 10
0.0
 20
0.0
 30
0.0
210
0.0
220
0.0
230
1.0
  2
SOLID
 70
1
 71
0
 91
1
 92
3
 72
0
 73
1
 93
4
 10
465.0
 20
453.0
 10
335.0
 20
453.0
 10
335.0
 20
449.0
 10
465.0
 20
449.0
 97
0
 75
1
 76
1
 98
0
  0
HATCH
  5
65A
330
17
100
AcDbEntity
  8
A-EQUIPO-RELLENO
 62
7
420
13488340
100
AcDbHatch
 10
0.0
 20
0.0
 30
0.0
210
0.0
220
0.0
230
1.0
  2
SOLID
 70
1
 71
0
 91
1
 92
3
 72
0
 73
1
 93
4
 10
464.0
 20
454.99999999999994
 10
462.00000000000006
 20
454.99999999999994
 10
462.00000000000006
 20
447.0
 10
464.0
 20
447.0
 97
0
 75
1
 76
1
 98
0
  0
HATCH
  5
65B
330
17
100
AcDbEntity
  8
A-EQUIPO-RELLENO
 62
7
420
13488340
100
AcDbHatch
 10
0.0
 20
0.0
 30
0.0
210
0.0
220
0.0
230
1.0
  2
SOLID
 70
1
 71
0
 91
1
 92
3
 72
0
 73
1
 93
4
 10
444.0
 20
454.99999999999994
 10
442.00000000000006
 20
454.99999999999994
 10
442.00000000000006
 20
447.0
 10
444.0
 20
447.0
 97
0
 75
1
 76
1
 98
0
  0
HATCH
  5
65C
330
17
100
AcDbEntity
  8
A-EQUIPO-RELLENO
 62
7
420
13488340
100
AcDbHatch
 10
0.0
 20
0.0
 30
0.0
210
0.0
220
0.0
230
1.0
  2
SOLID
 70
1
 71
0
 91
1
 92
3
 72
0
 73
1
 93
4
 10
424.0
 20
454.99999999999994
 10
422.00000000000006
 20
454.99999999999994
 10
422.00000000000006
 20
447.0
 10
424.0
 20
447.0
 97
0
 75
1
 76
1
 98
0
  0
HATCH
  5
65D
330
17
100
AcDbEntity
  8
A-EQUIPO-RELLENO
 62
7
420
13488340
100
AcDbHatch
 10
0.0
 20
0.0
 30
0.0
210
0.0
220
0.0
230
1.0
  2
SOLID
 70
1
 71
0
 91
1
 92
3
 72
0
 73
1
 93
4
 10
404.0
 20
454.99999999999994
 10
402.00000000000006
 20
454.99999999999994
 10
402.00000000000006
 20
447.0
 10
404.0
 20
447.0
 97
0
 75
1
 76
1
 98
0
  0
HATCH
  5
65E
330
17
100
AcDbEntity
  8
A-EQUIPO-RELLENO
 62
7
420
13488340
100
AcDbHatch
 10
0.0
 20
0.0
 30
0.0
210
0.0
220
0.0
230
1.0
  2
SOLID
 70
1
 71
0
 91
1
 92
3
 72
0
 73
1
 93
4
 10
384.0
 20
454.99999999999994
 10
382.00000000000006
 20
454.99999999999994
 10
382.00000000000006
 20
447.0
 10
384.0
 20
447.0
 97
0
 75
1
 76
1
 98
0
  0
HATCH
  5
65F
330
17
100
AcDbEntity
  8
A-EQUIPO-RELLENO
 62
7
420
13488340
100
AcDbHatch
 10
0.0
 20
0.0
 30
0.0
210
0.0
220
0.0
230
1.0
  2
SOLID
 70
1
 71
0
 91
1
 92
3
 72
0
 73
1
 93
4
 10
364.0
 20
454.99999999999994
 10
362.00000000000006
 20
454.99999999999994
 10
362.00000000000006
 20
447.0
 10
364.0
 20
447.0
 97
0
 75
1
 76
1
 98
0
  0
HATCH
  5
660
330
17
100
AcDbEntity
  8
A-EQUIPO-RELLENO
 62
7
420
13488340
100
AcDbHatch
 10
0.0
 20
0.0
 30
0.0
210
0.0
220
0.0
230
1.0
  2
SOLID
 70
1
 71
0
 91
1
 92
3
 72
0
 73
1
 93
4
 10
344.0
 20
454.99999999999994
 10
342.00000000000006
 20
454.99999999999994
 10
342.00000000000006
 20
447.0
 10
344.0
 20
447.0
 97
0
 75
1
 76
1
 98
0
  0
LWPOLYLINE
  5
661
330
17
100
AcDbEntity
  8
A-EQUIPO
100
AcDbPolyline
 90
4
 70
1
 10
465.0
 20
453.0
 10
335.0
 20
453.0
 10
335.0
 20
449.0
 10
465.0
 20
449.0
  0
LWPOLYLINE
  5
662
330
17
100
AcDbEntity
  8
A-EQUIPO-FINO
100
AcDbPolyline
 90
4
 70
1
 10
464.0
 20
454.99999999999994
 10
462.00000000000006
 20
454.99999999999994
 10
462.00000000000006
 20
447.0
 10
464.0
 20
447.0
  0
LWPOLYLINE
  5
663
330
17
100
AcDbEntity
  8
A-EQUIPO-FINO
100
AcDbPolyline
 90
4
 70
1
 10
444.0
 20
454.99999999999994
 10
442.00000000000006
 20
454.99999999999994
 10
442.00000000000006
 20
447.0
 10
444.0
 20
447.0
  0
LWPOLYLINE
  5
664
330
17
100
AcDbEntity
  8
A-EQUIPO-FINO
100
AcDbPolyline
 90
4
 70
1
 10
424.0
 20
454.99999999999994
 10
422.00000000000006
 20
454.99999999999994
 10
422.00000000000006
 20
447.0
 10
424.0
 20
447.0
  0
LWPOLYLINE
  5
665
330
17
100
AcDbEntity
  8
A-EQUIPO-FINO
100
AcDbPolyline
 90
4
 70
1
 10
404.0
 20
454.99999999999994
 10
402.00000000000006
 20
454.99999999999994
 10
402.00000000000006
 20
447.0
 10
404.0
 20
447.0
  0
LWPOLYLINE
  5
666
330
17
100
AcDbEntity
  8
A-EQUIPO-FINO
100
AcDbPolyline
 90
4
 70
1
 10
384.0
 20
454.99999999999994
 10
382.00000000000006
 20
454.99999999999994
 10
382.00000000000006
 20
447.0
 10
384.0
 20
447.0
  0
LWPOLYLINE
  5
667
330
17
100
AcDbEntity
  8
A-EQUIPO-FINO
100
AcDbPolyline
 90
4
 70
1
 10
364.0
 20
454.99999999999994
 10
362.00000000000006
 20
454.99999999999994
 10
362.00000000000006
 20
447.0
 10
364.0
 20
447.0
  0
LWPOLYLINE
  5
668
330
17
100
AcDbEntity
  8
A-EQUIPO-FINO
100
AcDbPolyline
 90
4
 70
1
 10
344.0
 20
454.99999999999994
 10
342.00000000000006
 20
454.99999999999994
 10
342.00000000000006
 20
447.0
 10
344.0
 20
447.0
  0
LINE
  5
669
330
17
100
AcDbEntity
  8
A-EQUIPO
100
AcDbLine
 10
465.0
 20
450.99999999999994
 30
0.0
 11
335.0
 21
450.99999999999994
 31
0.0
  0
LINE
  5
66A
330
17
100
AcDbEntity
  8
A-EQUIPO-FINO
100
AcDbLine
 10
465.0
 20
449.79999999999995
 30
0.0
 11
335.0
 21
449.79999999999995
 31
0.0
  0
LINE
  5
66B
330
17
100
AcDbEntity
  8
A-EQUIPO
100
AcDbLine
 10
465.0
 20
446.99999999999994
 30
0.0
 11
335.0
 21
446.99999999999994
 31
0.0
  0
LINE
  5
66C
330
17
100
AcDbEntity
  8
A-EQUIPO-FINO
100
AcDbLine
 10
465.0
 20
445.7999999999999
 30
0.0
 11
335.0
 21
445.7999999999999
 31
0.0
  0
LINE
  5
66D
330
17
100
AcDbEntity
  8
A-EQUIPO
100
AcDbLine
 10
465.0
 20
455.0
 30
0.0
 11
335.0
 21
455.0
 31
0.0
  0
LINE
  5
66E
330
17
100
AcDbEntity
  8
A-EQUIPO-FINO
100
AcDbLine
 10
465.0
 20
453.8
 30
0.0
 11
335.0
 21
453.8
 31
0.0
  0
LINE
  5
66F
330
17
100
AcDbEntity
  8
A-EQUIPO
100
AcDbLine
 10
465.0
 20
451.0
 30
0.0
 11
335.0
 21
451.0
 31
0.0
  0
LINE
  5
670
330
17
100
AcDbEntity
  8
A-EQUIPO-FINO
100
AcDbLine
 10
465.0
 20
449.80000000000007
 30
0.0
 11
335.0
 21
449.80000000000007
 31
0.0
  0
HATCH
  5
671
330
17
100
AcDbEntity
  8
A-EQUIPO-RELLENO
 62
7
420
9870240
100
AcDbHatch
 10
0.0
 20
0.0
 30
0.0
210
0.0
220
0.0
230
1.0
  2
SOLID
 70
1
 71
0
 91
1
 92
3
 72
0
 73
1
 93
4
 10
335.0
 20
487.0
 10
465.0
 20
487.0
 10
465.0
 20
491.0000000000001
 10
335.0
 20
491.0000000000001
 97
0
 75
1
 76
1
 98
0
  0
HATCH
  5
672
330
17
100
AcDbEntity
  8
A-EQUIPO-RELLENO
 62
7
420
13488340
100
AcDbHatch
 10
0.0
 20
0.0
 30
0.0
210
0.0
220
0.0
230
1.0
  2
SOLID
 70
1
 71
0
 91
1
 92
3
 72
0
 73
1
 93
4
 10
336.0
 20
485.0
 10
338.0
 20
485.0
 10
338.0
 20
493.0000000000001
 10
336.0
 20
493.0000000000001
 97
0
 75
1
 76
1
 98
0
  0
HATCH
  5
673
330
17
100
AcDbEntity
  8
A-EQUIPO-RELLENO
 62
7
420
13488340
100
AcDbHatch
 10
0.0
 20
0.0
 30
0.0
210
0.0
220
0.0
230
1.0
  2
SOLID
 70
1
 71
0
 91
1
 92
3
 72
0
 73
1
 93
4
 10
356.0
 20
485.0
 10
358.0
 20
485.0
 10
358.0
 20
493.0000000000001
 10
356.0
 20
493.0000000000001
 97
0
 75
1
 76
1
 98
0
  0
HATCH
  5
674
330
17
100
AcDbEntity
  8
A-EQUIPO-RELLENO
 62
7
420
13488340
100
AcDbHatch
 10
0.0
 20
0.0
 30
0.0
210
0.0
220
0.0
230
1.0
  2
SOLID
 70
1
 71
0
 91
1
 92
3
 72
0
 73
1
 93
4
 10
376.0
 20
485.0
 10
378.0
 20
485.0
 10
378.0
 20
493.0000000000001
 10
376.0
 20
493.0000000000001
 97
0
 75
1
 76
1
 98
0
  0
HATCH
  5
675
330
17
100
AcDbEntity
  8
A-EQUIPO-RELLENO
 62
7
420
13488340
100
AcDbHatch
 10
0.0
 20
0.0
 30
0.0
210
0.0
220
0.0
230
1.0
  2
SOLID
 70
1
 71
0
 91
1
 92
3
 72
0
 73
1
 93
4
 10
396.0
 20
485.0
 10
398.0
 20
485.0
 10
398.0
 20
493.0000000000001
 10
396.0
 20
493.0000000000001
 97
0
 75
1
 76
1
 98
0
  0
HATCH
  5
676
330
17
100
AcDbEntity
  8
A-EQUIPO-RELLENO
 62
7
420
13488340
100
AcDbHatch
 10
0.0
 20
0.0
 30
0.0
210
0.0
220
0.0
230
1.0
  2
SOLID
 70
1
 71
0
 91
1
 92
3
 72
0
 73
1
 93
4
 10
416.0
 20
485.0
 10
418.0
 20
485.0
 10
418.0
 20
493.0000000000001
 10
416.0
 20
493.0000000000001
 97
0
 75
1
 76
1
 98
0
  0
HATCH
  5
677
330
17
100
AcDbEntity
  8
A-EQUIPO-RELLENO
 62
7
420
13488340
100
AcDbHatch
 10
0.0
 20
0.0
 30
0.0
210
0.0
220
0.0
230
1.0
  2
SOLID
 70
1
 71
0
 91
1
 92
3
 72
0
 73
1
 93
4
 10
436.0
 20
485.0
 10
438.0
 20
485.0
 10
438.0
 20
493.0000000000001
 10
436.0
 20
493.0000000000001
 97
0
 75
1
 76
1
 98
0
  0
HATCH
  5
678
330
17
100
AcDbEntity
  8
A-EQUIPO-RELLENO
 62
7
420
13488340
100
AcDbHatch
 10
0.0
 20
0.0
 30
0.0
210
0.0
220
0.0
230
1.0
  2
SOLID
 70
1
 71
0
 91
1
 92
3
 72
0
 73
1
 93
4
 10
456.0
 20
485.0
 10
458.0
 20
485.0
 10
458.0
 20
493.0000000000001
 10
456.0
 20
493.0000000000001
 97
0
 75
1
 76
1
 98
0
  0
LWPOLYLINE
  5
679
330
17
100
AcDbEntity
  8
A-EQUIPO
100
AcDbPolyline
 90
4
 70
1
 10
335.0
 20
487.0
 10
465.0
 20
487.0
 10
465.0
 20
491.0000000000001
 10
335.0
 20
491.0000000000001
  0
LWPOLYLINE
  5
67A
330
17
100
AcDbEntity
  8
A-EQUIPO-FINO
100
AcDbPolyline
 90
4
 70
1
 10
336.0
 20
485.0
 10
338.0
 20
485.0
 10
338.0
 20
493.0000000000001
 10
336.0
 20
493.0000000000001
  0
LWPOLYLINE
  5
67B
330
17
100
AcDbEntity
  8
A-EQUIPO-FINO
100
AcDbPolyline
 90
4
 70
1
 10
356.0
 20
485.0
 10
358.0
 20
485.0
 10
358.0
 20
493.0000000000001
 10
356.0
 20
493.0000000000001
  0
LWPOLYLINE
  5
67C
330
17
100
AcDbEntity
  8
A-EQUIPO-FINO
100
AcDbPolyline
 90
4
 70
1
 10
376.0
 20
485.0
 10
378.0
 20
485.0
 10
378.0
 20
493.0000000000001
 10
376.0
 20
493.0000000000001
  0
LWPOLYLINE
  5
67D
330
17
100
AcDbEntity
  8
A-EQUIPO-FINO
100
AcDbPolyline
 90
4
 70
1
 10
396.0
 20
485.0
 10
398.0
 20
485.0
 10
398.0
 20
493.0000000000001
 10
396.0
 20
493.0000000000001
  0
LWPOLYLINE
  5
67E
330
17
100
AcDbEntity
  8
A-EQUIPO-FINO
100
AcDbPolyline
 90
4
 70
1
 10
416.0
 20
485.0
 10
418.0
 20
485.0
 10
418.0
 20
493.0000000000001
 10
416.0
 20
493.0000000000001
  0
LWPOLYLINE
  5
67F
330
17
100
AcDbEntity
  8
A-EQUIPO-FINO
100
AcDbPolyline
 90
4
 70
1
 10
436.0
 20
485.0
 10
438.0
 20
485.0
 10
438.0
 20
493.0000000000001
 10
436.0
 20
493.0000000000001
  0
LWPOLYLINE
  5
680
330
17
100
AcDbEntity
  8
A-EQUIPO-FINO
100
AcDbPolyline
 90
4
 70
1
 10
456.0
 20
485.0
 10
458.0
 20
485.0
 10
458.0
 20
493.0000000000001
 10
456.0
 20
493.0000000000001
  0
LINE
  5
681
330
17
100
AcDbEntity
  8
A-EQUIPO
100
AcDbLine
 10
335.0
 20
489.00000000000006
 30
0.0
 11
465.0
 21
489.00000000000006
 31
0.0
  0
LINE
  5
682
330
17
100
AcDbEntity
  8
A-EQUIPO-FINO
100
AcDbLine
 10
335.0
 20
490.2000000000001
 30
0.0
 11
465.0
 21
490.2000000000001
 31
0.0
  0
LINE
  5
683
330
17
100
AcDbEntity
  8
A-EQUIPO
100
AcDbLine
 10
335.0
 20
493.0000000000001
 30
0.0
 11
465.0
 21
493.0000000000001
 31
0.0
  0
LINE
  5
684
330
17
100
AcDbEntity
  8
A-EQUIPO-FINO
100
AcDbLine
 10
335.0
 20
494.20000000000005
 30
0.0
 11
465.0
 21
494.20000000000005
 31
0.0
  0
LINE
  5
685
330
17
100
AcDbEntity
  8
A-EQUIPO
100
AcDbLine
 10
335.0
 20
485.0
 30
0.0
 11
465.0
 21
485.0
 31
0.0
  0
LINE
  5
686
330
17
100
AcDbEntity
  8
A-EQUIPO-FINO
100
AcDbLine
 10
335.0
 20
486.20000000000005
 30
0.0
 11
465.0
 21
486.20000000000005
 31
0.0
  0
LINE
  5
687
330
17
100
AcDbEntity
  8
A-EQUIPO
100
AcDbLine
 10
335.0
 20
489.00000000000006
 30
0.0
 11
465.0
 21
489.00000000000006
 31
0.0
  0
LINE
  5
688
330
17
100
AcDbEntity
  8
A-EQUIPO-FINO
100
AcDbLine
 10
335.0
 20
490.2000000000001
 30
0.0
 11
465.0
 21
490.2000000000001
 31
0.0
  0
HATCH
  5
689
330
17
100
AcDbEntity
  8
A-EQUIPO-RELLENO
 62
7
420
15658734
100
AcDbHatch
 10
0.0
 20
0.0
 30
0.0
210
0.0
220
0.0
230
1.0
  2
SOLID
 70
1
 71
0
 91
1
 92
3
 72
0
 73
1
 93
4
 10
335.0
 20
514.4
 10
472.0
 20
514.4
 10
472.0
 20
529.6000000000001
 10
335.0
 20
529.6000000000001
 97
0
 75
1
 76
1
 98
0
  0
HATCH
  5
68A
330
17
100
AcDbEntity
  8
A-EQUIPO-RELLENO
 62
7
420
13488340
100
AcDbHatch
 10
0.0
 20
0.0
 30
0.0
210
0.0
220
0.0
230
1.0
  2
SOLID
 70
1
 71
0
 91
1
 92
3
 72
0
 73
1
 93
4
 10
361.40000000000003
 20
518.4000000000001
 10
364.59999999999997
 20
518.4000000000001
 10
364.59999999999997
 20
525.6
 10
361.40000000000003
 20
525.6
 97
0
 75
1
 76
1
 98
0
  0
HATCH
  5
68B
330
17
100
AcDbEntity
  8
A-EQUIPO-RELLENO
 62
7
420
13488340
100
AcDbHatch
 10
0.0
 20
0.0
 30
0.0
210
0.0
220
0.0
230
1.0
  2
SOLID
 70
1
 71
0
 91
1
 92
3
 72
0
 73
1
 93
4
 10
379.4
 20
518.4000000000001
 10
382.6
 20
518.4000000000001
 10
382.6
 20
525.6
 10
379.4
 20
525.6
 97
0
 75
1
 76
1
 98
0
  0
HATCH
  5
68C
330
17
100
AcDbEntity
  8
A-EQUIPO-RELLENO
 62
7
420
13488340
100
AcDbHatch
 10
0.0
 20
0.0
 30
0.0
210
0.0
220
0.0
230
1.0
  2
SOLID
 70
1
 71
0
 91
1
 92
3
 72
0
 73
1
 93
4
 10
397.4
 20
518.4000000000001
 10
400.59999999999997
 20
518.4000000000001
 10
400.59999999999997
 20
525.6
 10
397.4
 20
525.6
 97
0
 75
1
 76
1
 98
0
  0
HATCH
  5
68D
330
17
100
AcDbEntity
  8
A-EQUIPO-RELLENO
 62
7
420
13488340
100
AcDbHatch
 10
0.0
 20
0.0
 30
0.0
210
0.0
220
0.0
230
1.0
  2
SOLID
 70
1
 71
0
 91
1
 92
3
 72
0
 73
1
 93
4
 10
415.4
 20
518.4000000000001
 10
418.6
 20
518.4000000000001
 10
418.6
 20
525.6
 10
415.4
 20
525.6
 97
0
 75
1
 76
1
 98
0
  0
HATCH
  5
68E
330
17
100
AcDbEntity
  8
A-EQUIPO-RELLENO
 62
7
420
13488340
100
AcDbHatch
 10
0.0
 20
0.0
 30
0.0
210
0.0
220
0.0
230
1.0
  2
SOLID
 70
1
 71
0
 91
1
 92
3
 72
0
 73
1
 93
4
 10
343.0
 20
513.6
 10
357.0
 20
513.6
 10
357.0
 20
530.4000000000001
 10
343.0
 20
530.4000000000001
 97
0
 75
1
 76
1
 98
0
  0
HATCH
  5
68F
330
17
100
AcDbEntity
  8
A-EQUIPO-RELLENO
 62
7
420
13488340
100
AcDbHatch
 10
0.0
 20
0.0
 30
0.0
210
0.0
220
0.0
230
1.0
  2
SOLID
 70
1
 71
0
 91
1
 92
3
 72
0
 73
1
 93
4
 10
345.0
 20
520.4000000000001
 10
350.0
 20
520.4000000000001
 10
350.0
 20
523.6
 10
345.0
 20
523.6
 97
0
 75
1
 76
1
 98
0
  0
HATCH
  5
690
330
17
100
AcDbEntity
  8
A-EQUIPO-RELLENO
 62
7
420
13488340
100
AcDbHatch
 10
0.0
 20
0.0
 30
0.0
210
0.0
220
0.0
230
1.0
  2
SOLID
 70
1
 71
0
 91
1
 92
3
 72
0
 73
1
 93
4
 10
435.0
 20
513.6
 10
443.0
 20
513.6
 10
443.0
 20
530.4000000000001
 10
435.0
 20
530.4000000000001
 97
0
 75
1
 76
1
 98
0
  0
HATCH
  5
691
330
17
100
AcDbEntity
  8
A-EQUIPO-RELLENO
 62
7
420
14870510
100
AcDbHatch
 10
0.0
 20
0.0
 30
0.0
210
0.0
220
0.0
230
1.0
  2
SOLID
 70
1
 71
0
 91
1
 92
3
 72
0
 73
1
 93
4
 10
443.0
 20
512.0
 10
451.0
 20
512.0
 10
451.0
 20
532.0
 10
443.0
 20
532.0
 97
0
 75
1
 76
1
 98
0
  0
HATCH
  5
692
330
17
100
AcDbEntity
  8
A-EQUIPO-RELLENO
 62
7
420
13488340
100
AcDbHatch
 10
0.0
 20
0.0
 30
0.0
210
0.0
220
0.0
230
1.0
  2
SOLID
 70
1
 71
0
 91
1
 92
3
 72
0
 73
1
 93
4
 10
454.4
 20
511.0000000000001
 10
455.59999999999997
 20
511.0000000000001
 10
455.59999999999997
 20
525.0
 10
454.4
 20
525.0
 97
0
 75
1
 76
1
 98
0
  0
HATCH
  5
693
330
17
100
AcDbEntity
  8
A-EQUIPO-RELLENO
 62
7
420
13488340
100
AcDbHatch
 10
0.0
 20
0.0
 30
0.0
210
0.0
220
0.0
230
1.0
  2
SOLID
 70
1
 71
0
 91
1
 92
3
 72
0
 73
1
 93
4
 10
461.4
 20
511.0000000000001
 10
462.6
 20
511.0000000000001
 10
462.6
 20
525.0
 10
461.4
 20
525.0
 97
0
 75
1
 76
1
 98
0
  0
HATCH
  5
694
330
17
100
AcDbEntity
  8
A-EQUIPO-RELLENO
 62
7
420
13488340
100
AcDbHatch
 10
0.0
 20
0.0
 30
0.0
210
0.0
220
0.0
230
1.0
  2
SOLID
 70
1
 71
0
 91
1
 92
3
 72
0
 73
1
 93
4
 10
468.4
 20
511.0000000000001
 10
469.59999999999997
 20
511.0000000000001
 10
469.59999999999997
 20
525.0
 10
468.4
 20
525.0
 97
0
 75
1
 76
1
 98
0
  0
HATCH
  5
695
330
17
100
AcDbEntity
  8
A-EQUIPO-RELLENO
 62
7
420
13488340
100
AcDbHatch
 10
0.0
 20
0.0
 30
0.0
210
0.0
220
0.0
230
1.0
  2
SOLID
 70
1
 71
0
 91
1
 92
3
 72
0
 73
1
 93
4
 10
461.0
 20
530.4000000000001
 10
471.0
 20
530.4000000000001
 10
471.0
 20
530.0
 10
461.0
 20
530.0
 97
0
 75
1
 76
1
 98
0
  0
HATCH
  5
696
330
17
100
AcDbEntity
  8
A-EQUIPO-RELLENO
 62
7
420
16441845
100
AcDbHatch
 10
0.0
 20
0.0
 30
0.0
210
0.0
220
0.0
230
1.0
  2
SOLID
 70
1
 71
0
 91
1
 92
3
 72
0
 73
1
 93
14
 10
397.5
 20
504.4000000000001
 10
397.70444504226555
 20
502.84708572938496
 10
398.30384757729337
 20
501.4
 10
399.2573593128807
 20
500.15735931288077
 10
400.5
 20
499.20384757729335
 10
401.94708572938487
 20
498.60444504226564
 10
403.5
 20
498.40000000000003
 10
405.05291427061513
 20
498.60444504226564
 10
406.5
 20
499.20384757729335
 10
407.74264068711926
 20
500.15735931288077
 10
408.69615242270663
 20
501.4
 10
409.2955549577344
 20
502.84708572938496
 10
409.5
 20
504.4000000000001
 10
397.5
 20
504.4000000000001
 97
0
 75
1
 76
1
 98
0
  0
HATCH
  5
697
330
17
100
AcDbEntity
  8
A-EQUIPO-RELLENO
 62
7
420
16777215
100
AcDbHatch
 10
0.0
 20
0.0
 30
0.0
210
0.0
220
0.0
230
1.0
  2
SOLID
 70
1
 71
0
 91
1
 92
3
 72
0
 73
1
 93
24
 10
405.9
 20
504.80000000000007
 10
405.8182219830938
 20
505.4211657082462
 10
405.5784609690827
 20
506.0000000000001
 10
405.1970562748477
 20
506.49705627484775
 10
404.70000000000005
 20
506.87846096908277
 10
404.12116570824605
 20
507.1182219830938
 10
403.5
 20
507.2
 10
402.87883429175395
 20
507.1182219830938
 10
402.3
 20
506.87846096908277
 10
401.8029437251523
 20
506.49705627484775
 10
401.42153903091736
 20
506.0000000000001
 10
401.18177801690626
 20
505.4211657082462
 10
401.1
 20
504.80000000000007
 10
401.18177801690626
 20
504.178834291754
 10
401.42153903091736
 20
503.6
 10
401.8029437251523
 20
503.1029437251523
 10
402.3
 20
502.72153903091737
 10
402.87883429175395
 20
502.48177801690633
 10
403.5
 20
502.4000000000001
 10
404.12116570824605
 20
502.48177801690633
 10
404.70000000000005
 20
502.72153903091737
 10
405.1970562748477
 20
503.1029437251523
 10
405.5784609690827
 20
503.6
 10
405.8182219830938
 20
504.178834291754
 97
0
 75
1
 76
1
 98
0
  0
LWPOLYLINE
  5
698
330
17
100
AcDbEntity
  8
A-EQUIPO
100
AcDbPolyline
 90
4
 70
1
 10
335.0
 20
514.4
 10
472.0
 20
514.4
 10
472.0
 20
529.6000000000001
 10
335.0
 20
529.6000000000001
  0
LINE
  5
699
330
17
100
AcDbEntity
  8
A-EQUIPO
100
AcDbLine
 10
336.0
 20
516.0000000000001
 30
0.0
 11
471.0
 21
516.0000000000001
 31
0.0
  0
LINE
  5
69A
330
17
100
AcDbEntity
  8
A-EQUIPO-FINO
100
AcDbLine
 10
336.0
 20
515.4000000000001
 30
0.0
 11
471.0
 21
515.4000000000001
 31
0.0
  0
LINE
  5
69B
330
17
100
AcDbEntity
  8
A-EQUIPO
100
AcDbLine
 10
336.0
 20
528.0
 30
0.0
 11
471.0
 21
528.0
 31
0.0
  0
LINE
  5
69C
330
17
100
AcDbEntity
  8
A-EQUIPO-FINO
100
AcDbLine
 10
336.0
 20
528.6
 30
0.0
 11
471.0
 21
528.6
 31
0.0
  0
LINE
  5
69D
330
17
100
AcDbEntity
  8
A-EQUIPO-FINO
100
AcDbLine
 10
336.0
 20
528.6
 30
0.0
 11
336.8
 21
529.2
 31
0.0
  0
LINE
  5
69E
330
17
100
AcDbEntity
  8
A-EQUIPO-FINO
100
AcDbLine
 10
337.6
 20
528.6
 30
0.0
 11
338.4
 21
529.2
 31
0.0
  0
LINE
  5
69F
330
17
100
AcDbEntity
  8
A-EQUIPO-FINO
100
AcDbLine
 10
339.2
 20
528.6
 30
0.0
 11
340.0
 21
529.2
 31
0.0
  0
LINE
  5
6A0
330
17
100
AcDbEntity
  8
A-EQUIPO-FINO
100
AcDbLine
 10
340.79999999999995
 20
528.6
 30
0.0
 11
341.6
 21
529.2
 31
0.0
  0
LINE
  5
6A1
330
17
100
AcDbEntity
  8
A-EQUIPO-FINO
100
AcDbLine
 10
342.4
 20
528.6
 30
0.0
 11
343.2
 21
529.2
 31
0.0
  0
LINE
  5
6A2
330
17
100
AcDbEntity
  8
A-EQUIPO-FINO
100
AcDbLine
 10
344.0
 20
528.6
 30
0.0
 11
344.8
 21
529.2
 31
0.0
  0
LINE
  5
6A3
330
17
100
AcDbEntity
  8
A-EQUIPO-FINO
100
AcDbLine
 10
345.59999999999997
 20
528.6
 30
0.0
 11
346.4
 21
529.2
 31
0.0
  0
LINE
  5
6A4
330
17
100
AcDbEntity
  8
A-EQUIPO-FINO
100
AcDbLine
 10
347.2
 20
528.6
 30
0.0
 11
348.0
 21
529.2
 31
0.0
  0
LINE
  5
6A5
330
17
100
AcDbEntity
  8
A-EQUIPO-FINO
100
AcDbLine
 10
348.79999999999995
 20
528.6
 30
0.0
 11
349.6
 21
529.2
 31
0.0
  0
LINE
  5
6A6
330
17
100
AcDbEntity
  8
A-EQUIPO-FINO
100
AcDbLine
 10
350.4
 20
528.6
 30
0.0
 11
351.2
 21
529.2
 31
0.0
  0
LINE
  5
6A7
330
17
100
AcDbEntity
  8
A-EQUIPO-FINO
100
AcDbLine
 10
352.0
 20
528.6
 30
0.0
 11
352.8
 21
529.2
 31
0.0
  0
LINE
  5
6A8
330
17
100
AcDbEntity
  8
A-EQUIPO-FINO
100
AcDbLine
 10
353.6
 20
528.6
 30
0.0
 11
354.4
 21
529.2
 31
0.0
  0
LINE
  5
6A9
330
17
100
AcDbEntity
  8
A-EQUIPO-FINO
100
AcDbLine
 10
355.2
 20
528.6
 30
0.0
 11
356.0
 21
529.2
 31
0.0
  0
LINE
  5
6AA
330
17
100
AcDbEntity
  8
A-EQUIPO-FINO
100
AcDbLine
 10
356.79999999999995
 20
528.6
 30
0.0
 11
357.6
 21
529.2
 31
0.0
  0
LINE
  5
6AB
330
17
100
AcDbEntity
  8
A-EQUIPO-FINO
100
AcDbLine
 10
358.4
 20
528.6
 30
0.0
 11
359.20000000000005
 21
529.2
 31
0.0
  0
LINE
  5
6AC
330
17
100
AcDbEntity
  8
A-EQUIPO-FINO
100
AcDbLine
 10
360.0
 20
528.6
 30
0.0
 11
360.8
 21
529.2
 31
0.0
  0
LINE
  5
6AD
330
17
100
AcDbEntity
  8
A-EQUIPO-FINO
100
AcDbLine
 10
361.6
 20
528.6
 30
0.0
 11
362.4
 21
529.2
 31
0.0
  0
LINE
  5
6AE
330
17
100
AcDbEntity
  8
A-EQUIPO-FINO
100
AcDbLine
 10
363.19999999999993
 20
528.6
 30
0.0
 11
364.0
 21
529.2
 31
0.0
  0
LINE
  5
6AF
330
17
100
AcDbEntity
  8
A-EQUIPO-FINO
100
AcDbLine
 10
364.8
 20
528.6
 30
0.0
 11
365.59999999999997
 21
529.2
 31
0.0
  0
LINE
  5
6B0
330
17
100
AcDbEntity
  8
A-EQUIPO-FINO
100
AcDbLine
 10
366.40000000000003
 20
528.6
 30
0.0
 11
367.20000000000005
 21
529.2
 31
0.0
  0
LINE
  5
6B1
330
17
100
AcDbEntity
  8
A-EQUIPO-FINO
100
AcDbLine
 10
368.0
 20
528.6
 30
0.0
 11
368.79999999999995
 21
529.2
 31
0.0
  0
LINE
  5
6B2
330
17
100
AcDbEntity
  8
A-EQUIPO-FINO
100
AcDbLine
 10
369.59999999999997
 20
528.6
 30
0.0
 11
370.4
 21
529.2
 31
0.0
  0
LINE
  5
6B3
330
17
100
AcDbEntity
  8
A-EQUIPO-FINO
100
AcDbLine
 10
371.2
 20
528.6
 30
0.0
 11
372.0
 21
529.2
 31
0.0
  0
LINE
  5
6B4
330
17
100
AcDbEntity
  8
A-EQUIPO-FINO
100
AcDbLine
 10
372.80000000000007
 20
528.6
 30
0.0
 11
373.6
 21
529.2
 31
0.0
  0
LINE
  5
6B5
330
17
100
AcDbEntity
  8
A-EQUIPO-FINO
100
AcDbLine
 10
374.4
 20
528.6
 30
0.0
 11
375.2
 21
529.2
 31
0.0
  0
LINE
  5
6B6
330
17
100
AcDbEntity
  8
A-EQUIPO-FINO
100
AcDbLine
 10
376.0
 20
528.6
 30
0.0
 11
376.79999999999995
 21
529.2
 31
0.0
  0
LINE
  5
6B7
330
17
100
AcDbEntity
  8
A-EQUIPO-FINO
100
AcDbLine
 10
377.6
 20
528.6
 30
0.0
 11
378.4
 21
529.2
 31
0.0
  0
LINE
  5
6B8
330
17
100
AcDbEntity
  8
A-EQUIPO-FINO
100
AcDbLine
 10
379.2
 20
528.6
 30
0.0
 11
380.0
 21
529.2
 31
0.0
  0
LINE
  5
6B9
330
17
100
AcDbEntity
  8
A-EQUIPO-FINO
100
AcDbLine
 10
380.8
 20
528.6
 30
0.0
 11
381.6
 21
529.2
 31
0.0
  0
LINE
  5
6BA
330
17
100
AcDbEntity
  8
A-EQUIPO-FINO
100
AcDbLine
 10
382.4
 20
528.6
 30
0.0
 11
383.19999999999993
 21
529.2
 31
0.0
  0
LINE
  5
6BB
330
17
100
AcDbEntity
  8
A-EQUIPO-FINO
100
AcDbLine
 10
384.0
 20
528.6
 30
0.0
 11
384.8
 21
529.2
 31
0.0
  0
LINE
  5
6BC
330
17
100
AcDbEntity
  8
A-EQUIPO-FINO
100
AcDbLine
 10
385.59999999999997
 20
528.6
 30
0.0
 11
386.4
 21
529.2
 31
0.0
  0
LINE
  5
6BD
330
17
100
AcDbEntity
  8
A-EQUIPO-FINO
100
AcDbLine
 10
387.20000000000005
 20
528.6
 30
0.0
 11
388.0
 21
529.2
 31
0.0
  0
LINE
  5
6BE
330
17
100
AcDbEntity
  8
A-EQUIPO-FINO
100
AcDbLine
 10
388.79999999999995
 20
528.6
 30
0.0
 11
389.59999999999997
 21
529.2
 31
0.0
  0
LINE
  5
6BF
330
17
100
AcDbEntity
  8
A-EQUIPO-FINO
100
AcDbLine
 10
390.40000000000003
 20
528.6
 30
0.0
 11
391.2
 21
529.2
 31
0.0
  0
LINE
  5
6C0
330
17
100
AcDbEntity
  8
A-EQUIPO-FINO
100
AcDbLine
 10
392.0
 20
528.6
 30
0.0
 11
392.79999999999995
 21
529.2
 31
0.0
  0
LINE
  5
6C1
330
17
100
AcDbEntity
  8
A-EQUIPO-FINO
100
AcDbLine
 10
393.6
 20
528.6
 30
0.0
 11
394.4
 21
529.2
 31
0.0
  0
LINE
  5
6C2
330
17
100
AcDbEntity
  8
A-EQUIPO-FINO
100
AcDbLine
 10
395.2
 20
528.6
 30
0.0
 11
396.0
 21
529.2
 31
0.0
  0
LINE
  5
6C3
330
17
100
AcDbEntity
  8
A-EQUIPO-FINO
100
AcDbLine
 10
396.79999999999995
 20
528.6
 30
0.0
 11
397.6
 21
529.2
 31
0.0
  0
LINE
  5
6C4
330
17
100
AcDbEntity
  8
A-EQUIPO-FINO
100
AcDbLine
 10
398.4
 20
528.6
 30
0.0
 11
399.2
 21
529.2
 31
0.0
  0
LINE
  5
6C5
330
17
100
AcDbEntity
  8
A-EQUIPO-FINO
100
AcDbLine
 10
400.0
 20
528.6
 30
0.0
 11
400.8
 21
529.2
 31
0.0
  0
LINE
  5
6C6
330
17
100
AcDbEntity
  8
A-EQUIPO-FINO
100
AcDbLine
 10
401.6
 20
528.6
 30
0.0
 11
402.4
 21
529.2
 31
0.0
  0
LINE
  5
6C7
330
17
100
AcDbEntity
  8
A-EQUIPO-FINO
100
AcDbLine
 10
403.19999999999993
 20
528.6
 30
0.0
 11
404.0
 21
529.2
 31
0.0
  0
LINE
  5
6C8
330
17
100
AcDbEntity
  8
A-EQUIPO-FINO
100
AcDbLine
 10
404.8
 20
528.6
 30
0.0
 11
405.59999999999997
 21
529.2
 31
0.0
  0
LINE
  5
6C9
330
17
100
AcDbEntity
  8
A-EQUIPO-FINO
100
AcDbLine
 10
406.4
 20
528.6
 30
0.0
 11
407.20000000000005
 21
529.2
 31
0.0
  0
LINE
  5
6CA
330
17
100
AcDbEntity
  8
A-EQUIPO-FINO
100
AcDbLine
 10
408.0
 20
528.6
 30
0.0
 11
408.79999999999995
 21
529.2
 31
0.0
  0
LINE
  5
6CB
330
17
100
AcDbEntity
  8
A-EQUIPO-FINO
100
AcDbLine
 10
409.59999999999997
 20
528.6
 30
0.0
 11
410.40000000000003
 21
529.2
 31
0.0
  0
LINE
  5
6CC
330
17
100
AcDbEntity
  8
A-EQUIPO-FINO
100
AcDbLine
 10
411.2
 20
528.6
 30
0.0
 11
412.0
 21
529.2
 31
0.0
  0
LINE
  5
6CD
330
17
100
AcDbEntity
  8
A-EQUIPO-FINO
100
AcDbLine
 10
412.79999999999995
 20
528.6
 30
0.0
 11
413.6
 21
529.2
 31
0.0
  0
LINE
  5
6CE
330
17
100
AcDbEntity
  8
A-EQUIPO-FINO
100
AcDbLine
 10
414.4
 20
528.6
 30
0.0
 11
415.2
 21
529.2
 31
0.0
  0
LINE
  5
6CF
330
17
100
AcDbEntity
  8
A-EQUIPO-FINO
100
AcDbLine
 10
416.0
 20
528.6
 30
0.0
 11
416.79999999999995
 21
529.2
 31
0.0
  0
LINE
  5
6D0
330
17
100
AcDbEntity
  8
A-EQUIPO-FINO
100
AcDbLine
 10
417.6
 20
528.6
 30
0.0
 11
418.4
 21
529.2
 31
0.0
  0
LINE
  5
6D1
330
17
100
AcDbEntity
  8
A-EQUIPO-FINO
100
AcDbLine
 10
419.2
 20
528.6
 30
0.0
 11
420.0
 21
529.2
 31
0.0
  0
LINE
  5
6D2
330
17
100
AcDbEntity
  8
A-EQUIPO-FINO
100
AcDbLine
 10
420.8
 20
528.6
 30
0.0
 11
421.6
 21
529.2
 31
0.0
  0
LINE
  5
6D3
330
17
100
AcDbEntity
  8
A-EQUIPO-FINO
100
AcDbLine
 10
422.4
 20
528.6
 30
0.0
 11
423.19999999999993
 21
529.2
 31
0.0
  0
LINE
  5
6D4
330
17
100
AcDbEntity
  8
A-EQUIPO-FINO
100
AcDbLine
 10
424.0
 20
528.6
 30
0.0
 11
424.8
 21
529.2
 31
0.0
  0
LINE
  5
6D5
330
17
100
AcDbEntity
  8
A-EQUIPO-FINO
100
AcDbLine
 10
425.59999999999997
 20
528.6
 30
0.0
 11
426.40000000000003
 21
529.2
 31
0.0
  0
LINE
  5
6D6
330
17
100
AcDbEntity
  8
A-EQUIPO-FINO
100
AcDbLine
 10
427.20000000000005
 20
528.6
 30
0.0
 11
428.0
 21
529.2
 31
0.0
  0
LINE
  5
6D7
330
17
100
AcDbEntity
  8
A-EQUIPO-FINO
100
AcDbLine
 10
428.79999999999995
 20
528.6
 30
0.0
 11
429.59999999999997
 21
529.2
 31
0.0
  0
LINE
  5
6D8
330
17
100
AcDbEntity
  8
A-EQUIPO-FINO
100
AcDbLine
 10
430.4
 20
528.6
 30
0.0
 11
431.2
 21
529.2
 31
0.0
  0
LINE
  5
6D9
330
17
100
AcDbEntity
  8
A-EQUIPO-FINO
100
AcDbLine
 10
432.0
 20
528.6
 30
0.0
 11
432.79999999999995
 21
529.2
 31
0.0
  0
LINE
  5
6DA
330
17
100
AcDbEntity
  8
A-EQUIPO-FINO
100
AcDbLine
 10
433.6
 20
528.6
 30
0.0
 11
434.4
 21
529.2
 31
0.0
  0
LINE
  5
6DB
330
17
100
AcDbEntity
  8
A-EQUIPO-FINO
100
AcDbLine
 10
435.2
 20
528.6
 30
0.0
 11
436.0
 21
529.2
 31
0.0
  0
LINE
  5
6DC
330
17
100
AcDbEntity
  8
A-EQUIPO-FINO
100
AcDbLine
 10
436.79999999999995
 20
528.6
 30
0.0
 11
437.6
 21
529.2
 31
0.0
  0
LINE
  5
6DD
330
17
100
AcDbEntity
  8
A-EQUIPO-FINO
100
AcDbLine
 10
438.4
 20
528.6
 30
0.0
 11
439.2
 21
529.2
 31
0.0
  0
LINE
  5
6DE
330
17
100
AcDbEntity
  8
A-EQUIPO-FINO
100
AcDbLine
 10
440.0
 20
528.6
 30
0.0
 11
440.8
 21
529.2
 31
0.0
  0
LINE
  5
6DF
330
17
100
AcDbEntity
  8
A-EQUIPO-FINO
100
AcDbLine
 10
441.6
 20
528.6
 30
0.0
 11
442.4
 21
529.2
 31
0.0
  0
LINE
  5
6E0
330
17
100
AcDbEntity
  8
A-EQUIPO-FINO
100
AcDbLine
 10
443.19999999999993
 20
528.6
 30
0.0
 11
444.0
 21
529.2
 31
0.0
  0
LINE
  5
6E1
330
17
100
AcDbEntity
  8
A-EQUIPO-FINO
100
AcDbLine
 10
444.8
 20
528.6
 30
0.0
 11
445.59999999999997
 21
529.2
 31
0.0
  0
LINE
  5
6E2
330
17
100
AcDbEntity
  8
A-EQUIPO-FINO
100
AcDbLine
 10
446.40000000000003
 20
528.6
 30
0.0
 11
447.20000000000005
 21
529.2
 31
0.0
  0
LINE
  5
6E3
330
17
100
AcDbEntity
  8
A-EQUIPO-FINO
100
AcDbLine
 10
448.0
 20
528.6
 30
0.0
 11
448.79999999999995
 21
529.2
 31
0.0
  0
LINE
  5
6E4
330
17
100
AcDbEntity
  8
A-EQUIPO-FINO
100
AcDbLine
 10
449.59999999999997
 20
528.6
 30
0.0
 11
450.4
 21
529.2
 31
0.0
  0
LINE
  5
6E5
330
17
100
AcDbEntity
  8
A-EQUIPO-FINO
100
AcDbLine
 10
451.2
 20
528.6
 30
0.0
 11
452.0
 21
529.2
 31
0.0
  0
LINE
  5
6E6
330
17
100
AcDbEntity
  8
A-EQUIPO-FINO
100
AcDbLine
 10
452.79999999999995
 20
528.6
 30
0.0
 11
453.6
 21
529.2
 31
0.0
  0
LINE
  5
6E7
330
17
100
AcDbEntity
  8
A-EQUIPO-FINO
100
AcDbLine
 10
454.4
 20
528.6
 30
0.0
 11
455.2
 21
529.2
 31
0.0
  0
LINE
  5
6E8
330
17
100
AcDbEntity
  8
A-EQUIPO-FINO
100
AcDbLine
 10
456.0
 20
528.6
 30
0.0
 11
456.79999999999995
 21
529.2
 31
0.0
  0
LINE
  5
6E9
330
17
100
AcDbEntity
  8
A-EQUIPO-FINO
100
AcDbLine
 10
457.6
 20
528.6
 30
0.0
 11
458.4
 21
529.2
 31
0.0
  0
LINE
  5
6EA
330
17
100
AcDbEntity
  8
A-EQUIPO-FINO
100
AcDbLine
 10
459.2
 20
528.6
 30
0.0
 11
460.0
 21
529.2
 31
0.0
  0
LINE
  5
6EB
330
17
100
AcDbEntity
  8
A-EQUIPO-FINO
100
AcDbLine
 10
460.8
 20
528.6
 30
0.0
 11
461.6
 21
529.2
 31
0.0
  0
LINE
  5
6EC
330
17
100
AcDbEntity
  8
A-EQUIPO-FINO
100
AcDbLine
 10
462.4
 20
528.6
 30
0.0
 11
463.19999999999993
 21
529.2
 31
0.0
  0
LINE
  5
6ED
330
17
100
AcDbEntity
  8
A-EQUIPO-FINO
100
AcDbLine
 10
464.0
 20
528.6
 30
0.0
 11
464.8
 21
529.2
 31
0.0
  0
LINE
  5
6EE
330
17
100
AcDbEntity
  8
A-EQUIPO-FINO
100
AcDbLine
 10
465.59999999999997
 20
528.6
 30
0.0
 11
466.40000000000003
 21
529.2
 31
0.0
  0
LINE
  5
6EF
330
17
100
AcDbEntity
  8
A-EQUIPO-FINO
100
AcDbLine
 10
467.20000000000005
 20
528.6
 30
0.0
 11
468.0
 21
529.2
 31
0.0
  0
LINE
  5
6F0
330
17
100
AcDbEntity
  8
A-EQUIPO-FINO
100
AcDbLine
 10
468.79999999999995
 20
528.6
 30
0.0
 11
469.59999999999997
 21
529.2
 31
0.0
  0
LWPOLYLINE
  5
6F1
330
17
100
AcDbEntity
  8
A-EQUIPO-FINO
100
AcDbPolyline
 90
4
 70
1
 10
361.40000000000003
 20
518.4000000000001
 10
364.59999999999997
 20
518.4000000000001
 10
364.59999999999997
 20
525.6
 10
361.40000000000003
 20
525.6
  0
LINE
  5
6F2
330
17
100
AcDbEntity
  8
A-EQUIPO-FINO
100
AcDbLine
 10
361.40000000000003
 20
522.0
 30
0.0
 11
364.59999999999997
 21
522.0
 31
0.0
  0
LWPOLYLINE
  5
6F3
330
17
100
AcDbEntity
  8
A-EQUIPO-FINO
100
AcDbPolyline
 90
4
 70
1
 10
379.4
 20
518.4000000000001
 10
382.6
 20
518.4000000000001
 10
382.6
 20
525.6
 10
379.4
 20
525.6
  0
LINE
  5
6F4
330
17
100
AcDbEntity
  8
A-EQUIPO-FINO
100
AcDbLine
 10
379.4
 20
522.0
 30
0.0
 11
382.6
 21
522.0
 31
0.0
  0
LWPOLYLINE
  5
6F5
330
17
100
AcDbEntity
  8
A-EQUIPO-FINO
100
AcDbPolyline
 90
4
 70
1
 10
397.4
 20
518.4000000000001
 10
400.59999999999997
 20
518.4000000000001
 10
400.59999999999997
 20
525.6
 10
397.4
 20
525.6
  0
LINE
  5
6F6
330
17
100
AcDbEntity
  8
A-EQUIPO-FINO
100
AcDbLine
 10
397.4
 20
522.0
 30
0.0
 11
400.59999999999997
 21
522.0
 31
0.0
  0
LWPOLYLINE
  5
6F7
330
17
100
AcDbEntity
  8
A-EQUIPO-FINO
100
AcDbPolyline
 90
4
 70
1
 10
415.4
 20
518.4000000000001
 10
418.6
 20
518.4000000000001
 10
418.6
 20
525.6
 10
415.4
 20
525.6
  0
LINE
  5
6F8
330
17
100
AcDbEntity
  8
A-EQUIPO-FINO
100
AcDbLine
 10
415.4
 20
522.0
 30
0.0
 11
418.6
 21
522.0
 31
0.0
  0
LINE
  5
6F9
330
17
100
AcDbEntity
  8
A-EQUIPO-OCULTO
100
AcDbLine
 10
347.0
 20
521.2
 30
0.0
 11
466.0
 21
521.2
 31
0.0
  0
LINE
  5
6FA
330
17
100
AcDbEntity
  8
A-EQUIPO-OCULTO
100
AcDbLine
 10
347.0
 20
522.8
 30
0.0
 11
466.0
 21
522.8
 31
0.0
  0
LWPOLYLINE
  5
6FB
330
17
100
AcDbEntity
  8
A-EQUIPO
100
AcDbPolyline
 90
4
 70
1
 10
343.0
 20
513.6
 10
357.0
 20
513.6
 10
357.0
 20
530.4000000000001
 10
343.0
 20
530.4000000000001
  0
CIRCLE
  5
6FC
330
17
100
AcDbEntity
  8
A-EQUIPO
100
AcDbCircle
 10
355.0
 20
522.0
 30
0.0
 40
4.8
  0
LINE
  5
6FD
330
17
100
AcDbEntity
  8
A-EQUIPO
100
AcDbLine
 10
356.41421356237305
 20
523.4142135623732
 30
0.0
 11
358.1112698372208
 21
525.1112698372208
 31
0.0
  0
LINE
  5
6FE
330
17
100
AcDbEntity
  8
A-EQUIPO
100
AcDbLine
 10
353.5857864376269
 20
523.4142135623732
 30
0.0
 11
351.8887301627792
 21
525.1112698372208
 31
0.0
  0
LINE
  5
6FF
330
17
100
AcDbEntity
  8
A-EQUIPO
100
AcDbLine
 10
353.5857864376269
 20
520.5857864376269
 30
0.0
 11
351.8887301627792
 21
518.8887301627792
 31
0.0
  0
LINE
  5
700
330
17
100
AcDbEntity
  8
A-EQUIPO
100
AcDbLine
 10
356.41421356237305
 20
520.5857864376269
 30
0.0
 11
358.1112698372208
 21
518.8887301627792
 31
0.0
  0
LWPOLYLINE
  5
701
330
17
100
AcDbEntity
  8
A-EQUIPO-FINO
100
AcDbPolyline
 90
4
 70
1
 10
345.0
 20
520.4000000000001
 10
350.0
 20
520.4000000000001
 10
350.0
 20
523.6
 10
345.0
 20
523.6
  0
LINE
  5
702
330
17
100
AcDbEntity
  8
A-EQUIPO-FINO
100
AcDbLine
 10
346.09999999999997
 20
521.04
 30
0.0
 11
349.6
 21
521.04
 31
0.0
  0
LINE
  5
703
330
17
100
AcDbEntity
  8
A-EQUIPO-FINO
100
AcDbLine
 10
346.09999999999997
 20
522.0
 30
0.0
 11
349.6
 21
522.0
 31
0.0
  0
LINE
  5
704
330
17
100
AcDbEntity
  8
A-EQUIPO-FINO
100
AcDbLine
 10
346.09999999999997
 20
522.96
 30
0.0
 11
349.6
 21
522.96
 31
0.0
  0
LWPOLYLINE
  5
705
330
17
100
AcDbEntity
  8
A-EQUIPO-FINO
100
AcDbPolyline
 90
4
 70
1
 10
344.1
 20
520.72
 10
345.0
 20
520.72
 10
345.0
 20
523.28
 10
344.1
 20
523.28
  0
LINE
  5
706
330
17
100
AcDbEntity
  8
A-EQUIPO-FINO
100
AcDbLine
 10
350.0
 20
522.0
 30
0.0
 11
350.9
 21
522.0
 31
0.0
  0
LWPOLYLINE
  5
707
330
17
100
AcDbEntity
  8
A-EQUIPO-FINO
100
AcDbPolyline
 90
4
 70
1
 10
347.25
 20
521.3599999999999
 10
348.5
 20
521.3599999999999
 10
348.5
 20
522.6400000000001
 10
347.25
 20
522.6400000000001
  0
LWPOLYLINE
  5
708
330
17
100
AcDbEntity
  8
A-EQUIPO
100
AcDbPolyline
 90
4
 70
1
 10
435.0
 20
513.6
 10
443.0
 20
513.6
 10
443.0
 20
530.4000000000001
 10
435.0
 20
530.4000000000001
  0
CIRCLE
  5
709
330
17
100
AcDbEntity
  8
A-EQUIPO
100
AcDbCircle
 10
439.0
 20
522.0
 30
0.0
 40
4.0
  0
CIRCLE
  5
70A
330
17
100
AcDbEntity
  8
A-EQUIPO-FINO
100
AcDbCircle
 10
439.0
 20
522.0
 30
0.0
 40
1.2
  0
LWPOLYLINE
  5
70B
330
17
100
AcDbEntity
  8
A-EQUIPO-OCULTO
100
AcDbPolyline
 90
4
 70
1
 10
443.0
 20
512.0
 10
451.0
 20
512.0
 10
451.0
 20
532.0
 10
443.0
 20
532.0
  0
CIRCLE
  5
70C
330
17
100
AcDbEntity
  8
A-EQUIPO
100
AcDbCircle
 10
447.0
 20
522.0
 30
0.0
 40
1.4000000000000001
  0
CIRCLE
  5
70D
330
17
100
AcDbEntity
  8
A-EQUIPO-FINO
100
AcDbCircle
 10
447.0
 20
522.0
 30
0.0
 40
0.4
  0
LINE
  5
70E
330
17
100
AcDbEntity
  8
A-EQUIPO-FINO
100
AcDbLine
 10
445.0
 20
522.0
 30
0.0
 11
449.0
 21
522.0
 31
0.0
  0
LINE
  5
70F
330
17
100
AcDbEntity
  8
A-EQUIPO-FINO
100
AcDbLine
 10
447.0
 20
520.0
 30
0.0
 11
447.0
 21
524.0
 31
0.0
  0
LWPOLYLINE
  5
710
330
17
100
AcDbEntity
  8
A-SEGURIDAD
100
AcDbPolyline
 90
4
 70
1
 10
433.0
 20
510.0
 10
472.0
 20
510.0
 10
472.0
 20
534.0
 10
433.0
 20
534.0
  0
LWPOLYLINE
  5
711
330
17
100
AcDbEntity
  8
A-EQUIPO-FINO
100
AcDbPolyline
 90
4
 70
1
 10
454.4
 20
511.0000000000001
 10
455.59999999999997
 20
511.0000000000001
 10
455.59999999999997
 20
525.0
 10
454.4
 20
525.0
  0
LWPOLYLINE
  5
712
330
17
100
AcDbEntity
  8
A-EQUIPO-FINO
100
AcDbPolyline
 90
4
 70
1
 10
461.4
 20
511.0000000000001
 10
462.6
 20
511.0000000000001
 10
462.6
 20
525.0
 10
461.4
 20
525.0
  0
LWPOLYLINE
  5
713
330
17
100
AcDbEntity
  8
A-EQUIPO-FINO
100
AcDbPolyline
 90
4
 70
1
 10
468.4
 20
511.0000000000001
 10
469.59999999999997
 20
511.0000000000001
 10
469.59999999999997
 20
525.0
 10
468.4
 20
525.0
  0
LWPOLYLINE
  5
714
330
17
100
AcDbEntity
  8
A-EQUIPO-OCULTO
100
AcDbPolyline
 90
4
 70
1
 10
454.0
 20
510.4000000000001
 10
471.0
 20
510.4000000000001
 10
471.0
 20
514.4
 10
454.0
 20
514.4
  0
LINE
  5
715
330
17
100
AcDbEntity
  8
A-EQUIPO-OCULTO
100
AcDbLine
 10
447.0
 20
514.4
 30
0.0
 11
447.0
 21
514.0
 31
0.0
  0
LWPOLYLINE
  5
716
330
17
100
AcDbEntity
  8
A-EQUIPO
100
AcDbPolyline
 90
4
 70
1
 10
461.0
 20
530.4000000000001
 10
471.0
 20
530.4000000000001
 10
471.0
 20
530.0
 10
461.0
 20
530.0
  0
LINE
  5
717
330
17
100
AcDbEntity
  8
A-EQUIPO-FINO
100
AcDbLine
 10
461.0
 20
530.4000000000001
 30
0.0
 11
471.0
 21
530.0
 31
0.0
  0
CIRCLE
  5
718
330
17
100
AcDbEntity
  8
A-EQUIPO-FINO
100
AcDbCircle
 10
469.5
 20
530.1999999999999
 30
0.0
 40
-0.03200000000000216
  0
LWPOLYLINE
  5
719
330
17
100
AcDbEntity
  8
A-AREA-TRABAJO
100
AcDbPolyline
 90
4
 70
0
 10
332.0
 20
495.0
 10
332.0
 20
533.0
 10
475.0
 20
533.0
 10
475.0
 20
495.0
  0
LINE
  5
71A
330
17
100
AcDbEntity
  8
A-AREA-TRABAJO
100
AcDbLine
 10
332.0
 20
495.0
 30
0.0
 11
394.5
 21
495.0
 31
0.0
  0
LINE
  5
71B
330
17
100
AcDbEntity
  8
A-AREA-TRABAJO
100
AcDbLine
 10
412.5
 20
495.0
 30
0.0
 11
475.0
 21
495.0
 31
0.0
  0
LWPOLYLINE
  5
71C
330
17
100
AcDbEntity
  8
A-OPERARIO
100
AcDbPolyline
 90
13
 70
1
 10
397.5
 20
504.4000000000001
 10
397.70444504226555
 20
502.84708572938496
 10
398.30384757729337
 20
501.4
 10
399.2573593128807
 20
500.15735931288077
 10
400.5
 20
499.20384757729335
 10
401.94708572938487
 20
498.60444504226564
 10
403.5
 20
498.40000000000003
 10
405.05291427061513
 20
498.60444504226564
 10
406.5
 20
499.20384757729335
 10
407.74264068711926
 20
500.15735931288077
 10
408.69615242270663
 20
501.4
 10
409.2955549577344
 20
502.84708572938496
 10
409.5
 20
504.4000000000001
  0
CIRCLE
  5
71D
330
17
100
AcDbEntity
  8
A-OPERARIO
100
AcDbCircle
 10
403.5
 20
504.80000000000007
 30
0.0
 40
2.4
  0
HATCH
  5
71E
330
17
100
AcDbEntity
  8
A-EQUIPO-RELLENO
 62
7
420
15658734
100
AcDbHatch
 10
0.0
 20
0.0
 30
0.0
210
0.0
220
0.0
230
1.0
  2
SOLID
 70
1
 71
0
 91
1
 92
3
 72
0
 73
1
 93
4
 10
324.0
 20
578.0000000000001
 10
324.0
 20
557.0
 10
354.0
 20
557.0
 10
354.0
 20
578.0000000000001
 97
0
 75
1
 76
1
 98
0
  0
HATCH
  5
71F
330
17
100
AcDbEntity
  8
A-EQUIPO-RELLENO
 62
7
420
14870510
100
AcDbHatch
 10
0.0
 20
0.0
 30
0.0
210
0.0
220
0.0
230
1.0
  2
SOLID
 70
1
 71
0
 91
1
 92
3
 72
0
 73
1
 93
4
 10
334.5
 20
577.0
 10
334.5
 20
557.0
 10
343.5
 20
557.0
 10
343.5
 20
577.0
 97
0
 75
1
 76
1
 98
0
  0
HATCH
  5
720
330
17
100
AcDbEntity
  8
A-EQUIPO-RELLENO
 62
7
420
13488340
100
AcDbHatch
 10
0.0
 20
0.0
 30
0.0
210
0.0
220
0.0
230
1.0
  2
SOLID
 70
1
 71
0
 91
1
 92
3
 72
0
 73
1
 93
4
 10
343.5
 20
568.6
 10
343.5
 20
565.4000000000001
 10
351.0
 20
565.4000000000001
 10
351.0
 20
568.6
 97
0
 75
1
 76
1
 98
0
  0
HATCH
  5
721
330
17
100
AcDbEntity
  8
A-EQUIPO-RELLENO
 62
7
420
13488340
100
AcDbHatch
 10
0.0
 20
0.0
 30
0.0
210
0.0
220
0.0
230
1.0
  2
SOLID
 70
1
 71
0
 91
1
 92
3
 72
0
 73
1
 93
4
 10
348.6
 20
571.4
 10
348.6
 20
562.6
 10
353.4000000000001
 20
562.6
 10
353.4000000000001
 20
571.4
 97
0
 75
1
 76
1
 98
0
  0
HATCH
  5
722
330
17
100
AcDbEntity
  8
A-EQUIPO-RELLENO
 62
7
420
13488340
100
AcDbHatch
 10
0.0
 20
0.0
 30
0.0
210
0.0
220
0.0
230
1.0
  2
SOLID
 70
1
 71
0
 91
1
 92
3
 72
0
 73
1
 93
4
 10
349.4
 20
562.2
 10
349.4
 20
556.2
 10
352.6
 20
556.2
 10
352.6
 20
562.2
 97
0
 75
1
 76
1
 98
0
  0
HATCH
  5
723
330
17
100
AcDbEntity
  8
A-EQUIPO-RELLENO
 62
7
420
14870510
100
AcDbHatch
 10
0.0
 20
0.0
 30
0.0
210
0.0
220
0.0
230
1.0
  2
SOLID
 70
1
 71
0
 91
1
 92
3
 72
0
 73
1
 93
4
 10
329.5
 20
554.2
 10
329.5
 20
540.0
 10
348.5
 20
540.0
 10
348.5
 20
554.2
 97
0
 75
1
 76
1
 98
0
  0
HATCH
  5
724
330
17
100
AcDbEntity
  8
A-EQUIPO-RELLENO
 62
7
420
13488340
100
AcDbHatch
 10
0.0
 20
0.0
 30
0.0
210
0.0
220
0.0
230
1.0
  2
SOLID
 70
1
 71
0
 91
1
 92
3
 72
0
 73
1
 93
4
 10
330.70000000000005
 20
546.2
 10
330.70000000000005
 20
541.2
 10
333.5
 20
541.2
 10
333.5
 20
546.2
 97
0
 75
1
 76
1
 98
0
  0
HATCH
  5
725
330
17
100
AcDbEntity
  8
A-EQUIPO-RELLENO
 62
7
420
13488340
100
AcDbHatch
 10
0.0
 20
0.0
 30
0.0
210
0.0
220
0.0
230
1.0
  2
SOLID
 70
1
 71
0
 91
1
 92
3
 72
0
 73
1
 93
4
 10
321.0
 20
578.0000000000001
 10
321.0
 20
569.0
 10
323.4
 20
569.0
 10
323.4
 20
578.0000000000001
 97
0
 75
1
 76
1
 98
0
  0
LWPOLYLINE
  5
726
330
17
100
AcDbEntity
  8
A-EQUIPO
100
AcDbPolyline
 90
4
 70
1
 10
324.0
 20
578.0000000000001
 10
324.0
 20
557.0
 10
354.0
 20
557.0
 10
354.0
 20
578.0000000000001
  0
LWPOLYLINE
  5
727
330
17
100
AcDbEntity
  8
A-EQUIPO
100
AcDbPolyline
 90
4
 70
1
 10
334.5
 20
577.0
 10
334.5
 20
557.0
 10
343.5
 20
557.0
 10
343.5
 20
577.0
  0
LINE
  5
728
330
17
100
AcDbEntity
  8
A-EQUIPO-FINO
100
AcDbLine
 10
334.5
 20
557.3407417371094
 30
0.0
 11
343.5
 21
557.3407417371094
 31
0.0
  0
LINE
  5
729
330
17
100
AcDbEntity
  8
A-EQUIPO-FINO
100
AcDbLine
 10
334.5
 20
558.3397459621557
 30
0.0
 11
343.5
 21
558.3397459621557
 31
0.0
  0
LINE
  5
72A
330
17
100
AcDbEntity
  8
A-EQUIPO-FINO
100
AcDbLine
 10
334.5
 20
559.9289321881347
 30
0.0
 11
343.5
 21
559.9289321881347
 31
0.0
  0
LINE
  5
72B
330
17
100
AcDbEntity
  8
A-EQUIPO-FINO
100
AcDbLine
 10
334.5
 20
562.0
 30
0.0
 11
343.5
 21
562.0
 31
0.0
  0
LINE
  5
72C
330
17
100
AcDbEntity
  8
A-EQUIPO-FINO
100
AcDbLine
 10
334.5
 20
564.4118095489749
 30
0.0
 11
343.5
 21
564.4118095489749
 31
0.0
  0
LINE
  5
72D
330
17
100
AcDbEntity
  8
A-EQUIPO-FINO
100
AcDbLine
 10
334.5
 20
567.0
 30
0.0
 11
343.5
 21
567.0
 31
0.0
  0
LINE
  5
72E
330
17
100
AcDbEntity
  8
A-EQUIPO-FINO
100
AcDbLine
 10
334.5
 20
569.5881904510253
 30
0.0
 11
343.5
 21
569.5881904510253
 31
0.0
  0
LINE
  5
72F
330
17
100
AcDbEntity
  8
A-EQUIPO-FINO
100
AcDbLine
 10
334.5
 20
572.0
 30
0.0
 11
343.5
 21
572.0
 31
0.0
  0
LINE
  5
730
330
17
100
AcDbEntity
  8
A-EQUIPO-FINO
100
AcDbLine
 10
334.5
 20
574.0710678118655
 30
0.0
 11
343.5
 21
574.0710678118655
 31
0.0
  0
LINE
  5
731
330
17
100
AcDbEntity
  8
A-EQUIPO-FINO
100
AcDbLine
 10
334.5
 20
575.6602540378445
 30
0.0
 11
343.5
 21
575.6602540378445
 31
0.0
  0
LINE
  5
732
330
17
100
AcDbEntity
  8
A-EQUIPO-FINO
100
AcDbLine
 10
334.5
 20
576.6592582628907
 30
0.0
 11
343.5
 21
576.6592582628907
 31
0.0
  0
LWPOLYLINE
  5
733
330
17
100
AcDbEntity
  8
A-EQUIPO-FINO
100
AcDbPolyline
 90
4
 70
1
 10
343.5
 20
568.6
 10
343.5
 20
565.4000000000001
 10
351.0
 20
565.4000000000001
 10
351.0
 20
568.6
  0
LWPOLYLINE
  5
734
330
17
100
AcDbEntity
  8
A-EQUIPO-FINO
100
AcDbPolyline
 90
4
 70
1
 10
348.6
 20
571.4
 10
348.6
 20
562.6
 10
353.4000000000001
 20
562.6
 10
353.4000000000001
 20
571.4
  0
LWPOLYLINE
  5
735
330
17
100
AcDbEntity
  8
A-EQUIPO-FINO
100
AcDbPolyline
 90
4
 70
1
 10
349.4
 20
562.2
 10
349.4
 20
556.2
 10
352.6
 20
556.2
 10
352.6
 20
562.2
  0
LINE
  5
736
330
17
100
AcDbEntity
  8
A-EQUIPO-FINO
100
AcDbLine
 10
350.04
 20
560.8800000000001
 30
0.0
 11
350.04
 21
556.6800000000001
 31
0.0
  0
LINE
  5
737
330
17
100
AcDbEntity
  8
A-EQUIPO-FINO
100
AcDbLine
 10
351.0
 20
560.8800000000001
 30
0.0
 11
351.0
 21
556.6800000000001
 31
0.0
  0
LINE
  5
738
330
17
100
AcDbEntity
  8
A-EQUIPO-FINO
100
AcDbLine
 10
351.96000000000004
 20
560.8800000000001
 30
0.0
 11
351.96000000000004
 21
556.6800000000001
 31
0.0
  0
LWPOLYLINE
  5
739
330
17
100
AcDbEntity
  8
A-EQUIPO-FINO
100
AcDbPolyline
 90
4
 70
1
 10
349.72
 20
563.28
 10
349.72
 20
562.2
 10
352.28000000000003
 20
562.2
 10
352.28000000000003
 20
563.28
  0
LINE
  5
73A
330
17
100
AcDbEntity
  8
A-EQUIPO-FINO
100
AcDbLine
 10
351.0
 20
556.2
 30
0.0
 11
351.0
 21
555.12
 31
0.0
  0
LWPOLYLINE
  5
73B
330
17
100
AcDbEntity
  8
A-EQUIPO-FINO
100
AcDbPolyline
 90
4
 70
1
 10
350.36
 20
559.5
 10
350.36
 20
558.0000000000001
 10
351.64
 20
558.0000000000001
 10
351.64
 20
559.5
  0
CIRCLE
  5
73C
330
17
100
AcDbEntity
  8
A-EQUIPO-FINO
100
AcDbCircle
 10
351.0
 20
573.4000000000001
 30
0.0
 40
1.6
  0
LWPOLYLINE
  5
73D
330
17
100
AcDbEntity
  8
A-EQUIPO-OCULTO
100
AcDbPolyline
 90
4
 70
1
 10
333.5
 20
558.0000000000001
 10
333.5
 20
552.0
 10
344.5
 20
552.0
 10
344.5
 20
558.0000000000001
  0
CIRCLE
  5
73E
330
17
100
AcDbEntity
  8
A-EQUIPO-OCULTO
100
AcDbCircle
 10
339.0
 20
554.6000000000001
 30
0.0
 40
1.2
  0
LWPOLYLINE
  5
73F
330
17
100
AcDbEntity
  8
A-EQUIPO
100
AcDbPolyline
 90
4
 70
1
 10
329.5
 20
554.2
 10
329.5
 20
540.0
 10
348.5
 20
540.0
 10
348.5
 20
554.2
  0
LINE
  5
740
330
17
100
AcDbEntity
  8
A-EQUIPO-FINO
100
AcDbLine
 10
333.5
 20
552.6
 30
0.0
 11
344.5
 21
552.6
 31
0.0
  0
LINE
  5
741
330
17
100
AcDbEntity
  8
A-EQUIPO
100
AcDbLine
 10
333.5
 20
550.6666666666667
 30
0.0
 11
344.5
 21
550.6666666666667
 31
0.0
  0
CIRCLE
  5
742
330
17
100
AcDbEntity
  8
A-EQUIPO-FINO
100
AcDbCircle
 10
346.9
 20
550.6666666666667
 30
0.0
 40
1.2
  0
LINE
  5
743
330
17
100
AcDbEntity
  8
A-EQUIPO-FINO
100
AcDbLine
 10
333.5
 20
548.7333333333333
 30
0.0
 11
344.5
 21
548.7333333333333
 31
0.0
  0
LINE
  5
744
330
17
100
AcDbEntity
  8
A-EQUIPO
100
AcDbLine
 10
333.5
 20
546.8000000000001
 30
0.0
 11
344.5
 21
546.8000000000001
 31
0.0
  0
CIRCLE
  5
745
330
17
100
AcDbEntity
  8
A-EQUIPO-FINO
100
AcDbCircle
 10
346.9
 20
546.8000000000001
 30
0.0
 40
1.2
  0
LINE
  5
746
330
17
100
AcDbEntity
  8
A-EQUIPO-FINO
100
AcDbLine
 10
333.5
 20
544.8666666666668
 30
0.0
 11
344.5
 21
544.8666666666668
 31
0.0
  0
LINE
  5
747
330
17
100
AcDbEntity
  8
A-EQUIPO
100
AcDbLine
 10
333.5
 20
542.9333333333334
 30
0.0
 11
344.5
 21
542.9333333333334
 31
0.0
  0
CIRCLE
  5
748
330
17
100
AcDbEntity
  8
A-EQUIPO-FINO
100
AcDbCircle
 10
346.9
 20
542.9333333333334
 30
0.0
 40
1.2
  0
LINE
  5
749
330
17
100
AcDbEntity
  8
A-EQUIPO-FINO
100
AcDbLine
 10
333.5
 20
541.0000000000001
 30
0.0
 11
344.5
 21
541.0000000000001
 31
0.0
  0
LWPOLYLINE
  5
74A
330
17
100
AcDbEntity
  8
A-EQUIPO-FINO
100
AcDbPolyline
 90
4
 70
1
 10
330.70000000000005
 20
546.2
 10
330.70000000000005
 20
541.2
 10
333.5
 20
541.2
 10
333.5
 20
546.2
  0
LINE
  5
74B
330
17
100
AcDbEntity
  8
A-EQUIPO-FINO
100
AcDbLine
 10
331.26
 20
545.1
 30
0.0
 11
331.26
 21
541.6000000000001
 31
0.0
  0
LINE
  5
74C
330
17
100
AcDbEntity
  8
A-EQUIPO-FINO
100
AcDbLine
 10
332.1
 20
545.1
 30
0.0
 11
332.1
 21
541.6000000000001
 31
0.0
  0
LINE
  5
74D
330
17
100
AcDbEntity
  8
A-EQUIPO-FINO
100
AcDbLine
 10
332.94
 20
545.1
 30
0.0
 11
332.94
 21
541.6000000000001
 31
0.0
  0
LWPOLYLINE
  5
74E
330
17
100
AcDbEntity
  8
A-EQUIPO-FINO
100
AcDbPolyline
 90
4
 70
1
 10
330.98
 20
547.1000000000001
 10
330.98
 20
546.2
 10
333.22
 20
546.2
 10
333.22
 20
547.1000000000001
  0
LINE
  5
74F
330
17
100
AcDbEntity
  8
A-EQUIPO-FINO
100
AcDbLine
 10
332.1
 20
541.2
 30
0.0
 11
332.1
 21
540.3
 31
0.0
  0
LWPOLYLINE
  5
750
330
17
100
AcDbEntity
  8
A-EQUIPO-FINO
100
AcDbPolyline
 90
4
 70
1
 10
331.54
 20
543.95
 10
331.54
 20
542.7
 10
332.66
 20
542.7
 10
332.66
 20
543.95
  0
LINE
  5
751
330
17
100
AcDbEntity
  8
A-EQUIPO-FINO
100
AcDbLine
 10
334.90000000000003
 20
557.0
 30
0.0
 11
334.90000000000003
 21
554.2
 31
0.0
  0
LINE
  5
752
330
17
100
AcDbEntity
  8
A-EQUIPO-FINO
100
AcDbLine
 10
343.1
 20
557.0
 30
0.0
 11
343.1
 21
554.2
 31
0.0
  0
LWPOLYLINE
  5
753
330
17
100
AcDbEntity
  8
A-SEGURIDAD
100
AcDbPolyline
 90
4
 70
1
 10
323.0
 20
551.0000000000001
 10
323.0
 20
555.2
 10
355.0
 20
555.2
 10
355.0
 20
551.0000000000001
  0
LWPOLYLINE
  5
754
330
17
100
AcDbEntity
  8
A-EQUIPO
100
AcDbPolyline
 90
4
 70
1
 10
321.0
 20
578.0000000000001
 10
321.0
 20
569.0
 10
323.4
 20
569.0
 10
323.4
 20
578.0000000000001
  0
LINE
  5
755
330
17
100
AcDbEntity
  8
A-EQUIPO-FINO
100
AcDbLine
 10
321.0
 20
578.0000000000001
 30
0.0
 11
323.4
 21
569.0
 31
0.0
  0
CIRCLE
  5
756
330
17
100
AcDbEntity
  8
A-EQUIPO-FINO
100
AcDbCircle
 10
322.20000000000005
 20
570.3500000000001
 30
0.0
 40
0.19199999999999998
  0
HATCH
  5
757
330
17
100
AcDbEntity
  8
A-EQUIPO-RELLENO
 62
7
420
14870510
100
AcDbHatch
 10
0.0
 20
0.0
 30
0.0
210
0.0
220
0.0
230
1.0
  2
SOLID
 70
1
 71
0
 91
1
 92
3
 72
0
 73
1
 93
4
 10
364.0
 20
549.0
 10
394.0
 20
549.0
 10
394.0
 20
569.0
 10
364.0
 20
569.0
 97
0
 75
1
 76
1
 98
0
  0
HATCH
  5
758
330
17
100
AcDbEntity
  8
A-EQUIPO-RELLENO
 62
7
420
13488340
100
AcDbHatch
 10
0.0
 20
0.0
 30
0.0
210
0.0
220
0.0
230
1.0
  2
SOLID
 70
1
 71
0
 91
1
 92
3
 72
0
 73
1
 93
4
 10
373.4
 20
551.0000000000001
 10
375.0
 20
551.0000000000001
 10
375.0
 20
567.0
 10
373.4
 20
567.0
 97
0
 75
1
 76
1
 98
0
  0
HATCH
  5
759
330
17
100
AcDbEntity
  8
A-EQUIPO-RELLENO
 62
7
420
13488340
100
AcDbHatch
 10
0.0
 20
0.0
 30
0.0
210
0.0
220
0.0
230
1.0
  2
SOLID
 70
1
 71
0
 91
1
 92
3
 72
0
 73
1
 93
4
 10
376.6
 20
551.0000000000001
 10
378.20000000000005
 20
551.0000000000001
 10
378.20000000000005
 20
567.0
 10
376.6
 20
567.0
 97
0
 75
1
 76
1
 98
0
  0
HATCH
  5
75A
330
17
100
AcDbEntity
  8
A-EQUIPO-RELLENO
 62
7
420
13488340
100
AcDbHatch
 10
0.0
 20
0.0
 30
0.0
210
0.0
220
0.0
230
1.0
  2
SOLID
 70
1
 71
0
 91
1
 92
3
 72
0
 73
1
 93
4
 10
375.8
 20
565.0000000000001
 10
382.80000000000007
 20
565.0000000000001
 10
382.80000000000007
 20
568.2
 10
375.8
 20
568.2
 97
0
 75
1
 76
1
 98
0
  0
HATCH
  5
75B
330
17
100
AcDbEntity
  8
A-EQUIPO-RELLENO
 62
7
420
13488340
100
AcDbHatch
 10
0.0
 20
0.0
 30
0.0
210
0.0
220
0.0
230
1.0
  2
SOLID
 70
1
 71
0
 91
1
 92
3
 72
0
 73
1
 93
4
 10
387.00000000000006
 20
549.4
 10
393.4000000000001
 20
549.4
 10
393.4000000000001
 20
554.0
 10
387.00000000000006
 20
554.0
 97
0
 75
1
 76
1
 98
0
  0
LWPOLYLINE
  5
75C
330
17
100
AcDbEntity
  8
A-EQUIPO
100
AcDbPolyline
 90
4
 70
1
 10
364.0
 20
549.0
 10
394.0
 20
549.0
 10
394.0
 20
569.0
 10
364.0
 20
569.0
  0
LWPOLYLINE
  5
75D
330
17
100
AcDbEntity
  8
A-EQUIPO-FINO
100
AcDbPolyline
 90
4
 70
1
 10
373.4
 20
551.0000000000001
 10
375.0
 20
551.0000000000001
 10
375.0
 20
567.0
 10
373.4
 20
567.0
  0
LWPOLYLINE
  5
75E
330
17
100
AcDbEntity
  8
A-EQUIPO-FINO
100
AcDbPolyline
 90
4
 70
1
 10
376.6
 20
551.0000000000001
 10
378.20000000000005
 20
551.0000000000001
 10
378.20000000000005
 20
567.0
 10
376.6
 20
567.0
  0
CIRCLE
  5
75F
330
17
100
AcDbEntity
  8
A-EQUIPO-FINO
100
AcDbCircle
 10
366.0
 20
554.6000000000001
 30
0.0
 40
0.6
  0
CIRCLE
  5
760
330
17
100
AcDbEntity
  8
A-EQUIPO-FINO
100
AcDbCircle
 10
366.0
 20
563.4000000000001
 30
0.0
 40
0.6
  0
CIRCLE
  5
761
330
17
100
AcDbEntity
  8
A-EQUIPO-FINO
100
AcDbCircle
 10
368.0
 20
554.6000000000001
 30
0.0
 40
0.6
  0
CIRCLE
  5
762
330
17
100
AcDbEntity
  8
A-EQUIPO-FINO
100
AcDbCircle
 10
368.0
 20
563.4000000000001
 30
0.0
 40
0.6
  0
LINE
  5
763
330
17
100
AcDbEntity
  8
A-EQUIPO-OCULTO
100
AcDbLine
 10
363.0
 20
555.6
 30
0.0
 11
395.0
 21
555.6
 31
0.0
  0
LINE
  5
764
330
17
100
AcDbEntity
  8
A-EQUIPO-OCULTO
100
AcDbLine
 10
363.0
 20
562.4000000000001
 30
0.0
 11
395.0
 21
562.4000000000001
 31
0.0
  0
LWPOLYLINE
  5
765
330
17
100
AcDbEntity
  8
A-EQUIPO-FINO
100
AcDbPolyline
 90
4
 70
1
 10
375.8
 20
565.0000000000001
 10
382.80000000000007
 20
565.0000000000001
 10
382.80000000000007
 20
568.2
 10
375.8
 20
568.2
  0
LINE
  5
766
330
17
100
AcDbEntity
  8
A-EQUIPO-FINO
100
AcDbLine
 10
377.34
 20
565.6400000000001
 30
0.0
 11
382.24
 21
565.6400000000001
 31
0.0
  0
LINE
  5
767
330
17
100
AcDbEntity
  8
A-EQUIPO-FINO
100
AcDbLine
 10
377.34
 20
566.6000000000001
 30
0.0
 11
382.24
 21
566.6000000000001
 31
0.0
  0
LINE
  5
768
330
17
100
AcDbEntity
  8
A-EQUIPO-FINO
100
AcDbLine
 10
377.34
 20
567.5600000000002
 30
0.0
 11
382.24
 21
567.5600000000002
 31
0.0
  0
LWPOLYLINE
  5
769
330
17
100
AcDbEntity
  8
A-EQUIPO-FINO
100
AcDbPolyline
 90
4
 70
1
 10
374.53999999999996
 20
565.3200000000002
 10
375.8
 20
565.3200000000002
 10
375.8
 20
567.8800000000001
 10
374.53999999999996
 20
567.8800000000001
  0
LINE
  5
76A
330
17
100
AcDbEntity
  8
A-EQUIPO-FINO
100
AcDbLine
 10
382.80000000000007
 20
566.6000000000001
 30
0.0
 11
384.06
 21
566.6000000000001
 31
0.0
  0
LWPOLYLINE
  5
76B
330
17
100
AcDbEntity
  8
A-EQUIPO-FINO
100
AcDbPolyline
 90
4
 70
1
 10
378.95
 20
565.96
 10
380.69999999999993
 20
565.96
 10
380.69999999999993
 20
567.24
 10
378.95
 20
567.24
  0
LWPOLYLINE
  5
76C
330
17
100
AcDbEntity
  8
A-EQUIPO
100
AcDbPolyline
 90
4
 70
1
 10
387.00000000000006
 20
549.4
 10
393.4000000000001
 20
549.4
 10
393.4000000000001
 20
554.0
 10
387.00000000000006
 20
554.0
  0
LINE
  5
76D
330
17
100
AcDbEntity
  8
A-EQUIPO-FINO
100
AcDbLine
 10
387.00000000000006
 20
549.4
 30
0.0
 11
393.4000000000001
 21
554.0
 31
0.0
  0
CIRCLE
  5
76E
330
17
100
AcDbEntity
  8
A-EQUIPO-FINO
100
AcDbCircle
 10
392.44000000000005
 20
551.7
 30
0.0
 40
0.368
  0
LWPOLYLINE
  5
76F
330
17
100
AcDbEntity
  8
A-EQUIPO-FINO
100
AcDbPolyline
 90
4
 70
1
 10
382.20000000000005
 20
553.0000000000001
 10
391.8
 20
553.0000000000001
 10
391.8
 20
565.0
 10
382.20000000000005
 20
565.0
  0
LINE
  5
770
330
17
100
AcDbEntity
  8
A-EQUIPO-FINO
100
AcDbLine
 10
382.20000000000005
 20
559.0
 30
0.0
 11
391.8
 21
559.0
 31
0.0
  0
HATCH
  5
771
330
17
100
AcDbEntity
  8
A-EQUIPO-RELLENO
 62
7
420
15654592
100
AcDbHatch
 10
0.0
 20
0.0
 30
0.0
210
0.0
220
0.0
230
1.0
  2
SOLID
 70
1
 71
0
 91
1
 92
3
 72
0
 73
1
 93
4
 10
453.0
 20
575.0
 10
401.0
 20
575.0
 10
401.0
 20
533.9999999999999
 10
453.0
 20
533.9999999999999
 97
0
 75
1
 76
1
 98
0
  0
HATCH
  5
772
330
17
100
AcDbEntity
  8
A-EQUIPO-RELLENO
 62
7
420
13488340
100
AcDbHatch
 10
0.0
 20
0.0
 30
0.0
210
0.0
220
0.0
230
1.0
  2
SOLID
 70
1
 71
0
 91
1
 92
3
 72
0
 73
1
 93
4
 10
451.0
 20
577.0
 10
446.6
 20
577.0
 10
446.6
 20
573.4000000000001
 10
451.0
 20
573.4000000000001
 97
0
 75
1
 76
1
 98
0
  0
HATCH
  5
773
330
17
100
AcDbEntity
  8
A-EQUIPO-RELLENO
 62
7
420
16441845
100
AcDbHatch
 10
0.0
 20
0.0
 30
0.0
210
0.0
220
0.0
230
1.0
  2
SOLID
 70
1
 71
0
 91
1
 92
3
 72
0
 73
1
 93
14
 10
433.0
 20
586.5999999999999
 10
432.7955549577344
 20
588.1529142706152
 10
432.1961524227066
 20
589.6000000000001
 10
431.24264068711926
 20
590.8426406871193
 10
429.99999999999994
 20
591.7961524227067
 10
428.55291427061513
 20
592.3955549577345
 10
427.0
 20
592.6
 10
425.44708572938487
 20
592.3955549577345
 10
424.0
 20
591.7961524227067
 10
422.7573593128807
 20
590.8426406871193
 10
421.80384757729337
 20
589.6000000000001
 10
421.20444504226555
 20
588.1529142706152
 10
421.0
 20
586.5999999999999
 10
433.0
 20
586.5999999999999
 97
0
 75
1
 76
1
 98
0
  0
HATCH
  5
774
330
17
100
AcDbEntity
  8
A-EQUIPO-RELLENO
 62
7
420
16777215
100
AcDbHatch
 10
0.0
 20
0.0
 30
0.0
210
0.0
220
0.0
230
1.0
  2
SOLID
 70
1
 71
0
 91
1
 92
3
 72
0
 73
1
 93
24
 10
424.59999999999997
 20
586.2
 10
424.68177801690626
 20
585.578834291754
 10
424.92153903091736
 20
585.0
 10
425.30294372515226
 20
584.5029437251524
 10
425.8
 20
584.1215390309173
 10
426.37883429175395
 20
583.8817780169063
 10
427.0
 20
583.8000000000001
 10
427.62116570824605
 20
583.8817780169063
 10
428.19999999999993
 20
584.1215390309173
 10
428.69705627484774
 20
584.5029437251524
 10
429.0784609690826
 20
585.0
 10
429.31822198309374
 20
585.5788342917539
 10
429.4
 20
586.2
 10
429.31822198309374
 20
586.8211657082461
 10
429.0784609690826
 20
587.4000000000001
 10
428.69705627484774
 20
587.8970562748477
 10
428.19999999999993
 20
588.2784609690827
 10
427.62116570824605
 20
588.5182219830938
 10
427.0
 20
588.6
 10
426.37883429175395
 20
588.5182219830938
 10
425.8
 20
588.2784609690827
 10
425.30294372515226
 20
587.8970562748477
 10
424.92153903091736
 20
587.4000000000001
 10
424.68177801690626
 20
586.8211657082461
 97
0
 75
1
 76
1
 98
0
  0
LWPOLYLINE
  5
775
330
17
100
AcDbEntity
  8
A-EQUIPO
100
AcDbPolyline
 90
4
 70
1
 10
453.0
 20
575.0
 10
401.0
 20
575.0
 10
401.0
 20
533.9999999999999
 10
453.0
 20
533.9999999999999
  0
LWPOLYLINE
  5
776
330
17
100
AcDbEntity
  8
A-EQUIPO-FINO
100
AcDbPolyline
 90
4
 70
1
 10
420.76
 20
575.0
 10
402.0
 20
575.0
 10
402.0
 20
552.8
 10
420.76
 20
552.8
  0
LINE
  5
777
330
17
100
AcDbEntity
  8
A-EQUIPO-FINO
100
AcDbLine
 10
420.76
 20
570.5500000000001
 30
0.0
 11
402.0
 21
570.5500000000001
 31
0.0
  0
LINE
  5
778
330
17
100
AcDbEntity
  8
A-EQUIPO-FINO
100
AcDbLine
 10
420.76
 20
566.1
 30
0.0
 11
402.0
 21
566.1
 31
0.0
  0
LINE
  5
779
330
17
100
AcDbEntity
  8
A-EQUIPO-FINO
100
AcDbLine
 10
420.76
 20
561.6500000000001
 30
0.0
 11
402.0
 21
561.6500000000001
 31
0.0
  0
LWPOLYLINE
  5
77A
330
17
100
AcDbEntity
  8
A-EQUIPO-FINO
100
AcDbPolyline
 90
4
 70
1
 10
451.0
 20
577.0
 10
446.6
 20
577.0
 10
446.6
 20
573.4000000000001
 10
451.0
 20
573.4000000000001
  0
LINE
  5
77B
330
17
100
AcDbEntity
  8
A-EQUIPO-FINO
100
AcDbLine
 10
448.79999999999995
 20
577.0
 30
0.0
 11
448.79999999999995
 21
578.6
 31
0.0
  0
LINE
  5
77C
330
17
100
AcDbEntity
  8
A-EQUIPO-OCULTO
100
AcDbLine
 10
452.0
 20
536.0
 30
0.0
 11
402.0
 21
536.0
 31
0.0
  0
LWPOLYLINE
  5
77D
330
17
100
AcDbEntity
  8
A-AREA-TRABAJO
100
AcDbPolyline
 90
4
 70
0
 10
456.0
 20
596.0000000000001
 10
456.0
 20
530.0
 10
398.0
 20
530.0
 10
398.0
 20
596.0000000000001
  0
LINE
  5
77E
330
17
100
AcDbEntity
  8
A-AREA-TRABAJO
100
AcDbLine
 10
456.0
 20
596.0000000000001
 30
0.0
 11
436.0
 21
596.0000000000001
 31
0.0
  0
LINE
  5
77F
330
17
100
AcDbEntity
  8
A-AREA-TRABAJO
100
AcDbLine
 10
418.0
 20
596.0000000000001
 30
0.0
 11
398.0
 21
596.0000000000001
 31
0.0
  0
LWPOLYLINE
  5
780
330
17
100
AcDbEntity
  8
A-OPERARIO
100
AcDbPolyline
 90
13
 70
1
 10
433.0
 20
586.5999999999999
 10
432.7955549577344
 20
588.1529142706152
 10
432.1961524227066
 20
589.6000000000001
 10
431.24264068711926
 20
590.8426406871193
 10
429.99999999999994
 20
591.7961524227067
 10
428.55291427061513
 20
592.3955549577345
 10
427.0
 20
592.6
 10
425.44708572938487
 20
592.3955549577345
 10
424.0
 20
591.7961524227067
 10
422.7573593128807
 20
590.8426406871193
 10
421.80384757729337
 20
589.6000000000001
 10
421.20444504226555
 20
588.1529142706152
 10
421.0
 20
586.5999999999999
  0
CIRCLE
  5
781
330
17
100
AcDbEntity
  8
A-OPERARIO
100
AcDbCircle
 10
427.0
 20
586.2
 30
0.0
 40
2.4
  0
HATCH
  5
782
330
17
100
AcDbEntity
  8
A-EQUIPO-RELLENO
 62
7
420
15658734
100
AcDbHatch
 10
0.0
 20
0.0
 30
0.0
210
0.0
220
0.0
230
1.0
  2
SOLID
 70
1
 71
0
 91
1
 92
3
 72
0
 73
1
 93
4
 10
407.0
 20
642.0
 10
431.0
 20
642.0
 10
431.0
 20
657.0
 10
407.0
 20
657.0
 97
0
 75
1
 76
1
 98
0
  0
HATCH
  5
783
330
17
100
AcDbEntity
  8
A-EQUIPO-RELLENO
 62
7
420
13488340
100
AcDbHatch
 10
0.0
 20
0.0
 30
0.0
210
0.0
220
0.0
230
1.0
  2
SOLID
 70
1
 71
0
 91
1
 92
3
 72
0
 73
1
 93
4
 10
407.0
 20
642.0
 10
415.4
 20
642.0
 10
415.4
 20
657.0
 10
407.0
 20
657.0
 97
0
 75
1
 76
1
 98
0
  0
HATCH
  5
784
330
17
100
AcDbEntity
  8
A-EQUIPO-RELLENO
 62
7
420
13488340
100
AcDbHatch
 10
0.0
 20
0.0
 30
0.0
210
0.0
220
0.0
230
1.0
  2
SOLID
 70
1
 71
0
 91
1
 92
3
 72
0
 73
1
 93
4
 10
421.4
 20
646.0000000000001
 10
426.2
 20
646.0000000000001
 10
426.2
 20
652.0
 10
421.4
 20
652.0
 97
0
 75
1
 76
1
 98
0
  0
HATCH
  5
785
330
17
100
AcDbEntity
  8
A-EQUIPO-RELLENO
 62
7
420
13488340
100
AcDbHatch
 10
0.0
 20
0.0
 30
0.0
210
0.0
220
0.0
230
1.0
  2
SOLID
 70
1
 71
0
 91
1
 92
3
 72
0
 73
1
 93
4
 10
408.0
 20
651.6000000000001
 10
412.79999999999995
 20
651.6000000000001
 10
412.79999999999995
 20
654.4000000000001
 10
408.0
 20
654.4000000000001
 97
0
 75
1
 76
1
 98
0
  0
HATCH
  5
786
330
17
100
AcDbEntity
  8
A-EQUIPO-RELLENO
 62
7
420
16441845
100
AcDbHatch
 10
0.0
 20
0.0
 30
0.0
210
0.0
220
0.0
230
1.0
  2
SOLID
 70
1
 71
0
 91
1
 92
3
 72
0
 73
1
 93
14
 10
413.0
 20
629.4000000000001
 10
413.2044450422656
 20
627.847085729385
 10
413.80384757729337
 20
626.4
 10
414.7573593128807
 20
625.1573593128808
 10
416.0
 20
624.2038475772933
 10
417.44708572938487
 20
623.6044450422656
 10
418.99999999999994
 20
623.4000000000001
 10
420.5529142706151
 20
623.6044450422656
 10
422.0
 20
624.2038475772933
 10
423.2426406871193
 20
625.1573593128808
 10
424.19615242270663
 20
626.4
 10
424.79555495773445
 20
627.847085729385
 10
424.99999999999994
 20
629.4000000000001
 10
413.0
 20
629.4000000000001
 97
0
 75
1
 76
1
 98
0
  0
HATCH
  5
787
330
17
100
AcDbEntity
  8
A-EQUIPO-RELLENO
 62
7
420
16777215
100
AcDbHatch
 10
0.0
 20
0.0
 30
0.0
210
0.0
220
0.0
230
1.0
  2
SOLID
 70
1
 71
0
 91
1
 92
3
 72
0
 73
1
 93
24
 10
421.4
 20
629.8000000000001
 10
421.31822198309374
 20
630.4211657082462
 10
421.07846096908264
 20
631.0000000000001
 10
420.6970562748477
 20
631.4970562748478
 10
420.2
 20
631.8784609690828
 10
419.621165708246
 20
632.1182219830938
 10
418.99999999999994
 20
632.2
 10
418.37883429175395
 20
632.1182219830938
 10
417.79999999999995
 20
631.8784609690828
 10
417.30294372515226
 20
631.4970562748478
 10
416.9215390309173
 20
631.0000000000001
 10
416.6817780169062
 20
630.4211657082462
 10
416.6
 20
629.8000000000001
 10
416.6817780169062
 20
629.178834291754
 10
416.9215390309173
 20
628.6
 10
417.30294372515226
 20
628.1029437251523
 10
417.79999999999995
 20
627.7215390309174
 10
418.37883429175395
 20
627.4817780169063
 10
418.99999999999994
 20
627.4000000000001
 10
419.621165708246
 20
627.4817780169063
 10
420.2
 20
627.7215390309174
 10
420.6970562748477
 20
628.1029437251523
 10
421.07846096908264
 20
628.6
 10
421.31822198309374
 20
629.178834291754
 97
0
 75
1
 76
1
 98
0
  0
LWPOLYLINE
  5
788
330
17
100
AcDbEntity
  8
A-EQUIPO
100
AcDbPolyline
 90
4
 70
1
 10
407.0
 20
642.0
 10
431.0
 20
642.0
 10
431.0
 20
657.0
 10
407.0
 20
657.0
  0
LWPOLYLINE
  5
789
330
17
100
AcDbEntity
  8
A-EQUIPO
100
AcDbPolyline
 90
4
 70
1
 10
407.0
 20
642.0
 10
415.4
 20
642.0
 10
415.4
 20
657.0
 10
407.0
 20
657.0
  0
CIRCLE
  5
78A
330
17
100
AcDbEntity
  8
A-EQUIPO
100
AcDbCircle
 10
416.12
 20
649.0
 30
0.0
 40
3.2
  0
LINE
  5
78B
330
17
100
AcDbEntity
  8
A-EQUIPO-FINO
100
AcDbLine
 10
416.12
 20
650.0
 30
0.0
 11
416.12
 21
652.0
 31
0.0
  0
LINE
  5
78C
330
17
100
AcDbEntity
  8
A-EQUIPO-FINO
100
AcDbLine
 10
415.2539745962155
 20
648.5000000000001
 30
0.0
 11
413.5219237886467
 21
647.5
 31
0.0
  0
LINE
  5
78D
330
17
100
AcDbEntity
  8
A-EQUIPO-FINO
100
AcDbLine
 10
416.9860254037844
 20
648.5000000000001
 30
0.0
 11
418.71807621135326
 21
647.5
 31
0.0
  0
LWPOLYLINE
  5
78E
330
17
100
AcDbEntity
  8
A-EQUIPO-FINO
100
AcDbPolyline
 90
4
 70
1
 10
421.4
 20
646.0000000000001
 10
426.2
 20
646.0000000000001
 10
426.2
 20
652.0
 10
421.4
 20
652.0
  0
LINE
  5
78F
330
17
100
AcDbEntity
  8
A-EQUIPO
100
AcDbLine
 10
421.4
 20
649.0
 30
0.0
 11
418.52
 21
649.0
 31
0.0
  0
LINE
  5
790
330
17
100
AcDbEntity
  8
A-EQUIPO-OCULTO
100
AcDbLine
 10
417.79999999999995
 20
643.0000000000001
 30
0.0
 11
429.99999999999994
 21
643.0000000000001
 31
0.0
  0
CIRCLE
  5
791
330
17
100
AcDbEntity
  8
A-EQUIPO-FINO
100
AcDbCircle
 10
428.0
 20
654.0
 30
0.0
 40
1.4000000000000001
  0
LWPOLYLINE
  5
792
330
17
100
AcDbEntity
  8
A-EQUIPO-FINO
100
AcDbPolyline
 90
4
 70
1
 10
408.0
 20
651.6000000000001
 10
412.79999999999995
 20
651.6000000000001
 10
412.79999999999995
 20
654.4000000000001
 10
408.0
 20
654.4000000000001
  0
LINE
  5
793
330
17
100
AcDbEntity
  8
A-EQUIPO-FINO
100
AcDbLine
 10
409.0559999999999
 20
652.1600000000001
 30
0.0
 11
412.416
 21
652.1600000000001
 31
0.0
  0
LINE
  5
794
330
17
100
AcDbEntity
  8
A-EQUIPO-FINO
100
AcDbLine
 10
409.0559999999999
 20
653.0000000000001
 30
0.0
 11
412.416
 21
653.0000000000001
 31
0.0
  0
LINE
  5
795
330
17
100
AcDbEntity
  8
A-EQUIPO-FINO
100
AcDbLine
 10
409.0559999999999
 20
653.84
 30
0.0
 11
412.416
 21
653.84
 31
0.0
  0
LWPOLYLINE
  5
796
330
17
100
AcDbEntity
  8
A-EQUIPO-FINO
100
AcDbPolyline
 90
4
 70
1
 10
407.13599999999997
 20
651.88
 10
408.0
 20
651.88
 10
408.0
 20
654.1200000000001
 10
407.13599999999997
 20
654.1200000000001
  0
LINE
  5
797
330
17
100
AcDbEntity
  8
A-EQUIPO-FINO
100
AcDbLine
 10
412.79999999999995
 20
653.0000000000001
 30
0.0
 11
413.664
 21
653.0000000000001
 31
0.0
  0
LWPOLYLINE
  5
798
330
17
100
AcDbEntity
  8
A-EQUIPO-FINO
100
AcDbPolyline
 90
4
 70
1
 10
410.16
 20
652.44
 10
411.36
 20
652.44
 10
411.36
 20
653.5600000000001
 10
410.16
 20
653.5600000000001
  0
LWPOLYLINE
  5
799
330
17
100
AcDbEntity
  8
A-SEGURIDAD
100
AcDbPolyline
 90
4
 70
1
 10
414.92
 20
641.4
 10
427.4
 20
641.4
 10
427.4
 20
656.6000000000001
 10
414.92
 20
656.6000000000001
  0
LWPOLYLINE
  5
79A
330
17
100
AcDbEntity
  8
A-AREA-TRABAJO
100
AcDbPolyline
 90
4
 70
0
 10
404.0
 20
620.0
 10
404.0
 20
662.0
 10
433.99999999999994
 20
662.0
 10
433.99999999999994
 20
620.0
  0
LINE
  5
79B
330
17
100
AcDbEntity
  8
A-AREA-TRABAJO
100
AcDbLine
 10
404.0
 20
620.0
 30
0.0
 11
409.99999999999994
 21
620.0
 31
0.0
  0
LINE
  5
79C
330
17
100
AcDbEntity
  8
A-AREA-TRABAJO
100
AcDbLine
 10
428.0
 20
620.0
 30
0.0
 11
433.99999999999994
 21
620.0
 31
0.0
  0
LWPOLYLINE
  5
79D
330
17
100
AcDbEntity
  8
A-OPERARIO
100
AcDbPolyline
 90
13
 70
1
 10
413.0
 20
629.4000000000001
 10
413.2044450422656
 20
627.847085729385
 10
413.80384757729337
 20
626.4
 10
414.7573593128807
 20
625.1573593128808
 10
416.0
 20
624.2038475772933
 10
417.44708572938487
 20
623.6044450422656
 10
418.99999999999994
 20
623.4000000000001
 10
420.5529142706151
 20
623.6044450422656
 10
422.0
 20
624.2038475772933
 10
423.2426406871193
 20
625.1573593128808
 10
424.19615242270663
 20
626.4
 10
424.79555495773445
 20
627.847085729385
 10
424.99999999999994
 20
629.4000000000001
  0
CIRCLE
  5
79E
330
17
100
AcDbEntity
  8
A-OPERARIO
100
AcDbCircle
 10
418.99999999999994
 20
629.8000000000001
 30
0.0
 40
2.4
  0
HATCH
  5
79F
330
17
100
AcDbEntity
  8
A-EQUIPO-RELLENO
 62
7
420
15658734
100
AcDbHatch
 10
0.0
 20
0.0
 30
0.0
210
0.0
220
0.0
230
1.0
  2
SOLID
 70
1
 71
0
 91
1
 92
3
 72
0
 73
1
 93
4
 10
439.0
 20
642.0
 10
463.0
 20
642.0
 10
463.0
 20
657.0
 10
439.0
 20
657.0
 97
0
 75
1
 76
1
 98
0
  0
HATCH
  5
7A0
330
17
100
AcDbEntity
  8
A-EQUIPO-RELLENO
 62
7
420
13488340
100
AcDbHatch
 10
0.0
 20
0.0
 30
0.0
210
0.0
220
0.0
230
1.0
  2
SOLID
 70
1
 71
0
 91
1
 92
3
 72
0
 73
1
 93
4
 10
439.0
 20
642.0
 10
447.4
 20
642.0
 10
447.4
 20
657.0
 10
439.0
 20
657.0
 97
0
 75
1
 76
1
 98
0
  0
HATCH
  5
7A1
330
17
100
AcDbEntity
  8
A-EQUIPO-RELLENO
 62
7
420
13488340
100
AcDbHatch
 10
0.0
 20
0.0
 30
0.0
210
0.0
220
0.0
230
1.0
  2
SOLID
 70
1
 71
0
 91
1
 92
3
 72
0
 73
1
 93
4
 10
453.4
 20
646.0000000000001
 10
458.20000000000005
 20
646.0000000000001
 10
458.20000000000005
 20
652.0
 10
453.4
 20
652.0
 97
0
 75
1
 76
1
 98
0
  0
HATCH
  5
7A2
330
17
100
AcDbEntity
  8
A-EQUIPO-RELLENO
 62
7
420
13488340
100
AcDbHatch
 10
0.0
 20
0.0
 30
0.0
210
0.0
220
0.0
230
1.0
  2
SOLID
 70
1
 71
0
 91
1
 92
3
 72
0
 73
1
 93
4
 10
440.0
 20
651.6000000000001
 10
444.8
 20
651.6000000000001
 10
444.8
 20
654.4000000000001
 10
440.0
 20
654.4000000000001
 97
0
 75
1
 76
1
 98
0
  0
LWPOLYLINE
  5
7A3
330
17
100
AcDbEntity
  8
A-EQUIPO
100
AcDbPolyline
 90
4
 70
1
 10
439.0
 20
642.0
 10
463.0
 20
642.0
 10
463.0
 20
657.0
 10
439.0
 20
657.0
  0
LWPOLYLINE
  5
7A4
330
17
100
AcDbEntity
  8
A-EQUIPO
100
AcDbPolyline
 90
4
 70
1
 10
439.0
 20
642.0
 10
447.4
 20
642.0
 10
447.4
 20
657.0
 10
439.0
 20
657.0
  0
CIRCLE
  5
7A5
330
17
100
AcDbEntity
  8
A-EQUIPO
100
AcDbCircle
 10
448.12
 20
649.0
 30
0.0
 40
3.2
  0
LINE
  5
7A6
330
17
100
AcDbEntity
  8
A-EQUIPO-FINO
100
AcDbLine
 10
448.12
 20
650.0
 30
0.0
 11
448.12
 21
652.0
 31
0.0
  0
LINE
  5
7A7
330
17
100
AcDbEntity
  8
A-EQUIPO-FINO
100
AcDbLine
 10
447.2539745962156
 20
648.5000000000001
 30
0.0
 11
445.5219237886467
 21
647.5
 31
0.0
  0
LINE
  5
7A8
330
17
100
AcDbEntity
  8
A-EQUIPO-FINO
100
AcDbLine
 10
448.9860254037844
 20
648.5000000000001
 30
0.0
 11
450.7180762113533
 21
647.5
 31
0.0
  0
LWPOLYLINE
  5
7A9
330
17
100
AcDbEntity
  8
A-EQUIPO-FINO
100
AcDbPolyline
 90
4
 70
1
 10
453.4
 20
646.0000000000001
 10
458.20000000000005
 20
646.0000000000001
 10
458.20000000000005
 20
652.0
 10
453.4
 20
652.0
  0
LINE
  5
7AA
330
17
100
AcDbEntity
  8
A-EQUIPO
100
AcDbLine
 10
453.4
 20
649.0
 30
0.0
 11
450.52000000000004
 21
649.0
 31
0.0
  0
LINE
  5
7AB
330
17
100
AcDbEntity
  8
A-EQUIPO-OCULTO
100
AcDbLine
 10
449.8
 20
643.0000000000001
 30
0.0
 11
462.0
 21
643.0000000000001
 31
0.0
  0
CIRCLE
  5
7AC
330
17
100
AcDbEntity
  8
A-EQUIPO-FINO
100
AcDbCircle
 10
460.0
 20
654.0
 30
0.0
 40
1.4000000000000001
  0
LWPOLYLINE
  5
7AD
330
17
100
AcDbEntity
  8
A-EQUIPO-FINO
100
AcDbPolyline
 90
4
 70
1
 10
440.0
 20
651.6000000000001
 10
444.8
 20
651.6000000000001
 10
444.8
 20
654.4000000000001
 10
440.0
 20
654.4000000000001
  0
LINE
  5
7AE
330
17
100
AcDbEntity
  8
A-EQUIPO-FINO
100
AcDbLine
 10
441.056
 20
652.1600000000001
 30
0.0
 11
444.41600000000005
 21
652.1600000000001
 31
0.0
  0
LINE
  5
7AF
330
17
100
AcDbEntity
  8
A-EQUIPO-FINO
100
AcDbLine
 10
441.056
 20
653.0000000000001
 30
0.0
 11
444.41600000000005
 21
653.0000000000001
 31
0.0
  0
LINE
  5
7B0
330
17
100
AcDbEntity
  8
A-EQUIPO-FINO
100
AcDbLine
 10
441.056
 20
653.84
 30
0.0
 11
444.41600000000005
 21
653.84
 31
0.0
  0
LWPOLYLINE
  5
7B1
330
17
100
AcDbEntity
  8
A-EQUIPO-FINO
100
AcDbPolyline
 90
4
 70
1
 10
439.13599999999997
 20
651.88
 10
440.0
 20
651.88
 10
440.0
 20
654.1200000000001
 10
439.13599999999997
 20
654.1200000000001
  0
LINE
  5
7B2
330
17
100
AcDbEntity
  8
A-EQUIPO-FINO
100
AcDbLine
 10
444.8
 20
653.0000000000001
 30
0.0
 11
445.66400000000004
 21
653.0000000000001
 31
0.0
  0
LWPOLYLINE
  5
7B3
330
17
100
AcDbEntity
  8
A-EQUIPO-FINO
100
AcDbPolyline
 90
4
 70
1
 10
442.16
 20
652.44
 10
443.36
 20
652.44
 10
443.36
 20
653.5600000000001
 10
442.16
 20
653.5600000000001
  0
LWPOLYLINE
  5
7B4
330
17
100
AcDbEntity
  8
A-SEGURIDAD
100
AcDbPolyline
 90
4
 70
1
 10
446.92
 20
641.4
 10
459.4
 20
641.4
 10
459.4
 20
656.6000000000001
 10
446.92
 20
656.6000000000001
  0
HATCH
  5
7B5
330
17
100
AcDbEntity
  8
A-EQUIPO-RELLENO
 62
7
420
15658734
100
AcDbHatch
 10
0.0
 20
0.0
 30
0.0
210
0.0
220
0.0
230
1.0
  2
SOLID
 70
1
 71
0
 91
1
 92
3
 72
0
 73
1
 93
4
 10
479.0
 20
641.8000000000001
 10
511.00000000000006
 20
641.8000000000001
 10
511.00000000000006
 20
657.8
 10
479.0
 20
657.8
 97
0
 75
1
 76
1
 98
0
  0
HATCH
  5
7B6
330
17
100
AcDbEntity
  8
A-EQUIPO-RELLENO
 62
7
420
13488340
100
AcDbHatch
 10
0.0
 20
0.0
 30
0.0
210
0.0
220
0.0
230
1.0
  2
SOLID
 70
1
 71
0
 91
1
 92
3
 72
0
 73
1
 93
4
 10
479.0
 20
640.8000000000002
 10
490.0
 20
640.8000000000002
 10
490.0
 20
659.8000000000001
 10
479.0
 20
659.8000000000001
 97
0
 75
1
 76
1
 98
0
  0
HATCH
  5
7B7
330
17
100
AcDbEntity
  8
A-EQUIPO-RELLENO
 62
7
420
13488340
100
AcDbHatch
 10
0.0
 20
0.0
 30
0.0
210
0.0
220
0.0
230
1.0
  2
SOLID
 70
1
 71
0
 91
1
 92
3
 72
0
 73
1
 93
4
 10
480.0
 20
654.8000000000001
 10
486.00000000000006
 20
654.8000000000001
 10
486.00000000000006
 20
657.6
 10
480.0
 20
657.6
 97
0
 75
1
 76
1
 98
0
  0
HATCH
  5
7B8
330
17
100
AcDbEntity
  8
A-EQUIPO-RELLENO
 62
7
420
14870510
100
AcDbHatch
 10
0.0
 20
0.0
 30
0.0
210
0.0
220
0.0
230
1.0
  2
SOLID
 70
1
 71
0
 91
1
 92
3
 72
0
 73
1
 93
4
 10
490.0
 20
644.8000000000001
 10
492.6
 20
644.8000000000001
 10
492.6
 20
654.8000000000001
 10
490.0
 20
654.8000000000001
 97
0
 75
1
 76
1
 98
0
  0
HATCH
  5
7B9
330
17
100
AcDbEntity
  8
A-EQUIPO-RELLENO
 62
7
420
9870240
100
AcDbHatch
 10
0.0
 20
0.0
 30
0.0
210
0.0
220
0.0
230
1.0
  2
SOLID
 70
1
 71
0
 91
1
 92
3
 72
0
 73
1
 93
4
 10
492.6
 20
645.7
 10
494.20000000000005
 20
645.7
 10
494.20000000000005
 20
647.1000000000001
 10
492.6
 20
647.1000000000001
 97
0
 75
1
 76
1
 98
0
  0
HATCH
  5
7BA
330
17
100
AcDbEntity
  8
A-EQUIPO-RELLENO
 62
7
420
9870240
100
AcDbHatch
 10
0.0
 20
0.0
 30
0.0
210
0.0
220
0.0
230
1.0
  2
SOLID
 70
1
 71
0
 91
1
 92
3
 72
0
 73
1
 93
4
 10
492.6
 20
649.1000000000001
 10
494.20000000000005
 20
649.1000000000001
 10
494.20000000000005
 20
650.5000000000001
 10
492.6
 20
650.5000000000001
 97
0
 75
1
 76
1
 98
0
  0
HATCH
  5
7BB
330
17
100
AcDbEntity
  8
A-EQUIPO-RELLENO
 62
7
420
9870240
100
AcDbHatch
 10
0.0
 20
0.0
 30
0.0
210
0.0
220
0.0
230
1.0
  2
SOLID
 70
1
 71
0
 91
1
 92
3
 72
0
 73
1
 93
4
 10
492.6
 20
652.5000000000001
 10
494.20000000000005
 20
652.5000000000001
 10
494.20000000000005
 20
653.9000000000001
 10
492.6
 20
653.9000000000001
 97
0
 75
1
 76
1
 98
0
  0
HATCH
  5
7BC
330
17
100
AcDbEntity
  8
A-EQUIPO-RELLENO
 62
7
420
13488340
100
AcDbHatch
 10
0.0
 20
0.0
 30
0.0
210
0.0
220
0.0
230
1.0
  2
SOLID
 70
1
 71
0
 91
1
 92
3
 72
0
 73
1
 93
4
 10
496.6000000000001
 20
645.0000000000001
 10
505.40000000000003
 20
645.0000000000001
 10
505.40000000000003
 20
654.6000000000001
 10
496.6000000000001
 20
654.6000000000001
 97
0
 75
1
 76
1
 98
0
  0
HATCH
  5
7BD
330
17
100
AcDbEntity
  8
A-EQUIPO-RELLENO
 62
7
420
14870510
100
AcDbHatch
 10
0.0
 20
0.0
 30
0.0
210
0.0
220
0.0
230
1.0
  2
SOLID
 70
1
 71
0
 91
1
 92
3
 72
0
 73
1
 93
4
 10
505.40000000000003
 20
647.8
 10
510.6
 20
647.8
 10
510.6
 20
651.8000000000001
 10
505.40000000000003
 20
651.8000000000001
 97
0
 75
1
 76
1
 98
0
  0
HATCH
  5
7BE
330
17
100
AcDbEntity
  8
A-EQUIPO-RELLENO
 62
7
420
13488340
100
AcDbHatch
 10
0.0
 20
0.0
 30
0.0
210
0.0
220
0.0
230
1.0
  2
SOLID
 70
1
 71
0
 91
1
 92
3
 72
0
 73
1
 93
24
 10
497.90000000000003
 20
658.6000000000001
 10
497.81140714835163
 20
659.2729295172667
 10
497.5516660498396
 20
659.9000000000001
 10
497.13847763108504
 20
660.4384776310851
 10
496.6
 20
660.8516660498397
 10
495.9729295172666
 20
661.1114071483518
 10
495.30000000000007
 20
661.2
 10
494.6270704827335
 20
661.1114071483518
 10
494.0
 20
660.8516660498397
 10
493.461522368915
 20
660.4384776310851
 10
493.0483339501605
 20
659.9000000000001
 10
492.78859285164845
 20
659.2729295172667
 10
492.70000000000005
 20
658.6000000000001
 10
492.78859285164845
 20
657.9270704827336
 10
493.0483339501605
 20
657.3000000000002
 10
493.461522368915
 20
656.7615223689152
 10
494.0
 20
656.3483339501606
 10
494.6270704827335
 20
656.0885928516485
 10
495.30000000000007
 20
656.0000000000001
 10
495.9729295172666
 20
656.0885928516485
 10
496.6
 20
656.3483339501606
 10
497.13847763108504
 20
656.7615223689152
 10
497.5516660498396
 20
657.3000000000002
 10
497.81140714835163
 20
657.9270704827336
 97
0
 75
1
 76
1
 98
0
  0
HATCH
  5
7BF
330
17
100
AcDbEntity
  8
A-EQUIPO-RELLENO
 62
7
420
15658734
100
AcDbHatch
 10
0.0
 20
0.0
 30
0.0
210
0.0
220
0.0
230
1.0
  2
SOLID
 70
1
 71
0
 91
1
 92
3
 72
0
 73
1
 93
4
 10
492.90000000000003
 20
652.6
 10
497.70000000000005
 20
652.6
 10
497.70000000000005
 20
656.6000000000001
 10
492.90000000000003
 20
656.6000000000001
 97
0
 75
1
 76
1
 98
0
  0
HATCH
  5
7C0
330
17
100
AcDbEntity
  8
A-EQUIPO-RELLENO
 62
7
420
15658734
100
AcDbHatch
 10
0.0
 20
0.0
 30
0.0
210
0.0
220
0.0
230
1.0
  2
SOLID
 70
1
 71
0
 91
1
 92
3
 72
0
 73
1
 93
4
 10
499.3
 20
655.0000000000001
 10
506.30000000000007
 20
655.0000000000001
 10
506.30000000000007
 20
662.0000000000002
 10
499.3
 20
662.0000000000002
 97
0
 75
1
 76
1
 98
0
  0
HATCH
  5
7C1
330
17
100
AcDbEntity
  8
A-EQUIPO-RELLENO
 62
7
420
13488340
100
AcDbHatch
 10
0.0
 20
0.0
 30
0.0
210
0.0
220
0.0
230
1.0
  2
SOLID
 70
1
 71
0
 91
1
 92
3
 72
0
 73
1
 93
4
 10
480.0
 20
655.0000000000001
 10
489.0
 20
655.0000000000001
 10
489.0
 20
662.6
 10
480.0
 20
662.6
 97
0
 75
1
 76
1
 98
0
  0
HATCH
  5
7C2
330
17
100
AcDbEntity
  8
A-EQUIPO-RELLENO
 62
7
420
13488340
100
AcDbHatch
 10
0.0
 20
0.0
 30
0.0
210
0.0
220
0.0
230
1.0
  2
SOLID
 70
1
 71
0
 91
1
 92
3
 72
0
 73
1
 93
4
 10
502.6000000000001
 20
639.4000000000001
 10
509.4
 20
639.4000000000001
 10
509.4
 20
643.4000000000001
 10
502.6000000000001
 20
643.4000000000001
 97
0
 75
1
 76
1
 98
0
  0
HATCH
  5
7C3
330
17
100
AcDbEntity
  8
A-EQUIPO-RELLENO
 62
7
420
14428200
100
AcDbHatch
 10
0.0
 20
0.0
 30
0.0
210
0.0
220
0.0
230
1.0
  2
SOLID
 70
1
 71
0
 91
1
 92
3
 72
0
 73
1
 93
24
 10
504.4533333333334
 20
641.4
 10
504.4287999282615
 20
641.5863497124737
 10
504.35687162405816
 20
641.76
 10
504.2424502157877
 20
641.9091168824543
 10
504.09333333333336
 20
642.0235382907248
 10
503.9196830458072
 20
642.0954665949282
 10
503.73333333333335
 20
642.12
 10
503.5469836208596
 20
642.0954665949282
 10
503.37333333333333
 20
642.0235382907248
 10
503.224216450879
 20
641.9091168824543
 10
503.1097950426086
 20
641.76
 10
503.0378667384052
 20
641.5863497124737
 10
503.0133333333333
 20
641.4
 10
503.0378667384052
 20
641.2136502875262
 10
503.1097950426086
 20
641.04
 10
503.224216450879
 20
640.8908831175459
 10
503.37333333333333
 20
640.7764617092753
 10
503.5469836208596
 20
640.7045334050719
 10
503.73333333333335
 20
640.6800000000001
 10
503.9196830458072
 20
640.7045334050719
 10
504.09333333333336
 20
640.7764617092753
 10
504.2424502157877
 20
640.8908831175459
 10
504.35687162405816
 20
641.04
 10
504.4287999282615
 20
641.2136502875262
 97
0
 75
1
 76
1
 98
0
  0
HATCH
  5
7C4
330
17
100
AcDbEntity
  8
A-EQUIPO-RELLENO
 62
7
420
16441845
100
AcDbHatch
 10
0.0
 20
0.0
 30
0.0
210
0.0
220
0.0
230
1.0
  2
SOLID
 70
1
 71
0
 91
1
 92
3
 72
0
 73
1
 93
14
 10
489.0
 20
629.4000000000001
 10
489.2044450422656
 20
627.847085729385
 10
489.8038475772934
 20
626.4
 10
490.75735931288074
 20
625.1573593128808
 10
492.00000000000006
 20
624.2038475772933
 10
493.44708572938487
 20
623.6044450422656
 10
495.0
 20
623.4000000000001
 10
496.55291427061513
 20
623.6044450422656
 10
498.0
 20
624.2038475772933
 10
499.2426406871193
 20
625.1573593128808
 10
500.19615242270663
 20
626.4
 10
500.79555495773445
 20
627.847085729385
 10
501.00000000000006
 20
629.4000000000001
 10
489.0
 20
629.4000000000001
 97
0
 75
1
 76
1
 98
0
  0
HATCH
  5
7C5
330
17
100
AcDbEntity
  8
A-EQUIPO-RELLENO
 62
7
420
16777215
100
AcDbHatch
 10
0.0
 20
0.0
 30
0.0
210
0.0
220
0.0
230
1.0
  2
SOLID
 70
1
 71
0
 91
1
 92
3
 72
0
 73
1
 93
24
 10
497.40000000000003
 20
629.8000000000001
 10
497.31822198309374
 20
630.4211657082462
 10
497.07846096908264
 20
631.0000000000001
 10
496.6970562748478
 20
631.4970562748478
 10
496.2
 20
631.8784609690828
 10
495.6211657082461
 20
632.1182219830938
 10
495.0
 20
632.2
 10
494.37883429175395
 20
632.1182219830938
 10
493.80000000000007
 20
631.8784609690828
 10
493.3029437251523
 20
631.4970562748478
 10
492.9215390309174
 20
631.0000000000001
 10
492.68177801690626
 20
630.4211657082462
 10
492.6
 20
629.8000000000001
 10
492.68177801690626
 20
629.178834291754
 10
492.9215390309174
 20
628.6
 10
493.3029437251523
 20
628.1029437251523
 10
493.80000000000007
 20
627.7215390309174
 10
494.37883429175395
 20
627.4817780169063
 10
495.0
 20
627.4000000000001
 10
495.6211657082461
 20
627.4817780169063
 10
496.2
 20
627.7215390309174
 10
496.6970562748478
 20
628.1029437251523
 10
497.07846096908264
 20
628.6
 10
497.31822198309374
 20
629.178834291754
 97
0
 75
1
 76
1
 98
0
  0
LWPOLYLINE
  5
7C6
330
17
100
AcDbEntity
  8
A-EQUIPO
100
AcDbPolyline
 90
4
 70
1
 10
479.0
 20
641.8000000000001
 10
511.00000000000006
 20
641.8000000000001
 10
511.00000000000006
 20
657.8
 10
479.0
 20
657.8
  0
LINE
  5
7C7
330
17
100
AcDbEntity
  8
A-EQUIPO
100
AcDbLine
 10
490.0
 20
643.4000000000001
 30
0.0
 11
510.0
 21
643.4000000000001
 31
0.0
  0
LINE
  5
7C8
330
17
100
AcDbEntity
  8
A-EQUIPO
100
AcDbLine
 10
490.0
 20
656.2
 30
0.0
 11
510.0
 21
656.2
 31
0.0
  0
LWPOLYLINE
  5
7C9
330
17
100
AcDbEntity
  8
A-EQUIPO
100
AcDbPolyline
 90
4
 70
1
 10
479.0
 20
640.8000000000002
 10
490.0
 20
640.8000000000002
 10
490.0
 20
659.8000000000001
 10
479.0
 20
659.8000000000001
  0
LWPOLYLINE
  5
7CA
330
17
100
AcDbEntity
  8
A-EQUIPO-FINO
100
AcDbPolyline
 90
4
 70
1
 10
480.0
 20
654.8000000000001
 10
486.00000000000006
 20
654.8000000000001
 10
486.00000000000006
 20
657.6
 10
480.0
 20
657.6
  0
LINE
  5
7CB
330
17
100
AcDbEntity
  8
A-EQUIPO-FINO
100
AcDbLine
 10
481.32
 20
655.36
 30
0.0
 11
485.52000000000004
 21
655.36
 31
0.0
  0
LINE
  5
7CC
330
17
100
AcDbEntity
  8
A-EQUIPO-FINO
100
AcDbLine
 10
481.32
 20
656.2
 30
0.0
 11
485.52000000000004
 21
656.2
 31
0.0
  0
LINE
  5
7CD
330
17
100
AcDbEntity
  8
A-EQUIPO-FINO
100
AcDbLine
 10
481.32
 20
657.0400000000001
 30
0.0
 11
485.52000000000004
 21
657.0400000000001
 31
0.0
  0
LWPOLYLINE
  5
7CE
330
17
100
AcDbEntity
  8
A-EQUIPO-FINO
100
AcDbPolyline
 90
4
 70
1
 10
478.91999999999996
 20
655.0800000000002
 10
480.0
 20
655.0800000000002
 10
480.0
 20
657.3200000000002
 10
478.91999999999996
 20
657.3200000000002
  0
LINE
  5
7CF
330
17
100
AcDbEntity
  8
A-EQUIPO-FINO
100
AcDbLine
 10
486.00000000000006
 20
656.2
 30
0.0
 11
487.08000000000004
 21
656.2
 31
0.0
  0
LWPOLYLINE
  5
7D0
330
17
100
AcDbEntity
  8
A-EQUIPO-FINO
100
AcDbPolyline
 90
4
 70
1
 10
482.7
 20
655.6400000000001
 10
484.20000000000005
 20
655.6400000000001
 10
484.20000000000005
 20
656.76
 10
482.7
 20
656.76
  0
LWPOLYLINE
  5
7D1
330
17
100
AcDbEntity
  8
A-EQUIPO
100
AcDbPolyline
 90
4
 70
1
 10
490.0
 20
644.8000000000001
 10
492.6
 20
644.8000000000001
 10
492.6
 20
654.8000000000001
 10
490.0
 20
654.8000000000001
  0
LWPOLYLINE
  5
7D2
330
17
100
AcDbEntity
  8
A-EQUIPO-FINO
100
AcDbPolyline
 90
4
 70
1
 10
492.6
 20
645.7
 10
494.20000000000005
 20
645.7
 10
494.20000000000005
 20
647.1000000000001
 10
492.6
 20
647.1000000000001
  0
LWPOLYLINE
  5
7D3
330
17
100
AcDbEntity
  8
A-EQUIPO-FINO
100
AcDbPolyline
 90
4
 70
1
 10
492.6
 20
649.1000000000001
 10
494.20000000000005
 20
649.1000000000001
 10
494.20000000000005
 20
650.5000000000001
 10
492.6
 20
650.5000000000001
  0
LWPOLYLINE
  5
7D4
330
17
100
AcDbEntity
  8
A-EQUIPO-FINO
100
AcDbPolyline
 90
4
 70
1
 10
492.6
 20
652.5000000000001
 10
494.20000000000005
 20
652.5000000000001
 10
494.20000000000005
 20
653.9000000000001
 10
492.6
 20
653.9000000000001
  0
LINE
  5
7D5
330
17
100
AcDbEntity
  8
A-EQUIPO-OCULTO
100
AcDbLine
 10
497.00000000000006
 20
647.4000000000001
 30
0.0
 11
493.6
 21
647.4000000000001
 31
0.0
  0
LINE
  5
7D6
330
17
100
AcDbEntity
  8
A-EQUIPO-OCULTO
100
AcDbLine
 10
497.00000000000006
 20
652.2000000000002
 30
0.0
 11
493.6
 21
652.2000000000002
 31
0.0
  0
ARC
  5
7D7
330
17
100
AcDbEntity
  8
A-EQUIPO-OCULTO
100
AcDbCircle
 10
497.00000000000006
 20
649.8000000000001
 30
0.0
 40
2.4000000000000057
100
AcDbArc
 50
90.0
 51
270.0
  0
ARC
  5
7D8
330
17
100
AcDbEntity
  8
A-EQUIPO-OCULTO
100
AcDbCircle
 10
493.6
 20
649.8000000000001
 30
0.0
 40
2.4000000000000057
100
AcDbArc
 50
270.0
 51
90.0
  0
LINE
  5
7D9
330
17
100
AcDbEntity
  8
A-EJE
100
AcDbLine
 10
492.6
 20
649.8000000000001
 30
0.0
 11
498.00000000000006
 21
649.8000000000001
 31
0.0
  0
LINE
  5
7DA
330
17
100
AcDbEntity
  8
A-EQUIPO-FINO
100
AcDbLine
 10
498.0
 20
647.4000000000001
 30
0.0
 11
498.0
 21
652.2000000000002
 31
0.0
  0
LINE
  5
7DB
330
17
100
AcDbEntity
  8
A-EQUIPO-FINO
100
AcDbLine
 10
492.6
 20
647.4000000000001
 30
0.0
 11
492.6
 21
652.2000000000002
 31
0.0
  0
LWPOLYLINE
  5
7DC
330
17
100
AcDbEntity
  8
A-EQUIPO
100
AcDbPolyline
 90
4
 70
1
 10
496.6000000000001
 20
645.0000000000001
 10
505.40000000000003
 20
645.0000000000001
 10
505.40000000000003
 20
654.6000000000001
 10
496.6000000000001
 20
654.6000000000001
  0
LWPOLYLINE
  5
7DD
330
17
100
AcDbEntity
  8
A-EQUIPO
100
AcDbPolyline
 90
3
 70
0
 10
496.6000000000001
 20
648.2
 10
496.40000000000003
 20
649.8000000000001
 10
496.6000000000001
 20
651.4000000000001
  0
LWPOLYLINE
  5
7DE
330
17
100
AcDbEntity
  8
A-EQUIPO-FINO
100
AcDbPolyline
 90
4
 70
1
 10
505.40000000000003
 20
647.8
 10
510.6
 20
647.8
 10
510.6
 20
651.8000000000001
 10
505.40000000000003
 20
651.8000000000001
  0
CIRCLE
  5
7DF
330
17
100
AcDbEntity
  8
A-EQUIPO
100
AcDbCircle
 10
495.30000000000007
 20
658.6000000000001
 30
0.0
 40
2.6
  0
CIRCLE
  5
7E0
330
17
100
AcDbEntity
  8
A-EQUIPO-FINO
100
AcDbCircle
 10
495.30000000000007
 20
658.6000000000001
 30
0.0
 40
1.2
  0
LWPOLYLINE
  5
7E1
330
17
100
AcDbEntity
  8
A-EQUIPO-OCULTO
100
AcDbPolyline
 90
4
 70
1
 10
493.90000000000003
 20
650.8000000000002
 10
496.70000000000005
 20
650.8000000000002
 10
496.70000000000005
 20
658.6000000000001
 10
493.90000000000003
 20
658.6000000000001
  0
LWPOLYLINE
  5
7E2
330
17
100
AcDbEntity
  8
A-EQUIPO-FINO
100
AcDbPolyline
 90
4
 70
1
 10
492.90000000000003
 20
652.6
 10
497.70000000000005
 20
652.6
 10
497.70000000000005
 20
656.6000000000001
 10
492.90000000000003
 20
656.6000000000001
  0
CIRCLE
  5
7E3
330
17
100
AcDbEntity
  8
A-EQUIPO
100
AcDbCircle
 10
495.30000000000007
 20
651.8000000000001
 30
0.0
 40
0.6
  0
LWPOLYLINE
  5
7E4
330
17
100
AcDbEntity
  8
A-EQUIPO-FINO
100
AcDbPolyline
 90
4
 70
1
 10
499.3
 20
655.0000000000001
 10
506.30000000000007
 20
655.0000000000001
 10
506.30000000000007
 20
662.0000000000002
 10
499.3
 20
662.0000000000002
  0
CIRCLE
  5
7E5
330
17
100
AcDbEntity
  8
A-EQUIPO-FINO
100
AcDbCircle
 10
502.80000000000007
 20
658.5000000000001
 30
0.0
 40
2.4
  0
LWPOLYLINE
  5
7E6
330
17
100
AcDbEntity
  8
A-EQUIPO-FINO
100
AcDbPolyline
 90
4
 70
1
 10
480.0
 20
655.0000000000001
 10
489.0
 20
655.0000000000001
 10
489.0
 20
662.6
 10
480.0
 20
662.6
  0
CIRCLE
  5
7E7
330
17
100
AcDbEntity
  8
A-EQUIPO-FINO
100
AcDbCircle
 10
484.4
 20
658.8000000000001
 30
0.0
 40
2.4
  0
CIRCLE
  5
7E8
330
17
100
AcDbEntity
  8
A-EQUIPO-FINO
100
AcDbCircle
 10
484.4
 20
658.8000000000001
 30
0.0
 40
0.48
  0
LWPOLYLINE
  5
7E9
330
17
100
AcDbEntity
  8
A-EQUIPO-FINO
100
AcDbPolyline
 90
2
 70
0
 10
484.88
 20
658.8000000000001
 10
486.07107017034957
 20
659.9700959301562
  0
LWPOLYLINE
  5
7EA
330
17
100
AcDbEntity
  8
A-EQUIPO-FINO
100
AcDbPolyline
 90
2
 70
0
 10
484.64
 20
659.2156921938167
 10
484.2222022847948
 20
660.8322371841073
  0
LWPOLYLINE
  5
7EB
330
17
100
AcDbEntity
  8
A-EQUIPO-FINO
100
AcDbPolyline
 90
2
 70
0
 10
484.15999999999997
 20
659.2156921938167
 10
482.5511321144453
 20
659.6621412539512
  0
LWPOLYLINE
  5
7EC
330
17
100
AcDbEntity
  8
A-EQUIPO-FINO
100
AcDbPolyline
 90
2
 70
0
 10
483.91999999999996
 20
658.8000000000001
 10
482.7289298296505
 20
657.629904069844
  0
LWPOLYLINE
  5
7ED
330
17
100
AcDbEntity
  8
A-EQUIPO-FINO
100
AcDbPolyline
 90
2
 70
0
 10
484.15999999999997
 20
658.3843078061835
 10
484.57779771520524
 20
656.767762815893
  0
LWPOLYLINE
  5
7EE
330
17
100
AcDbEntity
  8
A-EQUIPO-FINO
100
AcDbPolyline
 90
2
 70
0
 10
484.64
 20
658.3843078061835
 10
486.2488678855548
 20
657.9378587460491
  0
CIRCLE
  5
7EF
330
17
100
AcDbEntity
  8
A-EQUIPO-FINO
100
AcDbCircle
 10
505.0
 20
659.0
 30
0.0
 40
1.7999999999999998
  0
CIRCLE
  5
7F0
330
17
100
AcDbEntity
  8
A-EQUIPO-FINO
100
AcDbCircle
 10
505.0
 20
659.0
 30
0.0
 40
0.8
  0
LINE
  5
7F1
330
17
100
AcDbEntity
  8
A-EQUIPO-OCULTO
100
AcDbLine
 10
505.63872293927585
 20
658.3659392719599
 30
0.0
 11
502.2387229392758
 21
654.9409392719599
 31
0.0
  0
LINE
  5
7F2
330
17
100
AcDbEntity
  8
A-EQUIPO-OCULTO
100
AcDbLine
 10
504.3612770607242
 20
659.6340607280404
 30
0.0
 11
500.9612770607242
 21
656.2090607280403
 31
0.0
  0
LINE
  5
7F3
330
17
100
AcDbEntity
  8
A-EQUIPO-OCULTO
100
AcDbLine
 10
502.49048234599763
 20
655.7055419145967
 30
0.0
 11
503.1904823459977
 21
650.9305419145966
 31
0.0
  0
LINE
  5
7F4
330
17
100
AcDbEntity
  8
A-EQUIPO-OCULTO
100
AcDbLine
 10
500.7095176540024
 20
655.4444580854035
 30
0.0
 11
501.40951765400234
 21
650.6694580854036
 31
0.0
  0
CIRCLE
  5
7F5
330
17
100
AcDbEntity
  8
A-EQUIPO-OCULTO
100
AcDbCircle
 10
501.6
 20
655.575
 30
0.0
 40
1.0
  0
CIRCLE
  5
7F6
330
17
100
AcDbEntity
  8
A-EQUIPO-FINO
100
AcDbCircle
 10
502.3
 20
650.8000000000002
 30
0.0
 40
3.2
  0
CIRCLE
  5
7F7
330
17
100
AcDbEntity
  8
A-EQUIPO-FINO
100
AcDbCircle
 10
502.3
 20
650.8000000000002
 30
0.0
 40
2.0
  0
LWPOLYLINE
  5
7F8
330
17
100
AcDbEntity
  8
A-EQUIPO-FINO
100
AcDbPolyline
 90
4
 70
1
 10
502.6000000000001
 20
639.4000000000001
 10
509.4
 20
639.4000000000001
 10
509.4
 20
643.4000000000001
 10
502.6000000000001
 20
643.4000000000001
  0
CIRCLE
  5
7F9
330
17
100
AcDbEntity
  8
A-EQUIPO-FINO
100
AcDbCircle
 10
503.73333333333335
 20
641.4
 30
0.0
 40
0.72
  0
CIRCLE
  5
7FA
330
17
100
AcDbEntity
  8
A-EQUIPO-FINO
100
AcDbCircle
 10
506.00000000000006
 20
641.4
 30
0.0
 40
0.72
  0
CIRCLE
  5
7FB
330
17
100
AcDbEntity
  8
A-EQUIPO-FINO
100
AcDbCircle
 10
508.2666666666667
 20
641.4
 30
0.0
 40
0.72
  0
LINE
  5
7FD
330
17
100
AcDbEntity
  8
A-AREA-TRABAJO
100
AcDbLine
 10
476.00000000000006
 20
620.0
 30
0.0
 11
486.00000000000006
 21
620.0
 31
0.0
  0
LWPOLYLINE
  5
7FF
330
17
100
AcDbEntity
  8
A-OPERARIO
100
AcDbPolyline
 90
13
 70
1
 10
489.0
 20
629.4000000000001
 10
489.2044450422656
 20
627.847085729385
 10
489.8038475772934
 20
626.4
 10
490.75735931288074
 20
625.1573593128808
 10
492.00000000000006
 20
624.2038475772933
 10
493.44708572938487
 20
623.6044450422656
 10
495.0
 20
623.4000000000001
 10
496.55291427061513
 20
623.6044450422656
 10
498.0
 20
624.2038475772933
 10
499.2426406871193
 20
625.1573593128808
 10
500.19615242270663
 20
626.4
 10
500.79555495773445
 20
627.847085729385
 10
501.00000000000006
 20
629.4000000000001
  0
CIRCLE
  5
800
330
17
100
AcDbEntity
  8
A-OPERARIO
100
AcDbCircle
 10
495.0
 20
629.8000000000001
 30
0.0
 40
2.4
  0
HATCH
  5
1C28
330
17
100
AcDbEntity
  8
A-EQUIPO-RELLENO
 62
7
420
15658734
100
AcDbHatch
 10
0.0
 20
0.0
 30
0.0
210
0.0
220
0.0
230
1.0
  2
SOLID
 70
1
 71
0
 91
1
 92
3
 72
0
 73
1
 93
4
 10
48.0
 20
567.0
 10
47.999999999999986
 20
475.0
 10
59.999999999999986
 20
475.0
 10
60.0
 20
567.0
 97
0
 75
1
 76
1
 98
0
  0
LWPOLYLINE
  5
1C29
330
17
100
AcDbEntity
  8
A-MOBILIARIO
100
AcDbPolyline
 90
4
 70
1
 10
48.0
 20
567.0
 10
47.999999999999986
 20
475.0
 10
59.999999999999986
 20
475.0
 10
60.0
 20
567.0
  0
LWPOLYLINE
  5
1C2A
330
17
100
AcDbEntity
  8
A-MOBILIARIO
100
AcDbPolyline
 90
4
 70
1
 10
50.4
 20
562.0
 10
50.4
 20
552.0
 10
57.6
 20
552.0
 10
57.6
 20
562.0
  0
CIRCLE
  5
1C2B
330
17
100
AcDbEntity
  8
A-EQUIPO-FINO
100
AcDbCircle
 10
54.0
 20
557.0
 30
0.0
 40
0.6
  0
LWPOLYLINE
  5
1C2C
330
17
100
AcDbEntity
  8
A-MOBILIARIO
100
AcDbPolyline
 90
4
 70
1
 10
50.4
 20
550.0
 10
50.39999999999999
 20
540.0
 10
57.599999999999994
 20
540.0
 10
57.6
 20
550.0
  0
CIRCLE
  5
1C2D
330
17
100
AcDbEntity
  8
A-EQUIPO-FINO
100
AcDbCircle
 10
54.0
 20
545.0
 30
0.0
 40
0.6
  0
LWPOLYLINE
  5
1C2E
330
17
100
AcDbEntity
  8
A-MOBILIARIO
100
AcDbPolyline
 90
4
 70
1
 10
49.8
 20
531.0000000000001
 10
49.79999999999999
 20
519.0
 10
58.19999999999999
 20
519.0
 10
58.199999999999996
 20
531.0000000000001
  0
CIRCLE
  5
1C2F
330
17
100
AcDbEntity
  8
A-EQUIPO-FINO
100
AcDbCircle
 10
51.599999999999994
 20
528.0
 30
0.0
 40
1.6
  0
CIRCLE
  5
1C30
330
17
100
AcDbEntity
  8
A-EQUIPO-FINO
100
AcDbCircle
 10
56.39999999999999
 20
528.0
 30
0.0
 40
1.6
  0
CIRCLE
  5
1C31
330
17
100
AcDbEntity
  8
A-EQUIPO-FINO
100
AcDbCircle
 10
51.599999999999994
 20
522.0
 30
0.0
 40
1.6
  0
CIRCLE
  5
1C32
330
17
100
AcDbEntity
  8
A-EQUIPO-FINO
100
AcDbCircle
 10
56.39999999999999
 20
522.0
 30
0.0
 40
1.6
  0
LWPOLYLINE
  5
1C33
330
17
100
AcDbEntity
  8
A-MOBILIARIO
100
AcDbPolyline
 90
4
 70
1
 10
50.39999999999999
 20
515.0
 10
50.39999999999999
 20
505.0
 10
58.79999999999999
 20
505.0
 10
58.79999999999999
 20
515.0
  0
LWPOLYLINE
  5
1C34
330
17
100
AcDbEntity
  8
A-EQUIPO-FINO
100
AcDbPolyline
 90
4
 70
1
 10
51.599999999999994
 20
514.0
 10
51.599999999999994
 20
508.0
 10
57.599999999999994
 20
508.0
 10
57.599999999999994
 20
514.0
  0
LWPOLYLINE
  5
1C35
330
17
100
AcDbEntity
  8
A-MOBILIARIO
100
AcDbPolyline
 90
4
 70
1
 10
50.39999999999999
 20
503.0
 10
50.39999999999999
 20
493.0
 10
58.79999999999998
 20
493.0
 10
58.79999999999999
 20
503.0
  0
LWPOLYLINE
  5
1C36
330
17
100
AcDbEntity
  8
A-EQUIPO-FINO
100
AcDbPolyline
 90
4
 70
1
 10
51.599999999999994
 20
502.0
 10
51.59999999999999
 20
496.0000000000001
 10
57.59999999999999
 20
496.0000000000001
 10
57.599999999999994
 20
502.0
  0
HATCH
  5
1C37
330
17
100
AcDbEntity
  8
A-EQUIPO-RELLENO
 62
7
420
16777215
100
AcDbHatch
 10
0.0
 20
0.0
 30
0.0
210
0.0
220
0.0
230
1.0
  2
SOLID
 70
1
 71
0
 91
1
 92
3
 72
0
 73
1
 93
4
 10
46.0
 20
470.99999999999994
 10
46.0
 20
455.0
 10
60.0
 20
455.0
 10
60.0
 20
470.99999999999994
 97
0
 75
1
 76
1
 98
0
  0
LWPOLYLINE
  5
1C38
330
17
100
AcDbEntity
  8
A-MOBILIARIO
100
AcDbPolyline
 90
4
 70
1
 10
46.0
 20
470.99999999999994
 10
46.0
 20
455.0
 10
60.0
 20
455.0
 10
60.0
 20
470.99999999999994
  0
LINE
  5
1C39
330
17
100
AcDbEntity
  8
A-EQUIPO-FINO
100
AcDbLine
 10
46.0
 20
462.2
 30
0.0
 11
60.0
 21
462.2
 31
0.0
  0
LINE
  5
1C3A
330
17
100
AcDbEntity
  8
A-EQUIPO-FINO
100
AcDbLine
 10
47.0
 20
470.0
 30
0.0
 11
51.599999999999994
 21
470.0
 31
0.0
  0
HATCH
  5
1C3B
330
17
100
AcDbEntity
  8
A-EQUIPO-RELLENO
 62
7
420
13165050
100
AcDbHatch
 10
0.0
 20
0.0
 30
0.0
210
0.0
220
0.0
230
1.0
  2
SOLID
 70
1
 71
0
 91
1
 92
3
 72
0
 73
1
 93
4
 10
52.0
 20
323.0
 10
52.0
 20
315.0
 10
60.0
 20
315.0
 10
60.0
 20
323.0
 97
0
 75
1
 76
1
 98
0
  0
LWPOLYLINE
  5
1C3C
330
17
100
AcDbEntity
  8
A-MOBILIARIO
100
AcDbPolyline
 90
4
 70
1
 10
52.0
 20
323.0
 10
52.0
 20
315.0
 10
60.0
 20
315.0
 10
60.0
 20
323.0
  0
CIRCLE
  5
1C3D
330
17
100
AcDbEntity
  8
A-EQUIPO-FINO
100
AcDbCircle
 10
56.0
 20
319.0
 30
0.0
 40
2.3999999999999915
  0
TEXT
  5
2CD0
330
17
100
AcDbEntity
  8
A-PULMON
100
AcDbText
 10
498.0
 20
444.00000000000006
 30
0.0
 40
1.54
  1
PU-L1
  7
ISO3098
 11
498.0
 21
444.00000000000006
 31
0.0
100
AcDbText
 73
3
  0
CIRCLE
  5
2CD3
330
17
100
AcDbEntity
  8
A-EQUIPO-FINO
100
AcDbCircle
 10
508.4666666666667
 20
416.35999999999996
 30
0.0
 40
1.8000000000000003
  0
CIRCLE
  5
2CD4
330
17
100
AcDbEntity
  8
A-EQUIPO-FINO
100
AcDbCircle
 10
508.4666666666667
 20
416.35999999999996
 30
0.0
 40
0.56
  0
CIRCLE
  5
2CD5
330
17
100
AcDbEntity
  8
A-EQUIPO-FINO
100
AcDbCircle
 10
508.4666666666667
 20
420.67999999999995
 30
0.0
 40
1.8000000000000003
  0
CIRCLE
  5
2CD6
330
17
100
AcDbEntity
  8
A-EQUIPO-FINO
100
AcDbCircle
 10
508.4666666666667
 20
420.67999999999995
 30
0.0
 40
0.56
  0
CIRCLE
  5
2CD7
330
17
100
AcDbEntity
  8
A-EQUIPO-FINO
100
AcDbCircle
 10
508.4666666666667
 20
425.0
 30
0.0
 40
1.8000000000000003
  0
CIRCLE
  5
2CD8
330
17
100
AcDbEntity
  8
A-EQUIPO-FINO
100
AcDbCircle
 10
508.4666666666667
 20
425.0
 30
0.0
 40
0.56
  0
CIRCLE
  5
2CD9
330
17
100
AcDbEntity
  8
A-EQUIPO-FINO
100
AcDbCircle
 10
508.4666666666667
 20
429.31999999999994
 30
0.0
 40
1.8000000000000003
  0
CIRCLE
  5
2CDA
330
17
100
AcDbEntity
  8
A-EQUIPO-FINO
100
AcDbCircle
 10
508.4666666666667
 20
429.31999999999994
 30
0.0
 40
0.56
  0
CIRCLE
  5
2CDB
330
17
100
AcDbEntity
  8
A-EQUIPO-FINO
100
AcDbCircle
 10
508.4666666666667
 20
433.64
 30
0.0
 40
1.8000000000000003
  0
CIRCLE
  5
2CDC
330
17
100
AcDbEntity
  8
A-EQUIPO-FINO
100
AcDbCircle
 10
508.4666666666667
 20
433.64
 30
0.0
 40
0.56
  0
LINE
  5
2CF1
330
17
100
AcDbEntity
  8
A-OPERARIO
100
AcDbLine
 10
510.0
 20
436.99999999999994
 30
0.0
 11
510.0
 21
439.4
 31
0.0
  0
TEXT
  5
2CF5
330
17
100
AcDbEntity
  8
A-PULMON
100
AcDbText
 10
498.0
 20
527.0
 30
0.0
 40
1.54
  1
PU-L2
  7
ISO3098
 11
498.0
 21
527.0
 31
0.0
100
AcDbText
 73
3
  0
CIRCLE
  5
2CF8
330
17
100
AcDbEntity
  8
A-EQUIPO-FINO
100
AcDbCircle
 10
508.4666666666667
 20
500.2599999999998
 30
0.0
 40
1.8000000000000003
  0
CIRCLE
  5
2CF9
330
17
100
AcDbEntity
  8
A-EQUIPO-FINO
100
AcDbCircle
 10
508.4666666666667
 20
500.2599999999998
 30
0.0
 40
0.56
  0
CIRCLE
  5
2CFA
330
17
100
AcDbEntity
  8
A-EQUIPO-FINO
100
AcDbCircle
 10
508.4666666666667
 20
504.3799999999999
 30
0.0
 40
1.8000000000000003
  0
CIRCLE
  5
2CFB
330
17
100
AcDbEntity
  8
A-EQUIPO-FINO
100
AcDbCircle
 10
508.4666666666667
 20
504.3799999999999
 30
0.0
 40
0.56
  0
CIRCLE
  5
2CFC
330
17
100
AcDbEntity
  8
A-EQUIPO-FINO
100
AcDbCircle
 10
508.4666666666667
 20
508.49999999999994
 30
0.0
 40
1.8000000000000003
  0
CIRCLE
  5
2CFD
330
17
100
AcDbEntity
  8
A-EQUIPO-FINO
100
AcDbCircle
 10
508.4666666666667
 20
508.49999999999994
 30
0.0
 40
0.56
  0
CIRCLE
  5
2CFE
330
17
100
AcDbEntity
  8
A-EQUIPO-FINO
100
AcDbCircle
 10
508.4666666666667
 20
512.6199999999999
 30
0.0
 40
1.8000000000000003
  0
CIRCLE
  5
2CFF
330
17
100
AcDbEntity
  8
A-EQUIPO-FINO
100
AcDbCircle
 10
508.4666666666667
 20
512.6199999999999
 30
0.0
 40
0.56
  0
CIRCLE
  5
2D00
330
17
100
AcDbEntity
  8
A-EQUIPO-FINO
100
AcDbCircle
 10
508.4666666666667
 20
516.7399999999999
 30
0.0
 40
1.8000000000000003
  0
CIRCLE
  5
2D01
330
17
100
AcDbEntity
  8
A-EQUIPO-FINO
100
AcDbCircle
 10
508.4666666666667
 20
516.7399999999999
 30
0.0
 40
0.56
  0
LINE
  5
2D16
330
17
100
AcDbEntity
  8
A-OPERARIO
100
AcDbLine
 10
510.0
 20
519.9999999999999
 30
0.0
 11
510.0
 21
522.4
 31
0.0
  0
LWPOLYLINE
  5
2D19
330
17
100
AcDbEntity
  8
A-PULMON
100
AcDbPolyline
 90
4
 70
1
 10
463.0
 20
534.0
 10
499.0
 20
534.0
 10
499.0
 20
591.0
 10
463.0
 20
591.0
  0
TEXT
  5
2D1A
330
17
100
AcDbEntity
  8
A-PULMON
100
AcDbText
 10
466.0
 20
588.0
 30
0.0
 40
1.54
  1
PU-K
  7
ISO3098
 11
466.0
 21
588.0
 31
0.0
100
AcDbText
 73
3
  0
HATCH
  5
2D1B
330
17
100
AcDbEntity
  8
A-EQUIPO-RELLENO
 62
7
420
16445690
100
AcDbHatch
 10
0.0
 20
0.0
 30
0.0
210
0.0
220
0.0
230
1.0
  2
SOLID
 70
1
 71
0
 91
1
 92
3
 72
0
 73
1
 93
4
 10
473.0
 20
536.0
 10
489.0
 20
536.0
 10
489.0
 20
555.4999999999998
 10
473.0
 20
555.4999999999998
 97
0
 75
1
 76
1
 98
0
  0
LWPOLYLINE
  5
2D1C
330
17
100
AcDbEntity
  8
A-OPERARIO
100
AcDbPolyline
 90
4
 70
1
 10
473.0
 20
536.0
 10
489.0
 20
536.0
 10
489.0
 20
555.4999999999998
 10
473.0
 20
555.4999999999998
  0
CIRCLE
  5
2D1D
330
17
100
AcDbEntity
  8
A-EQUIPO-FINO
100
AcDbCircle
 10
476.46666666666664
 20
539.3374999999999
 30
0.0
 40
1.8000000000000003
  0
CIRCLE
  5
2D1E
330
17
100
AcDbEntity
  8
A-EQUIPO-FINO
100
AcDbCircle
 10
476.46666666666664
 20
539.3374999999999
 30
0.0
 40
0.56
  0
CIRCLE
  5
2D1F
330
17
100
AcDbEntity
  8
A-EQUIPO-FINO
100
AcDbCircle
 10
476.46666666666664
 20
543.6125
 30
0.0
 40
1.8000000000000003
  0
CIRCLE
  5
2D20
330
17
100
AcDbEntity
  8
A-EQUIPO-FINO
100
AcDbCircle
 10
476.46666666666664
 20
543.6125
 30
0.0
 40
0.56
  0
CIRCLE
  5
2D21
330
17
100
AcDbEntity
  8
A-EQUIPO-FINO
100
AcDbCircle
 10
476.46666666666664
 20
547.8874999999999
 30
0.0
 40
1.8000000000000003
  0
CIRCLE
  5
2D22
330
17
100
AcDbEntity
  8
A-EQUIPO-FINO
100
AcDbCircle
 10
476.46666666666664
 20
547.8874999999999
 30
0.0
 40
0.56
  0
CIRCLE
  5
2D23
330
17
100
AcDbEntity
  8
A-EQUIPO-FINO
100
AcDbCircle
 10
476.46666666666664
 20
552.1624999999999
 30
0.0
 40
1.8000000000000003
  0
CIRCLE
  5
2D24
330
17
100
AcDbEntity
  8
A-EQUIPO-FINO
100
AcDbCircle
 10
476.46666666666664
 20
552.1624999999999
 30
0.0
 40
0.56
  0
CIRCLE
  5
2D25
330
17
100
AcDbEntity
  8
A-EQUIPO-FINO
100
AcDbCircle
 10
481.0
 20
539.3374999999999
 30
0.0
 40
1.8000000000000003
  0
CIRCLE
  5
2D26
330
17
100
AcDbEntity
  8
A-EQUIPO-FINO
100
AcDbCircle
 10
481.0
 20
539.3374999999999
 30
0.0
 40
0.56
  0
CIRCLE
  5
2D27
330
17
100
AcDbEntity
  8
A-EQUIPO-FINO
100
AcDbCircle
 10
481.0
 20
543.6125
 30
0.0
 40
1.8000000000000003
  0
CIRCLE
  5
2D28
330
17
100
AcDbEntity
  8
A-EQUIPO-FINO
100
AcDbCircle
 10
481.0
 20
543.6125
 30
0.0
 40
0.56
  0
CIRCLE
  5
2D29
330
17
100
AcDbEntity
  8
A-EQUIPO-FINO
100
AcDbCircle
 10
481.0
 20
547.8874999999999
 30
0.0
 40
1.8000000000000003
  0
CIRCLE
  5
2D2A
330
17
100
AcDbEntity
  8
A-EQUIPO-FINO
100
AcDbCircle
 10
481.0
 20
547.8874999999999
 30
0.0
 40
0.56
  0
CIRCLE
  5
2D2B
330
17
100
AcDbEntity
  8
A-EQUIPO-FINO
100
AcDbCircle
 10
481.0
 20
552.1624999999999
 30
0.0
 40
1.8000000000000003
  0
CIRCLE
  5
2D2C
330
17
100
AcDbEntity
  8
A-EQUIPO-FINO
100
AcDbCircle
 10
481.0
 20
552.1624999999999
 30
0.0
 40
0.56
  0
CIRCLE
  5
2D2D
330
17
100
AcDbEntity
  8
A-EQUIPO-FINO
100
AcDbCircle
 10
485.5333333333333
 20
539.3374999999999
 30
0.0
 40
1.8000000000000003
  0
CIRCLE
  5
2D2E
330
17
100
AcDbEntity
  8
A-EQUIPO-FINO
100
AcDbCircle
 10
485.5333333333333
 20
539.3374999999999
 30
0.0
 40
0.56
  0
CIRCLE
  5
2D2F
330
17
100
AcDbEntity
  8
A-EQUIPO-FINO
100
AcDbCircle
 10
485.5333333333333
 20
543.6125
 30
0.0
 40
1.8000000000000003
  0
CIRCLE
  5
2D30
330
17
100
AcDbEntity
  8
A-EQUIPO-FINO
100
AcDbCircle
 10
485.5333333333333
 20
543.6125
 30
0.0
 40
0.56
  0
CIRCLE
  5
2D31
330
17
100
AcDbEntity
  8
A-EQUIPO-FINO
100
AcDbCircle
 10
485.5333333333333
 20
547.8874999999999
 30
0.0
 40
1.8000000000000003
  0
CIRCLE
  5
2D32
330
17
100
AcDbEntity
  8
A-EQUIPO-FINO
100
AcDbCircle
 10
485.5333333333333
 20
547.8874999999999
 30
0.0
 40
0.56
  0
CIRCLE
  5
2D33
330
17
100
AcDbEntity
  8
A-EQUIPO-FINO
100
AcDbCircle
 10
485.5333333333333
 20
552.1624999999999
 30
0.0
 40
1.8000000000000003
  0
CIRCLE
  5
2D34
330
17
100
AcDbEntity
  8
A-EQUIPO-FINO
100
AcDbCircle
 10
485.5333333333333
 20
552.1624999999999
 30
0.0
 40
0.56
  0
LINE
  5
2D35
330
17
100
AcDbEntity
  8
A-OPERARIO
100
AcDbLine
 10
478.0
 20
555.4999999999998
 30
0.0
 11
478.0
 21
557.8999999999999
 31
0.0
  0
LINE
  5
2D36
330
17
100
AcDbEntity
  8
A-OPERARIO
100
AcDbLine
 10
484.0
 20
555.4999999999998
 30
0.0
 11
484.0
 21
557.8999999999999
 31
0.0
  0
LINE
  5
2D37
330
17
100
AcDbEntity
  8
A-OPERARIO
100
AcDbLine
 10
478.0
 20
557.8999999999999
 30
0.0
 11
484.0
 21
557.8999999999999
 31
0.0
  0
HATCH
  5
2D38
330
17
100
AcDbEntity
  8
A-EQUIPO-RELLENO
 62
7
420
16445690
100
AcDbHatch
 10
0.0
 20
0.0
 30
0.0
210
0.0
220
0.0
230
1.0
  2
SOLID
 70
1
 71
0
 91
1
 92
3
 72
0
 73
1
 93
4
 10
473.0
 20
561.4999999999999
 10
489.0
 20
561.4999999999999
 10
489.0
 20
580.9999999999998
 10
473.0
 20
580.9999999999998
 97
0
 75
1
 76
1
 98
0
  0
LWPOLYLINE
  5
2D39
330
17
100
AcDbEntity
  8
A-OPERARIO
100
AcDbPolyline
 90
4
 70
1
 10
473.0
 20
561.4999999999999
 10
489.0
 20
561.4999999999999
 10
489.0
 20
580.9999999999998
 10
473.0
 20
580.9999999999998
  0
CIRCLE
  5
2D3A
330
17
100
AcDbEntity
  8
A-EQUIPO-FINO
100
AcDbCircle
 10
476.46666666666664
 20
564.8374999999999
 30
0.0
 40
1.8000000000000003
  0
CIRCLE
  5
2D3B
330
17
100
AcDbEntity
  8
A-EQUIPO-FINO
100
AcDbCircle
 10
476.46666666666664
 20
564.8374999999999
 30
0.0
 40
0.56
  0
CIRCLE
  5
2D3C
330
17
100
AcDbEntity
  8
A-EQUIPO-FINO
100
AcDbCircle
 10
476.46666666666664
 20
569.1125
 30
0.0
 40
1.8000000000000003
  0
CIRCLE
  5
2D3D
330
17
100
AcDbEntity
  8
A-EQUIPO-FINO
100
AcDbCircle
 10
476.46666666666664
 20
569.1125
 30
0.0
 40
0.56
  0
CIRCLE
  5
2D3E
330
17
100
AcDbEntity
  8
A-EQUIPO-FINO
100
AcDbCircle
 10
476.46666666666664
 20
573.3874999999999
 30
0.0
 40
1.8000000000000003
  0
CIRCLE
  5
2D3F
330
17
100
AcDbEntity
  8
A-EQUIPO-FINO
100
AcDbCircle
 10
476.46666666666664
 20
573.3874999999999
 30
0.0
 40
0.56
  0
CIRCLE
  5
2D40
330
17
100
AcDbEntity
  8
A-EQUIPO-FINO
100
AcDbCircle
 10
476.46666666666664
 20
577.6624999999999
 30
0.0
 40
1.8000000000000003
  0
CIRCLE
  5
2D41
330
17
100
AcDbEntity
  8
A-EQUIPO-FINO
100
AcDbCircle
 10
476.46666666666664
 20
577.6624999999999
 30
0.0
 40
0.56
  0
CIRCLE
  5
2D42
330
17
100
AcDbEntity
  8
A-EQUIPO-FINO
100
AcDbCircle
 10
481.0
 20
564.8374999999999
 30
0.0
 40
1.8000000000000003
  0
CIRCLE
  5
2D43
330
17
100
AcDbEntity
  8
A-EQUIPO-FINO
100
AcDbCircle
 10
481.0
 20
564.8374999999999
 30
0.0
 40
0.56
  0
CIRCLE
  5
2D44
330
17
100
AcDbEntity
  8
A-EQUIPO-FINO
100
AcDbCircle
 10
481.0
 20
569.1125
 30
0.0
 40
1.8000000000000003
  0
CIRCLE
  5
2D45
330
17
100
AcDbEntity
  8
A-EQUIPO-FINO
100
AcDbCircle
 10
481.0
 20
569.1125
 30
0.0
 40
0.56
  0
CIRCLE
  5
2D46
330
17
100
AcDbEntity
  8
A-EQUIPO-FINO
100
AcDbCircle
 10
481.0
 20
573.3874999999999
 30
0.0
 40
1.8000000000000003
  0
CIRCLE
  5
2D47
330
17
100
AcDbEntity
  8
A-EQUIPO-FINO
100
AcDbCircle
 10
481.0
 20
573.3874999999999
 30
0.0
 40
0.56
  0
CIRCLE
  5
2D48
330
17
100
AcDbEntity
  8
A-EQUIPO-FINO
100
AcDbCircle
 10
481.0
 20
577.6624999999999
 30
0.0
 40
1.8000000000000003
  0
CIRCLE
  5
2D49
330
17
100
AcDbEntity
  8
A-EQUIPO-FINO
100
AcDbCircle
 10
481.0
 20
577.6624999999999
 30
0.0
 40
0.56
  0
CIRCLE
  5
2D4A
330
17
100
AcDbEntity
  8
A-EQUIPO-FINO
100
AcDbCircle
 10
485.5333333333333
 20
564.8374999999999
 30
0.0
 40
1.8000000000000003
  0
CIRCLE
  5
2D4B
330
17
100
AcDbEntity
  8
A-EQUIPO-FINO
100
AcDbCircle
 10
485.5333333333333
 20
564.8374999999999
 30
0.0
 40
0.56
  0
CIRCLE
  5
2D4C
330
17
100
AcDbEntity
  8
A-EQUIPO-FINO
100
AcDbCircle
 10
485.5333333333333
 20
569.1125
 30
0.0
 40
1.8000000000000003
  0
CIRCLE
  5
2D4D
330
17
100
AcDbEntity
  8
A-EQUIPO-FINO
100
AcDbCircle
 10
485.5333333333333
 20
569.1125
 30
0.0
 40
0.56
  0
CIRCLE
  5
2D4E
330
17
100
AcDbEntity
  8
A-EQUIPO-FINO
100
AcDbCircle
 10
485.5333333333333
 20
573.3874999999999
 30
0.0
 40
1.8000000000000003
  0
CIRCLE
  5
2D4F
330
17
100
AcDbEntity
  8
A-EQUIPO-FINO
100
AcDbCircle
 10
485.5333333333333
 20
573.3874999999999
 30
0.0
 40
0.56
  0
CIRCLE
  5
2D50
330
17
100
AcDbEntity
  8
A-EQUIPO-FINO
100
AcDbCircle
 10
485.5333333333333
 20
577.6624999999999
 30
0.0
 40
1.8000000000000003
  0
CIRCLE
  5
2D51
330
17
100
AcDbEntity
  8
A-EQUIPO-FINO
100
AcDbCircle
 10
485.5333333333333
 20
577.6624999999999
 30
0.0
 40
0.56
  0
LINE
  5
2D52
330
17
100
AcDbEntity
  8
A-OPERARIO
100
AcDbLine
 10
478.0
 20
580.9999999999998
 30
0.0
 11
478.0
 21
583.3999999999999
 31
0.0
  0
LINE
  5
2D53
330
17
100
AcDbEntity
  8
A-OPERARIO
100
AcDbLine
 10
484.0
 20
580.9999999999998
 30
0.0
 11
484.0
 21
583.3999999999999
 31
0.0
  0
LINE
  5
2D54
330
17
100
AcDbEntity
  8
A-OPERARIO
100
AcDbLine
 10
478.0
 20
583.3999999999999
 30
0.0
 11
484.0
 21
583.3999999999999
 31
0.0
  0
TEXT
  5
2F7E
330
17
100
AcDbEntity
  8
A-TEXTO
100
AcDbText
 10
86.0
 20
441.0
 30
0.0
 40
1.364
  1
Rack pallets del pañol (3 niveles)
 50
90.0
  7
ISO3098
 72
1
 11
86.0
 21
441.0
 31
0.0
100
AcDbText
 73
2
  0
TEXT
  5
2F7F
330
17
100
AcDbEntity
  8
A-TEXTO
100
AcDbText
 10
86.0
 20
613.0000000000001
 30
0.0
 40
1.364
  1
Basculantes de sc.
 50
90.0
  7
ISO3098
 72
1
 11
86.0
 21
613.0000000000001
 31
0.0
100
AcDbText
 73
2
  0
TEXT
  5
2F80
330
17
100
AcDbEntity
  8
A-TEXTO
100
AcDbText
 10
192.0
 20
480.99999999999994
 30
0.0
 40
1.364
  1
Porta-flejes 2 ni.
 50
90.0
  7
ISO3098
 72
1
 11
192.0
 21
480.99999999999994
 31
0.0
100
AcDbText
 73
2
  0
TEXT
  5
2F81
330
17
100
AcDbEntity
  8
A-TEXTO
100
AcDbText
 10
227.0
 20
480.99999999999994
 30
0.0
 40
1.364
  1
Paquetes de hojas.
 50
90.0
  7
ISO3098
 72
1
 11
227.0
 21
480.99999999999994
 31
0.0
100
AcDbText
 73
2
  0
TEXT
  5
2F82
330
17
100
AcDbEntity
  8
A-TEXTO
100
AcDbText
 10
333.0
 20
358.00000000000006
 30
0.0
 40
1.364
  1
Mesa elevadora
 50
90.0
  7
ISO3098
 72
1
 11
333.0
 21
358.00000000000006
 31
0.0
100
AcDbText
 73
2
  0
TEXT
  5
2F83
330
17
100
AcDbEntity
  8
A-TEXTO
100
AcDbText
 10
358.99999999999994
 20
357.0
 30
0.0
 40
1.364
  1
Mesa de bolas
 50
90.0
  7
ISO3098
 72
1
 11
358.99999999999994
 21
357.0
 31
0.0
100
AcDbText
 73
2
  0
HATCH
  5
2F84
330
17
100
AcDbEntity
  8
A-EQUIPO-RELLENO
 62
7
420
16777215
100
AcDbHatch
 10
0.0
 20
0.0
 30
0.0
210
0.0
220
0.0
230
1.0
  2
SOLID
 70
1
 71
0
 91
1
 92
3
 72
0
 73
1
 93
28
 10
394.75
 20
358.0
 10
394.6810517585
 20
358.61193256837987
 10
394.47766438673165
 20
359.1931802825733
 10
394.1500365767871
 20
359.7145969551115
 10
393.7145969551115
 20
360.1500365767871
 10
393.1931802825733
 20
360.47766438673165
 10
392.61193256837987
 20
360.6810517585
 10
392.0
 20
360.75
 10
391.38806743162013
 20
360.6810517585
 10
390.8068197174267
 20
360.47766438673165
 10
390.2854030448885
 20
360.1500365767871
 10
389.8499634232129
 20
359.7145969551115
 10
389.52233561326835
 20
359.1931802825733
 10
389.3189482415
 20
358.61193256837987
 10
389.25
 20
358.0
 10
389.3189482415
 20
357.38806743162013
 10
389.52233561326835
 20
356.8068197174267
 10
389.8499634232129
 20
356.2854030448885
 10
390.2854030448885
 20
355.8499634232129
 10
390.8068197174267
 20
355.52233561326835
 10
391.38806743162013
 20
355.3189482415
 10
392.0
 20
355.25
 10
392.61193256837987
 20
355.3189482415
 10
393.1931802825733
 20
355.52233561326835
 10
393.7145969551115
 20
355.8499634232129
 10
394.1500365767871
 20
356.2854030448885
 10
394.47766438673165
 20
356.8068197174267
 10
394.6810517585
 20
357.38806743162013
 97
0
 75
1
 76
1
 98
0
  0
CIRCLE
  5
2F85
330
17
100
AcDbEntity
  8
A-PASO
100
AcDbCircle
 10
392.0
 20
358.0
 30
0.0
 40
2.75
  0
TEXT
  5
2F86
330
17
100
AcDbEntity
  8
A-PASO
100
AcDbText
 10
392.0
 20
358.0
 30
0.0
 40
2.53
  1
1
  7
ISO3098
 72
1
 11
392.0
 21
358.0
 31
0.0
100
AcDbText
 73
2
  0
TEXT
  5
2F87
330
17
100
AcDbEntity
  8
A-TEXTO
100
AcDbText
 10
425.0
 20
358.00000000000006
 30
0.0
 40
1.364
  1
Mesa de salida
 50
90.0
  7
ISO3098
 72
1
 11
425.0
 21
358.00000000000006
 31
0.0
100
AcDbText
 73
2
  0
HATCH
  5
2F94
330
17
100
AcDbEntity
  8
A-EQUIPO-RELLENO
 62
7
420
16777215
100
AcDbHatch
 10
0.0
 20
0.0
 30
0.0
210
0.0
220
0.0
230
1.0
  2
SOLID
 70
1
 71
0
 91
1
 92
3
 72
0
 73
1
 93
28
 10
407.372
 20
418.0
 10
407.274920875968
 20
418.86160105627886
 10
406.98855145651817
 20
419.6799978378632
 10
406.5272515001162
 20
420.414152512797
 10
405.914152512797
 20
421.0272515001162
 10
405.1799978378632
 20
421.48855145651817
 10
404.36160105627886
 20
421.774920875968
 10
403.5
 20
421.872
 10
402.63839894372114
 20
421.774920875968
 10
401.8200021621368
 20
421.48855145651817
 10
401.085847487203
 20
421.0272515001162
 10
400.4727484998838
 20
420.41415251279705
 10
400.01144854348183
 20
419.6799978378632
 10
399.725079124032
 20
418.86160105627886
 10
399.628
 20
418.0
 10
399.725079124032
 20
417.13839894372114
 10
400.01144854348183
 20
416.3200021621368
 10
400.4727484998838
 20
415.58584748720295
 10
401.08584748720295
 20
414.9727484998838
 10
401.8200021621368
 20
414.51144854348183
 10
402.63839894372114
 20
414.225079124032
 10
403.5
 20
414.128
 10
404.36160105627886
 20
414.225079124032
 10
405.1799978378632
 20
414.51144854348183
 10
405.914152512797
 20
414.9727484998838
 10
406.5272515001162
 20
415.58584748720295
 10
406.98855145651817
 20
416.3200021621368
 10
407.274920875968
 20
417.13839894372114
 97
0
 75
1
 76
1
 98
0
  0
CIRCLE
  5
2F95
330
17
100
AcDbEntity
  8
A-PASO
100
AcDbCircle
 10
403.5
 20
418.0
 30
0.0
 40
3.8720000000000003
  0
TEXT
  5
2F96
330
17
100
AcDbEntity
  8
A-PASO
100
AcDbText
 10
403.5
 20
418.0
 30
0.0
 40
2.53
  1
5.2
  7
ISO3098
 72
1
 11
403.5
 21
418.0
 31
0.0
100
AcDbText
 73
2
  0
TEXT
  5
2F97
330
17
100
AcDbEntity
  8
A-TEXTO
100
AcDbText
 10
400.0
 20
450.99999999999994
 30
0.0
 40
1.364
  1
Caballete porta-t.
  7
ISO3098
 72
1
 11
400.0
 21
450.99999999999994
 31
0.0
100
AcDbText
 73
2
  0
TEXT
  5
2F98
330
17
100
AcDbEntity
  8
A-TEXTO
100
AcDbText
 10
400.0
 20
489.00000000000006
 30
0.0
 40
1.364
  1
Caballete porta-t.
  7
ISO3098
 72
1
 11
400.0
 21
489.00000000000006
 31
0.0
100
AcDbText
 73
2
  0
HATCH
  5
2F99
330
17
100
AcDbEntity
  8
A-EQUIPO-RELLENO
 62
7
420
16777215
100
AcDbHatch
 10
0.0
 20
0.0
 30
0.0
210
0.0
220
0.0
230
1.0
  2
SOLID
 70
1
 71
0
 91
1
 92
3
 72
0
 73
1
 93
28
 10
407.372
 20
522.0
 10
407.274920875968
 20
522.8616010562788
 10
406.98855145651817
 20
523.6799978378632
 10
406.5272515001162
 20
524.414152512797
 10
405.914152512797
 20
525.0272515001162
 10
405.1799978378632
 20
525.4885514565182
 10
404.36160105627886
 20
525.7749208759681
 10
403.5
 20
525.872
 10
402.63839894372114
 20
525.7749208759681
 10
401.8200021621368
 20
525.4885514565182
 10
401.085847487203
 20
525.0272515001162
 10
400.4727484998838
 20
524.414152512797
 10
400.01144854348183
 20
523.6799978378632
 10
399.725079124032
 20
522.8616010562788
 10
399.628
 20
522.0
 10
399.725079124032
 20
521.1383989437212
 10
400.01144854348183
 20
520.3200021621368
 10
400.4727484998838
 20
519.585847487203
 10
401.08584748720295
 20
518.9727484998838
 10
401.8200021621368
 20
518.5114485434818
 10
402.63839894372114
 20
518.2250791240319
 10
403.5
 20
518.128
 10
404.36160105627886
 20
518.2250791240319
 10
405.1799978378632
 20
518.5114485434818
 10
405.914152512797
 20
518.9727484998838
 10
406.5272515001162
 20
519.585847487203
 10
406.98855145651817
 20
520.3200021621368
 10
407.274920875968
 20
521.1383989437212
 97
0
 75
1
 76
1
 98
0
  0
CIRCLE
  5
2F9A
330
17
100
AcDbEntity
  8
A-PASO
100
AcDbCircle
 10
403.5
 20
522.0
 30
0.0
 40
3.8720000000000003
  0
TEXT
  5
2F9B
330
17
100
AcDbEntity
  8
A-PASO
100
AcDbText
 10
403.5
 20
522.0
 30
0.0
 40
2.53
  1
5.1
  7
ISO3098
 72
1
 11
403.5
 21
522.0
 31
0.0
100
AcDbText
 73
2
  0
HATCH
  5
2F9C
330
17
100
AcDbEntity
  8
A-EQUIPO-RELLENO
 62
7
420
16777215
100
AcDbHatch
 10
0.0
 20
0.0
 30
0.0
210
0.0
220
0.0
230
1.0
  2
SOLID
 70
1
 71
0
 91
1
 92
3
 72
0
 73
1
 93
28
 10
342.872
 20
559.0
 10
342.774920875968
 20
559.8616010562788
 10
342.48855145651817
 20
560.6799978378632
 10
342.0272515001162
 20
561.414152512797
 10
341.414152512797
 20
562.0272515001162
 10
340.6799978378632
 20
562.4885514565182
 10
339.86160105627886
 20
562.7749208759681
 10
339.0
 20
562.872
 10
338.13839894372114
 20
562.7749208759681
 10
337.3200021621368
 20
562.4885514565182
 10
336.585847487203
 20
562.0272515001162
 10
335.9727484998838
 20
561.414152512797
 10
335.51144854348183
 20
560.6799978378632
 10
335.225079124032
 20
559.8616010562788
 10
335.128
 20
559.0
 10
335.225079124032
 20
558.1383989437212
 10
335.51144854348183
 20
557.3200021621368
 10
335.9727484998838
 20
556.585847487203
 10
336.58584748720295
 20
555.9727484998838
 10
337.3200021621368
 20
555.5114485434818
 10
338.13839894372114
 20
555.2250791240319
 10
339.0
 20
555.128
 10
339.86160105627886
 20
555.2250791240319
 10
340.6799978378632
 20
555.5114485434818
 10
341.414152512797
 20
555.9727484998838
 10
342.0272515001162
 20
556.585847487203
 10
342.48855145651817
 20
557.3200021621368
 10
342.774920875968
 20
558.1383989437212
 97
0
 75
1
 76
1
 98
0
  0
CIRCLE
  5
2F9D
330
17
100
AcDbEntity
  8
A-PASO
100
AcDbCircle
 10
339.0
 20
559.0
 30
0.0
 40
3.8720000000000003
  0
TEXT
  5
2F9E
330
17
100
AcDbEntity
  8
A-PASO
100
AcDbText
 10
339.0
 20
559.0
 30
0.0
 40
2.53
  1
6.1
  7
ISO3098
 72
1
 11
339.0
 21
559.0
 31
0.0
100
AcDbText
 73
2
  0
HATCH
  5
2F9F
330
17
100
AcDbEntity
  8
A-EQUIPO-RELLENO
 62
7
420
16777215
100
AcDbHatch
 10
0.0
 20
0.0
 30
0.0
210
0.0
220
0.0
230
1.0
  2
SOLID
 70
1
 71
0
 91
1
 92
3
 72
0
 73
1
 93
28
 10
382.872
 20
559.0
 10
382.774920875968
 20
559.8616010562788
 10
382.48855145651817
 20
560.6799978378632
 10
382.0272515001162
 20
561.414152512797
 10
381.414152512797
 20
562.0272515001162
 10
380.6799978378632
 20
562.4885514565182
 10
379.86160105627886
 20
562.7749208759681
 10
379.0
 20
562.872
 10
378.13839894372114
 20
562.7749208759681
 10
377.3200021621368
 20
562.4885514565182
 10
376.585847487203
 20
562.0272515001162
 10
375.9727484998838
 20
561.414152512797
 10
375.51144854348183
 20
560.6799978378632
 10
375.225079124032
 20
559.8616010562788
 10
375.128
 20
559.0
 10
375.225079124032
 20
558.1383989437212
 10
375.51144854348183
 20
557.3200021621368
 10
375.9727484998838
 20
556.585847487203
 10
376.58584748720295
 20
555.9727484998838
 10
377.3200021621368
 20
555.5114485434818
 10
378.13839894372114
 20
555.2250791240319
 10
379.0
 20
555.128
 10
379.86160105627886
 20
555.2250791240319
 10
380.6799978378632
 20
555.5114485434818
 10
381.414152512797
 20
555.9727484998838
 10
382.0272515001162
 20
556.585847487203
 10
382.48855145651817
 20
557.3200021621368
 10
382.774920875968
 20
558.1383989437212
 97
0
 75
1
 76
1
 98
0
  0
CIRCLE
  5
2FA0
330
17
100
AcDbEntity
  8
A-PASO
100
AcDbCircle
 10
379.0
 20
559.0
 30
0.0
 40
3.8720000000000003
  0
TEXT
  5
2FA1
330
17
100
AcDbEntity
  8
A-PASO
100
AcDbText
 10
379.0
 20
559.0
 30
0.0
 40
2.53
  1
6.2
  7
ISO3098
 72
1
 11
379.0
 21
559.0
 31
0.0
100
AcDbText
 73
2
  0
HATCH
  5
2FA2
330
17
100
AcDbEntity
  8
A-EQUIPO-RELLENO
 62
7
420
16777215
100
AcDbHatch
 10
0.0
 20
0.0
 30
0.0
210
0.0
220
0.0
230
1.0
  2
SOLID
 70
1
 71
0
 91
1
 92
3
 72
0
 73
1
 93
28
 10
430.872
 20
555.0
 10
430.774920875968
 20
555.8616010562788
 10
430.48855145651817
 20
556.6799978378632
 10
430.0272515001162
 20
557.414152512797
 10
429.414152512797
 20
558.0272515001162
 10
428.6799978378632
 20
558.4885514565182
 10
427.86160105627886
 20
558.7749208759681
 10
427.0
 20
558.872
 10
426.13839894372114
 20
558.7749208759681
 10
425.3200021621368
 20
558.4885514565182
 10
424.585847487203
 20
558.0272515001162
 10
423.9727484998838
 20
557.414152512797
 10
423.51144854348183
 20
556.6799978378632
 10
423.225079124032
 20
555.8616010562788
 10
423.128
 20
555.0
 10
423.225079124032
 20
554.1383989437212
 10
423.51144854348183
 20
553.3200021621368
 10
423.9727484998838
 20
552.585847487203
 10
424.58584748720295
 20
551.9727484998838
 10
425.3200021621368
 20
551.5114485434818
 10
426.13839894372114
 20
551.2250791240319
 10
427.0
 20
551.128
 10
427.86160105627886
 20
551.2250791240319
 10
428.6799978378632
 20
551.5114485434818
 10
429.414152512797
 20
551.9727484998838
 10
430.0272515001162
 20
552.585847487203
 10
430.48855145651817
 20
553.3200021621368
 10
430.774920875968
 20
554.1383989437212
 97
0
 75
1
 76
1
 98
0
  0
CIRCLE
  5
2FA3
330
17
100
AcDbEntity
  8
A-PASO
100
AcDbCircle
 10
427.0
 20
555.0
 30
0.0
 40
3.8720000000000003
  0
TEXT
  5
2FA4
330
17
100
AcDbEntity
  8
A-PASO
100
AcDbText
 10
427.0
 20
555.0
 30
0.0
 40
2.53
  1
6.3
  7
ISO3098
 72
1
 11
427.0
 21
555.0
 31
0.0
100
AcDbText
 73
2
  0
HATCH
  5
2FA5
330
17
100
AcDbEntity
  8
A-EQUIPO-RELLENO
 62
7
420
16777215
100
AcDbHatch
 10
0.0
 20
0.0
 30
0.0
210
0.0
220
0.0
230
1.0
  2
SOLID
 70
1
 71
0
 91
1
 92
3
 72
0
 73
1
 93
28
 10
422.87199999999996
 20
649.0
 10
422.77492087596795
 20
649.8616010562788
 10
422.4885514565181
 20
650.6799978378632
 10
422.02725150011617
 20
651.414152512797
 10
421.41415251279693
 20
652.0272515001162
 10
420.67999783786314
 20
652.4885514565182
 10
419.8616010562788
 20
652.7749208759681
 10
418.99999999999994
 20
652.872
 10
418.1383989437211
 20
652.7749208759681
 10
417.32000216213675
 20
652.4885514565182
 10
416.58584748720295
 20
652.0272515001162
 10
415.9727484998837
 20
651.414152512797
 10
415.5114485434818
 20
650.6799978378632
 10
415.22507912403194
 20
649.8616010562788
 10
415.12799999999993
 20
649.0
 10
415.22507912403194
 20
648.1383989437212
 10
415.5114485434818
 20
647.3200021621368
 10
415.9727484998837
 20
646.585847487203
 10
416.58584748720295
 20
645.9727484998838
 10
417.32000216213675
 20
645.5114485434818
 10
418.1383989437211
 20
645.2250791240319
 10
418.99999999999994
 20
645.128
 10
419.8616010562788
 20
645.2250791240319
 10
420.67999783786314
 20
645.5114485434818
 10
421.41415251279693
 20
645.9727484998838
 10
422.02725150011617
 20
646.585847487203
 10
422.4885514565181
 20
647.3200021621368
 10
422.77492087596795
 20
648.1383989437212
 97
0
 75
1
 76
1
 98
0
  0
CIRCLE
  5
2FA6
330
17
100
AcDbEntity
  8
A-PASO
100
AcDbCircle
 10
418.99999999999994
 20
649.0
 30
0.0
 40
3.8720000000000003
  0
TEXT
  5
2FA7
330
17
100
AcDbEntity
  8
A-PASO
100
AcDbText
 10
418.99999999999994
 20
649.0
 30
0.0
 40
2.53
  1
7.1
  7
ISO3098
 72
1
 11
418.99999999999994
 21
649.0
 31
0.0
100
AcDbText
 73
2
  0
HATCH
  5
2FA8
330
17
100
AcDbEntity
  8
A-EQUIPO-RELLENO
 62
7
420
16777215
100
AcDbHatch
 10
0.0
 20
0.0
 30
0.0
210
0.0
220
0.0
230
1.0
  2
SOLID
 70
1
 71
0
 91
1
 92
3
 72
0
 73
1
 93
28
 10
454.872
 20
649.0
 10
454.774920875968
 20
649.8616010562788
 10
454.48855145651817
 20
650.6799978378632
 10
454.0272515001162
 20
651.414152512797
 10
453.414152512797
 20
652.0272515001162
 10
452.6799978378632
 20
652.4885514565182
 10
451.86160105627886
 20
652.7749208759681
 10
451.0
 20
652.872
 10
450.13839894372114
 20
652.7749208759681
 10
449.3200021621368
 20
652.4885514565182
 10
448.585847487203
 20
652.0272515001162
 10
447.9727484998838
 20
651.414152512797
 10
447.51144854348183
 20
650.6799978378632
 10
447.225079124032
 20
649.8616010562788
 10
447.128
 20
649.0
 10
447.225079124032
 20
648.1383989437212
 10
447.51144854348183
 20
647.3200021621368
 10
447.9727484998838
 20
646.585847487203
 10
448.58584748720295
 20
645.9727484998838
 10
449.3200021621368
 20
645.5114485434818
 10
450.13839894372114
 20
645.2250791240319
 10
451.0
 20
645.128
 10
451.86160105627886
 20
645.2250791240319
 10
452.6799978378632
 20
645.5114485434818
 10
453.414152512797
 20
645.9727484998838
 10
454.0272515001162
 20
646.585847487203
 10
454.48855145651817
 20
647.3200021621368
 10
454.774920875968
 20
648.1383989437212
 97
0
 75
1
 76
1
 98
0
  0
CIRCLE
  5
2FA9
330
17
100
AcDbEntity
  8
A-PASO
100
AcDbCircle
 10
451.0
 20
649.0
 30
0.0
 40
3.8720000000000003
  0
TEXT
  5
2FAA
330
17
100
AcDbEntity
  8
A-PASO
100
AcDbText
 10
451.0
 20
649.0
 30
0.0
 40
2.53
  1
7.2
  7
ISO3098
 72
1
 11
451.0
 21
649.0
 31
0.0
100
AcDbText
 73
2
  0
HATCH
  5
2FAB
330
17
100
AcDbEntity
  8
A-EQUIPO-RELLENO
 62
7
420
16777215
100
AcDbHatch
 10
0.0
 20
0.0
 30
0.0
210
0.0
220
0.0
230
1.0
  2
SOLID
 70
1
 71
0
 91
1
 92
3
 72
0
 73
1
 93
28
 10
498.872
 20
651.0000000000001
 10
498.774920875968
 20
651.8616010562789
 10
498.48855145651817
 20
652.6799978378633
 10
498.0272515001162
 20
653.4141525127972
 10
497.414152512797
 20
654.0272515001163
 10
496.6799978378632
 20
654.4885514565183
 10
495.86160105627886
 20
654.7749208759682
 10
495.0
 20
654.8720000000001
 10
494.13839894372114
 20
654.7749208759682
 10
493.3200021621368
 20
654.4885514565183
 10
492.585847487203
 20
654.0272515001163
 10
491.9727484998838
 20
653.4141525127972
 10
491.51144854348183
 20
652.6799978378633
 10
491.225079124032
 20
651.8616010562789
 10
491.128
 20
651.0000000000001
 10
491.225079124032
 20
650.1383989437213
 10
491.51144854348183
 20
649.3200021621369
 10
491.9727484998838
 20
648.5858474872031
 10
492.58584748720295
 20
647.9727484998839
 10
493.3200021621368
 20
647.511448543482
 10
494.13839894372114
 20
647.225079124032
 10
495.0
 20
647.1280000000002
 10
495.86160105627886
 20
647.225079124032
 10
496.6799978378632
 20
647.511448543482
 10
497.414152512797
 20
647.9727484998839
 10
498.0272515001162
 20
648.5858474872031
 10
498.48855145651817
 20
649.3200021621369
 10
498.774920875968
 20
650.1383989437213
 97
0
 75
1
 76
1
 98
0
  0
CIRCLE
  5
2FAC
330
17
100
AcDbEntity
  8
A-PASO
100
AcDbCircle
 10
495.0
 20
651.0000000000001
 30
0.0
 40
3.8720000000000003
  0
TEXT
  5
2FAD
330
17
100
AcDbEntity
  8
A-PASO
100
AcDbText
 10
495.0
 20
651.0000000000001
 30
0.0
 40
2.53
  1
8.1
  7
ISO3098
 72
1
 11
495.0
 21
651.0000000000001
 31
0.0
100
AcDbText
 73
2
  0
HATCH
  5
3099
330
17
100
AcDbEntity
  8
A-EQUIPO-RELLENO
 62
7
420
16770710
100
AcDbHatch
 10
0.0
 20
0.0
 30
0.0
210
0.0
220
0.0
230
1.0
  2
SOLID
 70
1
 71
0
 91
1
 92
3
 72
0
 73
1
 93
4
 10
270.0
 20
514.0
 10
269.0
 20
465.0
 10
293.0
 20
465.0
 10
292.0
 20
514.0
 97
0
 75
1
 76
1
 98
0
  0
HATCH
  5
309A
330
17
100
AcDbEntity
  8
A-EQUIPO-RELLENO
 62
7
420
3947580
100
AcDbHatch
 10
0.0
 20
0.0
 30
0.0
210
0.0
220
0.0
230
1.0
  2
SOLID
 70
1
 71
0
 91
1
 92
3
 72
0
 73
1
 93
4
 10
266.4
 20
507.5
 10
266.4
 20
498.5000000000001
 10
270.8
 20
498.5000000000001
 10
270.8
 20
507.5
 97
0
 75
1
 76
1
 98
0
  0
HATCH
  5
309B
330
17
100
AcDbEntity
  8
A-EQUIPO-RELLENO
 62
7
420
3947580
100
AcDbHatch
 10
0.0
 20
0.0
 30
0.0
210
0.0
220
0.0
230
1.0
  2
SOLID
 70
1
 71
0
 91
1
 92
3
 72
0
 73
1
 93
4
 10
291.2
 20
507.5
 10
291.2
 20
498.5000000000001
 10
295.6
 20
498.5000000000001
 10
295.6
 20
507.5
 97
0
 75
1
 76
1
 98
0
  0
HATCH
  5
309C
330
17
100
AcDbEntity
  8
A-EQUIPO-RELLENO
 62
7
420
3947580
100
AcDbHatch
 10
0.0
 20
0.0
 30
0.0
210
0.0
220
0.0
230
1.0
  2
SOLID
 70
1
 71
0
 91
1
 92
3
 72
0
 73
1
 93
4
 10
266.4
 20
478.5000000000001
 10
266.4
 20
467.5
 10
270.8
 20
467.5
 10
270.8
 20
478.5000000000001
 97
0
 75
1
 76
1
 98
0
  0
HATCH
  5
309D
330
17
100
AcDbEntity
  8
A-EQUIPO-RELLENO
 62
7
420
3947580
100
AcDbHatch
 10
0.0
 20
0.0
 30
0.0
210
0.0
220
0.0
230
1.0
  2
SOLID
 70
1
 71
0
 91
1
 92
3
 72
0
 73
1
 93
4
 10
291.2
 20
478.5000000000001
 10
291.2
 20
467.5
 10
295.6
 20
467.5
 10
295.6
 20
478.5000000000001
 97
0
 75
1
 76
1
 98
0
  0
HATCH
  5
309E
330
17
100
AcDbEntity
  8
A-EQUIPO-RELLENO
 62
7
420
9870240
100
AcDbHatch
 10
0.0
 20
0.0
 30
0.0
210
0.0
220
0.0
230
1.0
  2
SOLID
 70
1
 71
0
 91
1
 92
3
 72
0
 73
1
 93
4
 10
271.0
 20
465.0
 10
271.0
 20
461.60000000000014
 10
291.0
 20
461.60000000000014
 10
291.0
 20
465.0
 97
0
 75
1
 76
1
 98
0
  0
HATCH
  5
309F
330
17
100
AcDbEntity
  8
A-EQUIPO-RELLENO
 62
7
420
9870240
100
AcDbHatch
 10
0.0
 20
0.0
 30
0.0
210
0.0
220
0.0
230
1.0
  2
SOLID
 70
1
 71
0
 91
1
 92
3
 72
0
 73
1
 93
4
 10
273.2
 20
461.60000000000014
 10
273.2
 20
437.6
 10
275.6
 20
437.6
 10
275.6
 20
461.60000000000014
 97
0
 75
1
 76
1
 98
0
  0
HATCH
  5
30A0
330
17
100
AcDbEntity
  8
A-EQUIPO-RELLENO
 62
7
420
9870240
100
AcDbHatch
 10
0.0
 20
0.0
 30
0.0
210
0.0
220
0.0
230
1.0
  2
SOLID
 70
1
 71
0
 91
1
 92
3
 72
0
 73
1
 93
4
 10
286.4
 20
461.60000000000014
 10
286.4
 20
437.6
 10
288.8
 20
437.6
 10
288.8
 20
461.60000000000014
 97
0
 75
1
 76
1
 98
0
  0
HATCH
  5
30A1
330
17
100
AcDbEntity
  8
A-EQUIPO-RELLENO
 62
7
420
15654592
100
AcDbHatch
 10
0.0
 20
0.0
 30
0.0
210
0.0
220
0.0
230
1.0
  2
SOLID
 70
1
 71
0
 91
1
 92
3
 72
0
 73
1
 93
4
 10
271.0
 20
460.8000000000001
 10
271.0
 20
436.80000000000007
 10
291.0
 20
436.80000000000007
 10
291.0
 20
460.8000000000001
 97
0
 75
1
 76
1
 98
0
  0
LWPOLYLINE
  5
30A2
330
17
100
AcDbEntity
  8
A-VEHICULO
100
AcDbPolyline
 90
4
 70
0
 10
269.0
 20
509.00000000000006
 10
269.0
 20
465.0
 10
293.0
 20
465.0
 10
293.0
 20
509.00000000000006
  0
ARC
  5
30A3
330
17
100
AcDbEntity
  8
A-VEHICULO
100
AcDbCircle
 10
281.0
 20
509.00000000000006
 30
0.0
 40
12.0
100
AcDbArc
 50
360.0
 51
540.0
  0
LWPOLYLINE
  5
30A4
330
17
100
AcDbEntity
  8
A-EQUIPO-OCULTO
100
AcDbPolyline
 90
4
 70
1
 10
270.0
 20
500.0
 10
270.0
 20
475.0
 10
292.0
 20
475.0
 10
292.0
 20
500.0
  0
LINE
  5
30A5
330
17
100
AcDbEntity
  8
A-EQUIPO-OCULTO
100
AcDbLine
 10
270.0
 20
500.0
 30
0.0
 11
292.0
 21
475.0
 31
0.0
  0
LINE
  5
30A6
330
17
100
AcDbEntity
  8
A-EQUIPO-OCULTO
100
AcDbLine
 10
292.0
 20
500.0
 30
0.0
 11
270.0
 21
475.0
 31
0.0
  0
LWPOLYLINE
  5
30A7
330
17
100
AcDbEntity
  8
A-VEHICULO
100
AcDbPolyline
 90
4
 70
1
 10
276.0
 20
492.0
 10
276.0
 20
484.00000000000006
 10
286.0
 20
484.00000000000006
 10
286.0
 20
492.0
  0
CIRCLE
  5
30A8
330
17
100
AcDbEntity
  8
A-VEHICULO
100
AcDbCircle
 10
281.0
 20
479.00000000000006
 30
0.0
 40
2.8000000000000003
  0
LWPOLYLINE
  5
30A9
330
17
100
AcDbEntity
  8
A-VEHICULO
100
AcDbPolyline
 90
4
 70
1
 10
266.4
 20
507.5
 10
266.4
 20
498.5000000000001
 10
270.8
 20
498.5000000000001
 10
270.8
 20
507.5
  0
LWPOLYLINE
  5
30AA
330
17
100
AcDbEntity
  8
A-VEHICULO
100
AcDbPolyline
 90
4
 70
1
 10
291.2
 20
507.5
 10
291.2
 20
498.5000000000001
 10
295.6
 20
498.5000000000001
 10
295.6
 20
507.5
  0
LWPOLYLINE
  5
30AB
330
17
100
AcDbEntity
  8
A-VEHICULO
100
AcDbPolyline
 90
4
 70
1
 10
266.4
 20
478.5000000000001
 10
266.4
 20
467.5
 10
270.8
 20
467.5
 10
270.8
 20
478.5000000000001
  0
LWPOLYLINE
  5
30AC
330
17
100
AcDbEntity
  8
A-VEHICULO
100
AcDbPolyline
 90
4
 70
1
 10
291.2
 20
478.5000000000001
 10
291.2
 20
467.5
 10
295.6
 20
467.5
 10
295.6
 20
478.5000000000001
  0
LWPOLYLINE
  5
30AD
330
17
100
AcDbEntity
  8
A-VEHICULO
100
AcDbPolyline
 90
4
 70
1
 10
271.0
 20
465.0
 10
271.0
 20
461.60000000000014
 10
291.0
 20
461.60000000000014
 10
291.0
 20
465.0
  0
LWPOLYLINE
  5
30AE
330
17
100
AcDbEntity
  8
A-VEHICULO
100
AcDbPolyline
 90
4
 70
1
 10
273.2
 20
461.60000000000014
 10
273.2
 20
437.6
 10
275.6
 20
437.6
 10
275.6
 20
461.60000000000014
  0
LWPOLYLINE
  5
30AF
330
17
100
AcDbEntity
  8
A-VEHICULO
100
AcDbPolyline
 90
4
 70
1
 10
286.4
 20
461.60000000000014
 10
286.4
 20
437.6
 10
288.8
 20
437.6
 10
288.8
 20
461.60000000000014
  0
LWPOLYLINE
  5
30B0
330
17
100
AcDbEntity
  8
A-EQUIPO-FINO
100
AcDbPolyline
 90
4
 70
1
 10
271.0
 20
460.8000000000001
 10
271.0
 20
436.80000000000007
 10
291.0
 20
436.80000000000007
 10
291.0
 20
460.8000000000001
  0
LINE
  5
30B1
330
17
100
AcDbEntity
  8
A-EQUIPO-FINO
100
AcDbLine
 10
271.0
 20
457.37142857142857
 30
0.0
 11
291.0
 21
457.37142857142857
 31
0.0
  0
LINE
  5
30B2
330
17
100
AcDbEntity
  8
A-EQUIPO-FINO
100
AcDbLine
 10
271.0
 20
453.94285714285724
 30
0.0
 11
291.0
 21
453.94285714285724
 31
0.0
  0
LINE
  5
30B3
330
17
100
AcDbEntity
  8
A-EQUIPO-FINO
100
AcDbLine
 10
271.0
 20
450.51428571428573
 30
0.0
 11
291.0
 21
450.51428571428573
 31
0.0
  0
LINE
  5
30B4
330
17
100
AcDbEntity
  8
A-EQUIPO-FINO
100
AcDbLine
 10
271.0
 20
447.0857142857143
 30
0.0
 11
291.0
 21
447.0857142857143
 31
0.0
  0
LINE
  5
30B5
330
17
100
AcDbEntity
  8
A-EQUIPO-FINO
100
AcDbLine
 10
271.0
 20
443.6571428571429
 30
0.0
 11
291.0
 21
443.6571428571429
 31
0.0
  0
LINE
  5
30B6
330
17
100
AcDbEntity
  8
A-EQUIPO-FINO
100
AcDbLine
 10
271.0
 20
440.2285714285715
 30
0.0
 11
291.0
 21
440.2285714285715
 31
0.0
  0
LWPOLYLINE
  5
30B7
330
17
100
AcDbEntity
  8
A-EQUIPO
100
AcDbPolyline
 90
4
 70
1
 10
271.79999999999995
 20
460.0
 10
271.79999999999995
 20
437.6
 10
290.2
 20
437.6
 10
290.2
 20
460.0
  0
LINE
  5
30B8
330
17
100
AcDbEntity
  8
A-EQUIPO-FINO
100
AcDbLine
 10
271.79999999999995
 20
460.0
 30
0.0
 11
290.2
 21
437.6
 31
0.0
  0
LINE
  5
30B9
330
17
100
AcDbEntity
  8
A-EQUIPO-FINO
100
AcDbLine
 10
290.2
 20
460.0
 30
0.0
 11
271.79999999999995
 21
437.6
 31
0.0
  0
HATCH
  5
30E2
330
17
100
AcDbEntity
  8
A-MURO
 62
7
420
4605510
100
AcDbHatch
 10
0.0
 20
0.0
 30
0.0
210
0.0
220
0.0
230
1.0
  2
SOLID
 70
1
 71
0
 91
1
 92
3
 72
0
 73
1
 93
6
 10
79.0
 20
699.0
 10
59.0
 20
699.0
 10
59.0
 20
303.0
 10
55.0
 20
303.0
 10
55.0
 20
703.0000000000001
 10
79.0
 20
703.0000000000001
 97
0
 75
1
 76
1
 98
0
  0
LWPOLYLINE
  5
30E3
330
17
100
AcDbEntity
  8
A-MURO
100
AcDbPolyline
 90
6
 70
1
 10
79.0
 20
699.0
 10
59.0
 20
699.0
 10
59.0
 20
303.0
 10
55.0
 20
303.0
 10
55.0
 20
703.0000000000001
 10
79.0
 20
703.0000000000001
  0
HATCH
  5
30E4
330
17
100
AcDbEntity
  8
A-MURO
 62
7
420
4605510
100
AcDbHatch
 10
0.0
 20
0.0
 30
0.0
210
0.0
220
0.0
230
1.0
  2
SOLID
 70
1
 71
0
 91
1
 92
3
 72
0
 73
1
 93
4
 10
139.0
 20
699.0
 10
139.0
 20
703.0000000000001
 10
251.0
 20
703.0000000000001
 10
251.0
 20
699.0
 97
0
 75
1
 76
1
 98
0
  0
LWPOLYLINE
  5
30E5
330
17
100
AcDbEntity
  8
A-MURO
100
AcDbPolyline
 90
4
 70
1
 10
139.0
 20
699.0
 10
139.0
 20
703.0000000000001
 10
251.0
 20
703.0000000000001
 10
251.0
 20
699.0
  0
HATCH
  5
3112
330
17
100
AcDbEntity
  8
A-COLUMNA
 62
7
420
0
100
AcDbHatch
 10
0.0
 20
0.0
 30
0.0
210
0.0
220
0.0
230
1.0
  2
SOLID
 70
1
 71
0
 91
1
 92
3
 72
0
 73
1
 93
4
 10
59.0
 20
691.0
 10
67.0
 20
691.0
 10
67.0
 20
699.0
 10
59.0
 20
699.0
 97
0
 75
1
 76
1
 98
0
  0
HATCH
  5
3115
330
17
100
AcDbEntity
  8
A-COLUMNA
 62
7
420
0
100
AcDbHatch
 10
0.0
 20
0.0
 30
0.0
210
0.0
220
0.0
230
1.0
  2
SOLID
 70
1
 71
0
 91
1
 92
3
 72
0
 73
1
 93
4
 10
219.0
 20
691.0
 10
227.0
 20
691.0
 10
227.0
 20
699.0
 10
219.0
 20
699.0
 97
0
 75
1
 76
1
 98
0
  0
HATCH
  5
3118
330
17
100
AcDbEntity
  8
A-COLUMNA
 62
7
420
0
100
AcDbHatch
 10
0.0
 20
0.0
 30
0.0
210
0.0
220
0.0
230
1.0
  2
SOLID
 70
1
 71
0
 91
1
 92
3
 72
0
 73
1
 93
4
 10
379.0
 20
691.0
 10
387.0
 20
691.0
 10
387.0
 20
699.0
 10
379.0
 20
699.0
 97
0
 75
1
 76
1
 98
0
  0
HATCH
  5
3137
330
17
100
AcDbEntity
  8
A-COLUMNA
 62
7
420
0
100
AcDbHatch
 10
0.0
 20
0.0
 30
0.0
210
0.0
220
0.0
230
1.0
  2
SOLID
 70
1
 71
0
 91
1
 92
3
 72
0
 73
1
 93
4
 10
60.0
 20
437.0
 10
66.0
 20
437.0
 10
66.0
 20
443.0
 10
60.0
 20
443.0
 97
0
 75
1
 76
1
 98
0
  0
HATCH
  5
3138
330
17
100
AcDbEntity
  8
A-COLUMNA
 62
7
420
0
100
AcDbHatch
 10
0.0
 20
0.0
 30
0.0
210
0.0
220
0.0
230
1.0
  2
SOLID
 70
1
 71
0
 91
1
 92
3
 72
0
 73
1
 93
4
 10
60.0
 20
562.0
 10
66.0
 20
562.0
 10
66.0
 20
568.0
 10
60.0
 20
568.0
 97
0
 75
1
 76
1
 98
0
  0
HATCH
  5
3139
330
17
100
AcDbEntity
  8
A-COLUMNA
 62
7
420
0
100
AcDbHatch
 10
0.0
 20
0.0
 30
0.0
210
0.0
220
0.0
230
1.0
  2
SOLID
 70
1
 71
0
 91
1
 92
3
 72
0
 73
1
 93
4
 10
60.0
 20
687.0
 10
66.0
 20
687.0
 10
66.0
 20
693.0
 10
60.0
 20
693.0
 97
0
 75
1
 76
1
 98
0
  0
LINE
  5
3140
330
17
100
AcDbEntity
  8
A-ABERTURA
100
AcDbLine
 10
251.0
 20
701.0
 30
0.0
 11
311.0
 21
701.0
 31
0.0
  0
LINE
  5
3141
330
17
100
AcDbEntity
  8
A-ABERTURA
100
AcDbLine
 10
251.0
 20
713.0
 30
0.0
 11
311.0
 21
713.0
 31
0.0
  0
TEXT
  5
3142
330
17
100
AcDbEntity
  8
A-TEXTO
100
AcDbText
 10
281.0
 20
726.9999999999999
 30
0.0
 40
2.2
  1
P1
  7
ISO3098
 72
1
 11
281.0
 21
726.9999999999999
 31
0.0
100
AcDbText
 73
2
  0
TEXT
  5
3143
330
17
100
AcDbEntity
  8
A-TEXTO
100
AcDbText
 10
281.0
 20
747.7499999999999
 30
0.0
 40
1.364
  1
MP: chapa, caño, flejes e insumos pesados
  7
ISO3098
 72
1
 11
281.0
 21
747.7499999999999
 31
0.0
100
AcDbText
 73
2
  0
LINE
  5
3144
330
17
100
AcDbEntity
  8
A-ABERTURA
100
AcDbLine
 10
79.0
 20
701.0
 30
0.0
 11
139.0
 21
701.0
 31
0.0
  0
LINE
  5
3145
330
17
100
AcDbEntity
  8
A-ABERTURA
100
AcDbLine
 10
79.0
 20
713.0
 30
0.0
 11
139.0
 21
713.0
 31
0.0
  0
TEXT
  5
3146
330
17
100
AcDbEntity
  8
A-TEXTO
100
AcDbText
 10
109.0
 20
726.9999999999999
 30
0.0
 40
2.2
  1
P2
  7
ISO3098
 72
1
 11
109.0
 21
726.9999999999999
 31
0.0
100
AcDbText
 73
2
  0
TEXT
  5
3147
330
17
100
AcDbEntity
  8
A-TEXTO
100
AcDbText
 10
109.0
 20
747.7499999999999
 30
0.0
 40
1.364
  1
Scrap a volquete
  7
ISO3098
 72
1
 11
109.0
 21
747.7499999999999
 31
0.0
100
AcDbText
 73
2
  0
LINE
  5
318B
330
17
100
AcDbEntity
  8
A-ABERTURA
100
AcDbLine
 10
57.0
 20
279.0
 30
0.0
 11
33.000000000000014
 21
279.0
 31
0.0
  0
ARC
  5
318C
330
17
100
AcDbEntity
  8
A-ABERTURA
100
AcDbCircle
 10
57.0
 20
279.0
 30
0.0
 40
23.999999999999986
100
AcDbArc
 50
90.0
 51
180.0
  0
LINE
  5
3198
330
17
100
AcDbEntity
  8
A-EJE
100
AcDbLine
 10
63.0
 20
703.0
 30
0.0
 11
63.0
 21
735.0
 31
0.0
  0
CIRCLE
  5
3199
330
17
100
AcDbEntity
  8
A-EJE
100
AcDbCircle
 10
63.0
 20
738.5
 30
0.0
 40
3.5
  0
TEXT
  5
319A
330
17
100
AcDbEntity
  8
A-TEXTO
100
AcDbText
 10
63.0
 20
738.5
 30
0.0
 40
3.15
  1
1
  7
ISO3098
 72
1
 11
63.0
 21
738.5
 31
0.0
100
AcDbText
 73
2
  0
LINE
  5
319B
330
17
100
AcDbEntity
  8
A-EJE
100
AcDbLine
 10
223.0
 20
703.0
 30
0.0
 11
223.0
 21
735.0
 31
0.0
  0
CIRCLE
  5
319C
330
17
100
AcDbEntity
  8
A-EJE
100
AcDbCircle
 10
223.0
 20
738.5
 30
0.0
 40
3.5
  0
TEXT
  5
319D
330
17
100
AcDbEntity
  8
A-TEXTO
100
AcDbText
 10
223.0
 20
738.5
 30
0.0
 40
3.15
  1
2
  7
ISO3098
 72
1
 11
223.0
 21
738.5
 31
0.0
100
AcDbText
 73
2
  0
LINE
  5
319E
330
17
100
AcDbEntity
  8
A-EJE
100
AcDbLine
 10
383.0
 20
703.0
 30
0.0
 11
383.0
 21
735.0
 31
0.0
  0
CIRCLE
  5
319F
330
17
100
AcDbEntity
  8
A-EJE
100
AcDbCircle
 10
383.0
 20
738.5
 30
0.0
 40
3.5
  0
TEXT
  5
31A0
330
17
100
AcDbEntity
  8
A-TEXTO
100
AcDbText
 10
383.0
 20
738.5
 30
0.0
 40
3.15
  1
3
  7
ISO3098
 72
1
 11
383.0
 21
738.5
 31
0.0
100
AcDbText
 73
2
  0
LWPOLYLINE
  5
31BE
330
17
100
AcDbEntity
  8
A-EXTERIOR
100
AcDbPolyline
 90
4
 70
1
 10
51.0
 20
711.0
 10
155.0
 20
711.0
 10
155.0
 20
767.0
 10
51.0
 20
767.0
  0
TEXT
  5
31BF
330
17
100
AcDbEntity
  8
A-TEXTO
100
AcDbText
 10
103.0
 20
739.0
 30
0.0
 40
1.7600000000000002
  1
VQ-O Volquete 6 m³ (scrap)
  7
ISO3098
 72
1
 11
103.0
 21
739.0
 31
0.0
100
AcDbText
 73
2
  0
LWPOLYLINE
  5
31C0
330
17
100
AcDbEntity
  8
A-EXTERIOR
100
AcDbPolyline
 90
4
 70
1
 10
327.0
 20
711.0
 10
491.0
 20
711.0
 10
491.0
 20
759.0
 10
327.0
 20
759.0
  0
TEXT
  5
31C1
330
17
100
AcDbEntity
  8
A-TEXTO
100
AcDbText
 10
408.99999999999994
 20
735.0
 30
0.0
 40
1.7600000000000002
  1
CT Cantiléver de caños 6 m bajo alero (12 atados ≤ 600 kg)
  7
ISO3098
 72
1
 11
408.99999999999994
 21
735.0
 31
0.0
100
AcDbText
 73
2
  0
TEXT
  5
31C2
330
17
100
AcDbEntity
  8
A-SECTOR-TXT
100
AcDbText
 10
75.0
 20
566.9999999999999
 30
0.0
 40
1.7600000000000002
  1
PÑ
  7
ISO3098
 11
75.0
 21
566.9999999999999
 31
0.0
100
AcDbText
 73
3
  0
TEXT
  5
31C3
330
17
100
AcDbEntity
  8
A-SECTOR-TXT
100
AcDbText
 10
75.0
 20
645.0
 30
0.0
 40
1.7600000000000002
  1
SCR
  7
ISO3098
 11
75.0
 21
645.0
 31
0.0
100
AcDbText
 73
3
  0
TEXT
  5
31C4
330
17
100
AcDbEntity
  8
A-SECTOR-TXT
100
AcDbText
 10
181.0
 20
645.0
 30
0.0
 40
1.7600000000000002
  1
AL-1F
  7
ISO3098
 11
181.0
 21
645.0
 31
0.0
100
AcDbText
 73
3
  0
TEXT
  5
31C5
330
17
100
AcDbEntity
  8
A-SECTOR-TXT
100
AcDbText
 10
215.00000000000003
 20
645.0
 30
0.0
 40
1.7600000000000002
  1
AL-1H
  7
ISO3098
 11
215.00000000000003
 21
645.0
 31
0.0
100
AcDbText
 73
3
  0
HATCH
  5
31CE
330
17
100
AcDbEntity
  8
F-MP
 62
7
420
18120
100
AcDbHatch
 10
0.0
 20
0.0
 30
0.0
210
0.0
220
0.0
230
1.0
  2
SOLID
 70
1
 71
0
 91
1
 92
3
 72
0
 73
1
 93
3
 10
301.0
 20
789.5
 10
301.8
 20
792.5
 10
300.2
 20
792.5
 97
0
 75
1
 76
1
 98
0
  0
HATCH
  5
31CF
330
17
100
AcDbEntity
  8
F-MP
 62
7
420
18120
100
AcDbHatch
 10
0.0
 20
0.0
 30
0.0
210
0.0
220
0.0
230
1.0
  2
SOLID
 70
1
 71
0
 91
1
 92
3
 72
0
 73
1
 93
3
 10
301.0
 20
781.5
 10
301.8
 20
784.5
 10
300.2
 20
784.5
 97
0
 75
1
 76
1
 98
0
  0
HATCH
  5
31D0
330
17
100
AcDbEntity
  8
F-MP
 62
7
420
18120
100
AcDbHatch
 10
0.0
 20
0.0
 30
0.0
210
0.0
220
0.0
230
1.0
  2
SOLID
 70
1
 71
0
 91
1
 92
3
 72
0
 73
1
 93
3
 10
301.0
 20
773.5
 10
301.8
 20
776.5
 10
300.2
 20
776.5
 97
0
 75
1
 76
1
 98
0
  0
HATCH
  5
31D1
330
17
100
AcDbEntity
  8
F-MP
 62
7
420
18120
100
AcDbHatch
 10
0.0
 20
0.0
 30
0.0
210
0.0
220
0.0
230
1.0
  2
SOLID
 70
1
 71
0
 91
1
 92
3
 72
0
 73
1
 93
3
 10
301.0
 20
765.5
 10
301.8
 20
768.5
 10
300.2
 20
768.5
 97
0
 75
1
 76
1
 98
0
  0
HATCH
  5
31D2
330
17
100
AcDbEntity
  8
F-MP
 62
7
420
18120
100
AcDbHatch
 10
0.0
 20
0.0
 30
0.0
210
0.0
220
0.0
230
1.0
  2
SOLID
 70
1
 71
0
 91
1
 92
3
 72
0
 73
1
 93
3
 10
301.0
 20
757.5
 10
301.8
 20
760.5
 10
300.2
 20
760.5
 97
0
 75
1
 76
1
 98
0
  0
HATCH
  5
31D3
330
17
100
AcDbEntity
  8
F-MP
 62
7
420
18120
100
AcDbHatch
 10
0.0
 20
0.0
 30
0.0
210
0.0
220
0.0
230
1.0
  2
SOLID
 70
1
 71
0
 91
1
 92
3
 72
0
 73
1
 93
3
 10
301.0
 20
749.5
 10
301.8
 20
752.5
 10
300.2
 20
752.5
 97
0
 75
1
 76
1
 98
0
  0
HATCH
  5
31D4
330
17
100
AcDbEntity
  8
F-MP
 62
7
420
18120
100
AcDbHatch
 10
0.0
 20
0.0
 30
0.0
210
0.0
220
0.0
230
1.0
  2
SOLID
 70
1
 71
0
 91
1
 92
3
 72
0
 73
1
 93
3
 10
301.0
 20
741.5
 10
301.8
 20
744.5
 10
300.2
 20
744.5
 97
0
 75
1
 76
1
 98
0
  0
HATCH
  5
31D5
330
17
100
AcDbEntity
  8
F-MP
 62
7
420
18120
100
AcDbHatch
 10
0.0
 20
0.0
 30
0.0
210
0.0
220
0.0
230
1.0
  2
SOLID
 70
1
 71
0
 91
1
 92
3
 72
0
 73
1
 93
3
 10
301.0
 20
733.5
 10
301.8
 20
736.5
 10
300.2
 20
736.5
 97
0
 75
1
 76
1
 98
0
  0
HATCH
  5
31D6
330
17
100
AcDbEntity
  8
F-MP
 62
7
420
18120
100
AcDbHatch
 10
0.0
 20
0.0
 30
0.0
210
0.0
220
0.0
230
1.0
  2
SOLID
 70
1
 71
0
 91
1
 92
3
 72
0
 73
1
 93
3
 10
301.0
 20
725.5
 10
301.8
 20
728.5
 10
300.2
 20
728.5
 97
0
 75
1
 76
1
 98
0
  0
HATCH
  5
31D7
330
17
100
AcDbEntity
  8
F-MP
 62
7
420
18120
100
AcDbHatch
 10
0.0
 20
0.0
 30
0.0
210
0.0
220
0.0
230
1.0
  2
SOLID
 70
1
 71
0
 91
1
 92
3
 72
0
 73
1
 93
3
 10
301.0
 20
717.5
 10
301.8
 20
720.5
 10
300.2
 20
720.5
 97
0
 75
1
 76
1
 98
0
  0
HATCH
  5
31D8
330
17
100
AcDbEntity
  8
F-MP
 62
7
420
18120
100
AcDbHatch
 10
0.0
 20
0.0
 30
0.0
210
0.0
220
0.0
230
1.0
  2
SOLID
 70
1
 71
0
 91
1
 92
3
 72
0
 73
1
 93
3
 10
301.0
 20
709.5
 10
301.8
 20
712.5
 10
300.2
 20
712.5
 97
0
 75
1
 76
1
 98
0
  0
HATCH
  5
31D9
330
17
100
AcDbEntity
  8
F-MP
 62
7
420
18120
100
AcDbHatch
 10
0.0
 20
0.0
 30
0.0
210
0.0
220
0.0
230
1.0
  2
SOLID
 70
1
 71
0
 91
1
 92
3
 72
0
 73
1
 93
3
 10
301.0
 20
701.5
 10
301.8
 20
704.5
 10
300.2
 20
704.5
 97
0
 75
1
 76
1
 98
0
  0
HATCH
  5
31DA
330
17
100
AcDbEntity
  8
F-MP
 62
7
420
18120
100
AcDbHatch
 10
0.0
 20
0.0
 30
0.0
210
0.0
220
0.0
230
1.0
  2
SOLID
 70
1
 71
0
 91
1
 92
3
 72
0
 73
1
 93
3
 10
301.0
 20
685.5
 10
301.8
 20
688.5
 10
300.2
 20
688.5
 97
0
 75
1
 76
1
 98
0
  0
HATCH
  5
31DB
330
17
100
AcDbEntity
  8
F-MP
 62
7
420
18120
100
AcDbHatch
 10
0.0
 20
0.0
 30
0.0
210
0.0
220
0.0
230
1.0
  2
SOLID
 70
1
 71
0
 91
1
 92
3
 72
0
 73
1
 93
3
 10
301.0
 20
677.5
 10
301.8
 20
680.5
 10
300.2
 20
680.5
 97
0
 75
1
 76
1
 98
0
  0
HATCH
  5
31DC
330
17
100
AcDbEntity
  8
F-MP
 62
7
420
18120
100
AcDbHatch
 10
0.0
 20
0.0
 30
0.0
210
0.0
220
0.0
230
1.0
  2
SOLID
 70
1
 71
0
 91
1
 92
3
 72
0
 73
1
 93
3
 10
301.0
 20
669.5
 10
301.8
 20
672.5
 10
300.2
 20
672.5
 97
0
 75
1
 76
1
 98
0
  0
HATCH
  5
31DD
330
17
100
AcDbEntity
  8
F-MP
 62
7
420
18120
100
AcDbHatch
 10
0.0
 20
0.0
 30
0.0
210
0.0
220
0.0
230
1.0
  2
SOLID
 70
1
 71
0
 91
1
 92
3
 72
0
 73
1
 93
3
 10
301.0
 20
661.5
 10
301.8
 20
664.5
 10
300.2
 20
664.5
 97
0
 75
1
 76
1
 98
0
  0
HATCH
  5
31DE
330
17
100
AcDbEntity
  8
F-MP
 62
7
420
18120
100
AcDbHatch
 10
0.0
 20
0.0
 30
0.0
210
0.0
220
0.0
230
1.0
  2
SOLID
 70
1
 71
0
 91
1
 92
3
 72
0
 73
1
 93
3
 10
301.0
 20
653.5
 10
301.8
 20
656.5
 10
300.2
 20
656.5
 97
0
 75
1
 76
1
 98
0
  0
HATCH
  5
31DF
330
17
100
AcDbEntity
  8
F-MP
 62
7
420
18120
100
AcDbHatch
 10
0.0
 20
0.0
 30
0.0
210
0.0
220
0.0
230
1.0
  2
SOLID
 70
1
 71
0
 91
1
 92
3
 72
0
 73
1
 93
3
 10
301.0
 20
645.5
 10
301.8
 20
648.5
 10
300.2
 20
648.5
 97
0
 75
1
 76
1
 98
0
  0
HATCH
  5
31E0
330
17
100
AcDbEntity
  8
F-MP
 62
7
420
18120
100
AcDbHatch
 10
0.0
 20
0.0
 30
0.0
210
0.0
220
0.0
230
1.0
  2
SOLID
 70
1
 71
0
 91
1
 92
3
 72
0
 73
1
 93
3
 10
301.0
 20
637.5
 10
301.8
 20
640.5
 10
300.2
 20
640.5
 97
0
 75
1
 76
1
 98
0
  0
HATCH
  5
31E1
330
17
100
AcDbEntity
  8
F-MP
 62
7
420
18120
100
AcDbHatch
 10
0.0
 20
0.0
 30
0.0
210
0.0
220
0.0
230
1.0
  2
SOLID
 70
1
 71
0
 91
1
 92
3
 72
0
 73
1
 93
3
 10
301.0
 20
629.5
 10
301.8
 20
632.5
 10
300.2
 20
632.5
 97
0
 75
1
 76
1
 98
0
  0
HATCH
  5
31E2
330
17
100
AcDbEntity
  8
F-MP
 62
7
420
18120
100
AcDbHatch
 10
0.0
 20
0.0
 30
0.0
210
0.0
220
0.0
230
1.0
  2
SOLID
 70
1
 71
0
 91
1
 92
3
 72
0
 73
1
 93
3
 10
301.0
 20
621.5
 10
301.8
 20
624.5
 10
300.2
 20
624.5
 97
0
 75
1
 76
1
 98
0
  0
HATCH
  5
31E3
330
17
100
AcDbEntity
  8
F-MP
 62
7
420
18120
100
AcDbHatch
 10
0.0
 20
0.0
 30
0.0
210
0.0
220
0.0
230
1.0
  2
SOLID
 70
1
 71
0
 91
1
 92
3
 72
0
 73
1
 93
3
 10
301.0
 20
613.5
 10
301.8
 20
616.5
 10
300.2
 20
616.5
 97
0
 75
1
 76
1
 98
0
  0
HATCH
  5
31E4
330
17
100
AcDbEntity
  8
F-MP
 62
7
420
18120
100
AcDbHatch
 10
0.0
 20
0.0
 30
0.0
210
0.0
220
0.0
230
1.0
  2
SOLID
 70
1
 71
0
 91
1
 92
3
 72
0
 73
1
 93
3
 10
301.0
 20
605.5
 10
301.8
 20
608.5
 10
300.2
 20
608.5
 97
0
 75
1
 76
1
 98
0
  0
HATCH
  5
31E5
330
17
100
AcDbEntity
  8
F-MP
 62
7
420
18120
100
AcDbHatch
 10
0.0
 20
0.0
 30
0.0
210
0.0
220
0.0
230
1.0
  2
SOLID
 70
1
 71
0
 91
1
 92
3
 72
0
 73
1
 93
3
 10
301.0
 20
597.5
 10
301.8
 20
600.5
 10
300.2
 20
600.5
 97
0
 75
1
 76
1
 98
0
  0
HATCH
  5
31E6
330
17
100
AcDbEntity
  8
F-MP
 62
7
420
18120
100
AcDbHatch
 10
0.0
 20
0.0
 30
0.0
210
0.0
220
0.0
230
1.0
  2
SOLID
 70
1
 71
0
 91
1
 92
3
 72
0
 73
1
 93
3
 10
301.0
 20
589.5
 10
301.8
 20
592.5
 10
300.2
 20
592.5
 97
0
 75
1
 76
1
 98
0
  0
HATCH
  5
31E7
330
17
100
AcDbEntity
  8
F-MP
 62
7
420
18120
100
AcDbHatch
 10
0.0
 20
0.0
 30
0.0
210
0.0
220
0.0
230
1.0
  2
SOLID
 70
1
 71
0
 91
1
 92
3
 72
0
 73
1
 93
3
 10
301.0
 20
581.5
 10
301.8
 20
584.5
 10
300.2
 20
584.5
 97
0
 75
1
 76
1
 98
0
  0
HATCH
  5
31E8
330
17
100
AcDbEntity
  8
F-MP
 62
7
420
18120
100
AcDbHatch
 10
0.0
 20
0.0
 30
0.0
210
0.0
220
0.0
230
1.0
  2
SOLID
 70
1
 71
0
 91
1
 92
3
 72
0
 73
1
 93
3
 10
301.0
 20
573.5
 10
301.8
 20
576.5
 10
300.2
 20
576.5
 97
0
 75
1
 76
1
 98
0
  0
HATCH
  5
31E9
330
17
100
AcDbEntity
  8
F-MP
 62
7
420
18120
100
AcDbHatch
 10
0.0
 20
0.0
 30
0.0
210
0.0
220
0.0
230
1.0
  2
SOLID
 70
1
 71
0
 91
1
 92
3
 72
0
 73
1
 93
3
 10
301.0
 20
565.5
 10
301.8
 20
568.5
 10
300.2
 20
568.5
 97
0
 75
1
 76
1
 98
0
  0
HATCH
  5
31EA
330
17
100
AcDbEntity
  8
F-MP
 62
7
420
18120
100
AcDbHatch
 10
0.0
 20
0.0
 30
0.0
210
0.0
220
0.0
230
1.0
  2
SOLID
 70
1
 71
0
 91
1
 92
3
 72
0
 73
1
 93
3
 10
301.0
 20
557.5
 10
301.8
 20
560.5
 10
300.2
 20
560.5
 97
0
 75
1
 76
1
 98
0
  0
HATCH
  5
31EB
330
17
100
AcDbEntity
  8
F-MP
 62
7
420
18120
100
AcDbHatch
 10
0.0
 20
0.0
 30
0.0
210
0.0
220
0.0
230
1.0
  2
SOLID
 70
1
 71
0
 91
1
 92
3
 72
0
 73
1
 93
3
 10
301.0
 20
549.5
 10
301.8
 20
552.5
 10
300.2
 20
552.5
 97
0
 75
1
 76
1
 98
0
  0
HATCH
  5
31EC
330
17
100
AcDbEntity
  8
F-MP
 62
7
420
18120
100
AcDbHatch
 10
0.0
 20
0.0
 30
0.0
210
0.0
220
0.0
230
1.0
  2
SOLID
 70
1
 71
0
 91
1
 92
3
 72
0
 73
1
 93
3
 10
301.0
 20
541.5
 10
301.8
 20
544.5
 10
300.2
 20
544.5
 97
0
 75
1
 76
1
 98
0
  0
HATCH
  5
31ED
330
17
100
AcDbEntity
  8
F-MP
 62
7
420
18120
100
AcDbHatch
 10
0.0
 20
0.0
 30
0.0
210
0.0
220
0.0
230
1.0
  2
SOLID
 70
1
 71
0
 91
1
 92
3
 72
0
 73
1
 93
3
 10
301.0
 20
533.5
 10
301.8
 20
536.5
 10
300.2
 20
536.5
 97
0
 75
1
 76
1
 98
0
  0
HATCH
  5
31EE
330
17
100
AcDbEntity
  8
F-MP
 62
7
420
18120
100
AcDbHatch
 10
0.0
 20
0.0
 30
0.0
210
0.0
220
0.0
230
1.0
  2
SOLID
 70
1
 71
0
 91
1
 92
3
 72
0
 73
1
 93
3
 10
301.0
 20
525.5
 10
301.8
 20
528.5
 10
300.2
 20
528.5
 97
0
 75
1
 76
1
 98
0
  0
HATCH
  5
31EF
330
17
100
AcDbEntity
  8
F-MP
 62
7
420
18120
100
AcDbHatch
 10
0.0
 20
0.0
 30
0.0
210
0.0
220
0.0
230
1.0
  2
SOLID
 70
1
 71
0
 91
1
 92
3
 72
0
 73
1
 93
3
 10
301.0
 20
517.5
 10
301.8
 20
520.5
 10
300.2
 20
520.5
 97
0
 75
1
 76
1
 98
0
  0
HATCH
  5
31F0
330
17
100
AcDbEntity
  8
F-MP
 62
7
420
18120
100
AcDbHatch
 10
0.0
 20
0.0
 30
0.0
210
0.0
220
0.0
230
1.0
  2
SOLID
 70
1
 71
0
 91
1
 92
3
 72
0
 73
1
 93
3
 10
301.0
 20
509.5
 10
301.8
 20
512.5
 10
300.2
 20
512.5
 97
0
 75
1
 76
1
 98
0
  0
HATCH
  5
31F1
330
17
100
AcDbEntity
  8
F-MP
 62
7
420
18120
100
AcDbHatch
 10
0.0
 20
0.0
 30
0.0
210
0.0
220
0.0
230
1.0
  2
SOLID
 70
1
 71
0
 91
1
 92
3
 72
0
 73
1
 93
3
 10
301.0
 20
501.5
 10
301.8
 20
504.5
 10
300.2
 20
504.5
 97
0
 75
1
 76
1
 98
0
  0
HATCH
  5
31F2
330
17
100
AcDbEntity
  8
F-MP
 62
7
420
18120
100
AcDbHatch
 10
0.0
 20
0.0
 30
0.0
210
0.0
220
0.0
230
1.0
  2
SOLID
 70
1
 71
0
 91
1
 92
3
 72
0
 73
1
 93
3
 10
301.0
 20
493.5
 10
301.8
 20
496.5
 10
300.2
 20
496.5
 97
0
 75
1
 76
1
 98
0
  0
HATCH
  5
31F3
330
17
100
AcDbEntity
  8
F-MP
 62
7
420
18120
100
AcDbHatch
 10
0.0
 20
0.0
 30
0.0
210
0.0
220
0.0
230
1.0
  2
SOLID
 70
1
 71
0
 91
1
 92
3
 72
0
 73
1
 93
3
 10
301.0
 20
485.5
 10
301.8
 20
488.5
 10
300.2
 20
488.5
 97
0
 75
1
 76
1
 98
0
  0
HATCH
  5
31F4
330
17
100
AcDbEntity
  8
F-MP
 62
7
420
18120
100
AcDbHatch
 10
0.0
 20
0.0
 30
0.0
210
0.0
220
0.0
230
1.0
  2
SOLID
 70
1
 71
0
 91
1
 92
3
 72
0
 73
1
 93
3
 10
301.0
 20
477.5
 10
301.8
 20
480.5
 10
300.2
 20
480.5
 97
0
 75
1
 76
1
 98
0
  0
HATCH
  5
31F5
330
17
100
AcDbEntity
  8
F-MP
 62
7
420
18120
100
AcDbHatch
 10
0.0
 20
0.0
 30
0.0
210
0.0
220
0.0
230
1.0
  2
SOLID
 70
1
 71
0
 91
1
 92
3
 72
0
 73
1
 93
3
 10
301.0
 20
469.5
 10
301.8
 20
472.5
 10
300.2
 20
472.5
 97
0
 75
1
 76
1
 98
0
  0
HATCH
  5
31F6
330
17
100
AcDbEntity
  8
F-MP
 62
7
420
18120
100
AcDbHatch
 10
0.0
 20
0.0
 30
0.0
210
0.0
220
0.0
230
1.0
  2
SOLID
 70
1
 71
0
 91
1
 92
3
 72
0
 73
1
 93
3
 10
301.0
 20
461.5
 10
301.8
 20
464.5
 10
300.2
 20
464.5
 97
0
 75
1
 76
1
 98
0
  0
HATCH
  5
31F7
330
17
100
AcDbEntity
  8
F-MP
 62
7
420
18120
100
AcDbHatch
 10
0.0
 20
0.0
 30
0.0
210
0.0
220
0.0
230
1.0
  2
SOLID
 70
1
 71
0
 91
1
 92
3
 72
0
 73
1
 93
3
 10
301.0
 20
453.5
 10
301.8
 20
456.5
 10
300.2
 20
456.5
 97
0
 75
1
 76
1
 98
0
  0
HATCH
  5
31F8
330
17
100
AcDbEntity
  8
F-MP
 62
7
420
18120
100
AcDbHatch
 10
0.0
 20
0.0
 30
0.0
210
0.0
220
0.0
230
1.0
  2
SOLID
 70
1
 71
0
 91
1
 92
3
 72
0
 73
1
 93
3
 10
301.0
 20
445.5
 10
301.8
 20
448.5
 10
300.2
 20
448.5
 97
0
 75
1
 76
1
 98
0
  0
HATCH
  5
31F9
330
17
100
AcDbEntity
  8
F-MP
 62
7
420
18120
100
AcDbHatch
 10
0.0
 20
0.0
 30
0.0
210
0.0
220
0.0
230
1.0
  2
SOLID
 70
1
 71
0
 91
1
 92
3
 72
0
 73
1
 93
3
 10
295.5
 20
435.0
 10
298.5
 20
434.2
 10
298.5
 20
435.8
 97
0
 75
1
 76
1
 98
0
  0
HATCH
  5
31FA
330
17
100
AcDbEntity
  8
F-MP
 62
7
420
18120
100
AcDbHatch
 10
0.0
 20
0.0
 30
0.0
210
0.0
220
0.0
230
1.0
  2
SOLID
 70
1
 71
0
 91
1
 92
3
 72
0
 73
1
 93
3
 10
287.5
 20
435.0
 10
290.5
 20
434.2
 10
290.5
 20
435.8
 97
0
 75
1
 76
1
 98
0
  0
HATCH
  5
31FB
330
17
100
AcDbEntity
  8
F-MP
 62
7
420
18120
100
AcDbHatch
 10
0.0
 20
0.0
 30
0.0
210
0.0
220
0.0
230
1.0
  2
SOLID
 70
1
 71
0
 91
1
 92
3
 72
0
 73
1
 93
3
 10
279.5
 20
435.0
 10
282.5
 20
434.2
 10
282.5
 20
435.8
 97
0
 75
1
 76
1
 98
0
  0
HATCH
  5
31FC
330
17
100
AcDbEntity
  8
F-MP
 62
7
420
18120
100
AcDbHatch
 10
0.0
 20
0.0
 30
0.0
210
0.0
220
0.0
230
1.0
  2
SOLID
 70
1
 71
0
 91
1
 92
3
 72
0
 73
1
 93
3
 10
271.5
 20
435.0
 10
274.5
 20
434.2
 10
274.5
 20
435.8
 97
0
 75
1
 76
1
 98
0
  0
HATCH
  5
31FD
330
17
100
AcDbEntity
  8
F-MP
 62
7
420
18120
100
AcDbHatch
 10
0.0
 20
0.0
 30
0.0
210
0.0
220
0.0
230
1.0
  2
SOLID
 70
1
 71
0
 91
1
 92
3
 72
0
 73
1
 93
3
 10
263.5
 20
435.0
 10
266.5
 20
434.2
 10
266.5
 20
435.8
 97
0
 75
1
 76
1
 98
0
  0
HATCH
  5
31FE
330
17
100
AcDbEntity
  8
F-MP
 62
7
420
18120
100
AcDbHatch
 10
0.0
 20
0.0
 30
0.0
210
0.0
220
0.0
230
1.0
  2
SOLID
 70
1
 71
0
 91
1
 92
3
 72
0
 73
1
 93
3
 10
255.5
 20
435.0
 10
258.5
 20
434.2
 10
258.5
 20
435.8
 97
0
 75
1
 76
1
 98
0
  0
HATCH
  5
31FF
330
17
100
AcDbEntity
  8
F-MP
 62
7
420
18120
100
AcDbHatch
 10
0.0
 20
0.0
 30
0.0
210
0.0
220
0.0
230
1.0
  2
SOLID
 70
1
 71
0
 91
1
 92
3
 72
0
 73
1
 93
3
 10
247.5
 20
435.0
 10
250.5
 20
434.2
 10
250.5
 20
435.8
 97
0
 75
1
 76
1
 98
0
  0
HATCH
  5
3200
330
17
100
AcDbEntity
  8
F-MP
 62
7
420
18120
100
AcDbHatch
 10
0.0
 20
0.0
 30
0.0
210
0.0
220
0.0
230
1.0
  2
SOLID
 70
1
 71
0
 91
1
 92
3
 72
0
 73
1
 93
3
 10
243.0
 20
435.0
 10
246.0
 20
434.2
 10
246.0
 20
435.8
 97
0
 75
1
 76
1
 98
0
  0
LWPOLYLINE
  5
3201
330
17
100
AcDbEntity
  8
F-MP
100
AcDbPolyline
 90
2
 70
0
 10
243.0
 20
358.0
 10
321.0
 20
358.0
  0
HATCH
  5
3202
330
17
100
AcDbEntity
  8
F-MP
 62
7
420
18120
100
AcDbHatch
 10
0.0
 20
0.0
 30
0.0
210
0.0
220
0.0
230
1.0
  2
SOLID
 70
1
 71
0
 91
1
 92
3
 72
0
 73
1
 93
3
 10
252.5
 20
358.0
 10
249.5
 20
358.8
 10
249.5
 20
357.2
 97
0
 75
1
 76
1
 98
0
  0
HATCH
  5
3203
330
17
100
AcDbEntity
  8
F-MP
 62
7
420
18120
100
AcDbHatch
 10
0.0
 20
0.0
 30
0.0
210
0.0
220
0.0
230
1.0
  2
SOLID
 70
1
 71
0
 91
1
 92
3
 72
0
 73
1
 93
3
 10
260.5
 20
358.0
 10
257.5
 20
358.8
 10
257.5
 20
357.2
 97
0
 75
1
 76
1
 98
0
  0
HATCH
  5
3204
330
17
100
AcDbEntity
  8
F-MP
 62
7
420
18120
100
AcDbHatch
 10
0.0
 20
0.0
 30
0.0
210
0.0
220
0.0
230
1.0
  2
SOLID
 70
1
 71
0
 91
1
 92
3
 72
0
 73
1
 93
3
 10
268.5
 20
358.0
 10
265.5
 20
358.8
 10
265.5
 20
357.2
 97
0
 75
1
 76
1
 98
0
  0
HATCH
  5
3205
330
17
100
AcDbEntity
  8
F-MP
 62
7
420
18120
100
AcDbHatch
 10
0.0
 20
0.0
 30
0.0
210
0.0
220
0.0
230
1.0
  2
SOLID
 70
1
 71
0
 91
1
 92
3
 72
0
 73
1
 93
3
 10
276.5
 20
358.0
 10
273.5
 20
358.8
 10
273.5
 20
357.2
 97
0
 75
1
 76
1
 98
0
  0
HATCH
  5
3206
330
17
100
AcDbEntity
  8
F-MP
 62
7
420
18120
100
AcDbHatch
 10
0.0
 20
0.0
 30
0.0
210
0.0
220
0.0
230
1.0
  2
SOLID
 70
1
 71
0
 91
1
 92
3
 72
0
 73
1
 93
3
 10
284.5
 20
358.0
 10
281.5
 20
358.8
 10
281.5
 20
357.2
 97
0
 75
1
 76
1
 98
0
  0
HATCH
  5
3207
330
17
100
AcDbEntity
  8
F-MP
 62
7
420
18120
100
AcDbHatch
 10
0.0
 20
0.0
 30
0.0
210
0.0
220
0.0
230
1.0
  2
SOLID
 70
1
 71
0
 91
1
 92
3
 72
0
 73
1
 93
3
 10
292.5
 20
358.0
 10
289.5
 20
358.8
 10
289.5
 20
357.2
 97
0
 75
1
 76
1
 98
0
  0
HATCH
  5
3208
330
17
100
AcDbEntity
  8
F-MP
 62
7
420
18120
100
AcDbHatch
 10
0.0
 20
0.0
 30
0.0
210
0.0
220
0.0
230
1.0
  2
SOLID
 70
1
 71
0
 91
1
 92
3
 72
0
 73
1
 93
3
 10
300.5
 20
358.0
 10
297.5
 20
358.8
 10
297.5
 20
357.2
 97
0
 75
1
 76
1
 98
0
  0
HATCH
  5
3209
330
17
100
AcDbEntity
  8
F-MP
 62
7
420
18120
100
AcDbHatch
 10
0.0
 20
0.0
 30
0.0
210
0.0
220
0.0
230
1.0
  2
SOLID
 70
1
 71
0
 91
1
 92
3
 72
0
 73
1
 93
3
 10
308.5
 20
358.0
 10
305.5
 20
358.8
 10
305.5
 20
357.2
 97
0
 75
1
 76
1
 98
0
  0
HATCH
  5
320A
330
17
100
AcDbEntity
  8
F-MP
 62
7
420
18120
100
AcDbHatch
 10
0.0
 20
0.0
 30
0.0
210
0.0
220
0.0
230
1.0
  2
SOLID
 70
1
 71
0
 91
1
 92
3
 72
0
 73
1
 93
3
 10
316.5
 20
358.0
 10
313.5
 20
358.8
 10
313.5
 20
357.2
 97
0
 75
1
 76
1
 98
0
  0
HATCH
  5
320B
330
17
100
AcDbEntity
  8
F-MP
 62
7
420
18120
100
AcDbHatch
 10
0.0
 20
0.0
 30
0.0
210
0.0
220
0.0
230
1.0
  2
SOLID
 70
1
 71
0
 91
1
 92
3
 72
0
 73
1
 93
3
 10
321.0
 20
358.0
 10
318.0
 20
358.8
 10
318.0
 20
357.2
 97
0
 75
1
 76
1
 98
0
  0
LWPOLYLINE
  5
320C
330
17
100
AcDbEntity
  8
F-MP
100
AcDbPolyline
 90
4
 70
0
 10
309.0
 20
755.0
 10
309.0
 20
691.0
 10
309.0
 20
470.0
 10
335.0
 20
470.0
  0
HATCH
  5
320D
330
17
100
AcDbEntity
  8
F-MP
 62
7
420
18120
100
AcDbHatch
 10
0.0
 20
0.0
 30
0.0
210
0.0
220
0.0
230
1.0
  2
SOLID
 70
1
 71
0
 91
1
 92
3
 72
0
 73
1
 93
3
 10
309.0
 20
745.5
 10
309.8
 20
748.5
 10
308.2
 20
748.5
 97
0
 75
1
 76
1
 98
0
  0
HATCH
  5
320E
330
17
100
AcDbEntity
  8
F-MP
 62
7
420
18120
100
AcDbHatch
 10
0.0
 20
0.0
 30
0.0
210
0.0
220
0.0
230
1.0
  2
SOLID
 70
1
 71
0
 91
1
 92
3
 72
0
 73
1
 93
3
 10
309.0
 20
737.5
 10
309.8
 20
740.5
 10
308.2
 20
740.5
 97
0
 75
1
 76
1
 98
0
  0
HATCH
  5
320F
330
17
100
AcDbEntity
  8
F-MP
 62
7
420
18120
100
AcDbHatch
 10
0.0
 20
0.0
 30
0.0
210
0.0
220
0.0
230
1.0
  2
SOLID
 70
1
 71
0
 91
1
 92
3
 72
0
 73
1
 93
3
 10
309.0
 20
729.5
 10
309.8
 20
732.5
 10
308.2
 20
732.5
 97
0
 75
1
 76
1
 98
0
  0
HATCH
  5
3210
330
17
100
AcDbEntity
  8
F-MP
 62
7
420
18120
100
AcDbHatch
 10
0.0
 20
0.0
 30
0.0
210
0.0
220
0.0
230
1.0
  2
SOLID
 70
1
 71
0
 91
1
 92
3
 72
0
 73
1
 93
3
 10
309.0
 20
721.5
 10
309.8
 20
724.5
 10
308.2
 20
724.5
 97
0
 75
1
 76
1
 98
0
  0
HATCH
  5
3211
330
17
100
AcDbEntity
  8
F-MP
 62
7
420
18120
100
AcDbHatch
 10
0.0
 20
0.0
 30
0.0
210
0.0
220
0.0
230
1.0
  2
SOLID
 70
1
 71
0
 91
1
 92
3
 72
0
 73
1
 93
3
 10
309.0
 20
713.5
 10
309.8
 20
716.5
 10
308.2
 20
716.5
 97
0
 75
1
 76
1
 98
0
  0
HATCH
  5
3212
330
17
100
AcDbEntity
  8
F-MP
 62
7
420
18120
100
AcDbHatch
 10
0.0
 20
0.0
 30
0.0
210
0.0
220
0.0
230
1.0
  2
SOLID
 70
1
 71
0
 91
1
 92
3
 72
0
 73
1
 93
3
 10
309.0
 20
705.5
 10
309.8
 20
708.5
 10
308.2
 20
708.5
 97
0
 75
1
 76
1
 98
0
  0
HATCH
  5
3213
330
17
100
AcDbEntity
  8
F-MP
 62
7
420
18120
100
AcDbHatch
 10
0.0
 20
0.0
 30
0.0
210
0.0
220
0.0
230
1.0
  2
SOLID
 70
1
 71
0
 91
1
 92
3
 72
0
 73
1
 93
3
 10
309.0
 20
697.5
 10
309.8
 20
700.5
 10
308.2
 20
700.5
 97
0
 75
1
 76
1
 98
0
  0
HATCH
  5
3214
330
17
100
AcDbEntity
  8
F-MP
 62
7
420
18120
100
AcDbHatch
 10
0.0
 20
0.0
 30
0.0
210
0.0
220
0.0
230
1.0
  2
SOLID
 70
1
 71
0
 91
1
 92
3
 72
0
 73
1
 93
3
 10
309.0
 20
681.5
 10
309.8
 20
684.5
 10
308.2
 20
684.5
 97
0
 75
1
 76
1
 98
0
  0
HATCH
  5
3215
330
17
100
AcDbEntity
  8
F-MP
 62
7
420
18120
100
AcDbHatch
 10
0.0
 20
0.0
 30
0.0
210
0.0
220
0.0
230
1.0
  2
SOLID
 70
1
 71
0
 91
1
 92
3
 72
0
 73
1
 93
3
 10
309.0
 20
673.5
 10
309.8
 20
676.5
 10
308.2
 20
676.5
 97
0
 75
1
 76
1
 98
0
  0
HATCH
  5
3216
330
17
100
AcDbEntity
  8
F-MP
 62
7
420
18120
100
AcDbHatch
 10
0.0
 20
0.0
 30
0.0
210
0.0
220
0.0
230
1.0
  2
SOLID
 70
1
 71
0
 91
1
 92
3
 72
0
 73
1
 93
3
 10
309.0
 20
665.5
 10
309.8
 20
668.5
 10
308.2
 20
668.5
 97
0
 75
1
 76
1
 98
0
  0
HATCH
  5
3217
330
17
100
AcDbEntity
  8
F-MP
 62
7
420
18120
100
AcDbHatch
 10
0.0
 20
0.0
 30
0.0
210
0.0
220
0.0
230
1.0
  2
SOLID
 70
1
 71
0
 91
1
 92
3
 72
0
 73
1
 93
3
 10
309.0
 20
657.5
 10
309.8
 20
660.5
 10
308.2
 20
660.5
 97
0
 75
1
 76
1
 98
0
  0
HATCH
  5
3218
330
17
100
AcDbEntity
  8
F-MP
 62
7
420
18120
100
AcDbHatch
 10
0.0
 20
0.0
 30
0.0
210
0.0
220
0.0
230
1.0
  2
SOLID
 70
1
 71
0
 91
1
 92
3
 72
0
 73
1
 93
3
 10
309.0
 20
649.5
 10
309.8
 20
652.5
 10
308.2
 20
652.5
 97
0
 75
1
 76
1
 98
0
  0
HATCH
  5
3219
330
17
100
AcDbEntity
  8
F-MP
 62
7
420
18120
100
AcDbHatch
 10
0.0
 20
0.0
 30
0.0
210
0.0
220
0.0
230
1.0
  2
SOLID
 70
1
 71
0
 91
1
 92
3
 72
0
 73
1
 93
3
 10
309.0
 20
641.5
 10
309.8
 20
644.5
 10
308.2
 20
644.5
 97
0
 75
1
 76
1
 98
0
  0
HATCH
  5
321A
330
17
100
AcDbEntity
  8
F-MP
 62
7
420
18120
100
AcDbHatch
 10
0.0
 20
0.0
 30
0.0
210
0.0
220
0.0
230
1.0
  2
SOLID
 70
1
 71
0
 91
1
 92
3
 72
0
 73
1
 93
3
 10
309.0
 20
633.5
 10
309.8
 20
636.5
 10
308.2
 20
636.5
 97
0
 75
1
 76
1
 98
0
  0
HATCH
  5
321B
330
17
100
AcDbEntity
  8
F-MP
 62
7
420
18120
100
AcDbHatch
 10
0.0
 20
0.0
 30
0.0
210
0.0
220
0.0
230
1.0
  2
SOLID
 70
1
 71
0
 91
1
 92
3
 72
0
 73
1
 93
3
 10
309.0
 20
625.5
 10
309.8
 20
628.5
 10
308.2
 20
628.5
 97
0
 75
1
 76
1
 98
0
  0
HATCH
  5
321C
330
17
100
AcDbEntity
  8
F-MP
 62
7
420
18120
100
AcDbHatch
 10
0.0
 20
0.0
 30
0.0
210
0.0
220
0.0
230
1.0
  2
SOLID
 70
1
 71
0
 91
1
 92
3
 72
0
 73
1
 93
3
 10
309.0
 20
617.5
 10
309.8
 20
620.5
 10
308.2
 20
620.5
 97
0
 75
1
 76
1
 98
0
  0
HATCH
  5
321D
330
17
100
AcDbEntity
  8
F-MP
 62
7
420
18120
100
AcDbHatch
 10
0.0
 20
0.0
 30
0.0
210
0.0
220
0.0
230
1.0
  2
SOLID
 70
1
 71
0
 91
1
 92
3
 72
0
 73
1
 93
3
 10
309.0
 20
609.5
 10
309.8
 20
612.5
 10
308.2
 20
612.5
 97
0
 75
1
 76
1
 98
0
  0
HATCH
  5
321E
330
17
100
AcDbEntity
  8
F-MP
 62
7
420
18120
100
AcDbHatch
 10
0.0
 20
0.0
 30
0.0
210
0.0
220
0.0
230
1.0
  2
SOLID
 70
1
 71
0
 91
1
 92
3
 72
0
 73
1
 93
3
 10
309.0
 20
601.5
 10
309.8
 20
604.5
 10
308.2
 20
604.5
 97
0
 75
1
 76
1
 98
0
  0
HATCH
  5
321F
330
17
100
AcDbEntity
  8
F-MP
 62
7
420
18120
100
AcDbHatch
 10
0.0
 20
0.0
 30
0.0
210
0.0
220
0.0
230
1.0
  2
SOLID
 70
1
 71
0
 91
1
 92
3
 72
0
 73
1
 93
3
 10
309.0
 20
593.5
 10
309.8
 20
596.5
 10
308.2
 20
596.5
 97
0
 75
1
 76
1
 98
0
  0
HATCH
  5
3220
330
17
100
AcDbEntity
  8
F-MP
 62
7
420
18120
100
AcDbHatch
 10
0.0
 20
0.0
 30
0.0
210
0.0
220
0.0
230
1.0
  2
SOLID
 70
1
 71
0
 91
1
 92
3
 72
0
 73
1
 93
3
 10
309.0
 20
585.5
 10
309.8
 20
588.5
 10
308.2
 20
588.5
 97
0
 75
1
 76
1
 98
0
  0
HATCH
  5
3221
330
17
100
AcDbEntity
  8
F-MP
 62
7
420
18120
100
AcDbHatch
 10
0.0
 20
0.0
 30
0.0
210
0.0
220
0.0
230
1.0
  2
SOLID
 70
1
 71
0
 91
1
 92
3
 72
0
 73
1
 93
3
 10
309.0
 20
577.5
 10
309.8
 20
580.5
 10
308.2
 20
580.5
 97
0
 75
1
 76
1
 98
0
  0
HATCH
  5
3222
330
17
100
AcDbEntity
  8
F-MP
 62
7
420
18120
100
AcDbHatch
 10
0.0
 20
0.0
 30
0.0
210
0.0
220
0.0
230
1.0
  2
SOLID
 70
1
 71
0
 91
1
 92
3
 72
0
 73
1
 93
3
 10
309.0
 20
569.5
 10
309.8
 20
572.5
 10
308.2
 20
572.5
 97
0
 75
1
 76
1
 98
0
  0
HATCH
  5
3223
330
17
100
AcDbEntity
  8
F-MP
 62
7
420
18120
100
AcDbHatch
 10
0.0
 20
0.0
 30
0.0
210
0.0
220
0.0
230
1.0
  2
SOLID
 70
1
 71
0
 91
1
 92
3
 72
0
 73
1
 93
3
 10
309.0
 20
561.5
 10
309.8
 20
564.5
 10
308.2
 20
564.5
 97
0
 75
1
 76
1
 98
0
  0
HATCH
  5
3224
330
17
100
AcDbEntity
  8
F-MP
 62
7
420
18120
100
AcDbHatch
 10
0.0
 20
0.0
 30
0.0
210
0.0
220
0.0
230
1.0
  2
SOLID
 70
1
 71
0
 91
1
 92
3
 72
0
 73
1
 93
3
 10
309.0
 20
553.5
 10
309.8
 20
556.5
 10
308.2
 20
556.5
 97
0
 75
1
 76
1
 98
0
  0
HATCH
  5
3225
330
17
100
AcDbEntity
  8
F-MP
 62
7
420
18120
100
AcDbHatch
 10
0.0
 20
0.0
 30
0.0
210
0.0
220
0.0
230
1.0
  2
SOLID
 70
1
 71
0
 91
1
 92
3
 72
0
 73
1
 93
3
 10
309.0
 20
545.5
 10
309.8
 20
548.5
 10
308.2
 20
548.5
 97
0
 75
1
 76
1
 98
0
  0
HATCH
  5
3226
330
17
100
AcDbEntity
  8
F-MP
 62
7
420
18120
100
AcDbHatch
 10
0.0
 20
0.0
 30
0.0
210
0.0
220
0.0
230
1.0
  2
SOLID
 70
1
 71
0
 91
1
 92
3
 72
0
 73
1
 93
3
 10
309.0
 20
537.5
 10
309.8
 20
540.5
 10
308.2
 20
540.5
 97
0
 75
1
 76
1
 98
0
  0
HATCH
  5
3227
330
17
100
AcDbEntity
  8
F-MP
 62
7
420
18120
100
AcDbHatch
 10
0.0
 20
0.0
 30
0.0
210
0.0
220
0.0
230
1.0
  2
SOLID
 70
1
 71
0
 91
1
 92
3
 72
0
 73
1
 93
3
 10
309.0
 20
529.5
 10
309.8
 20
532.5
 10
308.2
 20
532.5
 97
0
 75
1
 76
1
 98
0
  0
HATCH
  5
3228
330
17
100
AcDbEntity
  8
F-MP
 62
7
420
18120
100
AcDbHatch
 10
0.0
 20
0.0
 30
0.0
210
0.0
220
0.0
230
1.0
  2
SOLID
 70
1
 71
0
 91
1
 92
3
 72
0
 73
1
 93
3
 10
309.0
 20
521.5
 10
309.8
 20
524.5
 10
308.2
 20
524.5
 97
0
 75
1
 76
1
 98
0
  0
HATCH
  5
3229
330
17
100
AcDbEntity
  8
F-MP
 62
7
420
18120
100
AcDbHatch
 10
0.0
 20
0.0
 30
0.0
210
0.0
220
0.0
230
1.0
  2
SOLID
 70
1
 71
0
 91
1
 92
3
 72
0
 73
1
 93
3
 10
309.0
 20
513.5
 10
309.8
 20
516.5
 10
308.2
 20
516.5
 97
0
 75
1
 76
1
 98
0
  0
HATCH
  5
322A
330
17
100
AcDbEntity
  8
F-MP
 62
7
420
18120
100
AcDbHatch
 10
0.0
 20
0.0
 30
0.0
210
0.0
220
0.0
230
1.0
  2
SOLID
 70
1
 71
0
 91
1
 92
3
 72
0
 73
1
 93
3
 10
309.0
 20
505.5
 10
309.8
 20
508.5
 10
308.2
 20
508.5
 97
0
 75
1
 76
1
 98
0
  0
HATCH
  5
322B
330
17
100
AcDbEntity
  8
F-MP
 62
7
420
18120
100
AcDbHatch
 10
0.0
 20
0.0
 30
0.0
210
0.0
220
0.0
230
1.0
  2
SOLID
 70
1
 71
0
 91
1
 92
3
 72
0
 73
1
 93
3
 10
309.0
 20
497.5
 10
309.8
 20
500.5
 10
308.2
 20
500.5
 97
0
 75
1
 76
1
 98
0
  0
HATCH
  5
322C
330
17
100
AcDbEntity
  8
F-MP
 62
7
420
18120
100
AcDbHatch
 10
0.0
 20
0.0
 30
0.0
210
0.0
220
0.0
230
1.0
  2
SOLID
 70
1
 71
0
 91
1
 92
3
 72
0
 73
1
 93
3
 10
309.0
 20
489.5
 10
309.8
 20
492.5
 10
308.2
 20
492.5
 97
0
 75
1
 76
1
 98
0
  0
HATCH
  5
322D
330
17
100
AcDbEntity
  8
F-MP
 62
7
420
18120
100
AcDbHatch
 10
0.0
 20
0.0
 30
0.0
210
0.0
220
0.0
230
1.0
  2
SOLID
 70
1
 71
0
 91
1
 92
3
 72
0
 73
1
 93
3
 10
309.0
 20
481.5
 10
309.8
 20
484.5
 10
308.2
 20
484.5
 97
0
 75
1
 76
1
 98
0
  0
HATCH
  5
322E
330
17
100
AcDbEntity
  8
F-MP
 62
7
420
18120
100
AcDbHatch
 10
0.0
 20
0.0
 30
0.0
210
0.0
220
0.0
230
1.0
  2
SOLID
 70
1
 71
0
 91
1
 92
3
 72
0
 73
1
 93
3
 10
309.0
 20
473.5
 10
309.8
 20
476.5
 10
308.2
 20
476.5
 97
0
 75
1
 76
1
 98
0
  0
HATCH
  5
322F
330
17
100
AcDbEntity
  8
F-MP
 62
7
420
18120
100
AcDbHatch
 10
0.0
 20
0.0
 30
0.0
210
0.0
220
0.0
230
1.0
  2
SOLID
 70
1
 71
0
 91
1
 92
3
 72
0
 73
1
 93
3
 10
313.5
 20
470.0
 10
310.5
 20
470.8
 10
310.5
 20
469.2
 97
0
 75
1
 76
1
 98
0
  0
HATCH
  5
3230
330
17
100
AcDbEntity
  8
F-MP
 62
7
420
18120
100
AcDbHatch
 10
0.0
 20
0.0
 30
0.0
210
0.0
220
0.0
230
1.0
  2
SOLID
 70
1
 71
0
 91
1
 92
3
 72
0
 73
1
 93
3
 10
321.5
 20
470.0
 10
318.5
 20
470.8
 10
318.5
 20
469.2
 97
0
 75
1
 76
1
 98
0
  0
HATCH
  5
3231
330
17
100
AcDbEntity
  8
F-MP
 62
7
420
18120
100
AcDbHatch
 10
0.0
 20
0.0
 30
0.0
210
0.0
220
0.0
230
1.0
  2
SOLID
 70
1
 71
0
 91
1
 92
3
 72
0
 73
1
 93
3
 10
329.5
 20
470.0
 10
326.5
 20
470.8
 10
326.5
 20
469.2
 97
0
 75
1
 76
1
 98
0
  0
HATCH
  5
3232
330
17
100
AcDbEntity
  8
F-MP
 62
7
420
18120
100
AcDbHatch
 10
0.0
 20
0.0
 30
0.0
210
0.0
220
0.0
230
1.0
  2
SOLID
 70
1
 71
0
 91
1
 92
3
 72
0
 73
1
 93
3
 10
335.0
 20
470.0
 10
332.0
 20
470.8
 10
332.0
 20
469.2
 97
0
 75
1
 76
1
 98
0
  0
LWPOLYLINE
  5
3233
330
17
100
AcDbEntity
  8
F-MP
100
AcDbPolyline
 90
2
 70
0
 10
335.0
 20
470.0
 10
463.0
 20
470.0
  0
HATCH
  5
3234
330
17
100
AcDbEntity
  8
F-MP
 62
7
420
18120
100
AcDbHatch
 10
0.0
 20
0.0
 30
0.0
210
0.0
220
0.0
230
1.0
  2
SOLID
 70
1
 71
0
 91
1
 92
3
 72
0
 73
1
 93
3
 10
344.5
 20
470.0
 10
341.5
 20
470.8
 10
341.5
 20
469.2
 97
0
 75
1
 76
1
 98
0
  0
HATCH
  5
3235
330
17
100
AcDbEntity
  8
F-MP
 62
7
420
18120
100
AcDbHatch
 10
0.0
 20
0.0
 30
0.0
210
0.0
220
0.0
230
1.0
  2
SOLID
 70
1
 71
0
 91
1
 92
3
 72
0
 73
1
 93
3
 10
352.5
 20
470.0
 10
349.5
 20
470.8
 10
349.5
 20
469.2
 97
0
 75
1
 76
1
 98
0
  0
HATCH
  5
3236
330
17
100
AcDbEntity
  8
F-MP
 62
7
420
18120
100
AcDbHatch
 10
0.0
 20
0.0
 30
0.0
210
0.0
220
0.0
230
1.0
  2
SOLID
 70
1
 71
0
 91
1
 92
3
 72
0
 73
1
 93
3
 10
360.5
 20
470.0
 10
357.5
 20
470.8
 10
357.5
 20
469.2
 97
0
 75
1
 76
1
 98
0
  0
HATCH
  5
3237
330
17
100
AcDbEntity
  8
F-MP
 62
7
420
18120
100
AcDbHatch
 10
0.0
 20
0.0
 30
0.0
210
0.0
220
0.0
230
1.0
  2
SOLID
 70
1
 71
0
 91
1
 92
3
 72
0
 73
1
 93
3
 10
368.5
 20
470.0
 10
365.5
 20
470.8
 10
365.5
 20
469.2
 97
0
 75
1
 76
1
 98
0
  0
HATCH
  5
3238
330
17
100
AcDbEntity
  8
F-MP
 62
7
420
18120
100
AcDbHatch
 10
0.0
 20
0.0
 30
0.0
210
0.0
220
0.0
230
1.0
  2
SOLID
 70
1
 71
0
 91
1
 92
3
 72
0
 73
1
 93
3
 10
376.5
 20
470.0
 10
373.5
 20
470.8
 10
373.5
 20
469.2
 97
0
 75
1
 76
1
 98
0
  0
HATCH
  5
3239
330
17
100
AcDbEntity
  8
F-MP
 62
7
420
18120
100
AcDbHatch
 10
0.0
 20
0.0
 30
0.0
210
0.0
220
0.0
230
1.0
  2
SOLID
 70
1
 71
0
 91
1
 92
3
 72
0
 73
1
 93
3
 10
384.5
 20
470.0
 10
381.5
 20
470.8
 10
381.5
 20
469.2
 97
0
 75
1
 76
1
 98
0
  0
HATCH
  5
323A
330
17
100
AcDbEntity
  8
F-MP
 62
7
420
18120
100
AcDbHatch
 10
0.0
 20
0.0
 30
0.0
210
0.0
220
0.0
230
1.0
  2
SOLID
 70
1
 71
0
 91
1
 92
3
 72
0
 73
1
 93
3
 10
392.5
 20
470.0
 10
389.5
 20
470.8
 10
389.5
 20
469.2
 97
0
 75
1
 76
1
 98
0
  0
HATCH
  5
323B
330
17
100
AcDbEntity
  8
F-MP
 62
7
420
18120
100
AcDbHatch
 10
0.0
 20
0.0
 30
0.0
210
0.0
220
0.0
230
1.0
  2
SOLID
 70
1
 71
0
 91
1
 92
3
 72
0
 73
1
 93
3
 10
400.5
 20
470.0
 10
397.5
 20
470.8
 10
397.5
 20
469.2
 97
0
 75
1
 76
1
 98
0
  0
HATCH
  5
323C
330
17
100
AcDbEntity
  8
F-MP
 62
7
420
18120
100
AcDbHatch
 10
0.0
 20
0.0
 30
0.0
210
0.0
220
0.0
230
1.0
  2
SOLID
 70
1
 71
0
 91
1
 92
3
 72
0
 73
1
 93
3
 10
408.5
 20
470.0
 10
405.5
 20
470.8
 10
405.5
 20
469.2
 97
0
 75
1
 76
1
 98
0
  0
HATCH
  5
323D
330
17
100
AcDbEntity
  8
F-MP
 62
7
420
18120
100
AcDbHatch
 10
0.0
 20
0.0
 30
0.0
210
0.0
220
0.0
230
1.0
  2
SOLID
 70
1
 71
0
 91
1
 92
3
 72
0
 73
1
 93
3
 10
416.5
 20
470.0
 10
413.5
 20
470.8
 10
413.5
 20
469.2
 97
0
 75
1
 76
1
 98
0
  0
HATCH
  5
323E
330
17
100
AcDbEntity
  8
F-MP
 62
7
420
18120
100
AcDbHatch
 10
0.0
 20
0.0
 30
0.0
210
0.0
220
0.0
230
1.0
  2
SOLID
 70
1
 71
0
 91
1
 92
3
 72
0
 73
1
 93
3
 10
424.5
 20
470.0
 10
421.5
 20
470.8
 10
421.5
 20
469.2
 97
0
 75
1
 76
1
 98
0
  0
HATCH
  5
323F
330
17
100
AcDbEntity
  8
F-MP
 62
7
420
18120
100
AcDbHatch
 10
0.0
 20
0.0
 30
0.0
210
0.0
220
0.0
230
1.0
  2
SOLID
 70
1
 71
0
 91
1
 92
3
 72
0
 73
1
 93
3
 10
432.5
 20
470.0
 10
429.5
 20
470.8
 10
429.5
 20
469.2
 97
0
 75
1
 76
1
 98
0
  0
HATCH
  5
3240
330
17
100
AcDbEntity
  8
F-MP
 62
7
420
18120
100
AcDbHatch
 10
0.0
 20
0.0
 30
0.0
210
0.0
220
0.0
230
1.0
  2
SOLID
 70
1
 71
0
 91
1
 92
3
 72
0
 73
1
 93
3
 10
440.5
 20
470.0
 10
437.5
 20
470.8
 10
437.5
 20
469.2
 97
0
 75
1
 76
1
 98
0
  0
HATCH
  5
3241
330
17
100
AcDbEntity
  8
F-MP
 62
7
420
18120
100
AcDbHatch
 10
0.0
 20
0.0
 30
0.0
210
0.0
220
0.0
230
1.0
  2
SOLID
 70
1
 71
0
 91
1
 92
3
 72
0
 73
1
 93
3
 10
448.5
 20
470.0
 10
445.5
 20
470.8
 10
445.5
 20
469.2
 97
0
 75
1
 76
1
 98
0
  0
HATCH
  5
3242
330
17
100
AcDbEntity
  8
F-MP
 62
7
420
18120
100
AcDbHatch
 10
0.0
 20
0.0
 30
0.0
210
0.0
220
0.0
230
1.0
  2
SOLID
 70
1
 71
0
 91
1
 92
3
 72
0
 73
1
 93
3
 10
456.5
 20
470.0
 10
453.5
 20
470.8
 10
453.5
 20
469.2
 97
0
 75
1
 76
1
 98
0
  0
HATCH
  5
3243
330
17
100
AcDbEntity
  8
F-MP
 62
7
420
18120
100
AcDbHatch
 10
0.0
 20
0.0
 30
0.0
210
0.0
220
0.0
230
1.0
  2
SOLID
 70
1
 71
0
 91
1
 92
3
 72
0
 73
1
 93
3
 10
463.0
 20
470.0
 10
460.0
 20
470.8
 10
460.0
 20
469.2
 97
0
 75
1
 76
1
 98
0
  0
HATCH
  5
324C
330
17
100
AcDbEntity
  8
F-MP
 62
7
420
18120
100
AcDbHatch
 10
0.0
 20
0.0
 30
0.0
210
0.0
220
0.0
230
1.0
  2
SOLID
 70
1
 71
0
 91
1
 92
3
 72
0
 73
1
 93
3
 10
291.0
 20
789.5
 10
291.8
 20
792.5
 10
290.2
 20
792.5
 97
0
 75
1
 76
1
 98
0
  0
HATCH
  5
324D
330
17
100
AcDbEntity
  8
F-MP
 62
7
420
18120
100
AcDbHatch
 10
0.0
 20
0.0
 30
0.0
210
0.0
220
0.0
230
1.0
  2
SOLID
 70
1
 71
0
 91
1
 92
3
 72
0
 73
1
 93
3
 10
291.0
 20
781.5
 10
291.8
 20
784.5
 10
290.2
 20
784.5
 97
0
 75
1
 76
1
 98
0
  0
HATCH
  5
324E
330
17
100
AcDbEntity
  8
F-MP
 62
7
420
18120
100
AcDbHatch
 10
0.0
 20
0.0
 30
0.0
210
0.0
220
0.0
230
1.0
  2
SOLID
 70
1
 71
0
 91
1
 92
3
 72
0
 73
1
 93
3
 10
291.0
 20
773.5
 10
291.8
 20
776.5
 10
290.2
 20
776.5
 97
0
 75
1
 76
1
 98
0
  0
HATCH
  5
324F
330
17
100
AcDbEntity
  8
F-MP
 62
7
420
18120
100
AcDbHatch
 10
0.0
 20
0.0
 30
0.0
210
0.0
220
0.0
230
1.0
  2
SOLID
 70
1
 71
0
 91
1
 92
3
 72
0
 73
1
 93
3
 10
291.0
 20
765.5
 10
291.8
 20
768.5
 10
290.2
 20
768.5
 97
0
 75
1
 76
1
 98
0
  0
HATCH
  5
3250
330
17
100
AcDbEntity
  8
F-MP
 62
7
420
18120
100
AcDbHatch
 10
0.0
 20
0.0
 30
0.0
210
0.0
220
0.0
230
1.0
  2
SOLID
 70
1
 71
0
 91
1
 92
3
 72
0
 73
1
 93
3
 10
291.0
 20
757.5
 10
291.8
 20
760.5
 10
290.2
 20
760.5
 97
0
 75
1
 76
1
 98
0
  0
HATCH
  5
3251
330
17
100
AcDbEntity
  8
F-MP
 62
7
420
18120
100
AcDbHatch
 10
0.0
 20
0.0
 30
0.0
210
0.0
220
0.0
230
1.0
  2
SOLID
 70
1
 71
0
 91
1
 92
3
 72
0
 73
1
 93
3
 10
291.0
 20
749.5
 10
291.8
 20
752.5
 10
290.2
 20
752.5
 97
0
 75
1
 76
1
 98
0
  0
HATCH
  5
3252
330
17
100
AcDbEntity
  8
F-MP
 62
7
420
18120
100
AcDbHatch
 10
0.0
 20
0.0
 30
0.0
210
0.0
220
0.0
230
1.0
  2
SOLID
 70
1
 71
0
 91
1
 92
3
 72
0
 73
1
 93
3
 10
291.0
 20
741.5
 10
291.8
 20
744.5
 10
290.2
 20
744.5
 97
0
 75
1
 76
1
 98
0
  0
HATCH
  5
3253
330
17
100
AcDbEntity
  8
F-MP
 62
7
420
18120
100
AcDbHatch
 10
0.0
 20
0.0
 30
0.0
210
0.0
220
0.0
230
1.0
  2
SOLID
 70
1
 71
0
 91
1
 92
3
 72
0
 73
1
 93
3
 10
291.0
 20
733.5
 10
291.8
 20
736.5
 10
290.2
 20
736.5
 97
0
 75
1
 76
1
 98
0
  0
HATCH
  5
3254
330
17
100
AcDbEntity
  8
F-MP
 62
7
420
18120
100
AcDbHatch
 10
0.0
 20
0.0
 30
0.0
210
0.0
220
0.0
230
1.0
  2
SOLID
 70
1
 71
0
 91
1
 92
3
 72
0
 73
1
 93
3
 10
291.0
 20
725.5
 10
291.8
 20
728.5
 10
290.2
 20
728.5
 97
0
 75
1
 76
1
 98
0
  0
HATCH
  5
3255
330
17
100
AcDbEntity
  8
F-MP
 62
7
420
18120
100
AcDbHatch
 10
0.0
 20
0.0
 30
0.0
210
0.0
220
0.0
230
1.0
  2
SOLID
 70
1
 71
0
 91
1
 92
3
 72
0
 73
1
 93
3
 10
291.0
 20
717.5
 10
291.8
 20
720.5
 10
290.2
 20
720.5
 97
0
 75
1
 76
1
 98
0
  0
HATCH
  5
3256
330
17
100
AcDbEntity
  8
F-MP
 62
7
420
18120
100
AcDbHatch
 10
0.0
 20
0.0
 30
0.0
210
0.0
220
0.0
230
1.0
  2
SOLID
 70
1
 71
0
 91
1
 92
3
 72
0
 73
1
 93
3
 10
291.0
 20
709.5
 10
291.8
 20
712.5
 10
290.2
 20
712.5
 97
0
 75
1
 76
1
 98
0
  0
HATCH
  5
3257
330
17
100
AcDbEntity
  8
F-MP
 62
7
420
18120
100
AcDbHatch
 10
0.0
 20
0.0
 30
0.0
210
0.0
220
0.0
230
1.0
  2
SOLID
 70
1
 71
0
 91
1
 92
3
 72
0
 73
1
 93
3
 10
291.0
 20
701.5
 10
291.8
 20
704.5
 10
290.2
 20
704.5
 97
0
 75
1
 76
1
 98
0
  0
HATCH
  5
3258
330
17
100
AcDbEntity
  8
F-MP
 62
7
420
18120
100
AcDbHatch
 10
0.0
 20
0.0
 30
0.0
210
0.0
220
0.0
230
1.0
  2
SOLID
 70
1
 71
0
 91
1
 92
3
 72
0
 73
1
 93
3
 10
291.0
 20
685.5
 10
291.8
 20
688.5
 10
290.2
 20
688.5
 97
0
 75
1
 76
1
 98
0
  0
HATCH
  5
3259
330
17
100
AcDbEntity
  8
F-MP
 62
7
420
18120
100
AcDbHatch
 10
0.0
 20
0.0
 30
0.0
210
0.0
220
0.0
230
1.0
  2
SOLID
 70
1
 71
0
 91
1
 92
3
 72
0
 73
1
 93
3
 10
291.0
 20
677.5
 10
291.8
 20
680.5
 10
290.2
 20
680.5
 97
0
 75
1
 76
1
 98
0
  0
HATCH
  5
325A
330
17
100
AcDbEntity
  8
F-MP
 62
7
420
18120
100
AcDbHatch
 10
0.0
 20
0.0
 30
0.0
210
0.0
220
0.0
230
1.0
  2
SOLID
 70
1
 71
0
 91
1
 92
3
 72
0
 73
1
 93
3
 10
285.5
 20
667.0
 10
288.5
 20
666.2
 10
288.5
 20
667.8
 97
0
 75
1
 76
1
 98
0
  0
HATCH
  5
325B
330
17
100
AcDbEntity
  8
F-MP
 62
7
420
18120
100
AcDbHatch
 10
0.0
 20
0.0
 30
0.0
210
0.0
220
0.0
230
1.0
  2
SOLID
 70
1
 71
0
 91
1
 92
3
 72
0
 73
1
 93
3
 10
277.5
 20
667.0
 10
280.5
 20
666.2
 10
280.5
 20
667.8
 97
0
 75
1
 76
1
 98
0
  0
HATCH
  5
325C
330
17
100
AcDbEntity
  8
F-MP
 62
7
420
18120
100
AcDbHatch
 10
0.0
 20
0.0
 30
0.0
210
0.0
220
0.0
230
1.0
  2
SOLID
 70
1
 71
0
 91
1
 92
3
 72
0
 73
1
 93
3
 10
269.5
 20
667.0
 10
272.5
 20
666.2
 10
272.5
 20
667.8
 97
0
 75
1
 76
1
 98
0
  0
HATCH
  5
325D
330
17
100
AcDbEntity
  8
F-MP
 62
7
420
18120
100
AcDbHatch
 10
0.0
 20
0.0
 30
0.0
210
0.0
220
0.0
230
1.0
  2
SOLID
 70
1
 71
0
 91
1
 92
3
 72
0
 73
1
 93
3
 10
261.5
 20
667.0
 10
264.5
 20
666.2
 10
264.5
 20
667.8
 97
0
 75
1
 76
1
 98
0
  0
HATCH
  5
325E
330
17
100
AcDbEntity
  8
F-MP
 62
7
420
18120
100
AcDbHatch
 10
0.0
 20
0.0
 30
0.0
210
0.0
220
0.0
230
1.0
  2
SOLID
 70
1
 71
0
 91
1
 92
3
 72
0
 73
1
 93
3
 10
253.5
 20
667.0
 10
256.5
 20
666.2
 10
256.5
 20
667.8
 97
0
 75
1
 76
1
 98
0
  0
HATCH
  5
325F
330
17
100
AcDbEntity
  8
F-MP
 62
7
420
18120
100
AcDbHatch
 10
0.0
 20
0.0
 30
0.0
210
0.0
220
0.0
230
1.0
  2
SOLID
 70
1
 71
0
 91
1
 92
3
 72
0
 73
1
 93
3
 10
245.5
 20
667.0
 10
248.5
 20
666.2
 10
248.5
 20
667.8
 97
0
 75
1
 76
1
 98
0
  0
HATCH
  5
3260
330
17
100
AcDbEntity
  8
F-MP
 62
7
420
18120
100
AcDbHatch
 10
0.0
 20
0.0
 30
0.0
210
0.0
220
0.0
230
1.0
  2
SOLID
 70
1
 71
0
 91
1
 92
3
 72
0
 73
1
 93
3
 10
237.5
 20
667.0
 10
240.5
 20
666.2
 10
240.5
 20
667.8
 97
0
 75
1
 76
1
 98
0
  0
HATCH
  5
3261
330
17
100
AcDbEntity
  8
F-MP
 62
7
420
18120
100
AcDbHatch
 10
0.0
 20
0.0
 30
0.0
210
0.0
220
0.0
230
1.0
  2
SOLID
 70
1
 71
0
 91
1
 92
3
 72
0
 73
1
 93
3
 10
229.5
 20
667.0
 10
232.5
 20
666.2
 10
232.5
 20
667.8
 97
0
 75
1
 76
1
 98
0
  0
HATCH
  5
3262
330
17
100
AcDbEntity
  8
F-MP
 62
7
420
18120
100
AcDbHatch
 10
0.0
 20
0.0
 30
0.0
210
0.0
220
0.0
230
1.0
  2
SOLID
 70
1
 71
0
 91
1
 92
3
 72
0
 73
1
 93
3
 10
221.5
 20
667.0
 10
224.5
 20
666.2
 10
224.5
 20
667.8
 97
0
 75
1
 76
1
 98
0
  0
HATCH
  5
3263
330
17
100
AcDbEntity
  8
F-MP
 62
7
420
18120
100
AcDbHatch
 10
0.0
 20
0.0
 30
0.0
210
0.0
220
0.0
230
1.0
  2
SOLID
 70
1
 71
0
 91
1
 92
3
 72
0
 73
1
 93
3
 10
213.5
 20
667.0
 10
216.5
 20
666.2
 10
216.5
 20
667.8
 97
0
 75
1
 76
1
 98
0
  0
HATCH
  5
3264
330
17
100
AcDbEntity
  8
F-MP
 62
7
420
18120
100
AcDbHatch
 10
0.0
 20
0.0
 30
0.0
210
0.0
220
0.0
230
1.0
  2
SOLID
 70
1
 71
0
 91
1
 92
3
 72
0
 73
1
 93
3
 10
205.5
 20
667.0
 10
208.5
 20
666.2
 10
208.5
 20
667.8
 97
0
 75
1
 76
1
 98
0
  0
HATCH
  5
3265
330
17
100
AcDbEntity
  8
F-MP
 62
7
420
18120
100
AcDbHatch
 10
0.0
 20
0.0
 30
0.0
210
0.0
220
0.0
230
1.0
  2
SOLID
 70
1
 71
0
 91
1
 92
3
 72
0
 73
1
 93
3
 10
197.5
 20
667.0
 10
200.5
 20
666.2
 10
200.5
 20
667.8
 97
0
 75
1
 76
1
 98
0
  0
HATCH
  5
3266
330
17
100
AcDbEntity
  8
F-MP
 62
7
420
18120
100
AcDbHatch
 10
0.0
 20
0.0
 30
0.0
210
0.0
220
0.0
230
1.0
  2
SOLID
 70
1
 71
0
 91
1
 92
3
 72
0
 73
1
 93
3
 10
189.5
 20
667.0
 10
192.5
 20
666.2
 10
192.5
 20
667.8
 97
0
 75
1
 76
1
 98
0
  0
HATCH
  5
3267
330
17
100
AcDbEntity
  8
F-MP
 62
7
420
18120
100
AcDbHatch
 10
0.0
 20
0.0
 30
0.0
210
0.0
220
0.0
230
1.0
  2
SOLID
 70
1
 71
0
 91
1
 92
3
 72
0
 73
1
 93
3
 10
181.5
 20
667.0
 10
184.5
 20
666.2
 10
184.5
 20
667.8
 97
0
 75
1
 76
1
 98
0
  0
HATCH
  5
3268
330
17
100
AcDbEntity
  8
F-MP
 62
7
420
18120
100
AcDbHatch
 10
0.0
 20
0.0
 30
0.0
210
0.0
220
0.0
230
1.0
  2
SOLID
 70
1
 71
0
 91
1
 92
3
 72
0
 73
1
 93
3
 10
173.5
 20
667.0
 10
176.5
 20
666.2
 10
176.5
 20
667.8
 97
0
 75
1
 76
1
 98
0
  0
HATCH
  5
3269
330
17
100
AcDbEntity
  8
F-MP
 62
7
420
18120
100
AcDbHatch
 10
0.0
 20
0.0
 30
0.0
210
0.0
220
0.0
230
1.0
  2
SOLID
 70
1
 71
0
 91
1
 92
3
 72
0
 73
1
 93
3
 10
165.5
 20
667.0
 10
168.5
 20
666.2
 10
168.5
 20
667.8
 97
0
 75
1
 76
1
 98
0
  0
HATCH
  5
326A
330
17
100
AcDbEntity
  8
F-MP
 62
7
420
18120
100
AcDbHatch
 10
0.0
 20
0.0
 30
0.0
210
0.0
220
0.0
230
1.0
  2
SOLID
 70
1
 71
0
 91
1
 92
3
 72
0
 73
1
 93
3
 10
155.0
 20
661.5
 10
155.8
 20
664.5
 10
154.2
 20
664.5
 97
0
 75
1
 76
1
 98
0
  0
HATCH
  5
326B
330
17
100
AcDbEntity
  8
F-MP
 62
7
420
18120
100
AcDbHatch
 10
0.0
 20
0.0
 30
0.0
210
0.0
220
0.0
230
1.0
  2
SOLID
 70
1
 71
0
 91
1
 92
3
 72
0
 73
1
 93
3
 10
155.0
 20
653.5
 10
155.8
 20
656.5
 10
154.2
 20
656.5
 97
0
 75
1
 76
1
 98
0
  0
HATCH
  5
326C
330
17
100
AcDbEntity
  8
F-MP
 62
7
420
18120
100
AcDbHatch
 10
0.0
 20
0.0
 30
0.0
210
0.0
220
0.0
230
1.0
  2
SOLID
 70
1
 71
0
 91
1
 92
3
 72
0
 73
1
 93
3
 10
155.0
 20
645.5
 10
155.8
 20
648.5
 10
154.2
 20
648.5
 97
0
 75
1
 76
1
 98
0
  0
HATCH
  5
326D
330
17
100
AcDbEntity
  8
F-MP
 62
7
420
18120
100
AcDbHatch
 10
0.0
 20
0.0
 30
0.0
210
0.0
220
0.0
230
1.0
  2
SOLID
 70
1
 71
0
 91
1
 92
3
 72
0
 73
1
 93
3
 10
155.0
 20
637.5
 10
155.8
 20
640.5
 10
154.2
 20
640.5
 97
0
 75
1
 76
1
 98
0
  0
HATCH
  5
326E
330
17
100
AcDbEntity
  8
F-MP
 62
7
420
18120
100
AcDbHatch
 10
0.0
 20
0.0
 30
0.0
210
0.0
220
0.0
230
1.0
  2
SOLID
 70
1
 71
0
 91
1
 92
3
 72
0
 73
1
 93
3
 10
155.0
 20
629.5
 10
155.8
 20
632.5
 10
154.2
 20
632.5
 97
0
 75
1
 76
1
 98
0
  0
HATCH
  5
326F
330
17
100
AcDbEntity
  8
F-MP
 62
7
420
18120
100
AcDbHatch
 10
0.0
 20
0.0
 30
0.0
210
0.0
220
0.0
230
1.0
  2
SOLID
 70
1
 71
0
 91
1
 92
3
 72
0
 73
1
 93
3
 10
155.0
 20
621.5
 10
155.8
 20
624.5
 10
154.2
 20
624.5
 97
0
 75
1
 76
1
 98
0
  0
HATCH
  5
3270
330
17
100
AcDbEntity
  8
F-MP
 62
7
420
18120
100
AcDbHatch
 10
0.0
 20
0.0
 30
0.0
210
0.0
220
0.0
230
1.0
  2
SOLID
 70
1
 71
0
 91
1
 92
3
 72
0
 73
1
 93
3
 10
155.0
 20
613.5
 10
155.8
 20
616.5
 10
154.2
 20
616.5
 97
0
 75
1
 76
1
 98
0
  0
HATCH
  5
3271
330
17
100
AcDbEntity
  8
F-MP
 62
7
420
18120
100
AcDbHatch
 10
0.0
 20
0.0
 30
0.0
210
0.0
220
0.0
230
1.0
  2
SOLID
 70
1
 71
0
 91
1
 92
3
 72
0
 73
1
 93
3
 10
155.0
 20
605.5
 10
155.8
 20
608.5
 10
154.2
 20
608.5
 97
0
 75
1
 76
1
 98
0
  0
HATCH
  5
3272
330
17
100
AcDbEntity
  8
F-MP
 62
7
420
18120
100
AcDbHatch
 10
0.0
 20
0.0
 30
0.0
210
0.0
220
0.0
230
1.0
  2
SOLID
 70
1
 71
0
 91
1
 92
3
 72
0
 73
1
 93
3
 10
155.0
 20
597.5
 10
155.8
 20
600.5
 10
154.2
 20
600.5
 97
0
 75
1
 76
1
 98
0
  0
HATCH
  5
3273
330
17
100
AcDbEntity
  8
F-MP
 62
7
420
18120
100
AcDbHatch
 10
0.0
 20
0.0
 30
0.0
210
0.0
220
0.0
230
1.0
  2
SOLID
 70
1
 71
0
 91
1
 92
3
 72
0
 73
1
 93
3
 10
155.0
 20
589.5
 10
155.8
 20
592.5
 10
154.2
 20
592.5
 97
0
 75
1
 76
1
 98
0
  0
HATCH
  5
3274
330
17
100
AcDbEntity
  8
F-MP
 62
7
420
18120
100
AcDbHatch
 10
0.0
 20
0.0
 30
0.0
210
0.0
220
0.0
230
1.0
  2
SOLID
 70
1
 71
0
 91
1
 92
3
 72
0
 73
1
 93
3
 10
155.0
 20
581.5
 10
155.8
 20
584.5
 10
154.2
 20
584.5
 97
0
 75
1
 76
1
 98
0
  0
HATCH
  5
3275
330
17
100
AcDbEntity
  8
F-MP
 62
7
420
18120
100
AcDbHatch
 10
0.0
 20
0.0
 30
0.0
210
0.0
220
0.0
230
1.0
  2
SOLID
 70
1
 71
0
 91
1
 92
3
 72
0
 73
1
 93
3
 10
155.0
 20
573.5
 10
155.8
 20
576.5
 10
154.2
 20
576.5
 97
0
 75
1
 76
1
 98
0
  0
HATCH
  5
3276
330
17
100
AcDbEntity
  8
F-MP
 62
7
420
18120
100
AcDbHatch
 10
0.0
 20
0.0
 30
0.0
210
0.0
220
0.0
230
1.0
  2
SOLID
 70
1
 71
0
 91
1
 92
3
 72
0
 73
1
 93
3
 10
155.0
 20
565.5
 10
155.8
 20
568.5
 10
154.2
 20
568.5
 97
0
 75
1
 76
1
 98
0
  0
HATCH
  5
3277
330
17
100
AcDbEntity
  8
F-MP
 62
7
420
18120
100
AcDbHatch
 10
0.0
 20
0.0
 30
0.0
210
0.0
220
0.0
230
1.0
  2
SOLID
 70
1
 71
0
 91
1
 92
3
 72
0
 73
1
 93
3
 10
155.0
 20
557.5
 10
155.8
 20
560.5
 10
154.2
 20
560.5
 97
0
 75
1
 76
1
 98
0
  0
HATCH
  5
3278
330
17
100
AcDbEntity
  8
F-MP
 62
7
420
18120
100
AcDbHatch
 10
0.0
 20
0.0
 30
0.0
210
0.0
220
0.0
230
1.0
  2
SOLID
 70
1
 71
0
 91
1
 92
3
 72
0
 73
1
 93
3
 10
155.0
 20
549.5
 10
155.8
 20
552.5
 10
154.2
 20
552.5
 97
0
 75
1
 76
1
 98
0
  0
HATCH
  5
3279
330
17
100
AcDbEntity
  8
F-MP
 62
7
420
18120
100
AcDbHatch
 10
0.0
 20
0.0
 30
0.0
210
0.0
220
0.0
230
1.0
  2
SOLID
 70
1
 71
0
 91
1
 92
3
 72
0
 73
1
 93
3
 10
155.0
 20
541.5
 10
155.8
 20
544.5
 10
154.2
 20
544.5
 97
0
 75
1
 76
1
 98
0
  0
HATCH
  5
327A
330
17
100
AcDbEntity
  8
F-MP
 62
7
420
18120
100
AcDbHatch
 10
0.0
 20
0.0
 30
0.0
210
0.0
220
0.0
230
1.0
  2
SOLID
 70
1
 71
0
 91
1
 92
3
 72
0
 73
1
 93
3
 10
155.0
 20
533.5
 10
155.8
 20
536.5
 10
154.2
 20
536.5
 97
0
 75
1
 76
1
 98
0
  0
HATCH
  5
327B
330
17
100
AcDbEntity
  8
F-MP
 62
7
420
18120
100
AcDbHatch
 10
0.0
 20
0.0
 30
0.0
210
0.0
220
0.0
230
1.0
  2
SOLID
 70
1
 71
0
 91
1
 92
3
 72
0
 73
1
 93
3
 10
155.0
 20
525.5
 10
155.8
 20
528.5
 10
154.2
 20
528.5
 97
0
 75
1
 76
1
 98
0
  0
HATCH
  5
327C
330
17
100
AcDbEntity
  8
F-MP
 62
7
420
18120
100
AcDbHatch
 10
0.0
 20
0.0
 30
0.0
210
0.0
220
0.0
230
1.0
  2
SOLID
 70
1
 71
0
 91
1
 92
3
 72
0
 73
1
 93
3
 10
155.0
 20
517.5
 10
155.8
 20
520.5
 10
154.2
 20
520.5
 97
0
 75
1
 76
1
 98
0
  0
HATCH
  5
327D
330
17
100
AcDbEntity
  8
F-MP
 62
7
420
18120
100
AcDbHatch
 10
0.0
 20
0.0
 30
0.0
210
0.0
220
0.0
230
1.0
  2
SOLID
 70
1
 71
0
 91
1
 92
3
 72
0
 73
1
 93
3
 10
155.0
 20
509.5
 10
155.8
 20
512.5
 10
154.2
 20
512.5
 97
0
 75
1
 76
1
 98
0
  0
HATCH
  5
327E
330
17
100
AcDbEntity
  8
F-MP
 62
7
420
18120
100
AcDbHatch
 10
0.0
 20
0.0
 30
0.0
210
0.0
220
0.0
230
1.0
  2
SOLID
 70
1
 71
0
 91
1
 92
3
 72
0
 73
1
 93
3
 10
155.0
 20
501.5
 10
155.8
 20
504.5
 10
154.2
 20
504.5
 97
0
 75
1
 76
1
 98
0
  0
HATCH
  5
327F
330
17
100
AcDbEntity
  8
F-MP
 62
7
420
18120
100
AcDbHatch
 10
0.0
 20
0.0
 30
0.0
210
0.0
220
0.0
230
1.0
  2
SOLID
 70
1
 71
0
 91
1
 92
3
 72
0
 73
1
 93
3
 10
155.0
 20
493.5
 10
155.8
 20
496.5
 10
154.2
 20
496.5
 97
0
 75
1
 76
1
 98
0
  0
HATCH
  5
3280
330
17
100
AcDbEntity
  8
F-MP
 62
7
420
18120
100
AcDbHatch
 10
0.0
 20
0.0
 30
0.0
210
0.0
220
0.0
230
1.0
  2
SOLID
 70
1
 71
0
 91
1
 92
3
 72
0
 73
1
 93
3
 10
155.0
 20
485.5
 10
155.8
 20
488.5
 10
154.2
 20
488.5
 97
0
 75
1
 76
1
 98
0
  0
HATCH
  5
3281
330
17
100
AcDbEntity
  8
F-MP
 62
7
420
18120
100
AcDbHatch
 10
0.0
 20
0.0
 30
0.0
210
0.0
220
0.0
230
1.0
  2
SOLID
 70
1
 71
0
 91
1
 92
3
 72
0
 73
1
 93
3
 10
160.5
 20
475.0
 10
157.5
 20
475.8
 10
157.5
 20
474.2
 97
0
 75
1
 76
1
 98
0
  0
HATCH
  5
3282
330
17
100
AcDbEntity
  8
F-MP
 62
7
420
18120
100
AcDbHatch
 10
0.0
 20
0.0
 30
0.0
210
0.0
220
0.0
230
1.0
  2
SOLID
 70
1
 71
0
 91
1
 92
3
 72
0
 73
1
 93
3
 10
168.5
 20
475.0
 10
165.5
 20
475.8
 10
165.5
 20
474.2
 97
0
 75
1
 76
1
 98
0
  0
HATCH
  5
3283
330
17
100
AcDbEntity
  8
F-MP
 62
7
420
18120
100
AcDbHatch
 10
0.0
 20
0.0
 30
0.0
210
0.0
220
0.0
230
1.0
  2
SOLID
 70
1
 71
0
 91
1
 92
3
 72
0
 73
1
 93
3
 10
175.0
 20
475.0
 10
172.0
 20
475.8
 10
172.0
 20
474.2
 97
0
 75
1
 76
1
 98
0
  0
LWPOLYLINE
  5
3284
330
17
100
AcDbEntity
  8
F-MP
100
AcDbPolyline
 90
6
 70
0
 10
175.0
 20
535.0
 10
163.0
 20
535.0
 10
163.0
 20
659.0
 10
313.0
 20
659.0
 10
313.0
 20
559.0
 10
321.0
 20
559.0
  0
HATCH
  5
3285
330
17
100
AcDbEntity
  8
F-MP
 62
7
420
18120
100
AcDbHatch
 10
0.0
 20
0.0
 30
0.0
210
0.0
220
0.0
230
1.0
  2
SOLID
 70
1
 71
0
 91
1
 92
3
 72
0
 73
1
 93
3
 10
163.0
 20
540.5
 10
162.2
 20
537.5
 10
163.8
 20
537.5
 97
0
 75
1
 76
1
 98
0
  0
HATCH
  5
3286
330
17
100
AcDbEntity
  8
F-MP
 62
7
420
18120
100
AcDbHatch
 10
0.0
 20
0.0
 30
0.0
210
0.0
220
0.0
230
1.0
  2
SOLID
 70
1
 71
0
 91
1
 92
3
 72
0
 73
1
 93
3
 10
163.0
 20
548.5
 10
162.2
 20
545.5
 10
163.8
 20
545.5
 97
0
 75
1
 76
1
 98
0
  0
HATCH
  5
3287
330
17
100
AcDbEntity
  8
F-MP
 62
7
420
18120
100
AcDbHatch
 10
0.0
 20
0.0
 30
0.0
210
0.0
220
0.0
230
1.0
  2
SOLID
 70
1
 71
0
 91
1
 92
3
 72
0
 73
1
 93
3
 10
163.0
 20
556.5
 10
162.2
 20
553.5
 10
163.8
 20
553.5
 97
0
 75
1
 76
1
 98
0
  0
HATCH
  5
3288
330
17
100
AcDbEntity
  8
F-MP
 62
7
420
18120
100
AcDbHatch
 10
0.0
 20
0.0
 30
0.0
210
0.0
220
0.0
230
1.0
  2
SOLID
 70
1
 71
0
 91
1
 92
3
 72
0
 73
1
 93
3
 10
163.0
 20
564.5
 10
162.2
 20
561.5
 10
163.8
 20
561.5
 97
0
 75
1
 76
1
 98
0
  0
HATCH
  5
3289
330
17
100
AcDbEntity
  8
F-MP
 62
7
420
18120
100
AcDbHatch
 10
0.0
 20
0.0
 30
0.0
210
0.0
220
0.0
230
1.0
  2
SOLID
 70
1
 71
0
 91
1
 92
3
 72
0
 73
1
 93
3
 10
163.0
 20
572.5
 10
162.2
 20
569.5
 10
163.8
 20
569.5
 97
0
 75
1
 76
1
 98
0
  0
HATCH
  5
328A
330
17
100
AcDbEntity
  8
F-MP
 62
7
420
18120
100
AcDbHatch
 10
0.0
 20
0.0
 30
0.0
210
0.0
220
0.0
230
1.0
  2
SOLID
 70
1
 71
0
 91
1
 92
3
 72
0
 73
1
 93
3
 10
163.0
 20
580.5
 10
162.2
 20
577.5
 10
163.8
 20
577.5
 97
0
 75
1
 76
1
 98
0
  0
HATCH
  5
328B
330
17
100
AcDbEntity
  8
F-MP
 62
7
420
18120
100
AcDbHatch
 10
0.0
 20
0.0
 30
0.0
210
0.0
220
0.0
230
1.0
  2
SOLID
 70
1
 71
0
 91
1
 92
3
 72
0
 73
1
 93
3
 10
163.0
 20
588.5
 10
162.2
 20
585.5
 10
163.8
 20
585.5
 97
0
 75
1
 76
1
 98
0
  0
HATCH
  5
328C
330
17
100
AcDbEntity
  8
F-MP
 62
7
420
18120
100
AcDbHatch
 10
0.0
 20
0.0
 30
0.0
210
0.0
220
0.0
230
1.0
  2
SOLID
 70
1
 71
0
 91
1
 92
3
 72
0
 73
1
 93
3
 10
163.0
 20
596.5
 10
162.2
 20
593.5
 10
163.8
 20
593.5
 97
0
 75
1
 76
1
 98
0
  0
HATCH
  5
328D
330
17
100
AcDbEntity
  8
F-MP
 62
7
420
18120
100
AcDbHatch
 10
0.0
 20
0.0
 30
0.0
210
0.0
220
0.0
230
1.0
  2
SOLID
 70
1
 71
0
 91
1
 92
3
 72
0
 73
1
 93
3
 10
163.0
 20
604.5
 10
162.2
 20
601.5
 10
163.8
 20
601.5
 97
0
 75
1
 76
1
 98
0
  0
HATCH
  5
328E
330
17
100
AcDbEntity
  8
F-MP
 62
7
420
18120
100
AcDbHatch
 10
0.0
 20
0.0
 30
0.0
210
0.0
220
0.0
230
1.0
  2
SOLID
 70
1
 71
0
 91
1
 92
3
 72
0
 73
1
 93
3
 10
163.0
 20
612.5
 10
162.2
 20
609.5
 10
163.8
 20
609.5
 97
0
 75
1
 76
1
 98
0
  0
HATCH
  5
328F
330
17
100
AcDbEntity
  8
F-MP
 62
7
420
18120
100
AcDbHatch
 10
0.0
 20
0.0
 30
0.0
210
0.0
220
0.0
230
1.0
  2
SOLID
 70
1
 71
0
 91
1
 92
3
 72
0
 73
1
 93
3
 10
163.0
 20
620.5
 10
162.2
 20
617.5
 10
163.8
 20
617.5
 97
0
 75
1
 76
1
 98
0
  0
HATCH
  5
3290
330
17
100
AcDbEntity
  8
F-MP
 62
7
420
18120
100
AcDbHatch
 10
0.0
 20
0.0
 30
0.0
210
0.0
220
0.0
230
1.0
  2
SOLID
 70
1
 71
0
 91
1
 92
3
 72
0
 73
1
 93
3
 10
163.0
 20
628.5
 10
162.2
 20
625.5
 10
163.8
 20
625.5
 97
0
 75
1
 76
1
 98
0
  0
HATCH
  5
3291
330
17
100
AcDbEntity
  8
F-MP
 62
7
420
18120
100
AcDbHatch
 10
0.0
 20
0.0
 30
0.0
210
0.0
220
0.0
230
1.0
  2
SOLID
 70
1
 71
0
 91
1
 92
3
 72
0
 73
1
 93
3
 10
163.0
 20
636.5
 10
162.2
 20
633.5
 10
163.8
 20
633.5
 97
0
 75
1
 76
1
 98
0
  0
HATCH
  5
3292
330
17
100
AcDbEntity
  8
F-MP
 62
7
420
18120
100
AcDbHatch
 10
0.0
 20
0.0
 30
0.0
210
0.0
220
0.0
230
1.0
  2
SOLID
 70
1
 71
0
 91
1
 92
3
 72
0
 73
1
 93
3
 10
163.0
 20
644.5
 10
162.2
 20
641.5
 10
163.8
 20
641.5
 97
0
 75
1
 76
1
 98
0
  0
HATCH
  5
3293
330
17
100
AcDbEntity
  8
F-MP
 62
7
420
18120
100
AcDbHatch
 10
0.0
 20
0.0
 30
0.0
210
0.0
220
0.0
230
1.0
  2
SOLID
 70
1
 71
0
 91
1
 92
3
 72
0
 73
1
 93
3
 10
163.0
 20
652.5
 10
162.2
 20
649.5
 10
163.8
 20
649.5
 97
0
 75
1
 76
1
 98
0
  0
HATCH
  5
3294
330
17
100
AcDbEntity
  8
F-MP
 62
7
420
18120
100
AcDbHatch
 10
0.0
 20
0.0
 30
0.0
210
0.0
220
0.0
230
1.0
  2
SOLID
 70
1
 71
0
 91
1
 92
3
 72
0
 73
1
 93
3
 10
172.5
 20
659.0
 10
169.5
 20
659.8
 10
169.5
 20
658.2
 97
0
 75
1
 76
1
 98
0
  0
HATCH
  5
3295
330
17
100
AcDbEntity
  8
F-MP
 62
7
420
18120
100
AcDbHatch
 10
0.0
 20
0.0
 30
0.0
210
0.0
220
0.0
230
1.0
  2
SOLID
 70
1
 71
0
 91
1
 92
3
 72
0
 73
1
 93
3
 10
180.5
 20
659.0
 10
177.5
 20
659.8
 10
177.5
 20
658.2
 97
0
 75
1
 76
1
 98
0
  0
HATCH
  5
3296
330
17
100
AcDbEntity
  8
F-MP
 62
7
420
18120
100
AcDbHatch
 10
0.0
 20
0.0
 30
0.0
210
0.0
220
0.0
230
1.0
  2
SOLID
 70
1
 71
0
 91
1
 92
3
 72
0
 73
1
 93
3
 10
188.5
 20
659.0
 10
185.5
 20
659.8
 10
185.5
 20
658.2
 97
0
 75
1
 76
1
 98
0
  0
HATCH
  5
3297
330
17
100
AcDbEntity
  8
F-MP
 62
7
420
18120
100
AcDbHatch
 10
0.0
 20
0.0
 30
0.0
210
0.0
220
0.0
230
1.0
  2
SOLID
 70
1
 71
0
 91
1
 92
3
 72
0
 73
1
 93
3
 10
196.5
 20
659.0
 10
193.5
 20
659.8
 10
193.5
 20
658.2
 97
0
 75
1
 76
1
 98
0
  0
HATCH
  5
3298
330
17
100
AcDbEntity
  8
F-MP
 62
7
420
18120
100
AcDbHatch
 10
0.0
 20
0.0
 30
0.0
210
0.0
220
0.0
230
1.0
  2
SOLID
 70
1
 71
0
 91
1
 92
3
 72
0
 73
1
 93
3
 10
204.5
 20
659.0
 10
201.5
 20
659.8
 10
201.5
 20
658.2
 97
0
 75
1
 76
1
 98
0
  0
HATCH
  5
3299
330
17
100
AcDbEntity
  8
F-MP
 62
7
420
18120
100
AcDbHatch
 10
0.0
 20
0.0
 30
0.0
210
0.0
220
0.0
230
1.0
  2
SOLID
 70
1
 71
0
 91
1
 92
3
 72
0
 73
1
 93
3
 10
212.5
 20
659.0
 10
209.5
 20
659.8
 10
209.5
 20
658.2
 97
0
 75
1
 76
1
 98
0
  0
HATCH
  5
329A
330
17
100
AcDbEntity
  8
F-MP
 62
7
420
18120
100
AcDbHatch
 10
0.0
 20
0.0
 30
0.0
210
0.0
220
0.0
230
1.0
  2
SOLID
 70
1
 71
0
 91
1
 92
3
 72
0
 73
1
 93
3
 10
220.5
 20
659.0
 10
217.5
 20
659.8
 10
217.5
 20
658.2
 97
0
 75
1
 76
1
 98
0
  0
HATCH
  5
329B
330
17
100
AcDbEntity
  8
F-MP
 62
7
420
18120
100
AcDbHatch
 10
0.0
 20
0.0
 30
0.0
210
0.0
220
0.0
230
1.0
  2
SOLID
 70
1
 71
0
 91
1
 92
3
 72
0
 73
1
 93
3
 10
228.5
 20
659.0
 10
225.5
 20
659.8
 10
225.5
 20
658.2
 97
0
 75
1
 76
1
 98
0
  0
HATCH
  5
329C
330
17
100
AcDbEntity
  8
F-MP
 62
7
420
18120
100
AcDbHatch
 10
0.0
 20
0.0
 30
0.0
210
0.0
220
0.0
230
1.0
  2
SOLID
 70
1
 71
0
 91
1
 92
3
 72
0
 73
1
 93
3
 10
236.5
 20
659.0
 10
233.5
 20
659.8
 10
233.5
 20
658.2
 97
0
 75
1
 76
1
 98
0
  0
HATCH
  5
329D
330
17
100
AcDbEntity
  8
F-MP
 62
7
420
18120
100
AcDbHatch
 10
0.0
 20
0.0
 30
0.0
210
0.0
220
0.0
230
1.0
  2
SOLID
 70
1
 71
0
 91
1
 92
3
 72
0
 73
1
 93
3
 10
244.5
 20
659.0
 10
241.5
 20
659.8
 10
241.5
 20
658.2
 97
0
 75
1
 76
1
 98
0
  0
HATCH
  5
329E
330
17
100
AcDbEntity
  8
F-MP
 62
7
420
18120
100
AcDbHatch
 10
0.0
 20
0.0
 30
0.0
210
0.0
220
0.0
230
1.0
  2
SOLID
 70
1
 71
0
 91
1
 92
3
 72
0
 73
1
 93
3
 10
252.5
 20
659.0
 10
249.5
 20
659.8
 10
249.5
 20
658.2
 97
0
 75
1
 76
1
 98
0
  0
HATCH
  5
329F
330
17
100
AcDbEntity
  8
F-MP
 62
7
420
18120
100
AcDbHatch
 10
0.0
 20
0.0
 30
0.0
210
0.0
220
0.0
230
1.0
  2
SOLID
 70
1
 71
0
 91
1
 92
3
 72
0
 73
1
 93
3
 10
260.5
 20
659.0
 10
257.5
 20
659.8
 10
257.5
 20
658.2
 97
0
 75
1
 76
1
 98
0
  0
HATCH
  5
32A0
330
17
100
AcDbEntity
  8
F-MP
 62
7
420
18120
100
AcDbHatch
 10
0.0
 20
0.0
 30
0.0
210
0.0
220
0.0
230
1.0
  2
SOLID
 70
1
 71
0
 91
1
 92
3
 72
0
 73
1
 93
3
 10
268.5
 20
659.0
 10
265.5
 20
659.8
 10
265.5
 20
658.2
 97
0
 75
1
 76
1
 98
0
  0
HATCH
  5
32A1
330
17
100
AcDbEntity
  8
F-MP
 62
7
420
18120
100
AcDbHatch
 10
0.0
 20
0.0
 30
0.0
210
0.0
220
0.0
230
1.0
  2
SOLID
 70
1
 71
0
 91
1
 92
3
 72
0
 73
1
 93
3
 10
276.5
 20
659.0
 10
273.5
 20
659.8
 10
273.5
 20
658.2
 97
0
 75
1
 76
1
 98
0
  0
HATCH
  5
32A2
330
17
100
AcDbEntity
  8
F-MP
 62
7
420
18120
100
AcDbHatch
 10
0.0
 20
0.0
 30
0.0
210
0.0
220
0.0
230
1.0
  2
SOLID
 70
1
 71
0
 91
1
 92
3
 72
0
 73
1
 93
3
 10
284.5
 20
659.0
 10
281.5
 20
659.8
 10
281.5
 20
658.2
 97
0
 75
1
 76
1
 98
0
  0
HATCH
  5
32A3
330
17
100
AcDbEntity
  8
F-MP
 62
7
420
18120
100
AcDbHatch
 10
0.0
 20
0.0
 30
0.0
210
0.0
220
0.0
230
1.0
  2
SOLID
 70
1
 71
0
 91
1
 92
3
 72
0
 73
1
 93
3
 10
292.5
 20
659.0
 10
289.5
 20
659.8
 10
289.5
 20
658.2
 97
0
 75
1
 76
1
 98
0
  0
HATCH
  5
32A4
330
17
100
AcDbEntity
  8
F-MP
 62
7
420
18120
100
AcDbHatch
 10
0.0
 20
0.0
 30
0.0
210
0.0
220
0.0
230
1.0
  2
SOLID
 70
1
 71
0
 91
1
 92
3
 72
0
 73
1
 93
3
 10
300.5
 20
659.0
 10
297.5
 20
659.8
 10
297.5
 20
658.2
 97
0
 75
1
 76
1
 98
0
  0
HATCH
  5
32A5
330
17
100
AcDbEntity
  8
F-MP
 62
7
420
18120
100
AcDbHatch
 10
0.0
 20
0.0
 30
0.0
210
0.0
220
0.0
230
1.0
  2
SOLID
 70
1
 71
0
 91
1
 92
3
 72
0
 73
1
 93
3
 10
308.5
 20
659.0
 10
305.5
 20
659.8
 10
305.5
 20
658.2
 97
0
 75
1
 76
1
 98
0
  0
HATCH
  5
32A6
330
17
100
AcDbEntity
  8
F-MP
 62
7
420
18120
100
AcDbHatch
 10
0.0
 20
0.0
 30
0.0
210
0.0
220
0.0
230
1.0
  2
SOLID
 70
1
 71
0
 91
1
 92
3
 72
0
 73
1
 93
3
 10
313.0
 20
655.5
 10
313.8
 20
658.5
 10
312.2
 20
658.5
 97
0
 75
1
 76
1
 98
0
  0
HATCH
  5
32A7
330
17
100
AcDbEntity
  8
F-MP
 62
7
420
18120
100
AcDbHatch
 10
0.0
 20
0.0
 30
0.0
210
0.0
220
0.0
230
1.0
  2
SOLID
 70
1
 71
0
 91
1
 92
3
 72
0
 73
1
 93
3
 10
313.0
 20
647.5
 10
313.8
 20
650.5
 10
312.2
 20
650.5
 97
0
 75
1
 76
1
 98
0
  0
HATCH
  5
32A8
330
17
100
AcDbEntity
  8
F-MP
 62
7
420
18120
100
AcDbHatch
 10
0.0
 20
0.0
 30
0.0
210
0.0
220
0.0
230
1.0
  2
SOLID
 70
1
 71
0
 91
1
 92
3
 72
0
 73
1
 93
3
 10
313.0
 20
639.5
 10
313.8
 20
642.5
 10
312.2
 20
642.5
 97
0
 75
1
 76
1
 98
0
  0
HATCH
  5
32A9
330
17
100
AcDbEntity
  8
F-MP
 62
7
420
18120
100
AcDbHatch
 10
0.0
 20
0.0
 30
0.0
210
0.0
220
0.0
230
1.0
  2
SOLID
 70
1
 71
0
 91
1
 92
3
 72
0
 73
1
 93
3
 10
313.0
 20
631.5
 10
313.8
 20
634.5
 10
312.2
 20
634.5
 97
0
 75
1
 76
1
 98
0
  0
HATCH
  5
32AA
330
17
100
AcDbEntity
  8
F-MP
 62
7
420
18120
100
AcDbHatch
 10
0.0
 20
0.0
 30
0.0
210
0.0
220
0.0
230
1.0
  2
SOLID
 70
1
 71
0
 91
1
 92
3
 72
0
 73
1
 93
3
 10
313.0
 20
623.5
 10
313.8
 20
626.5
 10
312.2
 20
626.5
 97
0
 75
1
 76
1
 98
0
  0
HATCH
  5
32AB
330
17
100
AcDbEntity
  8
F-MP
 62
7
420
18120
100
AcDbHatch
 10
0.0
 20
0.0
 30
0.0
210
0.0
220
0.0
230
1.0
  2
SOLID
 70
1
 71
0
 91
1
 92
3
 72
0
 73
1
 93
3
 10
313.0
 20
615.5
 10
313.8
 20
618.5
 10
312.2
 20
618.5
 97
0
 75
1
 76
1
 98
0
  0
HATCH
  5
32AC
330
17
100
AcDbEntity
  8
F-MP
 62
7
420
18120
100
AcDbHatch
 10
0.0
 20
0.0
 30
0.0
210
0.0
220
0.0
230
1.0
  2
SOLID
 70
1
 71
0
 91
1
 92
3
 72
0
 73
1
 93
3
 10
313.0
 20
607.5
 10
313.8
 20
610.5
 10
312.2
 20
610.5
 97
0
 75
1
 76
1
 98
0
  0
HATCH
  5
32AD
330
17
100
AcDbEntity
  8
F-MP
 62
7
420
18120
100
AcDbHatch
 10
0.0
 20
0.0
 30
0.0
210
0.0
220
0.0
230
1.0
  2
SOLID
 70
1
 71
0
 91
1
 92
3
 72
0
 73
1
 93
3
 10
313.0
 20
599.5
 10
313.8
 20
602.5
 10
312.2
 20
602.5
 97
0
 75
1
 76
1
 98
0
  0
HATCH
  5
32AE
330
17
100
AcDbEntity
  8
F-MP
 62
7
420
18120
100
AcDbHatch
 10
0.0
 20
0.0
 30
0.0
210
0.0
220
0.0
230
1.0
  2
SOLID
 70
1
 71
0
 91
1
 92
3
 72
0
 73
1
 93
3
 10
313.0
 20
591.5
 10
313.8
 20
594.5
 10
312.2
 20
594.5
 97
0
 75
1
 76
1
 98
0
  0
HATCH
  5
32AF
330
17
100
AcDbEntity
  8
F-MP
 62
7
420
18120
100
AcDbHatch
 10
0.0
 20
0.0
 30
0.0
210
0.0
220
0.0
230
1.0
  2
SOLID
 70
1
 71
0
 91
1
 92
3
 72
0
 73
1
 93
3
 10
313.0
 20
583.5
 10
313.8
 20
586.5
 10
312.2
 20
586.5
 97
0
 75
1
 76
1
 98
0
  0
HATCH
  5
32B0
330
17
100
AcDbEntity
  8
F-MP
 62
7
420
18120
100
AcDbHatch
 10
0.0
 20
0.0
 30
0.0
210
0.0
220
0.0
230
1.0
  2
SOLID
 70
1
 71
0
 91
1
 92
3
 72
0
 73
1
 93
3
 10
313.0
 20
575.5
 10
313.8
 20
578.5
 10
312.2
 20
578.5
 97
0
 75
1
 76
1
 98
0
  0
HATCH
  5
32B1
330
17
100
AcDbEntity
  8
F-MP
 62
7
420
18120
100
AcDbHatch
 10
0.0
 20
0.0
 30
0.0
210
0.0
220
0.0
230
1.0
  2
SOLID
 70
1
 71
0
 91
1
 92
3
 72
0
 73
1
 93
3
 10
313.0
 20
567.5
 10
313.8
 20
570.5
 10
312.2
 20
570.5
 97
0
 75
1
 76
1
 98
0
  0
HATCH
  5
32B2
330
17
100
AcDbEntity
  8
F-MP
 62
7
420
18120
100
AcDbHatch
 10
0.0
 20
0.0
 30
0.0
210
0.0
220
0.0
230
1.0
  2
SOLID
 70
1
 71
0
 91
1
 92
3
 72
0
 73
1
 93
3
 10
321.0
 20
559.0
 10
318.0
 20
559.8
 10
318.0
 20
558.2
 97
0
 75
1
 76
1
 98
0
  0
HATCH
  5
32BB
330
17
100
AcDbEntity
  8
F-MP
 62
7
420
18120
100
AcDbHatch
 10
0.0
 20
0.0
 30
0.0
210
0.0
220
0.0
230
1.0
  2
SOLID
 70
1
 71
0
 91
1
 92
3
 72
0
 73
1
 93
3
 10
281.0
 20
789.5
 10
281.8
 20
792.5
 10
280.2
 20
792.5
 97
0
 75
1
 76
1
 98
0
  0
HATCH
  5
32BC
330
17
100
AcDbEntity
  8
F-MP
 62
7
420
18120
100
AcDbHatch
 10
0.0
 20
0.0
 30
0.0
210
0.0
220
0.0
230
1.0
  2
SOLID
 70
1
 71
0
 91
1
 92
3
 72
0
 73
1
 93
3
 10
281.0
 20
781.5
 10
281.8
 20
784.5
 10
280.2
 20
784.5
 97
0
 75
1
 76
1
 98
0
  0
HATCH
  5
32BD
330
17
100
AcDbEntity
  8
F-MP
 62
7
420
18120
100
AcDbHatch
 10
0.0
 20
0.0
 30
0.0
210
0.0
220
0.0
230
1.0
  2
SOLID
 70
1
 71
0
 91
1
 92
3
 72
0
 73
1
 93
3
 10
281.0
 20
773.5
 10
281.8
 20
776.5
 10
280.2
 20
776.5
 97
0
 75
1
 76
1
 98
0
  0
HATCH
  5
32BE
330
17
100
AcDbEntity
  8
F-MP
 62
7
420
18120
100
AcDbHatch
 10
0.0
 20
0.0
 30
0.0
210
0.0
220
0.0
230
1.0
  2
SOLID
 70
1
 71
0
 91
1
 92
3
 72
0
 73
1
 93
3
 10
281.0
 20
765.5
 10
281.8
 20
768.5
 10
280.2
 20
768.5
 97
0
 75
1
 76
1
 98
0
  0
HATCH
  5
32BF
330
17
100
AcDbEntity
  8
F-MP
 62
7
420
18120
100
AcDbHatch
 10
0.0
 20
0.0
 30
0.0
210
0.0
220
0.0
230
1.0
  2
SOLID
 70
1
 71
0
 91
1
 92
3
 72
0
 73
1
 93
3
 10
281.0
 20
757.5
 10
281.8
 20
760.5
 10
280.2
 20
760.5
 97
0
 75
1
 76
1
 98
0
  0
HATCH
  5
32C0
330
17
100
AcDbEntity
  8
F-MP
 62
7
420
18120
100
AcDbHatch
 10
0.0
 20
0.0
 30
0.0
210
0.0
220
0.0
230
1.0
  2
SOLID
 70
1
 71
0
 91
1
 92
3
 72
0
 73
1
 93
3
 10
281.0
 20
749.5
 10
281.8
 20
752.5
 10
280.2
 20
752.5
 97
0
 75
1
 76
1
 98
0
  0
HATCH
  5
32C1
330
17
100
AcDbEntity
  8
F-MP
 62
7
420
18120
100
AcDbHatch
 10
0.0
 20
0.0
 30
0.0
210
0.0
220
0.0
230
1.0
  2
SOLID
 70
1
 71
0
 91
1
 92
3
 72
0
 73
1
 93
3
 10
281.0
 20
741.5
 10
281.8
 20
744.5
 10
280.2
 20
744.5
 97
0
 75
1
 76
1
 98
0
  0
HATCH
  5
32C2
330
17
100
AcDbEntity
  8
F-MP
 62
7
420
18120
100
AcDbHatch
 10
0.0
 20
0.0
 30
0.0
210
0.0
220
0.0
230
1.0
  2
SOLID
 70
1
 71
0
 91
1
 92
3
 72
0
 73
1
 93
3
 10
281.0
 20
733.5
 10
281.8
 20
736.5
 10
280.2
 20
736.5
 97
0
 75
1
 76
1
 98
0
  0
HATCH
  5
32C3
330
17
100
AcDbEntity
  8
F-MP
 62
7
420
18120
100
AcDbHatch
 10
0.0
 20
0.0
 30
0.0
210
0.0
220
0.0
230
1.0
  2
SOLID
 70
1
 71
0
 91
1
 92
3
 72
0
 73
1
 93
3
 10
281.0
 20
725.5
 10
281.8
 20
728.5
 10
280.2
 20
728.5
 97
0
 75
1
 76
1
 98
0
  0
HATCH
  5
32C4
330
17
100
AcDbEntity
  8
F-MP
 62
7
420
18120
100
AcDbHatch
 10
0.0
 20
0.0
 30
0.0
210
0.0
220
0.0
230
1.0
  2
SOLID
 70
1
 71
0
 91
1
 92
3
 72
0
 73
1
 93
3
 10
281.0
 20
717.5
 10
281.8
 20
720.5
 10
280.2
 20
720.5
 97
0
 75
1
 76
1
 98
0
  0
HATCH
  5
32C5
330
17
100
AcDbEntity
  8
F-MP
 62
7
420
18120
100
AcDbHatch
 10
0.0
 20
0.0
 30
0.0
210
0.0
220
0.0
230
1.0
  2
SOLID
 70
1
 71
0
 91
1
 92
3
 72
0
 73
1
 93
3
 10
281.0
 20
709.5
 10
281.8
 20
712.5
 10
280.2
 20
712.5
 97
0
 75
1
 76
1
 98
0
  0
HATCH
  5
32C6
330
17
100
AcDbEntity
  8
F-MP
 62
7
420
18120
100
AcDbHatch
 10
0.0
 20
0.0
 30
0.0
210
0.0
220
0.0
230
1.0
  2
SOLID
 70
1
 71
0
 91
1
 92
3
 72
0
 73
1
 93
3
 10
281.0
 20
701.5
 10
281.8
 20
704.5
 10
280.2
 20
704.5
 97
0
 75
1
 76
1
 98
0
  0
HATCH
  5
32C7
330
17
100
AcDbEntity
  8
F-MP
 62
7
420
18120
100
AcDbHatch
 10
0.0
 20
0.0
 30
0.0
210
0.0
220
0.0
230
1.0
  2
SOLID
 70
1
 71
0
 91
1
 92
3
 72
0
 73
1
 93
3
 10
281.0
 20
685.5
 10
281.8
 20
688.5
 10
280.2
 20
688.5
 97
0
 75
1
 76
1
 98
0
  0
HATCH
  5
32C8
330
17
100
AcDbEntity
  8
F-MP
 62
7
420
18120
100
AcDbHatch
 10
0.0
 20
0.0
 30
0.0
210
0.0
220
0.0
230
1.0
  2
SOLID
 70
1
 71
0
 91
1
 92
3
 72
0
 73
1
 93
3
 10
275.5
 20
675.0
 10
278.5
 20
674.2
 10
278.5
 20
675.8
 97
0
 75
1
 76
1
 98
0
  0
HATCH
  5
32C9
330
17
100
AcDbEntity
  8
F-MP
 62
7
420
18120
100
AcDbHatch
 10
0.0
 20
0.0
 30
0.0
210
0.0
220
0.0
230
1.0
  2
SOLID
 70
1
 71
0
 91
1
 92
3
 72
0
 73
1
 93
3
 10
267.5
 20
675.0
 10
270.5
 20
674.2
 10
270.5
 20
675.8
 97
0
 75
1
 76
1
 98
0
  0
HATCH
  5
32CA
330
17
100
AcDbEntity
  8
F-MP
 62
7
420
18120
100
AcDbHatch
 10
0.0
 20
0.0
 30
0.0
210
0.0
220
0.0
230
1.0
  2
SOLID
 70
1
 71
0
 91
1
 92
3
 72
0
 73
1
 93
3
 10
259.5
 20
675.0
 10
262.5
 20
674.2
 10
262.5
 20
675.8
 97
0
 75
1
 76
1
 98
0
  0
HATCH
  5
32CB
330
17
100
AcDbEntity
  8
F-MP
 62
7
420
18120
100
AcDbHatch
 10
0.0
 20
0.0
 30
0.0
210
0.0
220
0.0
230
1.0
  2
SOLID
 70
1
 71
0
 91
1
 92
3
 72
0
 73
1
 93
3
 10
251.5
 20
675.0
 10
254.5
 20
674.2
 10
254.5
 20
675.8
 97
0
 75
1
 76
1
 98
0
  0
HATCH
  5
32CC
330
17
100
AcDbEntity
  8
F-MP
 62
7
420
18120
100
AcDbHatch
 10
0.0
 20
0.0
 30
0.0
210
0.0
220
0.0
230
1.0
  2
SOLID
 70
1
 71
0
 91
1
 92
3
 72
0
 73
1
 93
3
 10
243.5
 20
675.0
 10
246.5
 20
674.2
 10
246.5
 20
675.8
 97
0
 75
1
 76
1
 98
0
  0
HATCH
  5
32CD
330
17
100
AcDbEntity
  8
F-MP
 62
7
420
18120
100
AcDbHatch
 10
0.0
 20
0.0
 30
0.0
210
0.0
220
0.0
230
1.0
  2
SOLID
 70
1
 71
0
 91
1
 92
3
 72
0
 73
1
 93
3
 10
235.5
 20
675.0
 10
238.5
 20
674.2
 10
238.5
 20
675.8
 97
0
 75
1
 76
1
 98
0
  0
HATCH
  5
32CE
330
17
100
AcDbEntity
  8
F-MP
 62
7
420
18120
100
AcDbHatch
 10
0.0
 20
0.0
 30
0.0
210
0.0
220
0.0
230
1.0
  2
SOLID
 70
1
 71
0
 91
1
 92
3
 72
0
 73
1
 93
3
 10
227.5
 20
675.0
 10
230.5
 20
674.2
 10
230.5
 20
675.8
 97
0
 75
1
 76
1
 98
0
  0
HATCH
  5
32CF
330
17
100
AcDbEntity
  8
F-MP
 62
7
420
18120
100
AcDbHatch
 10
0.0
 20
0.0
 30
0.0
210
0.0
220
0.0
230
1.0
  2
SOLID
 70
1
 71
0
 91
1
 92
3
 72
0
 73
1
 93
3
 10
219.5
 20
675.0
 10
222.5
 20
674.2
 10
222.5
 20
675.8
 97
0
 75
1
 76
1
 98
0
  0
HATCH
  5
32D0
330
17
100
AcDbEntity
  8
F-MP
 62
7
420
18120
100
AcDbHatch
 10
0.0
 20
0.0
 30
0.0
210
0.0
220
0.0
230
1.0
  2
SOLID
 70
1
 71
0
 91
1
 92
3
 72
0
 73
1
 93
3
 10
211.5
 20
675.0
 10
214.5
 20
674.2
 10
214.5
 20
675.8
 97
0
 75
1
 76
1
 98
0
  0
HATCH
  5
32D1
330
17
100
AcDbEntity
  8
F-MP
 62
7
420
18120
100
AcDbHatch
 10
0.0
 20
0.0
 30
0.0
210
0.0
220
0.0
230
1.0
  2
SOLID
 70
1
 71
0
 91
1
 92
3
 72
0
 73
1
 93
3
 10
203.5
 20
675.0
 10
206.5
 20
674.2
 10
206.5
 20
675.8
 97
0
 75
1
 76
1
 98
0
  0
HATCH
  5
32D2
330
17
100
AcDbEntity
  8
F-MP
 62
7
420
18120
100
AcDbHatch
 10
0.0
 20
0.0
 30
0.0
210
0.0
220
0.0
230
1.0
  2
SOLID
 70
1
 71
0
 91
1
 92
3
 72
0
 73
1
 93
3
 10
195.5
 20
675.0
 10
198.5
 20
674.2
 10
198.5
 20
675.8
 97
0
 75
1
 76
1
 98
0
  0
HATCH
  5
32D3
330
17
100
AcDbEntity
  8
F-MP
 62
7
420
18120
100
AcDbHatch
 10
0.0
 20
0.0
 30
0.0
210
0.0
220
0.0
230
1.0
  2
SOLID
 70
1
 71
0
 91
1
 92
3
 72
0
 73
1
 93
3
 10
187.5
 20
675.0
 10
190.5
 20
674.2
 10
190.5
 20
675.8
 97
0
 75
1
 76
1
 98
0
  0
HATCH
  5
32D4
330
17
100
AcDbEntity
  8
F-MP
 62
7
420
18120
100
AcDbHatch
 10
0.0
 20
0.0
 30
0.0
210
0.0
220
0.0
230
1.0
  2
SOLID
 70
1
 71
0
 91
1
 92
3
 72
0
 73
1
 93
3
 10
179.5
 20
675.0
 10
182.5
 20
674.2
 10
182.5
 20
675.8
 97
0
 75
1
 76
1
 98
0
  0
HATCH
  5
32D5
330
17
100
AcDbEntity
  8
F-MP
 62
7
420
18120
100
AcDbHatch
 10
0.0
 20
0.0
 30
0.0
210
0.0
220
0.0
230
1.0
  2
SOLID
 70
1
 71
0
 91
1
 92
3
 72
0
 73
1
 93
3
 10
171.5
 20
675.0
 10
174.5
 20
674.2
 10
174.5
 20
675.8
 97
0
 75
1
 76
1
 98
0
  0
HATCH
  5
32D6
330
17
100
AcDbEntity
  8
F-MP
 62
7
420
18120
100
AcDbHatch
 10
0.0
 20
0.0
 30
0.0
210
0.0
220
0.0
230
1.0
  2
SOLID
 70
1
 71
0
 91
1
 92
3
 72
0
 73
1
 93
3
 10
163.5
 20
675.0
 10
166.5
 20
674.2
 10
166.5
 20
675.8
 97
0
 75
1
 76
1
 98
0
  0
HATCH
  5
32D7
330
17
100
AcDbEntity
  8
F-MP
 62
7
420
18120
100
AcDbHatch
 10
0.0
 20
0.0
 30
0.0
210
0.0
220
0.0
230
1.0
  2
SOLID
 70
1
 71
0
 91
1
 92
3
 72
0
 73
1
 93
3
 10
155.5
 20
675.0
 10
158.5
 20
674.2
 10
158.5
 20
675.8
 97
0
 75
1
 76
1
 98
0
  0
HATCH
  5
32D8
330
17
100
AcDbEntity
  8
F-MP
 62
7
420
18120
100
AcDbHatch
 10
0.0
 20
0.0
 30
0.0
210
0.0
220
0.0
230
1.0
  2
SOLID
 70
1
 71
0
 91
1
 92
3
 72
0
 73
1
 93
3
 10
147.5
 20
675.0
 10
150.5
 20
674.2
 10
150.5
 20
675.8
 97
0
 75
1
 76
1
 98
0
  0
HATCH
  5
32D9
330
17
100
AcDbEntity
  8
F-MP
 62
7
420
18120
100
AcDbHatch
 10
0.0
 20
0.0
 30
0.0
210
0.0
220
0.0
230
1.0
  2
SOLID
 70
1
 71
0
 91
1
 92
3
 72
0
 73
1
 93
3
 10
139.5
 20
675.0
 10
142.5
 20
674.2
 10
142.5
 20
675.8
 97
0
 75
1
 76
1
 98
0
  0
HATCH
  5
32DA
330
17
100
AcDbEntity
  8
F-MP
 62
7
420
18120
100
AcDbHatch
 10
0.0
 20
0.0
 30
0.0
210
0.0
220
0.0
230
1.0
  2
SOLID
 70
1
 71
0
 91
1
 92
3
 72
0
 73
1
 93
3
 10
131.5
 20
675.0
 10
134.5
 20
674.2
 10
134.5
 20
675.8
 97
0
 75
1
 76
1
 98
0
  0
HATCH
  5
32DB
330
17
100
AcDbEntity
  8
F-MP
 62
7
420
18120
100
AcDbHatch
 10
0.0
 20
0.0
 30
0.0
210
0.0
220
0.0
230
1.0
  2
SOLID
 70
1
 71
0
 91
1
 92
3
 72
0
 73
1
 93
3
 10
123.0
 20
667.5
 10
123.8
 20
670.5
 10
122.2
 20
670.5
 97
0
 75
1
 76
1
 98
0
  0
HATCH
  5
32DC
330
17
100
AcDbEntity
  8
F-MP
 62
7
420
18120
100
AcDbHatch
 10
0.0
 20
0.0
 30
0.0
210
0.0
220
0.0
230
1.0
  2
SOLID
 70
1
 71
0
 91
1
 92
3
 72
0
 73
1
 93
3
 10
123.0
 20
659.5
 10
123.8
 20
662.5
 10
122.2
 20
662.5
 97
0
 75
1
 76
1
 98
0
  0
HATCH
  5
32DD
330
17
100
AcDbEntity
  8
F-MP
 62
7
420
18120
100
AcDbHatch
 10
0.0
 20
0.0
 30
0.0
210
0.0
220
0.0
230
1.0
  2
SOLID
 70
1
 71
0
 91
1
 92
3
 72
0
 73
1
 93
3
 10
123.0
 20
651.5
 10
123.8
 20
654.5
 10
122.2
 20
654.5
 97
0
 75
1
 76
1
 98
0
  0
HATCH
  5
32DE
330
17
100
AcDbEntity
  8
F-MP
 62
7
420
18120
100
AcDbHatch
 10
0.0
 20
0.0
 30
0.0
210
0.0
220
0.0
230
1.0
  2
SOLID
 70
1
 71
0
 91
1
 92
3
 72
0
 73
1
 93
3
 10
123.0
 20
643.5
 10
123.8
 20
646.5
 10
122.2
 20
646.5
 97
0
 75
1
 76
1
 98
0
  0
HATCH
  5
32DF
330
17
100
AcDbEntity
  8
F-MP
 62
7
420
18120
100
AcDbHatch
 10
0.0
 20
0.0
 30
0.0
210
0.0
220
0.0
230
1.0
  2
SOLID
 70
1
 71
0
 91
1
 92
3
 72
0
 73
1
 93
3
 10
123.0
 20
635.5
 10
123.8
 20
638.5
 10
122.2
 20
638.5
 97
0
 75
1
 76
1
 98
0
  0
HATCH
  5
32E0
330
17
100
AcDbEntity
  8
F-MP
 62
7
420
18120
100
AcDbHatch
 10
0.0
 20
0.0
 30
0.0
210
0.0
220
0.0
230
1.0
  2
SOLID
 70
1
 71
0
 91
1
 92
3
 72
0
 73
1
 93
3
 10
123.0
 20
627.5
 10
123.8
 20
630.5
 10
122.2
 20
630.5
 97
0
 75
1
 76
1
 98
0
  0
HATCH
  5
32E1
330
17
100
AcDbEntity
  8
F-MP
 62
7
420
18120
100
AcDbHatch
 10
0.0
 20
0.0
 30
0.0
210
0.0
220
0.0
230
1.0
  2
SOLID
 70
1
 71
0
 91
1
 92
3
 72
0
 73
1
 93
3
 10
123.0
 20
619.5
 10
123.8
 20
622.5
 10
122.2
 20
622.5
 97
0
 75
1
 76
1
 98
0
  0
HATCH
  5
32E2
330
17
100
AcDbEntity
  8
F-MP
 62
7
420
18120
100
AcDbHatch
 10
0.0
 20
0.0
 30
0.0
210
0.0
220
0.0
230
1.0
  2
SOLID
 70
1
 71
0
 91
1
 92
3
 72
0
 73
1
 93
3
 10
123.0
 20
611.5
 10
123.8
 20
614.5
 10
122.2
 20
614.5
 97
0
 75
1
 76
1
 98
0
  0
HATCH
  5
32E3
330
17
100
AcDbEntity
  8
F-MP
 62
7
420
18120
100
AcDbHatch
 10
0.0
 20
0.0
 30
0.0
210
0.0
220
0.0
230
1.0
  2
SOLID
 70
1
 71
0
 91
1
 92
3
 72
0
 73
1
 93
3
 10
123.0
 20
603.5
 10
123.8
 20
606.5
 10
122.2
 20
606.5
 97
0
 75
1
 76
1
 98
0
  0
HATCH
  5
32E4
330
17
100
AcDbEntity
  8
F-MP
 62
7
420
18120
100
AcDbHatch
 10
0.0
 20
0.0
 30
0.0
210
0.0
220
0.0
230
1.0
  2
SOLID
 70
1
 71
0
 91
1
 92
3
 72
0
 73
1
 93
3
 10
123.0
 20
595.5
 10
123.8
 20
598.5
 10
122.2
 20
598.5
 97
0
 75
1
 76
1
 98
0
  0
HATCH
  5
32E5
330
17
100
AcDbEntity
  8
F-MP
 62
7
420
18120
100
AcDbHatch
 10
0.0
 20
0.0
 30
0.0
210
0.0
220
0.0
230
1.0
  2
SOLID
 70
1
 71
0
 91
1
 92
3
 72
0
 73
1
 93
3
 10
123.0
 20
587.5
 10
123.8
 20
590.5
 10
122.2
 20
590.5
 97
0
 75
1
 76
1
 98
0
  0
HATCH
  5
32E6
330
17
100
AcDbEntity
  8
F-MP
 62
7
420
18120
100
AcDbHatch
 10
0.0
 20
0.0
 30
0.0
210
0.0
220
0.0
230
1.0
  2
SOLID
 70
1
 71
0
 91
1
 92
3
 72
0
 73
1
 93
3
 10
123.0
 20
579.5
 10
123.8
 20
582.5
 10
122.2
 20
582.5
 97
0
 75
1
 76
1
 98
0
  0
HATCH
  5
32E7
330
17
100
AcDbEntity
  8
F-MP
 62
7
420
18120
100
AcDbHatch
 10
0.0
 20
0.0
 30
0.0
210
0.0
220
0.0
230
1.0
  2
SOLID
 70
1
 71
0
 91
1
 92
3
 72
0
 73
1
 93
3
 10
123.0
 20
571.5
 10
123.8
 20
574.5
 10
122.2
 20
574.5
 97
0
 75
1
 76
1
 98
0
  0
HATCH
  5
32E8
330
17
100
AcDbEntity
  8
F-MP
 62
7
420
18120
100
AcDbHatch
 10
0.0
 20
0.0
 30
0.0
210
0.0
220
0.0
230
1.0
  2
SOLID
 70
1
 71
0
 91
1
 92
3
 72
0
 73
1
 93
3
 10
123.0
 20
563.5
 10
123.8
 20
566.5
 10
122.2
 20
566.5
 97
0
 75
1
 76
1
 98
0
  0
HATCH
  5
32E9
330
17
100
AcDbEntity
  8
F-MP
 62
7
420
18120
100
AcDbHatch
 10
0.0
 20
0.0
 30
0.0
210
0.0
220
0.0
230
1.0
  2
SOLID
 70
1
 71
0
 91
1
 92
3
 72
0
 73
1
 93
3
 10
123.0
 20
555.5
 10
123.8
 20
558.5
 10
122.2
 20
558.5
 97
0
 75
1
 76
1
 98
0
  0
HATCH
  5
32EA
330
17
100
AcDbEntity
  8
F-MP
 62
7
420
18120
100
AcDbHatch
 10
0.0
 20
0.0
 30
0.0
210
0.0
220
0.0
230
1.0
  2
SOLID
 70
1
 71
0
 91
1
 92
3
 72
0
 73
1
 93
3
 10
123.0
 20
547.5
 10
123.8
 20
550.5
 10
122.2
 20
550.5
 97
0
 75
1
 76
1
 98
0
  0
HATCH
  5
32EB
330
17
100
AcDbEntity
  8
F-MP
 62
7
420
18120
100
AcDbHatch
 10
0.0
 20
0.0
 30
0.0
210
0.0
220
0.0
230
1.0
  2
SOLID
 70
1
 71
0
 91
1
 92
3
 72
0
 73
1
 93
3
 10
123.0
 20
539.5
 10
123.8
 20
542.5
 10
122.2
 20
542.5
 97
0
 75
1
 76
1
 98
0
  0
HATCH
  5
32EC
330
17
100
AcDbEntity
  8
F-MP
 62
7
420
18120
100
AcDbHatch
 10
0.0
 20
0.0
 30
0.0
210
0.0
220
0.0
230
1.0
  2
SOLID
 70
1
 71
0
 91
1
 92
3
 72
0
 73
1
 93
3
 10
123.0
 20
531.5
 10
123.8
 20
534.5
 10
122.2
 20
534.5
 97
0
 75
1
 76
1
 98
0
  0
HATCH
  5
32ED
330
17
100
AcDbEntity
  8
F-MP
 62
7
420
18120
100
AcDbHatch
 10
0.0
 20
0.0
 30
0.0
210
0.0
220
0.0
230
1.0
  2
SOLID
 70
1
 71
0
 91
1
 92
3
 72
0
 73
1
 93
3
 10
123.0
 20
523.5
 10
123.8
 20
526.5
 10
122.2
 20
526.5
 97
0
 75
1
 76
1
 98
0
  0
HATCH
  5
32EE
330
17
100
AcDbEntity
  8
F-MP
 62
7
420
18120
100
AcDbHatch
 10
0.0
 20
0.0
 30
0.0
210
0.0
220
0.0
230
1.0
  2
SOLID
 70
1
 71
0
 91
1
 92
3
 72
0
 73
1
 93
3
 10
123.0
 20
515.5
 10
123.8
 20
518.5
 10
122.2
 20
518.5
 97
0
 75
1
 76
1
 98
0
  0
HATCH
  5
32EF
330
17
100
AcDbEntity
  8
F-MP
 62
7
420
18120
100
AcDbHatch
 10
0.0
 20
0.0
 30
0.0
210
0.0
220
0.0
230
1.0
  2
SOLID
 70
1
 71
0
 91
1
 92
3
 72
0
 73
1
 93
3
 10
123.0
 20
507.5
 10
123.8
 20
510.5
 10
122.2
 20
510.5
 97
0
 75
1
 76
1
 98
0
  0
HATCH
  5
32F0
330
17
100
AcDbEntity
  8
F-MP
 62
7
420
18120
100
AcDbHatch
 10
0.0
 20
0.0
 30
0.0
210
0.0
220
0.0
230
1.0
  2
SOLID
 70
1
 71
0
 91
1
 92
3
 72
0
 73
1
 93
3
 10
123.0
 20
499.5
 10
123.8
 20
502.5
 10
122.2
 20
502.5
 97
0
 75
1
 76
1
 98
0
  0
HATCH
  5
32F1
330
17
100
AcDbEntity
  8
F-MP
 62
7
420
18120
100
AcDbHatch
 10
0.0
 20
0.0
 30
0.0
210
0.0
220
0.0
230
1.0
  2
SOLID
 70
1
 71
0
 91
1
 92
3
 72
0
 73
1
 93
3
 10
123.0
 20
491.5
 10
123.8
 20
494.5
 10
122.2
 20
494.5
 97
0
 75
1
 76
1
 98
0
  0
HATCH
  5
32F2
330
17
100
AcDbEntity
  8
F-MP
 62
7
420
18120
100
AcDbHatch
 10
0.0
 20
0.0
 30
0.0
210
0.0
220
0.0
230
1.0
  2
SOLID
 70
1
 71
0
 91
1
 92
3
 72
0
 73
1
 93
3
 10
123.0
 20
483.5
 10
123.8
 20
486.5
 10
122.2
 20
486.5
 97
0
 75
1
 76
1
 98
0
  0
HATCH
  5
32F3
330
17
100
AcDbEntity
  8
F-MP
 62
7
420
18120
100
AcDbHatch
 10
0.0
 20
0.0
 30
0.0
210
0.0
220
0.0
230
1.0
  2
SOLID
 70
1
 71
0
 91
1
 92
3
 72
0
 73
1
 93
3
 10
123.0
 20
475.5
 10
123.8
 20
478.5
 10
122.2
 20
478.5
 97
0
 75
1
 76
1
 98
0
  0
HATCH
  5
32F4
330
17
100
AcDbEntity
  8
F-MP
 62
7
420
18120
100
AcDbHatch
 10
0.0
 20
0.0
 30
0.0
210
0.0
220
0.0
230
1.0
  2
SOLID
 70
1
 71
0
 91
1
 92
3
 72
0
 73
1
 93
3
 10
123.0
 20
467.5
 10
123.8
 20
470.5
 10
122.2
 20
470.5
 97
0
 75
1
 76
1
 98
0
  0
HATCH
  5
32F5
330
17
100
AcDbEntity
  8
F-MP
 62
7
420
18120
100
AcDbHatch
 10
0.0
 20
0.0
 30
0.0
210
0.0
220
0.0
230
1.0
  2
SOLID
 70
1
 71
0
 91
1
 92
3
 72
0
 73
1
 93
3
 10
123.0
 20
459.5
 10
123.8
 20
462.5
 10
122.2
 20
462.5
 97
0
 75
1
 76
1
 98
0
  0
HATCH
  5
32F6
330
17
100
AcDbEntity
  8
F-MP
 62
7
420
18120
100
AcDbHatch
 10
0.0
 20
0.0
 30
0.0
210
0.0
220
0.0
230
1.0
  2
SOLID
 70
1
 71
0
 91
1
 92
3
 72
0
 73
1
 93
3
 10
123.0
 20
451.5
 10
123.8
 20
454.5
 10
122.2
 20
454.5
 97
0
 75
1
 76
1
 98
0
  0
HATCH
  5
32F7
330
17
100
AcDbEntity
  8
F-MP
 62
7
420
18120
100
AcDbHatch
 10
0.0
 20
0.0
 30
0.0
210
0.0
220
0.0
230
1.0
  2
SOLID
 70
1
 71
0
 91
1
 92
3
 72
0
 73
1
 93
3
 10
123.0
 20
443.5
 10
123.8
 20
446.5
 10
122.2
 20
446.5
 97
0
 75
1
 76
1
 98
0
  0
HATCH
  5
32F8
330
17
100
AcDbEntity
  8
F-MP
 62
7
420
18120
100
AcDbHatch
 10
0.0
 20
0.0
 30
0.0
210
0.0
220
0.0
230
1.0
  2
SOLID
 70
1
 71
0
 91
1
 92
3
 72
0
 73
1
 93
3
 10
123.0
 20
435.5
 10
123.8
 20
438.5
 10
122.2
 20
438.5
 97
0
 75
1
 76
1
 98
0
  0
HATCH
  5
32F9
330
17
100
AcDbEntity
  8
F-MP
 62
7
420
18120
100
AcDbHatch
 10
0.0
 20
0.0
 30
0.0
210
0.0
220
0.0
230
1.0
  2
SOLID
 70
1
 71
0
 91
1
 92
3
 72
0
 73
1
 93
3
 10
123.0
 20
427.5
 10
123.8
 20
430.5
 10
122.2
 20
430.5
 97
0
 75
1
 76
1
 98
0
  0
HATCH
  5
32FA
330
17
100
AcDbEntity
  8
F-MP
 62
7
420
18120
100
AcDbHatch
 10
0.0
 20
0.0
 30
0.0
210
0.0
220
0.0
230
1.0
  2
SOLID
 70
1
 71
0
 91
1
 92
3
 72
0
 73
1
 93
3
 10
123.0
 20
419.5
 10
123.8
 20
422.5
 10
122.2
 20
422.5
 97
0
 75
1
 76
1
 98
0
  0
HATCH
  5
32FB
330
17
100
AcDbEntity
  8
F-MP
 62
7
420
18120
100
AcDbHatch
 10
0.0
 20
0.0
 30
0.0
210
0.0
220
0.0
230
1.0
  2
SOLID
 70
1
 71
0
 91
1
 92
3
 72
0
 73
1
 93
3
 10
119.5
 20
415.0
 10
122.5
 20
414.2
 10
122.5
 20
415.8
 97
0
 75
1
 76
1
 98
0
  0
HATCH
  5
32FC
330
17
100
AcDbEntity
  8
F-MP
 62
7
420
18120
100
AcDbHatch
 10
0.0
 20
0.0
 30
0.0
210
0.0
220
0.0
230
1.0
  2
SOLID
 70
1
 71
0
 91
1
 92
3
 72
0
 73
1
 93
3
 10
111.5
 20
415.0
 10
114.5
 20
414.2
 10
114.5
 20
415.8
 97
0
 75
1
 76
1
 98
0
  0
HATCH
  5
32FD
330
17
100
AcDbEntity
  8
F-MP
 62
7
420
18120
100
AcDbHatch
 10
0.0
 20
0.0
 30
0.0
210
0.0
220
0.0
230
1.0
  2
SOLID
 70
1
 71
0
 91
1
 92
3
 72
0
 73
1
 93
3
 10
101.0
 20
415.0
 10
104.0
 20
414.2
 10
104.0
 20
415.8
 97
0
 75
1
 76
1
 98
0
  0
LWPOLYLINE
  5
33EE
330
17
100
AcDbEntity
  8
F-SE
100
AcDbPolyline
 90
2
 70
0
 10
409.0
 20
365.0
 10
413.0
 20
365.0
  0
HATCH
  5
33EF
330
17
100
AcDbEntity
  8
F-SE
 62
7
420
15431680
100
AcDbHatch
 10
0.0
 20
0.0
 30
0.0
210
0.0
220
0.0
230
1.0
  2
SOLID
 70
1
 71
0
 91
1
 92
3
 72
0
 73
1
 93
3
 10
413.0
 20
365.0
 10
410.0
 20
365.8
 10
410.0
 20
364.2
 97
0
 75
1
 76
1
 98
0
  0
HATCH
  5
33F1
330
17
100
AcDbEntity
  8
F-SE
 62
7
420
15431680
100
AcDbHatch
 10
0.0
 20
0.0
 30
0.0
210
0.0
220
0.0
230
1.0
  2
SOLID
 70
1
 71
0
 91
1
 92
3
 72
0
 73
1
 93
3
 10
446.5
 20
365.0
 10
443.5
 20
365.8
 10
443.5
 20
364.2
 97
0
 75
1
 76
1
 98
0
  0
HATCH
  5
33F2
330
17
100
AcDbEntity
  8
F-SE
 62
7
420
15431680
100
AcDbHatch
 10
0.0
 20
0.0
 30
0.0
210
0.0
220
0.0
230
1.0
  2
SOLID
 70
1
 71
0
 91
1
 92
3
 72
0
 73
1
 93
3
 10
454.5
 20
365.0
 10
451.5
 20
365.8
 10
451.5
 20
364.2
 97
0
 75
1
 76
1
 98
0
  0
HATCH
  5
33F3
330
17
100
AcDbEntity
  8
F-SE
 62
7
420
15431680
100
AcDbHatch
 10
0.0
 20
0.0
 30
0.0
210
0.0
220
0.0
230
1.0
  2
SOLID
 70
1
 71
0
 91
1
 92
3
 72
0
 73
1
 93
3
 10
462.5
 20
365.0
 10
459.5
 20
365.8
 10
459.5
 20
364.2
 97
0
 75
1
 76
1
 98
0
  0
HATCH
  5
33F4
330
17
100
AcDbEntity
  8
F-SE
 62
7
420
15431680
100
AcDbHatch
 10
0.0
 20
0.0
 30
0.0
210
0.0
220
0.0
230
1.0
  2
SOLID
 70
1
 71
0
 91
1
 92
3
 72
0
 73
1
 93
3
 10
470.5
 20
365.0
 10
467.5
 20
365.8
 10
467.5
 20
364.2
 97
0
 75
1
 76
1
 98
0
  0
HATCH
  5
33F5
330
17
100
AcDbEntity
  8
F-SE
 62
7
420
15431680
100
AcDbHatch
 10
0.0
 20
0.0
 30
0.0
210
0.0
220
0.0
230
1.0
  2
SOLID
 70
1
 71
0
 91
1
 92
3
 72
0
 73
1
 93
3
 10
478.5
 20
365.0
 10
475.5
 20
365.8
 10
475.5
 20
364.2
 97
0
 75
1
 76
1
 98
0
  0
HATCH
  5
33F6
330
17
100
AcDbEntity
  8
F-SE
 62
7
420
15431680
100
AcDbHatch
 10
0.0
 20
0.0
 30
0.0
210
0.0
220
0.0
230
1.0
  2
SOLID
 70
1
 71
0
 91
1
 92
3
 72
0
 73
1
 93
3
 10
486.5
 20
365.0
 10
483.5
 20
365.8
 10
483.5
 20
364.2
 97
0
 75
1
 76
1
 98
0
  0
HATCH
  5
33F7
330
17
100
AcDbEntity
  8
F-SE
 62
7
420
15431680
100
AcDbHatch
 10
0.0
 20
0.0
 30
0.0
210
0.0
220
0.0
230
1.0
  2
SOLID
 70
1
 71
0
 91
1
 92
3
 72
0
 73
1
 93
3
 10
494.5
 20
365.0
 10
491.5
 20
365.8
 10
491.5
 20
364.2
 97
0
 75
1
 76
1
 98
0
  0
HATCH
  5
33F8
330
17
100
AcDbEntity
  8
F-SE
 62
7
420
15431680
100
AcDbHatch
 10
0.0
 20
0.0
 30
0.0
210
0.0
220
0.0
230
1.0
  2
SOLID
 70
1
 71
0
 91
1
 92
3
 72
0
 73
1
 93
3
 10
502.5
 20
365.0
 10
499.5
 20
365.8
 10
499.5
 20
364.2
 97
0
 75
1
 76
1
 98
0
  0
HATCH
  5
33F9
330
17
100
AcDbEntity
  8
F-SE
 62
7
420
15431680
100
AcDbHatch
 10
0.0
 20
0.0
 30
0.0
210
0.0
220
0.0
230
1.0
  2
SOLID
 70
1
 71
0
 91
1
 92
3
 72
0
 73
1
 93
3
 10
510.5
 20
365.0
 10
507.5
 20
365.8
 10
507.5
 20
364.2
 97
0
 75
1
 76
1
 98
0
  0
LWPOLYLINE
  5
3437
330
17
100
AcDbEntity
  8
F-SE
100
AcDbPolyline
 90
2
 70
0
 10
472.0
 20
418.0
 10
495.0
 20
418.0
  0
HATCH
  5
3438
330
17
100
AcDbEntity
  8
F-SE
 62
7
420
15431680
100
AcDbHatch
 10
0.0
 20
0.0
 30
0.0
210
0.0
220
0.0
230
1.0
  2
SOLID
 70
1
 71
0
 91
1
 92
3
 72
0
 73
1
 93
3
 10
481.5
 20
418.0
 10
478.5
 20
418.8
 10
478.5
 20
417.2
 97
0
 75
1
 76
1
 98
0
  0
HATCH
  5
3439
330
17
100
AcDbEntity
  8
F-SE
 62
7
420
15431680
100
AcDbHatch
 10
0.0
 20
0.0
 30
0.0
210
0.0
220
0.0
230
1.0
  2
SOLID
 70
1
 71
0
 91
1
 92
3
 72
0
 73
1
 93
3
 10
489.5
 20
418.0
 10
486.5
 20
418.8
 10
486.5
 20
417.2
 97
0
 75
1
 76
1
 98
0
  0
HATCH
  5
343A
330
17
100
AcDbEntity
  8
F-SE
 62
7
420
15431680
100
AcDbHatch
 10
0.0
 20
0.0
 30
0.0
210
0.0
220
0.0
230
1.0
  2
SOLID
 70
1
 71
0
 91
1
 92
3
 72
0
 73
1
 93
3
 10
495.0
 20
418.0
 10
492.0
 20
418.8
 10
492.0
 20
417.2
 97
0
 75
1
 76
1
 98
0
  0
LWPOLYLINE
  5
343B
330
17
100
AcDbEntity
  8
F-SE
100
AcDbPolyline
 90
2
 70
0
 10
472.0
 20
522.0
 10
495.0
 20
522.0
  0
HATCH
  5
343C
330
17
100
AcDbEntity
  8
F-SE
 62
7
420
15431680
100
AcDbHatch
 10
0.0
 20
0.0
 30
0.0
210
0.0
220
0.0
230
1.0
  2
SOLID
 70
1
 71
0
 91
1
 92
3
 72
0
 73
1
 93
3
 10
481.5
 20
522.0
 10
478.5
 20
522.8
 10
478.5
 20
521.2
 97
0
 75
1
 76
1
 98
0
  0
HATCH
  5
343D
330
17
100
AcDbEntity
  8
F-SE
 62
7
420
15431680
100
AcDbHatch
 10
0.0
 20
0.0
 30
0.0
210
0.0
220
0.0
230
1.0
  2
SOLID
 70
1
 71
0
 91
1
 92
3
 72
0
 73
1
 93
3
 10
489.5
 20
522.0
 10
486.5
 20
522.8
 10
486.5
 20
521.2
 97
0
 75
1
 76
1
 98
0
  0
HATCH
  5
343E
330
17
100
AcDbEntity
  8
F-SE
 62
7
420
15431680
100
AcDbHatch
 10
0.0
 20
0.0
 30
0.0
210
0.0
220
0.0
230
1.0
  2
SOLID
 70
1
 71
0
 91
1
 92
3
 72
0
 73
1
 93
3
 10
495.0
 20
522.0
 10
492.0
 20
522.8
 10
492.0
 20
521.2
 97
0
 75
1
 76
1
 98
0
  0
LWPOLYLINE
  5
3466
330
17
100
AcDbEntity
  8
F-SE
100
AcDbPolyline
 90
2
 70
0
 10
357.0
 20
559.0
 10
363.0
 20
559.0
  0
HATCH
  5
3467
330
17
100
AcDbEntity
  8
F-SE
 62
7
420
15431680
100
AcDbHatch
 10
0.0
 20
0.0
 30
0.0
210
0.0
220
0.0
230
1.0
  2
SOLID
 70
1
 71
0
 91
1
 92
3
 72
0
 73
1
 93
3
 10
363.0
 20
559.0
 10
360.0
 20
559.8
 10
360.0
 20
558.2
 97
0
 75
1
 76
1
 98
0
  0
LWPOLYLINE
  5
3468
330
17
100
AcDbEntity
  8
F-SE
100
AcDbPolyline
 90
2
 70
0
 10
395.0
 20
559.0
 10
401.0
 20
559.0
  0
HATCH
  5
3469
330
17
100
AcDbEntity
  8
F-SE
 62
7
420
15431680
100
AcDbHatch
 10
0.0
 20
0.0
 30
0.0
210
0.0
220
0.0
230
1.0
  2
SOLID
 70
1
 71
0
 91
1
 92
3
 72
0
 73
1
 93
3
 10
401.0
 20
559.0
 10
398.0
 20
559.8
 10
398.0
 20
558.2
 97
0
 75
1
 76
1
 98
0
  0
LWPOLYLINE
  5
346A
330
17
100
AcDbEntity
  8
F-SE
100
AcDbPolyline
 90
2
 70
0
 10
453.0
 20
557.0
 10
463.0
 20
557.0
  0
HATCH
  5
346B
330
17
100
AcDbEntity
  8
F-SE
 62
7
420
15431680
100
AcDbHatch
 10
0.0
 20
0.0
 30
0.0
210
0.0
220
0.0
230
1.0
  2
SOLID
 70
1
 71
0
 91
1
 92
3
 72
0
 73
1
 93
3
 10
463.0
 20
557.0
 10
460.0
 20
557.8
 10
460.0
 20
556.2
 97
0
 75
1
 76
1
 98
0
  0
HATCH
  5
346D
330
17
100
AcDbEntity
  8
F-SE
 62
7
420
15431680
100
AcDbHatch
 10
0.0
 20
0.0
 30
0.0
210
0.0
220
0.0
230
1.0
  2
SOLID
 70
1
 71
0
 91
1
 92
3
 72
0
 73
1
 93
3
 10
508.5
 20
567.0
 10
505.5
 20
567.8
 10
505.5
 20
566.2
 97
0
 75
1
 76
1
 98
0
  0
LWPOLYLINE
  5
3491
330
17
100
AcDbEntity
  8
F-SE
100
AcDbPolyline
 90
2
 70
0
 10
419.0
 20
577.0
 10
419.0
 20
639.0
  0
HATCH
  5
3492
330
17
100
AcDbEntity
  8
F-SE
 62
7
420
15431680
100
AcDbHatch
 10
0.0
 20
0.0
 30
0.0
210
0.0
220
0.0
230
1.0
  2
SOLID
 70
1
 71
0
 91
1
 92
3
 72
0
 73
1
 93
3
 10
419.0
 20
586.5
 10
418.2
 20
583.5
 10
419.8
 20
583.5
 97
0
 75
1
 76
1
 98
0
  0
HATCH
  5
3493
330
17
100
AcDbEntity
  8
F-SE
 62
7
420
15431680
100
AcDbHatch
 10
0.0
 20
0.0
 30
0.0
210
0.0
220
0.0
230
1.0
  2
SOLID
 70
1
 71
0
 91
1
 92
3
 72
0
 73
1
 93
3
 10
419.0
 20
594.5
 10
418.2
 20
591.5
 10
419.8
 20
591.5
 97
0
 75
1
 76
1
 98
0
  0
HATCH
  5
3494
330
17
100
AcDbEntity
  8
F-SE
 62
7
420
15431680
100
AcDbHatch
 10
0.0
 20
0.0
 30
0.0
210
0.0
220
0.0
230
1.0
  2
SOLID
 70
1
 71
0
 91
1
 92
3
 72
0
 73
1
 93
3
 10
419.0
 20
602.5
 10
418.2
 20
599.5
 10
419.8
 20
599.5
 97
0
 75
1
 76
1
 98
0
  0
HATCH
  5
3495
330
17
100
AcDbEntity
  8
F-SE
 62
7
420
15431680
100
AcDbHatch
 10
0.0
 20
0.0
 30
0.0
210
0.0
220
0.0
230
1.0
  2
SOLID
 70
1
 71
0
 91
1
 92
3
 72
0
 73
1
 93
3
 10
419.0
 20
610.5
 10
418.2
 20
607.5
 10
419.8
 20
607.5
 97
0
 75
1
 76
1
 98
0
  0
HATCH
  5
3496
330
17
100
AcDbEntity
  8
F-SE
 62
7
420
15431680
100
AcDbHatch
 10
0.0
 20
0.0
 30
0.0
210
0.0
220
0.0
230
1.0
  2
SOLID
 70
1
 71
0
 91
1
 92
3
 72
0
 73
1
 93
3
 10
419.0
 20
618.5
 10
418.2
 20
615.5
 10
419.8
 20
615.5
 97
0
 75
1
 76
1
 98
0
  0
HATCH
  5
3497
330
17
100
AcDbEntity
  8
F-SE
 62
7
420
15431680
100
AcDbHatch
 10
0.0
 20
0.0
 30
0.0
210
0.0
220
0.0
230
1.0
  2
SOLID
 70
1
 71
0
 91
1
 92
3
 72
0
 73
1
 93
3
 10
419.0
 20
626.5
 10
418.2
 20
623.5
 10
419.8
 20
623.5
 97
0
 75
1
 76
1
 98
0
  0
HATCH
  5
3498
330
17
100
AcDbEntity
  8
F-SE
 62
7
420
15431680
100
AcDbHatch
 10
0.0
 20
0.0
 30
0.0
210
0.0
220
0.0
230
1.0
  2
SOLID
 70
1
 71
0
 91
1
 92
3
 72
0
 73
1
 93
3
 10
419.0
 20
634.5
 10
418.2
 20
631.5
 10
419.8
 20
631.5
 97
0
 75
1
 76
1
 98
0
  0
HATCH
  5
3499
330
17
100
AcDbEntity
  8
F-SE
 62
7
420
15431680
100
AcDbHatch
 10
0.0
 20
0.0
 30
0.0
210
0.0
220
0.0
230
1.0
  2
SOLID
 70
1
 71
0
 91
1
 92
3
 72
0
 73
1
 93
3
 10
419.0
 20
639.0
 10
418.2
 20
636.0
 10
419.8
 20
636.0
 97
0
 75
1
 76
1
 98
0
  0
LWPOLYLINE
  5
349A
330
17
100
AcDbEntity
  8
F-SE
100
AcDbPolyline
 90
2
 70
0
 10
463.0
 20
649.0
 10
479.0
 20
649.0
  0
HATCH
  5
349B
330
17
100
AcDbEntity
  8
F-SE
 62
7
420
15431680
100
AcDbHatch
 10
0.0
 20
0.0
 30
0.0
210
0.0
220
0.0
230
1.0
  2
SOLID
 70
1
 71
0
 91
1
 92
3
 72
0
 73
1
 93
3
 10
472.5
 20
649.0
 10
469.5
 20
649.8
 10
469.5
 20
648.2
 97
0
 75
1
 76
1
 98
0
  0
HATCH
  5
349C
330
17
100
AcDbEntity
  8
F-SE
 62
7
420
15431680
100
AcDbHatch
 10
0.0
 20
0.0
 30
0.0
210
0.0
220
0.0
230
1.0
  2
SOLID
 70
1
 71
0
 91
1
 92
3
 72
0
 73
1
 93
3
 10
479.0
 20
649.0
 10
476.0
 20
649.8
 10
476.0
 20
648.2
 97
0
 75
1
 76
1
 98
0
  0
LWPOLYLINE
  5
3666
330
17
100
AcDbEntity
  8
F-SCRAP
100
AcDbPolyline
 90
5
 70
0
 10
101.0
 20
615.0
 10
115.0
 20
615.0
 10
115.0
 20
687.0
 10
115.0
 20
703.0
 10
99.0
 20
735.0
  0
HATCH
  5
3667
330
17
100
AcDbEntity
  8
F-SCRAP
 62
7
420
7895160
100
AcDbHatch
 10
0.0
 20
0.0
 30
0.0
210
0.0
220
0.0
230
1.0
  2
SOLID
 70
1
 71
0
 91
1
 92
3
 72
0
 73
1
 93
3
 10
110.5
 20
615.0
 10
107.5
 20
615.8
 10
107.5
 20
614.2
 97
0
 75
1
 76
1
 98
0
  0
HATCH
  5
3668
330
17
100
AcDbEntity
  8
F-SCRAP
 62
7
420
7895160
100
AcDbHatch
 10
0.0
 20
0.0
 30
0.0
210
0.0
220
0.0
230
1.0
  2
SOLID
 70
1
 71
0
 91
1
 92
3
 72
0
 73
1
 93
3
 10
115.0
 20
618.5
 10
114.2
 20
615.5
 10
115.8
 20
615.5
 97
0
 75
1
 76
1
 98
0
  0
HATCH
  5
3669
330
17
100
AcDbEntity
  8
F-SCRAP
 62
7
420
7895160
100
AcDbHatch
 10
0.0
 20
0.0
 30
0.0
210
0.0
220
0.0
230
1.0
  2
SOLID
 70
1
 71
0
 91
1
 92
3
 72
0
 73
1
 93
3
 10
115.0
 20
626.5
 10
114.2
 20
623.5
 10
115.8
 20
623.5
 97
0
 75
1
 76
1
 98
0
  0
HATCH
  5
366A
330
17
100
AcDbEntity
  8
F-SCRAP
 62
7
420
7895160
100
AcDbHatch
 10
0.0
 20
0.0
 30
0.0
210
0.0
220
0.0
230
1.0
  2
SOLID
 70
1
 71
0
 91
1
 92
3
 72
0
 73
1
 93
3
 10
115.0
 20
634.5
 10
114.2
 20
631.5
 10
115.8
 20
631.5
 97
0
 75
1
 76
1
 98
0
  0
HATCH
  5
366B
330
17
100
AcDbEntity
  8
F-SCRAP
 62
7
420
7895160
100
AcDbHatch
 10
0.0
 20
0.0
 30
0.0
210
0.0
220
0.0
230
1.0
  2
SOLID
 70
1
 71
0
 91
1
 92
3
 72
0
 73
1
 93
3
 10
115.0
 20
642.5
 10
114.2
 20
639.5
 10
115.8
 20
639.5
 97
0
 75
1
 76
1
 98
0
  0
HATCH
  5
366C
330
17
100
AcDbEntity
  8
F-SCRAP
 62
7
420
7895160
100
AcDbHatch
 10
0.0
 20
0.0
 30
0.0
210
0.0
220
0.0
230
1.0
  2
SOLID
 70
1
 71
0
 91
1
 92
3
 72
0
 73
1
 93
3
 10
115.0
 20
650.5
 10
114.2
 20
647.5
 10
115.8
 20
647.5
 97
0
 75
1
 76
1
 98
0
  0
HATCH
  5
366D
330
17
100
AcDbEntity
  8
F-SCRAP
 62
7
420
7895160
100
AcDbHatch
 10
0.0
 20
0.0
 30
0.0
210
0.0
220
0.0
230
1.0
  2
SOLID
 70
1
 71
0
 91
1
 92
3
 72
0
 73
1
 93
3
 10
115.0
 20
658.5
 10
114.2
 20
655.5
 10
115.8
 20
655.5
 97
0
 75
1
 76
1
 98
0
  0
HATCH
  5
366E
330
17
100
AcDbEntity
  8
F-SCRAP
 62
7
420
7895160
100
AcDbHatch
 10
0.0
 20
0.0
 30
0.0
210
0.0
220
0.0
230
1.0
  2
SOLID
 70
1
 71
0
 91
1
 92
3
 72
0
 73
1
 93
3
 10
115.0
 20
666.5
 10
114.2
 20
663.5
 10
115.8
 20
663.5
 97
0
 75
1
 76
1
 98
0
  0
HATCH
  5
366F
330
17
100
AcDbEntity
  8
F-SCRAP
 62
7
420
7895160
100
AcDbHatch
 10
0.0
 20
0.0
 30
0.0
210
0.0
220
0.0
230
1.0
  2
SOLID
 70
1
 71
0
 91
1
 92
3
 72
0
 73
1
 93
3
 10
115.0
 20
674.5
 10
114.2
 20
671.5
 10
115.8
 20
671.5
 97
0
 75
1
 76
1
 98
0
  0
HATCH
  5
3670
330
17
100
AcDbEntity
  8
F-SCRAP
 62
7
420
7895160
100
AcDbHatch
 10
0.0
 20
0.0
 30
0.0
210
0.0
220
0.0
230
1.0
  2
SOLID
 70
1
 71
0
 91
1
 92
3
 72
0
 73
1
 93
3
 10
115.0
 20
682.5
 10
114.2
 20
679.5
 10
115.8
 20
679.5
 97
0
 75
1
 76
1
 98
0
  0
HATCH
  5
3671
330
17
100
AcDbEntity
  8
F-SCRAP
 62
7
420
7895160
100
AcDbHatch
 10
0.0
 20
0.0
 30
0.0
210
0.0
220
0.0
230
1.0
  2
SOLID
 70
1
 71
0
 91
1
 92
3
 72
0
 73
1
 93
3
 10
115.0
 20
690.5
 10
114.2
 20
687.5
 10
115.8
 20
687.5
 97
0
 75
1
 76
1
 98
0
  0
HATCH
  5
3672
330
17
100
AcDbEntity
  8
F-SCRAP
 62
7
420
7895160
100
AcDbHatch
 10
0.0
 20
0.0
 30
0.0
210
0.0
220
0.0
230
1.0
  2
SOLID
 70
1
 71
0
 91
1
 92
3
 72
0
 73
1
 93
3
 10
115.0
 20
698.5
 10
114.2
 20
695.5
 10
115.8
 20
695.5
 97
0
 75
1
 76
1
 98
0
  0
HATCH
  5
3673
330
17
100
AcDbEntity
  8
F-SCRAP
 62
7
420
7895160
100
AcDbHatch
 10
0.0
 20
0.0
 30
0.0
210
0.0
220
0.0
230
1.0
  2
SOLID
 70
1
 71
0
 91
1
 92
3
 72
0
 73
1
 93
3
 10
113.43475241575015
 20
706.1304951684997
 10
114.0608514494501
 20
703.0894427191
 10
115.49193495504997
 20
703.8049844719
 97
0
 75
1
 76
1
 98
0
  0
HATCH
  5
3674
330
17
100
AcDbEntity
  8
F-SCRAP
 62
7
420
7895160
100
AcDbHatch
 10
0.0
 20
0.0
 30
0.0
210
0.0
220
0.0
230
1.0
  2
SOLID
 70
1
 71
0
 91
1
 92
3
 72
0
 73
1
 93
3
 10
109.85704365175049
 20
713.285912696499
 10
110.48314268545043
 20
710.2448602470994
 10
111.9142261910503
 20
710.9604019998993
 97
0
 75
1
 76
1
 98
0
  0
HATCH
  5
3675
330
17
100
AcDbEntity
  8
F-SCRAP
 62
7
420
7895160
100
AcDbHatch
 10
0.0
 20
0.0
 30
0.0
210
0.0
220
0.0
230
1.0
  2
SOLID
 70
1
 71
0
 91
1
 92
3
 72
0
 73
1
 93
3
 10
106.27933488775082
 20
720.4413302244984
 10
106.90543392145076
 20
717.4002777750987
 10
108.33651742705064
 20
718.1158195278987
 97
0
 75
1
 76
1
 98
0
  0
HATCH
  5
3676
330
17
100
AcDbEntity
  8
F-SCRAP
 62
7
420
7895160
100
AcDbHatch
 10
0.0
 20
0.0
 30
0.0
210
0.0
220
0.0
230
1.0
  2
SOLID
 70
1
 71
0
 91
1
 92
3
 72
0
 73
1
 93
3
 10
102.70162612375115
 20
727.5967477524977
 10
103.3277251574511
 20
724.555695303098
 10
104.75880866305097
 20
725.2712370558979
 97
0
 75
1
 76
1
 98
0
  0
HATCH
  5
3677
330
17
100
AcDbEntity
  8
F-SCRAP
 62
7
420
7895160
100
AcDbHatch
 10
0.0
 20
0.0
 30
0.0
210
0.0
220
0.0
230
1.0
  2
SOLID
 70
1
 71
0
 91
1
 92
3
 72
0
 73
1
 93
3
 10
99.0
 20
735.0
 10
99.62609903369994
 20
731.9589475506003
 10
101.05718253929982
 20
732.6744893034003
 97
0
 75
1
 76
1
 98
0
  0
LINE
  5
3678
330
17
100
AcDbEntity
  8
A-PASILLO
100
AcDbLine
 10
69.0
 20
275.0
 30
0.0
 11
513.0
 21
275.0
 31
0.0
  0
LINE
  5
3679
330
17
100
AcDbEntity
  8
A-PASILLO
100
AcDbLine
 10
69.0
 20
279.0
 30
0.0
 11
513.0
 21
279.0
 31
0.0
  0
LINE
  5
367A
330
17
100
AcDbEntity
  8
A-PASILLO
100
AcDbLine
 10
69.0
 20
303.0
 30
0.0
 11
513.0
 21
303.0
 31
0.0
  0
LINE
  5
367B
330
17
100
AcDbEntity
  8
A-PASILLO
100
AcDbLine
 10
319.0
 20
598.0
 30
0.0
 11
513.0
 21
598.0
 31
0.0
  0
LINE
  5
367C
330
17
100
AcDbEntity
  8
A-PASILLO
100
AcDbLine
 10
319.0
 20
618.0
 30
0.0
 11
513.0
 21
618.0
 31
0.0
  0
LINE
  5
367D
330
17
100
AcDbEntity
  8
A-PASILLO
100
AcDbLine
 10
319.0
 20
455.99999999999994
 30
0.0
 11
513.0
 21
455.99999999999994
 31
0.0
  0
LINE
  5
367E
330
17
100
AcDbEntity
  8
A-PASILLO
100
AcDbLine
 10
319.0
 20
484.00000000000006
 30
0.0
 11
513.0
 21
484.00000000000006
 31
0.0
  0
LINE
  5
367F
330
17
100
AcDbEntity
  8
A-DEFENSA
100
AcDbLine
 10
69.0
 20
275.0
 30
0.0
 11
245.0
 21
275.0
 31
0.0
  0
HATCH
  5
3680
330
17
100
AcDbEntity
  8
A-DEFENSA
 62
7
420
1973790
100
AcDbHatch
 10
0.0
 20
0.0
 30
0.0
210
0.0
220
0.0
230
1.0
  2
SOLID
 70
1
 71
0
 91
1
 92
3
 72
0
 73
1
 93
4
 10
67.4
 20
279.80000000000007
 10
70.6
 20
279.80000000000007
 10
70.6
 20
275.0
 10
67.4
 20
275.0
 97
0
 75
1
 76
1
 98
0
  0
HATCH
  5
3681
330
17
100
AcDbEntity
  8
A-DEFENSA
 62
7
420
1973790
100
AcDbHatch
 10
0.0
 20
0.0
 30
0.0
210
0.0
220
0.0
230
1.0
  2
SOLID
 70
1
 71
0
 91
1
 92
3
 72
0
 73
1
 93
4
 10
102.6
 20
279.80000000000007
 10
105.8
 20
279.80000000000007
 10
105.8
 20
275.0
 10
102.6
 20
275.0
 97
0
 75
1
 76
1
 98
0
  0
HATCH
  5
3682
330
17
100
AcDbEntity
  8
A-DEFENSA
 62
7
420
1973790
100
AcDbHatch
 10
0.0
 20
0.0
 30
0.0
210
0.0
220
0.0
230
1.0
  2
SOLID
 70
1
 71
0
 91
1
 92
3
 72
0
 73
1
 93
4
 10
137.79999999999998
 20
279.80000000000007
 10
141.0
 20
279.80000000000007
 10
141.0
 20
275.0
 10
137.79999999999998
 20
275.0
 97
0
 75
1
 76
1
 98
0
  0
HATCH
  5
3683
330
17
100
AcDbEntity
  8
A-DEFENSA
 62
7
420
1973790
100
AcDbHatch
 10
0.0
 20
0.0
 30
0.0
210
0.0
220
0.0
230
1.0
  2
SOLID
 70
1
 71
0
 91
1
 92
3
 72
0
 73
1
 93
4
 10
172.99999999999997
 20
279.80000000000007
 10
176.2
 20
279.80000000000007
 10
176.2
 20
275.0
 10
172.99999999999997
 20
275.0
 97
0
 75
1
 76
1
 98
0
  0
HATCH
  5
3684
330
17
100
AcDbEntity
  8
A-DEFENSA
 62
7
420
1973790
100
AcDbHatch
 10
0.0
 20
0.0
 30
0.0
210
0.0
220
0.0
230
1.0
  2
SOLID
 70
1
 71
0
 91
1
 92
3
 72
0
 73
1
 93
4
 10
208.19999999999996
 20
279.80000000000007
 10
211.39999999999998
 20
279.80000000000007
 10
211.39999999999998
 20
275.0
 10
208.19999999999996
 20
275.0
 97
0
 75
1
 76
1
 98
0
  0
HATCH
  5
3685
330
17
100
AcDbEntity
  8
A-DEFENSA
 62
7
420
1973790
100
AcDbHatch
 10
0.0
 20
0.0
 30
0.0
210
0.0
220
0.0
230
1.0
  2
SOLID
 70
1
 71
0
 91
1
 92
3
 72
0
 73
1
 93
4
 10
243.39999999999998
 20
279.80000000000007
 10
246.6
 20
279.80000000000007
 10
246.6
 20
275.0
 10
243.39999999999998
 20
275.0
 97
0
 75
1
 76
1
 98
0
  0
LINE
  5
3686
330
17
100
AcDbEntity
  8
A-DEFENSA
100
AcDbLine
 10
317.0
 20
275.0
 30
0.0
 11
395.0
 21
275.0
 31
0.0
  0
HATCH
  5
3687
330
17
100
AcDbEntity
  8
A-DEFENSA
 62
7
420
1973790
100
AcDbHatch
 10
0.0
 20
0.0
 30
0.0
210
0.0
220
0.0
230
1.0
  2
SOLID
 70
1
 71
0
 91
1
 92
3
 72
0
 73
1
 93
4
 10
315.4
 20
279.80000000000007
 10
318.59999999999997
 20
279.80000000000007
 10
318.59999999999997
 20
275.0
 10
315.4
 20
275.0
 97
0
 75
1
 76
1
 98
0
  0
HATCH
  5
3688
330
17
100
AcDbEntity
  8
A-DEFENSA
 62
7
420
1973790
100
AcDbHatch
 10
0.0
 20
0.0
 30
0.0
210
0.0
220
0.0
230
1.0
  2
SOLID
 70
1
 71
0
 91
1
 92
3
 72
0
 73
1
 93
4
 10
354.4
 20
279.80000000000007
 10
357.6
 20
279.80000000000007
 10
357.6
 20
275.0
 10
354.4
 20
275.0
 97
0
 75
1
 76
1
 98
0
  0
HATCH
  5
3689
330
17
100
AcDbEntity
  8
A-DEFENSA
 62
7
420
1973790
100
AcDbHatch
 10
0.0
 20
0.0
 30
0.0
210
0.0
220
0.0
230
1.0
  2
SOLID
 70
1
 71
0
 91
1
 92
3
 72
0
 73
1
 93
4
 10
393.4000000000001
 20
279.80000000000007
 10
396.6
 20
279.80000000000007
 10
396.6
 20
275.0
 10
393.4000000000001
 20
275.0
 97
0
 75
1
 76
1
 98
0
  0
LINE
  5
368A
330
17
100
AcDbEntity
  8
A-DEFENSA
100
AcDbLine
 10
419.0
 20
275.0
 30
0.0
 11
463.0
 21
275.0
 31
0.0
  0
HATCH
  5
368B
330
17
100
AcDbEntity
  8
A-DEFENSA
 62
7
420
1973790
100
AcDbHatch
 10
0.0
 20
0.0
 30
0.0
210
0.0
220
0.0
230
1.0
  2
SOLID
 70
1
 71
0
 91
1
 92
3
 72
0
 73
1
 93
4
 10
417.40000000000003
 20
279.80000000000007
 10
420.59999999999997
 20
279.80000000000007
 10
420.59999999999997
 20
275.0
 10
417.40000000000003
 20
275.0
 97
0
 75
1
 76
1
 98
0
  0
HATCH
  5
368C
330
17
100
AcDbEntity
  8
A-DEFENSA
 62
7
420
1973790
100
AcDbHatch
 10
0.0
 20
0.0
 30
0.0
210
0.0
220
0.0
230
1.0
  2
SOLID
 70
1
 71
0
 91
1
 92
3
 72
0
 73
1
 93
4
 10
461.40000000000003
 20
279.80000000000007
 10
464.59999999999997
 20
279.80000000000007
 10
464.59999999999997
 20
275.0
 10
461.40000000000003
 20
275.0
 97
0
 75
1
 76
1
 98
0
  0
HATCH
  5
368D
330
17
100
AcDbEntity
  8
A-DEFENSA
 62
7
420
16107520
100
AcDbHatch
 10
0.0
 20
0.0
 30
0.0
210
0.0
220
0.0
230
1.0
  2
SOLID
 70
1
 71
0
 91
1
 92
3
 72
0
 73
1
 93
4
 10
487.0
 20
275.0
 10
487.0
 20
279.00000000000006
 10
513.0
 20
279.00000000000006
 10
513.0
 20
275.0
 97
0
 75
1
 76
1
 98
0
  0
LINE
  5
368E
330
17
100
AcDbEntity
  8
A-DEFENSA
100
AcDbLine
 10
487.0
 20
275.0
 30
0.0
 11
513.0
 21
275.0
 31
0.0
  0
LINE
  5
368F
330
17
100
AcDbEntity
  8
A-DEFENSA
100
AcDbLine
 10
487.0
 20
279.00000000000006
 30
0.0
 11
513.0
 21
279.00000000000006
 31
0.0
  0
HATCH
  5
3690
330
17
100
AcDbEntity
  8
A-DEFENSA
 62
7
420
1973790
100
AcDbHatch
 10
0.0
 20
0.0
 30
0.0
210
0.0
220
0.0
230
1.0
  2
SOLID
 70
1
 71
0
 91
1
 92
3
 72
0
 73
1
 93
4
 10
485.40000000000003
 20
279.80000000000007
 10
488.59999999999997
 20
279.80000000000007
 10
488.59999999999997
 20
275.0
 10
485.40000000000003
 20
275.0
 97
0
 75
1
 76
1
 98
0
  0
LWPOLYLINE
  5
3691
330
17
100
AcDbEntity
  8
A-ZONA-LOG
100
AcDbPolyline
 90
2
 70
0
 10
339.0
 20
305.0
 10
513.0
 20
305.0
  0
LWPOLYLINE
  5
3692
330
17
100
AcDbEntity
  8
A-ZONA-LOG
100
AcDbPolyline
 90
3
 70
0
 10
513.0
 20
689.0
 10
339.0
 20
689.0
 10
339.0
 20
305.0
  0
LWPOLYLINE
  5
3693
330
17
100
AcDbEntity
  8
A-AREA-TRABAJO
100
AcDbPolyline
 90
3
 70
0
 10
476.00000000000006
 20
620.0
 10
476.00000000000006
 20
666.0000000000001
 10
513.0
 20
666.0000000000001
  0
LINE
  5
3694
330
17
100
AcDbEntity
  8
A-AREA-TRABAJO
100
AcDbLine
 10
504.0
 20
620.0
 30
0.0
 11
513.0
 21
620.0
 31
0.0
  0
LWPOLYLINE
  5
3695
330
17
100
AcDbEntity
  8
A-MAMPARA
100
AcDbPolyline
 90
3
 70
0
 10
473.0
 20
633.0000000000001
 10
473.0
 20
669.0
 10
513.0
 20
669.0
  0
LWPOLYLINE
  5
3696
330
17
100
AcDbEntity
  8
A-MAMPARA
100
AcDbPolyline
 90
2
 70
0
 10
513.0
 20
633.0000000000001
 10
513.0
 20
669.0
  0
LWPOLYLINE
  5
3697
330
17
100
AcDbEntity
  8
A-PULMON
100
AcDbPolyline
 90
2
 70
0
 10
495.0
 20
411.0
 10
513.0
 20
411.0
  0
LWPOLYLINE
  5
3698
330
17
100
AcDbEntity
  8
A-PULMON
100
AcDbPolyline
 90
3
 70
0
 10
513.0
 20
447.0
 10
495.0
 20
447.0
 10
495.0
 20
411.0
  0
HATCH
  5
3699
330
17
100
AcDbEntity
  8
A-EQUIPO-RELLENO
 62
7
420
16445690
100
AcDbHatch
 10
0.0
 20
0.0
 30
0.0
210
0.0
220
0.0
230
1.0
  2
SOLID
 70
1
 71
0
 91
1
 92
3
 72
0
 73
1
 93
4
 10
505.0
 20
413.0
 10
505.0
 20
436.99999999999994
 10
513.0
 20
436.99999999999994
 10
513.0
 20
413.0
 97
0
 75
1
 76
1
 98
0
  0
LWPOLYLINE
  5
369A
330
17
100
AcDbEntity
  8
A-OPERARIO
100
AcDbPolyline
 90
2
 70
0
 10
505.0
 20
413.0
 10
513.0
 20
413.0
  0
LWPOLYLINE
  5
369B
330
17
100
AcDbEntity
  8
A-OPERARIO
100
AcDbPolyline
 90
3
 70
0
 10
513.0
 20
436.99999999999994
 10
505.0
 20
436.99999999999994
 10
505.0
 20
413.0
  0
LINE
  5
369C
330
17
100
AcDbEntity
  8
A-OPERARIO
100
AcDbLine
 10
510.0
 20
439.4
 30
0.0
 11
513.0
 21
439.4
 31
0.0
  0
LWPOLYLINE
  5
369D
330
17
100
AcDbEntity
  8
A-PULMON
100
AcDbPolyline
 90
2
 70
0
 10
495.0
 20
495.0
 10
513.0
 20
495.0
  0
LWPOLYLINE
  5
369E
330
17
100
AcDbEntity
  8
A-PULMON
100
AcDbPolyline
 90
3
 70
0
 10
513.0
 20
530.0
 10
495.0
 20
530.0
 10
495.0
 20
495.0
  0
HATCH
  5
369F
330
17
100
AcDbEntity
  8
A-EQUIPO-RELLENO
 62
7
420
16445690
100
AcDbHatch
 10
0.0
 20
0.0
 30
0.0
210
0.0
220
0.0
230
1.0
  2
SOLID
 70
1
 71
0
 91
1
 92
3
 72
0
 73
1
 93
4
 10
505.0
 20
496.9999999999999
 10
505.0
 20
519.9999999999999
 10
513.0
 20
519.9999999999999
 10
513.0
 20
496.9999999999999
 97
0
 75
1
 76
1
 98
0
  0
LWPOLYLINE
  5
36A0
330
17
100
AcDbEntity
  8
A-OPERARIO
100
AcDbPolyline
 90
2
 70
0
 10
505.0
 20
496.9999999999999
 10
513.0
 20
496.9999999999999
  0
LWPOLYLINE
  5
36A1
330
17
100
AcDbEntity
  8
A-OPERARIO
100
AcDbPolyline
 90
3
 70
0
 10
513.0
 20
519.9999999999999
 10
505.0
 20
519.9999999999999
 10
505.0
 20
496.9999999999999
  0
LINE
  5
36A2
330
17
100
AcDbEntity
  8
A-OPERARIO
100
AcDbLine
 10
510.0
 20
522.4
 30
0.0
 11
513.0
 21
522.4
 31
0.0
  0
HATCH
  5
36A3
330
17
100
AcDbEntity
  8
A-MURO
 62
7
420
4605510
100
AcDbHatch
 10
0.0
 20
0.0
 30
0.0
210
0.0
220
0.0
230
1.0
  2
SOLID
 70
1
 71
0
 91
1
 92
3
 72
0
 73
1
 93
4
 10
55.0
 20
279.0
 10
59.0
 20
279.0
 10
59.0
 20
275.0
 10
55.0
 20
275.0
 97
0
 75
1
 76
1
 98
0
  0
LWPOLYLINE
  5
36A4
330
17
100
AcDbEntity
  8
A-MURO
100
AcDbPolyline
 90
4
 70
0
 10
55.0
 20
275.0
 10
55.0
 20
279.0
 10
59.0
 20
279.0
 10
59.0
 20
275.0
  0
HATCH
  5
36A5
330
17
100
AcDbEntity
  8
A-MURO
 62
7
420
4605510
100
AcDbHatch
 10
0.0
 20
0.0
 30
0.0
210
0.0
220
0.0
230
1.0
  2
SOLID
 70
1
 71
0
 91
1
 92
3
 72
0
 73
1
 93
4
 10
311.0
 20
703.0000000000001
 10
513.0
 20
703.0000000000001
 10
513.0
 20
699.0
 10
311.0
 20
699.0
 97
0
 75
1
 76
1
 98
0
  0
LWPOLYLINE
  5
36A6
330
17
100
AcDbEntity
  8
A-MURO
100
AcDbPolyline
 90
3
 70
0
 10
311.0
 20
699.0
 10
311.0
 20
703.0000000000001
 10
513.0
 20
703.0000000000001
  0
LWPOLYLINE
  5
36A7
330
17
100
AcDbEntity
  8
A-MURO
100
AcDbPolyline
 90
2
 70
0
 10
513.0
 20
699.0
 10
311.0
 20
699.0
  0
HATCH
  5
36A8
330
17
100
AcDbEntity
  8
A-MURO
 62
7
420
4605510
100
AcDbHatch
 10
0.0
 20
0.0
 30
0.0
210
0.0
220
0.0
230
1.0
  2
SOLID
 70
1
 71
0
 91
1
 92
3
 72
0
 73
1
 93
4
 10
33.0
 20
568.9999999999999
 10
33.0
 20
573.0
 10
43.0
 20
573.0
 10
43.0
 20
568.9999999999999
 97
0
 75
1
 76
1
 98
0
  0
LWPOLYLINE
  5
36A9
330
17
100
AcDbEntity
  8
A-MURO
100
AcDbPolyline
 90
2
 70
0
 10
43.0
 20
568.9999999999999
 10
33.0
 20
568.9999999999999
  0
LWPOLYLINE
  5
36AA
330
17
100
AcDbEntity
  8
A-MURO
100
AcDbPolyline
 90
3
 70
0
 10
33.0
 20
573.0
 10
43.0
 20
573.0
 10
43.0
 20
568.9999999999999
  0
LWPOLYLINE
  5
36AB
330
17
100
AcDbEntity
  8
A-EXTERIOR
100
AcDbPolyline
 90
2
 70
0
 10
43.0
 20
703.0
 10
513.0
 20
703.0
  0
LWPOLYLINE
  5
36AC
330
17
100
AcDbEntity
  8
A-EXTERIOR
100
AcDbPolyline
 90
2
 70
0
 10
43.0
 20
795.0
 10
43.0
 20
703.0
  0
LWPOLYLINE
  5
36AD
330
17
100
AcDbEntity
  8
F-MP
100
AcDbPolyline
 90
4
 70
0
 10
301.0
 20
795.0
 10
301.0
 20
691.0
 10
301.0
 20
435.0
 10
243.0
 20
435.0
  0
LWPOLYLINE
  5
36AE
330
17
100
AcDbEntity
  8
F-MP
100
AcDbPolyline
 90
6
 70
0
 10
291.0
 20
795.0
 10
291.0
 20
691.0
 10
291.0
 20
667.0
 10
155.0
 20
667.0
 10
155.0
 20
475.0
 10
175.0
 20
475.0
  0
LWPOLYLINE
  5
36AF
330
17
100
AcDbEntity
  8
F-MP
100
AcDbPolyline
 90
6
 70
0
 10
281.0
 20
795.0
 10
281.0
 20
691.0
 10
281.0
 20
675.0
 10
123.0
 20
675.0
 10
123.0
 20
415.0
 10
101.0
 20
415.0
  0
LWPOLYLINE
  5
36B0
330
17
100
AcDbEntity
  8
F-SE
100
AcDbPolyline
 90
2
 70
0
 10
437.0
 20
365.0
 10
513.0
 20
365.0
  0
LWPOLYLINE
  5
36B1
330
17
100
AcDbEntity
  8
F-SE
100
AcDbPolyline
 90
2
 70
0
 10
513.0
 20
447.0
 10
513.0
 20
495.0
  0
HATCH
  5
36B2
330
17
100
AcDbEntity
  8
F-SE
 62
7
420
15431680
100
AcDbHatch
 10
0.0
 20
0.0
 30
0.0
210
0.0
220
0.0
230
1.0
  2
SOLID
 70
1
 71
0
 91
1
 92
3
 72
0
 73
1
 93
3
 10
512.2
 20
453.5
 10
513.0
 20
456.5
 10
513.0
 20
453.5
 97
0
 75
1
 76
1
 98
0
  0
HATCH
  5
36B3
330
17
100
AcDbEntity
  8
F-SE
 62
7
420
15431680
100
AcDbHatch
 10
0.0
 20
0.0
 30
0.0
210
0.0
220
0.0
230
1.0
  2
SOLID
 70
1
 71
0
 91
1
 92
3
 72
0
 73
1
 93
3
 10
512.2
 20
461.5
 10
513.0
 20
464.5
 10
513.0
 20
461.5
 97
0
 75
1
 76
1
 98
0
  0
HATCH
  5
36B4
330
17
100
AcDbEntity
  8
F-SE
 62
7
420
15431680
100
AcDbHatch
 10
0.0
 20
0.0
 30
0.0
210
0.0
220
0.0
230
1.0
  2
SOLID
 70
1
 71
0
 91
1
 92
3
 72
0
 73
1
 93
3
 10
512.2
 20
469.5
 10
513.0
 20
472.5
 10
513.0
 20
469.5
 97
0
 75
1
 76
1
 98
0
  0
HATCH
  5
36B5
330
17
100
AcDbEntity
  8
F-SE
 62
7
420
15431680
100
AcDbHatch
 10
0.0
 20
0.0
 30
0.0
210
0.0
220
0.0
230
1.0
  2
SOLID
 70
1
 71
0
 91
1
 92
3
 72
0
 73
1
 93
3
 10
512.2
 20
477.5
 10
513.0
 20
480.5
 10
513.0
 20
477.5
 97
0
 75
1
 76
1
 98
0
  0
HATCH
  5
36B6
330
17
100
AcDbEntity
  8
F-SE
 62
7
420
15431680
100
AcDbHatch
 10
0.0
 20
0.0
 30
0.0
210
0.0
220
0.0
230
1.0
  2
SOLID
 70
1
 71
0
 91
1
 92
3
 72
0
 73
1
 93
3
 10
512.2
 20
485.5
 10
513.0
 20
488.5
 10
513.0
 20
485.5
 97
0
 75
1
 76
1
 98
0
  0
HATCH
  5
36B7
330
17
100
AcDbEntity
  8
F-SE
 62
7
420
15431680
100
AcDbHatch
 10
0.0
 20
0.0
 30
0.0
210
0.0
220
0.0
230
1.0
  2
SOLID
 70
1
 71
0
 91
1
 92
3
 72
0
 73
1
 93
3
 10
512.2
 20
492.0
 10
513.0
 20
495.0
 10
513.0
 20
492.0
 97
0
 75
1
 76
1
 98
0
  0
LWPOLYLINE
  5
36B8
330
17
100
AcDbEntity
  8
F-SE
100
AcDbPolyline
 90
2
 70
0
 10
499.0
 20
567.0
 10
513.0
 20
567.0
  0
LWPOLYLINE
  5
36B9
330
17
100
AcDbEntity
  8
A-TEXTO
100
AcDbPolyline
 90
4
 70
1
 10
33.0
 20
275.0
 10
513.0
 20
275.0
 10
513.0
 20
795.0
 10
33.0
 20
795.0
  0
TEXT
  5
36BA
330
17
100
AcDbEntity
  8
A-TEXTO
100
AcDbText
 10
33.0
 20
798.0
 30
0.0
 40
4.0
  1
DETALLE 1 - ALMACÉN DE MP Y CARGA A MÁQUINA - 1:50
  7
ISO3098
 11
33.0
 21
798.0
 31
0.0
100
AcDbText
 73
1
  0
CIRCLE
  5
36BB
330
17
100
AcDbEntity
  8
A-TEXTO
100
AcDbCircle
 10
223.0
 20
783.0
 30
0.0
 40
3.0
  0
TEXT
  5
36BC
330
17
100
AcDbEntity
  8
A-TEXTO
100
AcDbText
 10
223.0
 20
783.0
 30
0.0
 40
2.0
  1
1
  7
ISO3098
 72
1
 11
223.0
 21
783.0
 31
0.0
100
AcDbText
 73
2
  0
CIRCLE
  5
36BD
330
17
100
AcDbEntity
  8
A-TEXTO
100
AcDbCircle
 10
281.0
 20
719.0
 30
0.0
 40
3.0
  0
TEXT
  5
36BE
330
17
100
AcDbEntity
  8
A-TEXTO
100
AcDbText
 10
281.0
 20
719.0
 30
0.0
 40
2.0
  1
2
  7
ISO3098
 72
1
 11
281.0
 21
719.0
 31
0.0
100
AcDbText
 73
2
  0
CIRCLE
  5
36BF
330
17
100
AcDbEntity
  8
A-TEXTO
100
AcDbCircle
 10
227.0
 20
595.0
 30
0.0
 40
3.0
  0
TEXT
  5
36C0
330
17
100
AcDbEntity
  8
A-TEXTO
100
AcDbText
 10
227.0
 20
595.0
 30
0.0
 40
2.0
  1
3
  7
ISO3098
 72
1
 11
227.0
 21
595.0
 31
0.0
100
AcDbText
 73
2
  0
CIRCLE
  5
36C1
330
17
100
AcDbEntity
  8
A-TEXTO
100
AcDbCircle
 10
295.0
 20
359.0
 30
0.0
 40
3.0
  0
TEXT
  5
36C2
330
17
100
AcDbEntity
  8
A-TEXTO
100
AcDbText
 10
295.0
 20
359.0
 30
0.0
 40
2.0
  1
4
  7
ISO3098
 72
1
 11
295.0
 21
359.0
 31
0.0
100
AcDbText
 73
2
  0
CIRCLE
  5
36C3
330
17
100
AcDbEntity
  8
A-TEXTO
100
AcDbCircle
 10
163.0
 20
545.0
 30
0.0
 40
3.0
  0
TEXT
  5
36C4
330
17
100
AcDbEntity
  8
A-TEXTO
100
AcDbText
 10
163.0
 20
545.0
 30
0.0
 40
2.0
  1
5
  7
ISO3098
 72
1
 11
163.0
 21
545.0
 31
0.0
100
AcDbText
 73
2
  0
CIRCLE
  5
36C5
330
17
100
AcDbEntity
  8
A-TEXTO
100
AcDbCircle
 10
303.0
 20
555.0
 30
0.0
 40
3.0
  0
TEXT
  5
36C6
330
17
100
AcDbEntity
  8
A-TEXTO
100
AcDbText
 10
303.0
 20
555.0
 30
0.0
 40
2.0
  1
6
  7
ISO3098
 72
1
 11
303.0
 21
555.0
 31
0.0
100
AcDbText
 73
2
  0
CIRCLE
  5
36C7
330
17
100
AcDbEntity
  8
A-TEXTO
100
AcDbCircle
 10
409.0
 20
735.0
 30
0.0
 40
3.0
  0
TEXT
  5
36C8
330
17
100
AcDbEntity
  8
A-TEXTO
100
AcDbText
 10
409.0
 20
735.0
 30
0.0
 40
2.0
  1
7
  7
ISO3098
 72
1
 11
409.0
 21
735.0
 31
0.0
100
AcDbText
 73
2
  0
CIRCLE
  5
36C9
330
17
100
AcDbEntity
  8
A-TEXTO
100
AcDbCircle
 10
303.0
 20
487.0
 30
0.0
 40
3.0
  0
TEXT
  5
36CA
330
17
100
AcDbEntity
  8
A-TEXTO
100
AcDbText
 10
303.0
 20
487.0
 30
0.0
 40
2.0
  1
8
  7
ISO3098
 72
1
 11
303.0
 21
487.0
 31
0.0
100
AcDbText
 73
2
  0
CIRCLE
  5
36CB
330
17
100
AcDbEntity
  8
A-TEXTO
100
AcDbCircle
 10
139.0
 20
415.0
 30
0.0
 40
3.0
  0
TEXT
  5
36CC
330
17
100
AcDbEntity
  8
A-TEXTO
100
AcDbText
 10
139.0
 20
415.0
 30
0.0
 40
2.0
  1
9
  7
ISO3098
 72
1
 11
139.0
 21
415.0
 31
0.0
100
AcDbText
 73
2
  0
CIRCLE
  5
36CD
330
17
100
AcDbEntity
  8
A-TEXTO
100
AcDbCircle
 10
123.0
 20
695.0
 30
0.0
 40
3.0
  0
TEXT
  5
36CE
330
17
100
AcDbEntity
  8
A-TEXTO
100
AcDbText
 10
123.0
 20
695.0
 30
0.0
 40
2.0
  1
10
  7
ISO3098
 72
1
 11
123.0
 21
695.0
 31
0.0
100
AcDbText
 73
2
  0
DIMENSION
  5
36CF
330
17
100
AcDbEntity
  8
A-COTA
100
AcDbDimension
280
0
  2
*D1
  3
FLAMA-IRAM
 10
103.0
 20
293.0
 30
0.0
 11
139.0
 21
295.1
 31
0.0
 70
32
 71
5
  1
A1 <>
100
AcDbAlignedDimension
 13
103.0
 23
295.0
 33
0.0
 14
175.0
 24
295.0
 34
0.0
 50
0.0
100
AcDbRotatedDimension
1001
ACAD
1000
DSTYLE
1002
{
1070
144
1040
0.05
1070
271
1070
2
1070
78
1070
0
1070
140
1040
2.2
1070
41
1040
2.2
1070
44
1040
1.2
1070
42
1040
1.0
1002
}
  0
DIMENSION
  5
36DE
330
17
100
AcDbEntity
  8
A-COTA
100
AcDbDimension
280
0
  2
*D2
  3
FLAMA-IRAM
 10
245.0
 20
293.0
 30
0.0
 11
281.0
 21
295.1
 31
0.0
 70
32
 71
5
  1
A2 <>
100
AcDbAlignedDimension
 13
245.0
 23
295.0
 33
0.0
 14
317.0
 24
295.0
 34
0.0
 50
0.0
100
AcDbRotatedDimension
1001
ACAD
1000
DSTYLE
1002
{
1070
144
1040
0.05
1070
271
1070
2
1070
78
1070
0
1070
140
1040
2.2
1070
41
1040
2.2
1070
44
1040
1.2
1070
42
1040
1.0
1002
}
  0
HATCH
  5
3723
330
17
100
AcDbEntity
  8
A-RELLENO
 62
7
420
13166792
100
AcDbHatch
 10
0.0
 20
0.0
 30
0.0
210
0.0
220
0.0
230
1.0
  2
SOLID
 70
1
 71
0
 91
1
 92
3
 72
0
 73
1
 93
4
 10
541.0
 20
531.0
 10
857.0
 20
531.0
 10
857.0
 20
771.0
 10
541.0
 20
771.0
 97
0
 75
1
 76
1
 98
0
  0
LWPOLYLINE
  5
3724
330
17
100
AcDbEntity
  8
A-SECTOR
100
AcDbPolyline
 90
4
 70
1
 10
541.0
 20
531.0
 10
857.0
 20
531.0
 10
857.0
 20
771.0
 10
541.0
 20
771.0
  0
HATCH
  5
3725
330
17
100
AcDbEntity
  8
A-RELLENO
 62
7
420
13166792
100
AcDbHatch
 10
0.0
 20
0.0
 30
0.0
210
0.0
220
0.0
230
1.0
  2
SOLID
 70
1
 71
0
 91
1
 92
3
 72
0
 73
1
 93
4
 10
541.0
 20
401.0
 10
857.0
 20
401.0
 10
857.0
 20
531.0
 10
541.0
 20
531.0
 97
0
 75
1
 76
1
 98
0
  0
LWPOLYLINE
  5
3726
330
17
100
AcDbEntity
  8
A-SECTOR
100
AcDbPolyline
 90
4
 70
1
 10
541.0
 20
401.0
 10
857.0
 20
401.0
 10
857.0
 20
531.0
 10
541.0
 20
531.0
  0
HATCH
  5
3727
330
17
100
AcDbEntity
  8
A-RELLENO
 62
7
420
13166792
100
AcDbHatch
 10
0.0
 20
0.0
 30
0.0
210
0.0
220
0.0
230
1.0
  2
SOLID
 70
1
 71
0
 91
1
 92
3
 72
0
 73
1
 93
4
 10
609.0
 20
401.0
 10
665.0
 20
401.0
 10
665.0
 20
442.0
 10
609.0
 20
442.0
 97
0
 75
1
 76
1
 98
0
  0
LWPOLYLINE
  5
3728
330
17
100
AcDbEntity
  8
A-SECTOR
100
AcDbPolyline
 90
4
 70
1
 10
609.0
 20
401.0
 10
665.0
 20
401.0
 10
665.0
 20
442.0
 10
609.0
 20
442.0
  0
HATCH
  5
3770
330
17
100
AcDbEntity
  8
A-RELLENO
 62
7
420
13166792
100
AcDbHatch
 10
0.0
 20
0.0
 30
0.0
210
0.0
220
0.0
230
1.0
  2
SOLID
 70
1
 71
0
 91
1
 92
3
 72
0
 73
1
 93
4
 10
861.0
 20
643.0
 10
861.0
 20
771.0
 10
887.0
 20
771.0
 10
887.0
 20
643.0
 97
0
 75
1
 76
1
 98
0
  0
LWPOLYLINE
  5
3771
330
17
100
AcDbEntity
  8
A-SECTOR
100
AcDbPolyline
 90
2
 70
0
 10
861.0
 20
643.0
 10
887.0
 20
643.0
  0
LWPOLYLINE
  5
3772
330
17
100
AcDbEntity
  8
A-SECTOR
100
AcDbPolyline
 90
3
 70
0
 10
887.0
 20
771.0
 10
861.0
 20
771.0
 10
861.0
 20
643.0
  0
HATCH
  5
3773
330
17
100
AcDbEntity
  8
A-RELLENO
 62
7
420
14151378
100
AcDbHatch
 10
0.0
 20
0.0
 30
0.0
210
0.0
220
0.0
230
1.0
  2
SOLID
 70
1
 71
0
 91
1
 92
3
 72
0
 73
1
 93
4
 10
861.0
 20
433.0
 10
861.0
 20
639.0
 10
887.0
 20
639.0
 10
887.0
 20
433.0
 97
0
 75
1
 76
1
 98
0
  0
LWPOLYLINE
  5
3774
330
17
100
AcDbEntity
  8
A-SECTOR
100
AcDbPolyline
 90
2
 70
0
 10
861.0
 20
433.0
 10
887.0
 20
433.0
  0
LWPOLYLINE
  5
3775
330
17
100
AcDbEntity
  8
A-SECTOR
100
AcDbPolyline
 90
3
 70
0
 10
887.0
 20
639.0
 10
861.0
 20
639.0
 10
861.0
 20
433.0
  0
HATCH
  5
3776
330
17
100
AcDbEntity
  8
A-RELLENO
 62
7
420
13492725
100
AcDbHatch
 10
0.0
 20
0.0
 30
0.0
210
0.0
220
0.0
230
1.0
  2
SOLID
 70
1
 71
0
 91
1
 92
3
 72
0
 73
1
 93
4
 10
861.0
 20
401.0
 10
861.0
 20
431.0
 10
887.0
 20
431.0
 10
887.0
 20
401.0
 97
0
 75
1
 76
1
 98
0
  0
LWPOLYLINE
  5
3777
330
17
100
AcDbEntity
  8
A-SECTOR
100
AcDbPolyline
 90
2
 70
0
 10
861.0
 20
401.0
 10
887.0
 20
401.0
  0
LWPOLYLINE
  5
3778
330
17
100
AcDbEntity
  8
A-SECTOR
100
AcDbPolyline
 90
3
 70
0
 10
887.0
 20
431.0
 10
861.0
 20
431.0
 10
861.0
 20
401.0
  0
HATCH
  5
3779
330
17
100
AcDbEntity
  8
A-RELLENO
 62
7
420
16639176
100
AcDbHatch
 10
0.0
 20
0.0
 30
0.0
210
0.0
220
0.0
230
1.0
  2
SOLID
 70
1
 71
0
 91
1
 92
3
 72
0
 73
1
 93
4
 10
537.0
 20
771.0
 10
537.0
 20
555.0
 10
527.0
 20
555.0
 10
527.0
 20
771.0
 97
0
 75
1
 76
1
 98
0
  0
LWPOLYLINE
  5
377A
330
17
100
AcDbEntity
  8
A-SECTOR
100
AcDbPolyline
 90
4
 70
0
 10
527.0
 20
555.0
 10
537.0
 20
555.0
 10
537.0
 20
771.0
 10
527.0
 20
771.0
  0
HATCH
  5
377B
330
17
100
AcDbEntity
  8
A-RELLENO
 62
7
420
14151378
100
AcDbHatch
 10
0.0
 20
0.0
 30
0.0
210
0.0
220
0.0
230
1.0
  2
SOLID
 70
1
 71
0
 91
1
 92
3
 72
0
 73
1
 93
4
 10
537.0
 20
551.0
 10
537.0
 20
401.0
 10
527.0
 20
401.0
 10
527.0
 20
551.0
 97
0
 75
1
 76
1
 98
0
  0
LWPOLYLINE
  5
377C
330
17
100
AcDbEntity
  8
A-SECTOR
100
AcDbPolyline
 90
4
 70
0
 10
527.0
 20
401.0
 10
537.0
 20
401.0
 10
537.0
 20
551.0
 10
527.0
 20
551.0
  0
LINE
  5
37CD
330
17
100
AcDbEntity
  8
A-PASILLO
100
AcDbLine
 10
567.0
 20
531.0
 30
0.0
 11
633.0
 21
531.0
 31
0.0
  0
LINE
  5
37CE
330
17
100
AcDbEntity
  8
A-PASILLO
100
AcDbLine
 10
567.0
 20
771.0
 30
0.0
 11
633.0
 21
771.0
 31
0.0
  0
LINE
  5
37CF
330
17
100
AcDbEntity
  8
A-PASILLO
100
AcDbLine
 10
567.0
 20
531.0
 30
0.0
 11
567.0
 21
771.0
 31
0.0
  0
LINE
  5
37D0
330
17
100
AcDbEntity
  8
A-PASILLO
100
AcDbLine
 10
633.0
 20
531.0
 30
0.0
 11
633.0
 21
771.0
 31
0.0
  0
TEXT
  5
37D1
330
17
100
AcDbEntity
  8
A-TEXTO
100
AcDbText
 10
600.0
 20
651.0
 30
0.0
 40
1.7600000000000002
  1
T1 3,30 m
 50
90.0
  7
ISO3098
 72
1
 11
600.0
 21
651.0
 31
0.0
100
AcDbText
 73
2
  0
LINE
  5
37D2
330
17
100
AcDbEntity
  8
A-PASILLO
100
AcDbLine
 10
681.0
 20
531.0
 30
0.0
 11
747.0
 21
531.0
 31
0.0
  0
LINE
  5
37D3
330
17
100
AcDbEntity
  8
A-PASILLO
100
AcDbLine
 10
681.0
 20
771.0
 30
0.0
 11
747.0
 21
771.0
 31
0.0
  0
LINE
  5
37D4
330
17
100
AcDbEntity
  8
A-PASILLO
100
AcDbLine
 10
681.0
 20
531.0
 30
0.0
 11
681.0
 21
771.0
 31
0.0
  0
LINE
  5
37D5
330
17
100
AcDbEntity
  8
A-PASILLO
100
AcDbLine
 10
747.0
 20
531.0
 30
0.0
 11
747.0
 21
771.0
 31
0.0
  0
TEXT
  5
37D6
330
17
100
AcDbEntity
  8
A-TEXTO
100
AcDbText
 10
714.0
 20
651.0
 30
0.0
 40
1.7600000000000002
  1
T2 3,30 m
 50
90.0
  7
ISO3098
 72
1
 11
714.0
 21
651.0
 31
0.0
100
AcDbText
 73
2
  0
LINE
  5
37D7
330
17
100
AcDbEntity
  8
A-PASILLO
100
AcDbLine
 10
773.0
 20
531.0
 30
0.0
 11
811.0
 21
531.0
 31
0.0
  0
LINE
  5
37D8
330
17
100
AcDbEntity
  8
A-PASILLO
100
AcDbLine
 10
773.0
 20
771.0
 30
0.0
 11
811.0
 21
771.0
 31
0.0
  0
LINE
  5
37D9
330
17
100
AcDbEntity
  8
A-PASILLO
100
AcDbLine
 10
773.0
 20
531.0
 30
0.0
 11
773.0
 21
771.0
 31
0.0
  0
LINE
  5
37DA
330
17
100
AcDbEntity
  8
A-PASILLO
100
AcDbLine
 10
811.0
 20
531.0
 30
0.0
 11
811.0
 21
771.0
 31
0.0
  0
TEXT
  5
37DB
330
17
100
AcDbEntity
  8
A-TEXTO
100
AcDbText
 10
792.0
 20
651.0
 30
0.0
 40
1.7600000000000002
  1
T3 1,90 m
 50
90.0
  7
ISO3098
 72
1
 11
792.0
 21
651.0
 31
0.0
100
AcDbText
 73
2
  0
LINE
  5
37DC
330
17
100
AcDbEntity
  8
A-PASILLO
100
AcDbLine
 10
541.0
 20
443.0
 30
0.0
 11
857.0
 21
443.0
 31
0.0
  0
LINE
  5
37DD
330
17
100
AcDbEntity
  8
A-PASILLO
100
AcDbLine
 10
541.0
 20
531.0
 30
0.0
 11
857.0
 21
531.0
 31
0.0
  0
LINE
  5
37DE
330
17
100
AcDbEntity
  8
A-PASILLO
100
AcDbLine
 10
541.0
 20
443.0
 30
0.0
 11
541.0
 21
531.0
 31
0.0
  0
LINE
  5
37DF
330
17
100
AcDbEntity
  8
A-PASILLO
100
AcDbLine
 10
857.0
 20
443.0
 30
0.0
 11
857.0
 21
531.0
 31
0.0
  0
TEXT
  5
37E0
330
17
100
AcDbEntity
  8
A-TEXTO
100
AcDbText
 10
699.0
 20
487.0
 30
0.0
 40
1.7600000000000002
  1
EX 4,40 m
  7
ISO3098
 72
1
 11
699.0
 21
487.0
 31
0.0
100
AcDbText
 73
2
  0
LINE
  5
37E3
330
17
100
AcDbEntity
  8
A-PASILLO
100
AcDbLine
 10
861.0
 20
433.0
 30
0.0
 11
861.0
 21
479.0
 31
0.0
  0
HATCH
  5
380B
330
17
100
AcDbEntity
  8
A-SENDA
 62
7
420
14132480
100
AcDbHatch
 10
0.0
 20
0.0
 30
0.0
210
0.0
220
0.0
230
1.0
  2
SOLID
 70
1
 71
0
 91
1
 92
3
 72
0
 73
1
 93
4
 10
530.9999999999999
 20
583.0
 10
538.9999999999999
 20
583.0
 10
538.9999999999999
 20
607.0
 10
530.9999999999999
 20
607.0
 97
0
 75
1
 76
1
 98
0
  0
HATCH
  5
380C
330
17
100
AcDbEntity
  8
A-SENDA
 62
7
420
14132480
100
AcDbHatch
 10
0.0
 20
0.0
 30
0.0
210
0.0
220
0.0
230
1.0
  2
SOLID
 70
1
 71
0
 91
1
 92
3
 72
0
 73
1
 93
4
 10
546.9999999999999
 20
583.0
 10
554.9999999999998
 20
583.0
 10
554.9999999999998
 20
607.0
 10
546.9999999999999
 20
607.0
 97
0
 75
1
 76
1
 98
0
  0
TEXT
  5
380D
330
17
100
AcDbEntity
  8
A-TEXTO
100
AcDbText
 10
543.0
 20
623.0
 30
0.0
 40
1.7600000000000002
  1
X5
  7
ISO3098
 72
1
 11
543.0
 21
623.0
 31
0.0
100
AcDbText
 73
2
  0
HATCH
  5
382B
330
17
100
AcDbEntity
  8
A-SENDA
 62
7
420
14132480
100
AcDbHatch
 10
0.0
 20
0.0
 30
0.0
210
0.0
220
0.0
230
1.0
  2
SOLID
 70
1
 71
0
 91
1
 92
3
 72
0
 73
1
 93
4
 10
531.0
 20
783.0
 10
555.0
 20
783.0
 10
555.0
 20
791.0
 10
531.0
 20
791.0
 97
0
 75
1
 76
1
 98
0
  0
HATCH
  5
3831
330
17
100
AcDbEntity
  8
A-SENDA
 62
7
420
14132480
100
AcDbHatch
 10
0.0
 20
0.0
 30
0.0
210
0.0
220
0.0
230
1.0
  2
SOLID
 70
1
 71
0
 91
1
 92
3
 72
0
 73
1
 93
4
 10
825.0
 20
783.0
 10
849.0
 20
783.0
 10
849.0
 20
791.0
 10
825.0
 20
791.0
 97
0
 75
1
 76
1
 98
0
  0
CIRCLE
  5
4433
330
17
100
AcDbEntity
  8
A-EQUIPO-OCULTO
100
AcDbCircle
 10
884.0
 20
497.0
 30
0.0
 40
14.879999999999999
  0
CIRCLE
  5
443F
330
17
100
AcDbEntity
  8
A-EQUIPO-FINO
100
AcDbCircle
 10
884.0
 20
487.22857142857146
 30
0.0
 40
1.4400000000000002
  0
CIRCLE
  5
4440
330
17
100
AcDbEntity
  8
A-EQUIPO-FINO
100
AcDbCircle
 10
884.0
 20
487.22857142857146
 30
0.0
 40
0.44800000000000006
  0
CIRCLE
  5
4441
330
17
100
AcDbEntity
  8
A-EQUIPO-FINO
100
AcDbCircle
 10
880.24
 20
487.22857142857146
 30
0.0
 40
1.4400000000000002
  0
CIRCLE
  5
4442
330
17
100
AcDbEntity
  8
A-EQUIPO-FINO
100
AcDbCircle
 10
880.24
 20
487.22857142857146
 30
0.0
 40
0.44800000000000006
  0
CIRCLE
  5
4443
330
17
100
AcDbEntity
  8
A-EQUIPO-FINO
100
AcDbCircle
 10
876.48
 20
487.22857142857146
 30
0.0
 40
1.4400000000000002
  0
CIRCLE
  5
4444
330
17
100
AcDbEntity
  8
A-EQUIPO-FINO
100
AcDbCircle
 10
876.48
 20
487.22857142857146
 30
0.0
 40
0.44800000000000006
  0
CIRCLE
  5
4449
330
17
100
AcDbEntity
  8
A-EQUIPO-FINO
100
AcDbCircle
 10
884.0
 20
490.48571428571427
 30
0.0
 40
1.4400000000000002
  0
CIRCLE
  5
444A
330
17
100
AcDbEntity
  8
A-EQUIPO-FINO
100
AcDbCircle
 10
884.0
 20
490.48571428571427
 30
0.0
 40
0.44800000000000006
  0
CIRCLE
  5
444B
330
17
100
AcDbEntity
  8
A-EQUIPO-FINO
100
AcDbCircle
 10
880.24
 20
490.48571428571427
 30
0.0
 40
1.4400000000000002
  0
CIRCLE
  5
444C
330
17
100
AcDbEntity
  8
A-EQUIPO-FINO
100
AcDbCircle
 10
880.24
 20
490.48571428571427
 30
0.0
 40
0.44800000000000006
  0
CIRCLE
  5
444D
330
17
100
AcDbEntity
  8
A-EQUIPO-FINO
100
AcDbCircle
 10
876.48
 20
490.48571428571427
 30
0.0
 40
1.4400000000000002
  0
CIRCLE
  5
444E
330
17
100
AcDbEntity
  8
A-EQUIPO-FINO
100
AcDbCircle
 10
876.48
 20
490.48571428571427
 30
0.0
 40
0.44800000000000006
  0
CIRCLE
  5
4453
330
17
100
AcDbEntity
  8
A-EQUIPO-FINO
100
AcDbCircle
 10
884.0
 20
493.74285714285713
 30
0.0
 40
1.4400000000000002
  0
CIRCLE
  5
4454
330
17
100
AcDbEntity
  8
A-EQUIPO-FINO
100
AcDbCircle
 10
884.0
 20
493.74285714285713
 30
0.0
 40
0.44800000000000006
  0
CIRCLE
  5
4455
330
17
100
AcDbEntity
  8
A-EQUIPO-FINO
100
AcDbCircle
 10
880.24
 20
493.74285714285713
 30
0.0
 40
1.4400000000000002
  0
CIRCLE
  5
4456
330
17
100
AcDbEntity
  8
A-EQUIPO-FINO
100
AcDbCircle
 10
880.24
 20
493.74285714285713
 30
0.0
 40
0.44800000000000006
  0
CIRCLE
  5
4457
330
17
100
AcDbEntity
  8
A-EQUIPO-FINO
100
AcDbCircle
 10
876.48
 20
493.74285714285713
 30
0.0
 40
1.4400000000000002
  0
CIRCLE
  5
4458
330
17
100
AcDbEntity
  8
A-EQUIPO-FINO
100
AcDbCircle
 10
876.48
 20
493.74285714285713
 30
0.0
 40
0.44800000000000006
  0
CIRCLE
  5
445D
330
17
100
AcDbEntity
  8
A-EQUIPO-FINO
100
AcDbCircle
 10
884.0
 20
497.0
 30
0.0
 40
1.4400000000000002
  0
CIRCLE
  5
445E
330
17
100
AcDbEntity
  8
A-EQUIPO-FINO
100
AcDbCircle
 10
884.0
 20
497.0
 30
0.0
 40
0.44800000000000006
  0
CIRCLE
  5
445F
330
17
100
AcDbEntity
  8
A-EQUIPO-FINO
100
AcDbCircle
 10
880.24
 20
497.0
 30
0.0
 40
1.4400000000000002
  0
CIRCLE
  5
4460
330
17
100
AcDbEntity
  8
A-EQUIPO-FINO
100
AcDbCircle
 10
880.24
 20
497.0
 30
0.0
 40
0.44800000000000006
  0
CIRCLE
  5
4461
330
17
100
AcDbEntity
  8
A-EQUIPO-FINO
100
AcDbCircle
 10
876.48
 20
497.0
 30
0.0
 40
1.4400000000000002
  0
CIRCLE
  5
4462
330
17
100
AcDbEntity
  8
A-EQUIPO-FINO
100
AcDbCircle
 10
876.48
 20
497.0
 30
0.0
 40
0.44800000000000006
  0
CIRCLE
  5
4467
330
17
100
AcDbEntity
  8
A-EQUIPO-FINO
100
AcDbCircle
 10
884.0
 20
500.25714285714287
 30
0.0
 40
1.4400000000000002
  0
CIRCLE
  5
4468
330
17
100
AcDbEntity
  8
A-EQUIPO-FINO
100
AcDbCircle
 10
884.0
 20
500.25714285714287
 30
0.0
 40
0.44800000000000006
  0
CIRCLE
  5
4469
330
17
100
AcDbEntity
  8
A-EQUIPO-FINO
100
AcDbCircle
 10
880.24
 20
500.25714285714287
 30
0.0
 40
1.4400000000000002
  0
CIRCLE
  5
446A
330
17
100
AcDbEntity
  8
A-EQUIPO-FINO
100
AcDbCircle
 10
880.24
 20
500.25714285714287
 30
0.0
 40
0.44800000000000006
  0
CIRCLE
  5
446B
330
17
100
AcDbEntity
  8
A-EQUIPO-FINO
100
AcDbCircle
 10
876.48
 20
500.25714285714287
 30
0.0
 40
1.4400000000000002
  0
CIRCLE
  5
446C
330
17
100
AcDbEntity
  8
A-EQUIPO-FINO
100
AcDbCircle
 10
876.48
 20
500.25714285714287
 30
0.0
 40
0.44800000000000006
  0
CIRCLE
  5
4471
330
17
100
AcDbEntity
  8
A-EQUIPO-FINO
100
AcDbCircle
 10
884.0
 20
503.51428571428573
 30
0.0
 40
1.4400000000000002
  0
CIRCLE
  5
4472
330
17
100
AcDbEntity
  8
A-EQUIPO-FINO
100
AcDbCircle
 10
884.0
 20
503.51428571428573
 30
0.0
 40
0.44800000000000006
  0
CIRCLE
  5
4473
330
17
100
AcDbEntity
  8
A-EQUIPO-FINO
100
AcDbCircle
 10
880.24
 20
503.51428571428573
 30
0.0
 40
1.4400000000000002
  0
CIRCLE
  5
4474
330
17
100
AcDbEntity
  8
A-EQUIPO-FINO
100
AcDbCircle
 10
880.24
 20
503.51428571428573
 30
0.0
 40
0.44800000000000006
  0
CIRCLE
  5
4475
330
17
100
AcDbEntity
  8
A-EQUIPO-FINO
100
AcDbCircle
 10
876.48
 20
503.51428571428573
 30
0.0
 40
1.4400000000000002
  0
CIRCLE
  5
4476
330
17
100
AcDbEntity
  8
A-EQUIPO-FINO
100
AcDbCircle
 10
876.48
 20
503.51428571428573
 30
0.0
 40
0.44800000000000006
  0
CIRCLE
  5
447B
330
17
100
AcDbEntity
  8
A-EQUIPO-FINO
100
AcDbCircle
 10
884.0
 20
506.7714285714286
 30
0.0
 40
1.4400000000000002
  0
CIRCLE
  5
447C
330
17
100
AcDbEntity
  8
A-EQUIPO-FINO
100
AcDbCircle
 10
884.0
 20
506.7714285714286
 30
0.0
 40
0.44800000000000006
  0
CIRCLE
  5
447D
330
17
100
AcDbEntity
  8
A-EQUIPO-FINO
100
AcDbCircle
 10
880.24
 20
506.7714285714286
 30
0.0
 40
1.4400000000000002
  0
CIRCLE
  5
447E
330
17
100
AcDbEntity
  8
A-EQUIPO-FINO
100
AcDbCircle
 10
880.24
 20
506.7714285714286
 30
0.0
 40
0.44800000000000006
  0
CIRCLE
  5
447F
330
17
100
AcDbEntity
  8
A-EQUIPO-FINO
100
AcDbCircle
 10
876.48
 20
506.7714285714286
 30
0.0
 40
1.4400000000000002
  0
CIRCLE
  5
4480
330
17
100
AcDbEntity
  8
A-EQUIPO-FINO
100
AcDbCircle
 10
876.48
 20
506.7714285714286
 30
0.0
 40
0.44800000000000006
  0
CIRCLE
  5
4489
330
17
100
AcDbEntity
  8
A-EQUIPO-OCULTO
100
AcDbCircle
 10
884.0
 20
537.0
 30
0.0
 40
14.879999999999999
  0
CIRCLE
  5
4495
330
17
100
AcDbEntity
  8
A-EQUIPO-FINO
100
AcDbCircle
 10
884.0
 20
527.2285714285715
 30
0.0
 40
1.4400000000000002
  0
CIRCLE
  5
4496
330
17
100
AcDbEntity
  8
A-EQUIPO-FINO
100
AcDbCircle
 10
884.0
 20
527.2285714285715
 30
0.0
 40
0.44800000000000006
  0
CIRCLE
  5
4497
330
17
100
AcDbEntity
  8
A-EQUIPO-FINO
100
AcDbCircle
 10
880.24
 20
527.2285714285715
 30
0.0
 40
1.4400000000000002
  0
CIRCLE
  5
4498
330
17
100
AcDbEntity
  8
A-EQUIPO-FINO
100
AcDbCircle
 10
880.24
 20
527.2285714285715
 30
0.0
 40
0.44800000000000006
  0
CIRCLE
  5
4499
330
17
100
AcDbEntity
  8
A-EQUIPO-FINO
100
AcDbCircle
 10
876.48
 20
527.2285714285715
 30
0.0
 40
1.4400000000000002
  0
CIRCLE
  5
449A
330
17
100
AcDbEntity
  8
A-EQUIPO-FINO
100
AcDbCircle
 10
876.48
 20
527.2285714285715
 30
0.0
 40
0.44800000000000006
  0
CIRCLE
  5
449F
330
17
100
AcDbEntity
  8
A-EQUIPO-FINO
100
AcDbCircle
 10
884.0
 20
530.4857142857143
 30
0.0
 40
1.4400000000000002
  0
CIRCLE
  5
44A0
330
17
100
AcDbEntity
  8
A-EQUIPO-FINO
100
AcDbCircle
 10
884.0
 20
530.4857142857143
 30
0.0
 40
0.44800000000000006
  0
CIRCLE
  5
44A1
330
17
100
AcDbEntity
  8
A-EQUIPO-FINO
100
AcDbCircle
 10
880.24
 20
530.4857142857143
 30
0.0
 40
1.4400000000000002
  0
CIRCLE
  5
44A2
330
17
100
AcDbEntity
  8
A-EQUIPO-FINO
100
AcDbCircle
 10
880.24
 20
530.4857142857143
 30
0.0
 40
0.44800000000000006
  0
CIRCLE
  5
44A3
330
17
100
AcDbEntity
  8
A-EQUIPO-FINO
100
AcDbCircle
 10
876.48
 20
530.4857142857143
 30
0.0
 40
1.4400000000000002
  0
CIRCLE
  5
44A4
330
17
100
AcDbEntity
  8
A-EQUIPO-FINO
100
AcDbCircle
 10
876.48
 20
530.4857142857143
 30
0.0
 40
0.44800000000000006
  0
CIRCLE
  5
44A9
330
17
100
AcDbEntity
  8
A-EQUIPO-FINO
100
AcDbCircle
 10
884.0
 20
533.7428571428571
 30
0.0
 40
1.4400000000000002
  0
CIRCLE
  5
44AA
330
17
100
AcDbEntity
  8
A-EQUIPO-FINO
100
AcDbCircle
 10
884.0
 20
533.7428571428571
 30
0.0
 40
0.44800000000000006
  0
CIRCLE
  5
44AB
330
17
100
AcDbEntity
  8
A-EQUIPO-FINO
100
AcDbCircle
 10
880.24
 20
533.7428571428571
 30
0.0
 40
1.4400000000000002
  0
CIRCLE
  5
44AC
330
17
100
AcDbEntity
  8
A-EQUIPO-FINO
100
AcDbCircle
 10
880.24
 20
533.7428571428571
 30
0.0
 40
0.44800000000000006
  0
CIRCLE
  5
44AD
330
17
100
AcDbEntity
  8
A-EQUIPO-FINO
100
AcDbCircle
 10
876.48
 20
533.7428571428571
 30
0.0
 40
1.4400000000000002
  0
CIRCLE
  5
44AE
330
17
100
AcDbEntity
  8
A-EQUIPO-FINO
100
AcDbCircle
 10
876.48
 20
533.7428571428571
 30
0.0
 40
0.44800000000000006
  0
CIRCLE
  5
44B3
330
17
100
AcDbEntity
  8
A-EQUIPO-FINO
100
AcDbCircle
 10
884.0
 20
537.0
 30
0.0
 40
1.4400000000000002
  0
CIRCLE
  5
44B4
330
17
100
AcDbEntity
  8
A-EQUIPO-FINO
100
AcDbCircle
 10
884.0
 20
537.0
 30
0.0
 40
0.44800000000000006
  0
CIRCLE
  5
44B5
330
17
100
AcDbEntity
  8
A-EQUIPO-FINO
100
AcDbCircle
 10
880.24
 20
537.0
 30
0.0
 40
1.4400000000000002
  0
CIRCLE
  5
44B6
330
17
100
AcDbEntity
  8
A-EQUIPO-FINO
100
AcDbCircle
 10
880.24
 20
537.0
 30
0.0
 40
0.44800000000000006
  0
CIRCLE
  5
44B7
330
17
100
AcDbEntity
  8
A-EQUIPO-FINO
100
AcDbCircle
 10
876.48
 20
537.0
 30
0.0
 40
1.4400000000000002
  0
CIRCLE
  5
44B8
330
17
100
AcDbEntity
  8
A-EQUIPO-FINO
100
AcDbCircle
 10
876.48
 20
537.0
 30
0.0
 40
0.44800000000000006
  0
CIRCLE
  5
44BD
330
17
100
AcDbEntity
  8
A-EQUIPO-FINO
100
AcDbCircle
 10
884.0
 20
540.2571428571429
 30
0.0
 40
1.4400000000000002
  0
CIRCLE
  5
44BE
330
17
100
AcDbEntity
  8
A-EQUIPO-FINO
100
AcDbCircle
 10
884.0
 20
540.2571428571429
 30
0.0
 40
0.44800000000000006
  0
CIRCLE
  5
44BF
330
17
100
AcDbEntity
  8
A-EQUIPO-FINO
100
AcDbCircle
 10
880.24
 20
540.2571428571429
 30
0.0
 40
1.4400000000000002
  0
CIRCLE
  5
44C0
330
17
100
AcDbEntity
  8
A-EQUIPO-FINO
100
AcDbCircle
 10
880.24
 20
540.2571428571429
 30
0.0
 40
0.44800000000000006
  0
CIRCLE
  5
44C1
330
17
100
AcDbEntity
  8
A-EQUIPO-FINO
100
AcDbCircle
 10
876.48
 20
540.2571428571429
 30
0.0
 40
1.4400000000000002
  0
CIRCLE
  5
44C2
330
17
100
AcDbEntity
  8
A-EQUIPO-FINO
100
AcDbCircle
 10
876.48
 20
540.2571428571429
 30
0.0
 40
0.44800000000000006
  0
CIRCLE
  5
44C7
330
17
100
AcDbEntity
  8
A-EQUIPO-FINO
100
AcDbCircle
 10
884.0
 20
543.5142857142857
 30
0.0
 40
1.4400000000000002
  0
CIRCLE
  5
44C8
330
17
100
AcDbEntity
  8
A-EQUIPO-FINO
100
AcDbCircle
 10
884.0
 20
543.5142857142857
 30
0.0
 40
0.44800000000000006
  0
CIRCLE
  5
44C9
330
17
100
AcDbEntity
  8
A-EQUIPO-FINO
100
AcDbCircle
 10
880.24
 20
543.5142857142857
 30
0.0
 40
1.4400000000000002
  0
CIRCLE
  5
44CA
330
17
100
AcDbEntity
  8
A-EQUIPO-FINO
100
AcDbCircle
 10
880.24
 20
543.5142857142857
 30
0.0
 40
0.44800000000000006
  0
CIRCLE
  5
44CB
330
17
100
AcDbEntity
  8
A-EQUIPO-FINO
100
AcDbCircle
 10
876.48
 20
543.5142857142857
 30
0.0
 40
1.4400000000000002
  0
CIRCLE
  5
44CC
330
17
100
AcDbEntity
  8
A-EQUIPO-FINO
100
AcDbCircle
 10
876.48
 20
543.5142857142857
 30
0.0
 40
0.44800000000000006
  0
CIRCLE
  5
44D1
330
17
100
AcDbEntity
  8
A-EQUIPO-FINO
100
AcDbCircle
 10
884.0
 20
546.7714285714286
 30
0.0
 40
1.4400000000000002
  0
CIRCLE
  5
44D2
330
17
100
AcDbEntity
  8
A-EQUIPO-FINO
100
AcDbCircle
 10
884.0
 20
546.7714285714286
 30
0.0
 40
0.44800000000000006
  0
CIRCLE
  5
44D3
330
17
100
AcDbEntity
  8
A-EQUIPO-FINO
100
AcDbCircle
 10
880.24
 20
546.7714285714286
 30
0.0
 40
1.4400000000000002
  0
CIRCLE
  5
44D4
330
17
100
AcDbEntity
  8
A-EQUIPO-FINO
100
AcDbCircle
 10
880.24
 20
546.7714285714286
 30
0.0
 40
0.44800000000000006
  0
CIRCLE
  5
44D5
330
17
100
AcDbEntity
  8
A-EQUIPO-FINO
100
AcDbCircle
 10
876.48
 20
546.7714285714286
 30
0.0
 40
1.4400000000000002
  0
CIRCLE
  5
44D6
330
17
100
AcDbEntity
  8
A-EQUIPO-FINO
100
AcDbCircle
 10
876.48
 20
546.7714285714286
 30
0.0
 40
0.44800000000000006
  0
CIRCLE
  5
44DF
330
17
100
AcDbEntity
  8
A-EQUIPO-OCULTO
100
AcDbCircle
 10
884.0
 20
577.0
 30
0.0
 40
14.879999999999999
  0
CIRCLE
  5
44EB
330
17
100
AcDbEntity
  8
A-EQUIPO-FINO
100
AcDbCircle
 10
884.0
 20
567.2285714285715
 30
0.0
 40
1.4400000000000002
  0
CIRCLE
  5
44EC
330
17
100
AcDbEntity
  8
A-EQUIPO-FINO
100
AcDbCircle
 10
884.0
 20
567.2285714285715
 30
0.0
 40
0.44800000000000006
  0
CIRCLE
  5
44ED
330
17
100
AcDbEntity
  8
A-EQUIPO-FINO
100
AcDbCircle
 10
880.24
 20
567.2285714285715
 30
0.0
 40
1.4400000000000002
  0
CIRCLE
  5
44EE
330
17
100
AcDbEntity
  8
A-EQUIPO-FINO
100
AcDbCircle
 10
880.24
 20
567.2285714285715
 30
0.0
 40
0.44800000000000006
  0
CIRCLE
  5
44EF
330
17
100
AcDbEntity
  8
A-EQUIPO-FINO
100
AcDbCircle
 10
876.48
 20
567.2285714285715
 30
0.0
 40
1.4400000000000002
  0
CIRCLE
  5
44F0
330
17
100
AcDbEntity
  8
A-EQUIPO-FINO
100
AcDbCircle
 10
876.48
 20
567.2285714285715
 30
0.0
 40
0.44800000000000006
  0
CIRCLE
  5
44F5
330
17
100
AcDbEntity
  8
A-EQUIPO-FINO
100
AcDbCircle
 10
884.0
 20
570.4857142857143
 30
0.0
 40
1.4400000000000002
  0
CIRCLE
  5
44F6
330
17
100
AcDbEntity
  8
A-EQUIPO-FINO
100
AcDbCircle
 10
884.0
 20
570.4857142857143
 30
0.0
 40
0.44800000000000006
  0
CIRCLE
  5
44F7
330
17
100
AcDbEntity
  8
A-EQUIPO-FINO
100
AcDbCircle
 10
880.24
 20
570.4857142857143
 30
0.0
 40
1.4400000000000002
  0
CIRCLE
  5
44F8
330
17
100
AcDbEntity
  8
A-EQUIPO-FINO
100
AcDbCircle
 10
880.24
 20
570.4857142857143
 30
0.0
 40
0.44800000000000006
  0
CIRCLE
  5
44F9
330
17
100
AcDbEntity
  8
A-EQUIPO-FINO
100
AcDbCircle
 10
876.48
 20
570.4857142857143
 30
0.0
 40
1.4400000000000002
  0
CIRCLE
  5
44FA
330
17
100
AcDbEntity
  8
A-EQUIPO-FINO
100
AcDbCircle
 10
876.48
 20
570.4857142857143
 30
0.0
 40
0.44800000000000006
  0
CIRCLE
  5
44FF
330
17
100
AcDbEntity
  8
A-EQUIPO-FINO
100
AcDbCircle
 10
884.0
 20
573.7428571428571
 30
0.0
 40
1.4400000000000002
  0
CIRCLE
  5
4500
330
17
100
AcDbEntity
  8
A-EQUIPO-FINO
100
AcDbCircle
 10
884.0
 20
573.7428571428571
 30
0.0
 40
0.44800000000000006
  0
CIRCLE
  5
4501
330
17
100
AcDbEntity
  8
A-EQUIPO-FINO
100
AcDbCircle
 10
880.24
 20
573.7428571428571
 30
0.0
 40
1.4400000000000002
  0
CIRCLE
  5
4502
330
17
100
AcDbEntity
  8
A-EQUIPO-FINO
100
AcDbCircle
 10
880.24
 20
573.7428571428571
 30
0.0
 40
0.44800000000000006
  0
CIRCLE
  5
4503
330
17
100
AcDbEntity
  8
A-EQUIPO-FINO
100
AcDbCircle
 10
876.48
 20
573.7428571428571
 30
0.0
 40
1.4400000000000002
  0
CIRCLE
  5
4504
330
17
100
AcDbEntity
  8
A-EQUIPO-FINO
100
AcDbCircle
 10
876.48
 20
573.7428571428571
 30
0.0
 40
0.44800000000000006
  0
CIRCLE
  5
4509
330
17
100
AcDbEntity
  8
A-EQUIPO-FINO
100
AcDbCircle
 10
884.0
 20
577.0
 30
0.0
 40
1.4400000000000002
  0
CIRCLE
  5
450A
330
17
100
AcDbEntity
  8
A-EQUIPO-FINO
100
AcDbCircle
 10
884.0
 20
577.0
 30
0.0
 40
0.44800000000000006
  0
CIRCLE
  5
450B
330
17
100
AcDbEntity
  8
A-EQUIPO-FINO
100
AcDbCircle
 10
880.24
 20
577.0
 30
0.0
 40
1.4400000000000002
  0
CIRCLE
  5
450C
330
17
100
AcDbEntity
  8
A-EQUIPO-FINO
100
AcDbCircle
 10
880.24
 20
577.0
 30
0.0
 40
0.44800000000000006
  0
CIRCLE
  5
450D
330
17
100
AcDbEntity
  8
A-EQUIPO-FINO
100
AcDbCircle
 10
876.48
 20
577.0
 30
0.0
 40
1.4400000000000002
  0
CIRCLE
  5
450E
330
17
100
AcDbEntity
  8
A-EQUIPO-FINO
100
AcDbCircle
 10
876.48
 20
577.0
 30
0.0
 40
0.44800000000000006
  0
CIRCLE
  5
4513
330
17
100
AcDbEntity
  8
A-EQUIPO-FINO
100
AcDbCircle
 10
884.0
 20
580.2571428571429
 30
0.0
 40
1.4400000000000002
  0
CIRCLE
  5
4514
330
17
100
AcDbEntity
  8
A-EQUIPO-FINO
100
AcDbCircle
 10
884.0
 20
580.2571428571429
 30
0.0
 40
0.44800000000000006
  0
CIRCLE
  5
4515
330
17
100
AcDbEntity
  8
A-EQUIPO-FINO
100
AcDbCircle
 10
880.24
 20
580.2571428571429
 30
0.0
 40
1.4400000000000002
  0
CIRCLE
  5
4516
330
17
100
AcDbEntity
  8
A-EQUIPO-FINO
100
AcDbCircle
 10
880.24
 20
580.2571428571429
 30
0.0
 40
0.44800000000000006
  0
CIRCLE
  5
4517
330
17
100
AcDbEntity
  8
A-EQUIPO-FINO
100
AcDbCircle
 10
876.48
 20
580.2571428571429
 30
0.0
 40
1.4400000000000002
  0
CIRCLE
  5
4518
330
17
100
AcDbEntity
  8
A-EQUIPO-FINO
100
AcDbCircle
 10
876.48
 20
580.2571428571429
 30
0.0
 40
0.44800000000000006
  0
CIRCLE
  5
451D
330
17
100
AcDbEntity
  8
A-EQUIPO-FINO
100
AcDbCircle
 10
884.0
 20
583.5142857142857
 30
0.0
 40
1.4400000000000002
  0
CIRCLE
  5
451E
330
17
100
AcDbEntity
  8
A-EQUIPO-FINO
100
AcDbCircle
 10
884.0
 20
583.5142857142857
 30
0.0
 40
0.44800000000000006
  0
CIRCLE
  5
451F
330
17
100
AcDbEntity
  8
A-EQUIPO-FINO
100
AcDbCircle
 10
880.24
 20
583.5142857142857
 30
0.0
 40
1.4400000000000002
  0
CIRCLE
  5
4520
330
17
100
AcDbEntity
  8
A-EQUIPO-FINO
100
AcDbCircle
 10
880.24
 20
583.5142857142857
 30
0.0
 40
0.44800000000000006
  0
CIRCLE
  5
4521
330
17
100
AcDbEntity
  8
A-EQUIPO-FINO
100
AcDbCircle
 10
876.48
 20
583.5142857142857
 30
0.0
 40
1.4400000000000002
  0
CIRCLE
  5
4522
330
17
100
AcDbEntity
  8
A-EQUIPO-FINO
100
AcDbCircle
 10
876.48
 20
583.5142857142857
 30
0.0
 40
0.44800000000000006
  0
CIRCLE
  5
4527
330
17
100
AcDbEntity
  8
A-EQUIPO-FINO
100
AcDbCircle
 10
884.0
 20
586.7714285714286
 30
0.0
 40
1.4400000000000002
  0
CIRCLE
  5
4528
330
17
100
AcDbEntity
  8
A-EQUIPO-FINO
100
AcDbCircle
 10
884.0
 20
586.7714285714286
 30
0.0
 40
0.44800000000000006
  0
CIRCLE
  5
4529
330
17
100
AcDbEntity
  8
A-EQUIPO-FINO
100
AcDbCircle
 10
880.24
 20
586.7714285714286
 30
0.0
 40
1.4400000000000002
  0
CIRCLE
  5
452A
330
17
100
AcDbEntity
  8
A-EQUIPO-FINO
100
AcDbCircle
 10
880.24
 20
586.7714285714286
 30
0.0
 40
0.44800000000000006
  0
CIRCLE
  5
452B
330
17
100
AcDbEntity
  8
A-EQUIPO-FINO
100
AcDbCircle
 10
876.48
 20
586.7714285714286
 30
0.0
 40
1.4400000000000002
  0
CIRCLE
  5
452C
330
17
100
AcDbEntity
  8
A-EQUIPO-FINO
100
AcDbCircle
 10
876.48
 20
586.7714285714286
 30
0.0
 40
0.44800000000000006
  0
HATCH
  5
4532
330
17
100
AcDbEntity
  8
A-EQUIPO-RELLENO
 62
7
420
9870240
100
AcDbHatch
 10
0.0
 20
0.0
 30
0.0
210
0.0
220
0.0
230
1.0
  2
SOLID
 70
1
 71
0
 91
1
 92
3
 72
0
 73
1
 93
4
 10
869.0
 20
405.2
 10
871.0
 20
405.2
 10
871.0
 20
407.2
 10
869.0
 20
407.2
 97
0
 75
1
 76
1
 98
0
  0
HATCH
  5
4533
330
17
100
AcDbEntity
  8
A-EQUIPO-RELLENO
 62
7
420
9870240
100
AcDbHatch
 10
0.0
 20
0.0
 30
0.0
210
0.0
220
0.0
230
1.0
  2
SOLID
 70
1
 71
0
 91
1
 92
3
 72
0
 73
1
 93
4
 10
869.0
 20
424.8
 10
871.0
 20
424.8
 10
871.0
 20
426.8
 10
869.0
 20
426.8
 97
0
 75
1
 76
1
 98
0
  0
LWPOLYLINE
  5
4540
330
17
100
AcDbEntity
  8
A-EQUIPO-FINO
100
AcDbPolyline
 90
4
 70
1
 10
869.0
 20
405.2
 10
871.0
 20
405.2
 10
871.0
 20
407.2
 10
869.0
 20
407.2
  0
LWPOLYLINE
  5
4541
330
17
100
AcDbEntity
  8
A-EQUIPO-FINO
100
AcDbPolyline
 90
4
 70
1
 10
869.0
 20
424.8
 10
871.0
 20
424.8
 10
871.0
 20
426.8
 10
869.0
 20
426.8
  0
LWPOLYLINE
  5
4542
330
17
100
AcDbEntity
  8
A-EQUIPO-FINO
100
AcDbPolyline
 90
5
 70
0
 10
869.6
 20
406.2
 10
870.4000000000001
 20
411.1
 10
869.6
 20
416.0
 10
870.4000000000001
 20
420.9
 10
869.6
 20
425.8
  0
LWPOLYLINE
  5
4543
330
17
100
AcDbEntity
  8
A-SEGURIDAD
100
AcDbPolyline
 90
3
 70
0
 10
868.5999999999999
 20
405.0
 10
870.0
 20
403.4
 10
871.4
 20
405.0
  0
LINE
  5
4551
330
17
100
AcDbEntity
  8
A-EQUIPO-FINO
100
AcDbLine
 10
874.4285714285714
 20
406.6
 30
0.0
 11
874.4285714285714
 21
425.4
 31
0.0
  0
LINE
  5
4552
330
17
100
AcDbEntity
  8
A-EQUIPO-FINO
100
AcDbLine
 10
877.8571428571429
 20
406.6
 30
0.0
 11
877.8571428571429
 21
425.4
 31
0.0
  0
LINE
  5
4553
330
17
100
AcDbEntity
  8
A-EQUIPO-FINO
100
AcDbLine
 10
881.2857142857143
 20
406.6
 30
0.0
 11
881.2857142857143
 21
425.4
 31
0.0
  0
LINE
  5
4554
330
17
100
AcDbEntity
  8
A-EQUIPO-FINO
100
AcDbLine
 10
884.7142857142858
 20
406.6
 30
0.0
 11
884.7142857142858
 21
425.4
 31
0.0
  0
HATCH
  5
456E
330
17
100
AcDbEntity
  8
A-EQUIPO-RELLENO
 62
7
420
15658734
100
AcDbHatch
 10
0.0
 20
0.0
 30
0.0
210
0.0
220
0.0
230
1.0
  2
SOLID
 70
1
 71
0
 91
1
 92
3
 72
0
 73
1
 93
24
 10
836.0
 20
590.2
 10
839.5717028224149
 20
590.6702235972108
 10
842.9000000000001
 20
592.0488494277747
 10
845.7580735803743
 20
594.2419264196257
 10
847.9511505722253
 20
597.0999999999999
 10
849.3297764027892
 20
600.4282971775851
 10
849.8
 20
604.0
 10
849.3297764027892
 20
607.5717028224149
 10
847.9511505722253
 20
610.9
 10
845.7580735803743
 20
613.7580735803743
 10
842.9000000000001
 20
615.9511505722253
 10
839.5717028224149
 20
617.3297764027891
 10
836.0
 20
617.8
 10
832.4282971775853
 20
617.3297764027891
 10
829.1000000000001
 20
615.9511505722253
 10
826.2419264196258
 20
613.7580735803743
 10
824.0488494277748
 20
610.9
 10
822.6702235972109
 20
607.5717028224149
 10
822.2
 20
604.0
 10
822.6702235972109
 20
600.4282971775853
 10
824.0488494277748
 20
597.0999999999999
 10
826.2419264196257
 20
594.2419264196257
 10
829.1000000000001
 20
592.0488494277747
 10
832.4282971775853
 20
590.6702235972108
 97
0
 75
1
 76
1
 98
0
  0
HATCH
  5
456F
330
17
100
AcDbEntity
  8
A-EQUIPO-RELLENO
 62
7
420
15654592
100
AcDbHatch
 10
0.0
 20
0.0
 30
0.0
210
0.0
220
0.0
230
1.0
  2
SOLID
 70
1
 71
0
 91
1
 92
3
 72
0
 73
1
 93
4
 10
826.0
 20
616.0
 10
826.0
 20
592.0
 10
846.0
 20
592.0
 10
846.0
 20
616.0
 97
0
 75
1
 76
1
 98
0
  0
HATCH
  5
4570
330
17
100
AcDbEntity
  8
A-EQUIPO-RELLENO
 62
7
420
13488340
100
AcDbHatch
 10
0.0
 20
0.0
 30
0.0
210
0.0
220
0.0
230
1.0
  2
SOLID
 70
1
 71
0
 91
1
 92
3
 72
0
 73
1
 93
4
 10
822.0
 20
588.6
 10
822.0
 20
582.0
 10
850.0000000000001
 20
582.0
 10
850.0000000000001
 20
588.6
 97
0
 75
1
 76
1
 98
0
  0
CIRCLE
  5
4571
330
17
100
AcDbEntity
  8
A-EQUIPO
100
AcDbCircle
 10
836.0
 20
604.0
 30
0.0
 40
13.8
  0
CIRCLE
  5
4572
330
17
100
AcDbEntity
  8
A-EQUIPO-FINO
100
AcDbCircle
 10
836.0
 20
604.0
 30
0.0
 40
2.4
  0
LWPOLYLINE
  5
4573
330
17
100
AcDbEntity
  8
A-EQUIPO-FINO
100
AcDbPolyline
 90
4
 70
1
 10
826.0
 20
616.0
 10
826.0
 20
592.0
 10
846.0
 20
592.0
 10
846.0
 20
616.0
  0
LINE
  5
4574
330
17
100
AcDbEntity
  8
A-EQUIPO-FINO
100
AcDbLine
 10
826.0
 20
612.5714285714286
 30
0.0
 11
846.0
 21
612.5714285714286
 31
0.0
  0
LINE
  5
4575
330
17
100
AcDbEntity
  8
A-EQUIPO-FINO
100
AcDbLine
 10
826.0
 20
609.1428571428571
 30
0.0
 11
846.0
 21
609.1428571428571
 31
0.0
  0
LINE
  5
4576
330
17
100
AcDbEntity
  8
A-EQUIPO-FINO
100
AcDbLine
 10
826.0
 20
605.7142857142857
 30
0.0
 11
846.0
 21
605.7142857142857
 31
0.0
  0
LINE
  5
4577
330
17
100
AcDbEntity
  8
A-EQUIPO-FINO
100
AcDbLine
 10
826.0
 20
602.2857142857142
 30
0.0
 11
846.0
 21
602.2857142857142
 31
0.0
  0
LINE
  5
4578
330
17
100
AcDbEntity
  8
A-EQUIPO-FINO
100
AcDbLine
 10
826.0
 20
598.8571428571429
 30
0.0
 11
846.0
 21
598.8571428571429
 31
0.0
  0
LINE
  5
4579
330
17
100
AcDbEntity
  8
A-EQUIPO-FINO
100
AcDbLine
 10
826.0
 20
595.4285714285713
 30
0.0
 11
846.0
 21
595.4285714285713
 31
0.0
  0
LWPOLYLINE
  5
457A
330
17
100
AcDbEntity
  8
A-EQUIPO
100
AcDbPolyline
 90
4
 70
1
 10
826.8000000000001
 20
615.2
 10
826.8000000000001
 20
592.8
 10
845.2
 20
592.8
 10
845.2
 20
615.2
  0
LINE
  5
457B
330
17
100
AcDbEntity
  8
A-EQUIPO-FINO
100
AcDbLine
 10
826.8000000000001
 20
615.2
 30
0.0
 11
845.2
 21
592.8
 31
0.0
  0
LINE
  5
457C
330
17
100
AcDbEntity
  8
A-EQUIPO-FINO
100
AcDbLine
 10
845.2
 20
615.2
 30
0.0
 11
826.8000000000001
 21
592.8
 31
0.0
  0
LWPOLYLINE
  5
457D
330
17
100
AcDbEntity
  8
A-EQUIPO
100
AcDbPolyline
 90
4
 70
1
 10
822.0
 20
588.6
 10
822.0
 20
582.0
 10
850.0000000000001
 20
582.0
 10
850.0000000000001
 20
588.6
  0
HATCH
  5
457E
330
17
100
AcDbEntity
  8
A-EQUIPO-RELLENO
 62
7
420
9870240
100
AcDbHatch
 10
0.0
 20
0.0
 30
0.0
210
0.0
220
0.0
230
1.0
  2
SOLID
 70
1
 71
0
 91
1
 92
3
 72
0
 73
1
 93
4
 10
564.8
 20
535.0
 10
564.8
 20
537.0
 10
562.8
 20
537.0
 10
562.8
 20
535.0
 97
0
 75
1
 76
1
 98
0
  0
HATCH
  5
457F
330
17
100
AcDbEntity
  8
A-EQUIPO-RELLENO
 62
7
420
9870240
100
AcDbHatch
 10
0.0
 20
0.0
 30
0.0
210
0.0
220
0.0
230
1.0
  2
SOLID
 70
1
 71
0
 91
1
 92
3
 72
0
 73
1
 93
4
 10
545.1999999999999
 20
535.0
 10
545.1999999999999
 20
537.0
 10
543.1999999999999
 20
537.0
 10
543.1999999999999
 20
535.0
 97
0
 75
1
 76
1
 98
0
  0
HATCH
  5
4580
330
17
100
AcDbEntity
  8
A-EQUIPO-RELLENO
 62
7
420
9870240
100
AcDbHatch
 10
0.0
 20
0.0
 30
0.0
210
0.0
220
0.0
230
1.0
  2
SOLID
 70
1
 71
0
 91
1
 92
3
 72
0
 73
1
 93
4
 10
564.8
 20
592.0
 10
564.8
 20
594.0
 10
562.8
 20
594.0
 10
562.8
 20
592.0
 97
0
 75
1
 76
1
 98
0
  0
HATCH
  5
4581
330
17
100
AcDbEntity
  8
A-EQUIPO-RELLENO
 62
7
420
9870240
100
AcDbHatch
 10
0.0
 20
0.0
 30
0.0
210
0.0
220
0.0
230
1.0
  2
SOLID
 70
1
 71
0
 91
1
 92
3
 72
0
 73
1
 93
4
 10
545.1999999999999
 20
592.0
 10
545.1999999999999
 20
594.0
 10
543.1999999999999
 20
594.0
 10
543.1999999999999
 20
592.0
 97
0
 75
1
 76
1
 98
0
  0
HATCH
  5
4582
330
17
100
AcDbEntity
  8
A-EQUIPO-RELLENO
 62
7
420
9870240
100
AcDbHatch
 10
0.0
 20
0.0
 30
0.0
210
0.0
220
0.0
230
1.0
  2
SOLID
 70
1
 71
0
 91
1
 92
3
 72
0
 73
1
 93
4
 10
564.8
 20
650.0
 10
564.8
 20
652.0
 10
562.8
 20
652.0
 10
562.8
 20
650.0
 97
0
 75
1
 76
1
 98
0
  0
HATCH
  5
4583
330
17
100
AcDbEntity
  8
A-EQUIPO-RELLENO
 62
7
420
9870240
100
AcDbHatch
 10
0.0
 20
0.0
 30
0.0
210
0.0
220
0.0
230
1.0
  2
SOLID
 70
1
 71
0
 91
1
 92
3
 72
0
 73
1
 93
4
 10
545.1999999999999
 20
650.0
 10
545.1999999999999
 20
652.0
 10
543.1999999999999
 20
652.0
 10
543.1999999999999
 20
650.0
 97
0
 75
1
 76
1
 98
0
  0
HATCH
  5
4584
330
17
100
AcDbEntity
  8
A-EQUIPO-RELLENO
 62
7
420
9870240
100
AcDbHatch
 10
0.0
 20
0.0
 30
0.0
210
0.0
220
0.0
230
1.0
  2
SOLID
 70
1
 71
0
 91
1
 92
3
 72
0
 73
1
 93
4
 10
564.8
 20
708.0
 10
564.8
 20
710.0
 10
562.8
 20
710.0
 10
562.8
 20
708.0
 97
0
 75
1
 76
1
 98
0
  0
HATCH
  5
4585
330
17
100
AcDbEntity
  8
A-EQUIPO-RELLENO
 62
7
420
9870240
100
AcDbHatch
 10
0.0
 20
0.0
 30
0.0
210
0.0
220
0.0
230
1.0
  2
SOLID
 70
1
 71
0
 91
1
 92
3
 72
0
 73
1
 93
4
 10
545.1999999999999
 20
708.0
 10
545.1999999999999
 20
710.0
 10
543.1999999999999
 20
710.0
 10
543.1999999999999
 20
708.0
 97
0
 75
1
 76
1
 98
0
  0
HATCH
  5
4586
330
17
100
AcDbEntity
  8
A-EQUIPO-RELLENO
 62
7
420
9870240
100
AcDbHatch
 10
0.0
 20
0.0
 30
0.0
210
0.0
220
0.0
230
1.0
  2
SOLID
 70
1
 71
0
 91
1
 92
3
 72
0
 73
1
 93
4
 10
564.8
 20
765.0
 10
564.8
 20
767.0
 10
562.8
 20
767.0
 10
562.8
 20
765.0
 97
0
 75
1
 76
1
 98
0
  0
HATCH
  5
4587
330
17
100
AcDbEntity
  8
A-EQUIPO-RELLENO
 62
7
420
9870240
100
AcDbHatch
 10
0.0
 20
0.0
 30
0.0
210
0.0
220
0.0
230
1.0
  2
SOLID
 70
1
 71
0
 91
1
 92
3
 72
0
 73
1
 93
4
 10
545.1999999999999
 20
765.0
 10
545.1999999999999
 20
767.0
 10
543.1999999999999
 20
767.0
 10
543.1999999999999
 20
765.0
 97
0
 75
1
 76
1
 98
0
  0
HATCH
  5
4588
330
17
100
AcDbEntity
  8
A-EQUIPO-RELLENO
 62
7
420
15654592
100
AcDbHatch
 10
0.0
 20
0.0
 30
0.0
210
0.0
220
0.0
230
1.0
  2
SOLID
 70
1
 71
0
 91
1
 92
3
 72
0
 73
1
 93
4
 10
563.4
 20
537.0
 10
563.4
 20
561.0
 10
544.5999999999999
 20
561.0
 10
544.5999999999999
 20
537.0
 97
0
 75
1
 76
1
 98
0
  0
HATCH
  5
4589
330
17
100
AcDbEntity
  8
A-EQUIPO-RELLENO
 62
7
420
15654592
100
AcDbHatch
 10
0.0
 20
0.0
 30
0.0
210
0.0
220
0.0
230
1.0
  2
SOLID
 70
1
 71
0
 91
1
 92
3
 72
0
 73
1
 93
4
 10
563.4
 20
565.0
 10
563.4
 20
589.0
 10
544.5999999999999
 20
589.0
 10
544.5999999999999
 20
565.0
 97
0
 75
1
 76
1
 98
0
  0
HATCH
  5
458A
330
17
100
AcDbEntity
  8
A-EQUIPO-RELLENO
 62
7
420
15654592
100
AcDbHatch
 10
0.0
 20
0.0
 30
0.0
210
0.0
220
0.0
230
1.0
  2
SOLID
 70
1
 71
0
 91
1
 92
3
 72
0
 73
1
 93
4
 10
563.4
 20
595.0
 10
563.4
 20
619.0
 10
544.5999999999999
 20
619.0
 10
544.5999999999999
 20
595.0
 97
0
 75
1
 76
1
 98
0
  0
HATCH
  5
458B
330
17
100
AcDbEntity
  8
A-EQUIPO-RELLENO
 62
7
420
15654592
100
AcDbHatch
 10
0.0
 20
0.0
 30
0.0
210
0.0
220
0.0
230
1.0
  2
SOLID
 70
1
 71
0
 91
1
 92
3
 72
0
 73
1
 93
4
 10
563.4
 20
623.0
 10
563.4
 20
647.0
 10
544.5999999999999
 20
647.0
 10
544.5999999999999
 20
623.0
 97
0
 75
1
 76
1
 98
0
  0
HATCH
  5
458C
330
17
100
AcDbEntity
  8
A-EQUIPO-RELLENO
 62
7
420
15654592
100
AcDbHatch
 10
0.0
 20
0.0
 30
0.0
210
0.0
220
0.0
230
1.0
  2
SOLID
 70
1
 71
0
 91
1
 92
3
 72
0
 73
1
 93
4
 10
563.4
 20
653.0
 10
563.4
 20
677.0
 10
544.5999999999999
 20
677.0
 10
544.5999999999999
 20
653.0
 97
0
 75
1
 76
1
 98
0
  0
HATCH
  5
458D
330
17
100
AcDbEntity
  8
A-EQUIPO-RELLENO
 62
7
420
15654592
100
AcDbHatch
 10
0.0
 20
0.0
 30
0.0
210
0.0
220
0.0
230
1.0
  2
SOLID
 70
1
 71
0
 91
1
 92
3
 72
0
 73
1
 93
4
 10
563.4
 20
681.0
 10
563.4
 20
705.0
 10
544.5999999999999
 20
705.0
 10
544.5999999999999
 20
681.0
 97
0
 75
1
 76
1
 98
0
  0
HATCH
  5
458E
330
17
100
AcDbEntity
  8
A-EQUIPO-RELLENO
 62
7
420
15654592
100
AcDbHatch
 10
0.0
 20
0.0
 30
0.0
210
0.0
220
0.0
230
1.0
  2
SOLID
 70
1
 71
0
 91
1
 92
3
 72
0
 73
1
 93
4
 10
563.4
 20
711.0
 10
563.4
 20
735.0
 10
544.5999999999999
 20
735.0
 10
544.5999999999999
 20
711.0
 97
0
 75
1
 76
1
 98
0
  0
HATCH
  5
458F
330
17
100
AcDbEntity
  8
A-EQUIPO-RELLENO
 62
7
420
15654592
100
AcDbHatch
 10
0.0
 20
0.0
 30
0.0
210
0.0
220
0.0
230
1.0
  2
SOLID
 70
1
 71
0
 91
1
 92
3
 72
0
 73
1
 93
4
 10
563.4
 20
739.0
 10
563.4
 20
763.0
 10
544.5999999999999
 20
763.0
 10
544.5999999999999
 20
739.0
 97
0
 75
1
 76
1
 98
0
  0
LWPOLYLINE
  5
4590
330
17
100
AcDbEntity
  8
A-EQUIPO-OCULTO
100
AcDbPolyline
 90
4
 70
1
 10
565.0
 20
535.0
 10
565.0
 20
767.0
 10
543.0
 20
767.0
 10
543.0
 20
535.0
  0
LINE
  5
4591
330
17
100
AcDbEntity
  8
A-EQUIPO
100
AcDbLine
 10
563.8
 20
535.0
 30
0.0
 11
563.8
 21
767.0
 31
0.0
  0
LINE
  5
4592
330
17
100
AcDbEntity
  8
A-EQUIPO
100
AcDbLine
 10
544.2
 20
535.0
 30
0.0
 11
544.2
 21
767.0
 31
0.0
  0
LWPOLYLINE
  5
4593
330
17
100
AcDbEntity
  8
A-EQUIPO-FINO
100
AcDbPolyline
 90
4
 70
1
 10
564.8
 20
535.0
 10
564.8
 20
537.0
 10
562.8
 20
537.0
 10
562.8
 20
535.0
  0
LWPOLYLINE
  5
4594
330
17
100
AcDbEntity
  8
A-EQUIPO-FINO
100
AcDbPolyline
 90
4
 70
1
 10
545.1999999999999
 20
535.0
 10
545.1999999999999
 20
537.0
 10
543.1999999999999
 20
537.0
 10
543.1999999999999
 20
535.0
  0
LWPOLYLINE
  5
4595
330
17
100
AcDbEntity
  8
A-EQUIPO-FINO
100
AcDbPolyline
 90
5
 70
0
 10
563.8
 20
535.6
 10
558.9
 20
536.4
 10
553.9999999999999
 20
535.6
 10
549.0999999999999
 20
536.4
 10
544.2
 20
535.6
  0
LWPOLYLINE
  5
4596
330
17
100
AcDbEntity
  8
A-SEGURIDAD
100
AcDbPolyline
 90
3
 70
0
 10
565.0
 20
534.6
 10
566.5999999999999
 20
536.0
 10
565.0
 20
537.4000000000001
  0
LWPOLYLINE
  5
4597
330
17
100
AcDbEntity
  8
A-EQUIPO-FINO
100
AcDbPolyline
 90
4
 70
1
 10
564.8
 20
592.0
 10
564.8
 20
594.0
 10
562.8
 20
594.0
 10
562.8
 20
592.0
  0
LWPOLYLINE
  5
4598
330
17
100
AcDbEntity
  8
A-EQUIPO-FINO
100
AcDbPolyline
 90
4
 70
1
 10
545.1999999999999
 20
592.0
 10
545.1999999999999
 20
594.0
 10
543.1999999999999
 20
594.0
 10
543.1999999999999
 20
592.0
  0
LWPOLYLINE
  5
4599
330
17
100
AcDbEntity
  8
A-EQUIPO-FINO
100
AcDbPolyline
 90
5
 70
0
 10
563.8
 20
592.6
 10
558.9
 20
593.4
 10
553.9999999999999
 20
592.6
 10
549.0999999999999
 20
593.4
 10
544.2
 20
592.6
  0
LWPOLYLINE
  5
459A
330
17
100
AcDbEntity
  8
A-SEGURIDAD
100
AcDbPolyline
 90
3
 70
0
 10
565.0
 20
591.6
 10
566.5999999999999
 20
593.0
 10
565.0
 20
594.4000000000001
  0
LWPOLYLINE
  5
459B
330
17
100
AcDbEntity
  8
A-EQUIPO-FINO
100
AcDbPolyline
 90
4
 70
1
 10
564.8
 20
650.0
 10
564.8
 20
652.0
 10
562.8
 20
652.0
 10
562.8
 20
650.0
  0
LWPOLYLINE
  5
459C
330
17
100
AcDbEntity
  8
A-EQUIPO-FINO
100
AcDbPolyline
 90
4
 70
1
 10
545.1999999999999
 20
650.0
 10
545.1999999999999
 20
652.0
 10
543.1999999999999
 20
652.0
 10
543.1999999999999
 20
650.0
  0
LWPOLYLINE
  5
459D
330
17
100
AcDbEntity
  8
A-EQUIPO-FINO
100
AcDbPolyline
 90
5
 70
0
 10
563.8
 20
650.6
 10
558.9
 20
651.4
 10
553.9999999999999
 20
650.6
 10
549.0999999999999
 20
651.4
 10
544.2
 20
650.6
  0
LWPOLYLINE
  5
459E
330
17
100
AcDbEntity
  8
A-SEGURIDAD
100
AcDbPolyline
 90
3
 70
0
 10
565.0
 20
649.6
 10
566.5999999999999
 20
651.0
 10
565.0
 20
652.4000000000001
  0
LWPOLYLINE
  5
459F
330
17
100
AcDbEntity
  8
A-EQUIPO-FINO
100
AcDbPolyline
 90
4
 70
1
 10
564.8
 20
708.0
 10
564.8
 20
710.0
 10
562.8
 20
710.0
 10
562.8
 20
708.0
  0
LWPOLYLINE
  5
45A0
330
17
100
AcDbEntity
  8
A-EQUIPO-FINO
100
AcDbPolyline
 90
4
 70
1
 10
545.1999999999999
 20
708.0
 10
545.1999999999999
 20
710.0
 10
543.1999999999999
 20
710.0
 10
543.1999999999999
 20
708.0
  0
LWPOLYLINE
  5
45A1
330
17
100
AcDbEntity
  8
A-EQUIPO-FINO
100
AcDbPolyline
 90
5
 70
0
 10
563.8
 20
708.6
 10
558.9
 20
709.4
 10
553.9999999999999
 20
708.6
 10
549.0999999999999
 20
709.4
 10
544.2
 20
708.6
  0
LWPOLYLINE
  5
45A2
330
17
100
AcDbEntity
  8
A-SEGURIDAD
100
AcDbPolyline
 90
3
 70
0
 10
565.0
 20
707.6
 10
566.5999999999999
 20
709.0
 10
565.0
 20
710.4000000000001
  0
LWPOLYLINE
  5
45A3
330
17
100
AcDbEntity
  8
A-EQUIPO-FINO
100
AcDbPolyline
 90
4
 70
1
 10
564.8
 20
765.0
 10
564.8
 20
767.0
 10
562.8
 20
767.0
 10
562.8
 20
765.0
  0
LWPOLYLINE
  5
45A4
330
17
100
AcDbEntity
  8
A-EQUIPO-FINO
100
AcDbPolyline
 90
4
 70
1
 10
545.1999999999999
 20
765.0
 10
545.1999999999999
 20
767.0
 10
543.1999999999999
 20
767.0
 10
543.1999999999999
 20
765.0
  0
LWPOLYLINE
  5
45A5
330
17
100
AcDbEntity
  8
A-EQUIPO-FINO
100
AcDbPolyline
 90
5
 70
0
 10
563.8
 20
765.6
 10
558.9
 20
766.4
 10
553.9999999999999
 20
765.6
 10
549.0999999999999
 20
766.4
 10
544.2
 20
765.6
  0
LWPOLYLINE
  5
45A6
330
17
100
AcDbEntity
  8
A-SEGURIDAD
100
AcDbPolyline
 90
3
 70
0
 10
565.0
 20
764.6
 10
566.5999999999999
 20
766.0
 10
565.0
 20
767.4000000000001
  0
LWPOLYLINE
  5
45A7
330
17
100
AcDbEntity
  8
A-EQUIPO-FINO
100
AcDbPolyline
 90
4
 70
1
 10
563.4
 20
537.0
 10
563.4
 20
561.0
 10
544.5999999999999
 20
561.0
 10
544.5999999999999
 20
537.0
  0
LINE
  5
45A8
330
17
100
AcDbEntity
  8
A-EQUIPO-FINO
100
AcDbLine
 10
563.4
 20
540.4285714285714
 30
0.0
 11
544.5999999999999
 21
540.4285714285714
 31
0.0
  0
LINE
  5
45A9
330
17
100
AcDbEntity
  8
A-EQUIPO-FINO
100
AcDbLine
 10
563.4
 20
543.8571428571429
 30
0.0
 11
544.5999999999999
 21
543.8571428571429
 31
0.0
  0
LINE
  5
45AA
330
17
100
AcDbEntity
  8
A-EQUIPO-FINO
100
AcDbLine
 10
563.4
 20
547.2857142857142
 30
0.0
 11
544.5999999999999
 21
547.2857142857142
 31
0.0
  0
LINE
  5
45AB
330
17
100
AcDbEntity
  8
A-EQUIPO-FINO
100
AcDbLine
 10
563.4
 20
550.7142857142857
 30
0.0
 11
544.5999999999999
 21
550.7142857142857
 31
0.0
  0
LINE
  5
45AC
330
17
100
AcDbEntity
  8
A-EQUIPO-FINO
100
AcDbLine
 10
563.4
 20
554.1428571428571
 30
0.0
 11
544.5999999999999
 21
554.1428571428571
 31
0.0
  0
LINE
  5
45AD
330
17
100
AcDbEntity
  8
A-EQUIPO-FINO
100
AcDbLine
 10
563.4
 20
557.5714285714286
 30
0.0
 11
544.5999999999999
 21
557.5714285714286
 31
0.0
  0
LWPOLYLINE
  5
45AE
330
17
100
AcDbEntity
  8
A-EQUIPO
100
AcDbPolyline
 90
4
 70
1
 10
562.6
 20
537.8
 10
562.6
 20
560.2
 10
545.3999999999999
 20
560.2
 10
545.3999999999999
 20
537.8
  0
LINE
  5
45AF
330
17
100
AcDbEntity
  8
A-EQUIPO-FINO
100
AcDbLine
 10
562.6
 20
537.8
 30
0.0
 11
545.3999999999999
 21
560.2
 31
0.0
  0
LINE
  5
45B0
330
17
100
AcDbEntity
  8
A-EQUIPO-FINO
100
AcDbLine
 10
545.3999999999999
 20
537.8
 30
0.0
 11
562.6
 21
560.2
 31
0.0
  0
LWPOLYLINE
  5
45B1
330
17
100
AcDbEntity
  8
A-EQUIPO-FINO
100
AcDbPolyline
 90
4
 70
1
 10
563.4
 20
565.0
 10
563.4
 20
589.0
 10
544.5999999999999
 20
589.0
 10
544.5999999999999
 20
565.0
  0
LINE
  5
45B2
330
17
100
AcDbEntity
  8
A-EQUIPO-FINO
100
AcDbLine
 10
563.4
 20
568.4285714285714
 30
0.0
 11
544.5999999999999
 21
568.4285714285714
 31
0.0
  0
LINE
  5
45B3
330
17
100
AcDbEntity
  8
A-EQUIPO-FINO
100
AcDbLine
 10
563.4
 20
571.8571428571429
 30
0.0
 11
544.5999999999999
 21
571.8571428571429
 31
0.0
  0
LINE
  5
45B4
330
17
100
AcDbEntity
  8
A-EQUIPO-FINO
100
AcDbLine
 10
563.4
 20
575.2857142857142
 30
0.0
 11
544.5999999999999
 21
575.2857142857142
 31
0.0
  0
LINE
  5
45B5
330
17
100
AcDbEntity
  8
A-EQUIPO-FINO
100
AcDbLine
 10
563.4
 20
578.7142857142858
 30
0.0
 11
544.5999999999999
 21
578.7142857142858
 31
0.0
  0
LINE
  5
45B6
330
17
100
AcDbEntity
  8
A-EQUIPO-FINO
100
AcDbLine
 10
563.4
 20
582.1428571428571
 30
0.0
 11
544.5999999999999
 21
582.1428571428571
 31
0.0
  0
LINE
  5
45B7
330
17
100
AcDbEntity
  8
A-EQUIPO-FINO
100
AcDbLine
 10
563.4
 20
585.5714285714286
 30
0.0
 11
544.5999999999999
 21
585.5714285714286
 31
0.0
  0
LWPOLYLINE
  5
45B8
330
17
100
AcDbEntity
  8
A-EQUIPO
100
AcDbPolyline
 90
4
 70
1
 10
562.6
 20
565.8
 10
562.6
 20
588.2
 10
545.3999999999999
 20
588.2
 10
545.3999999999999
 20
565.8
  0
LINE
  5
45B9
330
17
100
AcDbEntity
  8
A-EQUIPO-FINO
100
AcDbLine
 10
562.6
 20
565.8
 30
0.0
 11
545.3999999999999
 21
588.2
 31
0.0
  0
LINE
  5
45BA
330
17
100
AcDbEntity
  8
A-EQUIPO-FINO
100
AcDbLine
 10
545.3999999999999
 20
565.8
 30
0.0
 11
562.6
 21
588.2
 31
0.0
  0
LWPOLYLINE
  5
45BB
330
17
100
AcDbEntity
  8
A-EQUIPO-FINO
100
AcDbPolyline
 90
4
 70
1
 10
563.4
 20
595.0
 10
563.4
 20
619.0
 10
544.5999999999999
 20
619.0
 10
544.5999999999999
 20
595.0
  0
LINE
  5
45BC
330
17
100
AcDbEntity
  8
A-EQUIPO-FINO
100
AcDbLine
 10
563.4
 20
598.4285714285714
 30
0.0
 11
544.5999999999999
 21
598.4285714285714
 31
0.0
  0
LINE
  5
45BD
330
17
100
AcDbEntity
  8
A-EQUIPO-FINO
100
AcDbLine
 10
563.4
 20
601.8571428571429
 30
0.0
 11
544.5999999999999
 21
601.8571428571429
 31
0.0
  0
LINE
  5
45BE
330
17
100
AcDbEntity
  8
A-EQUIPO-FINO
100
AcDbLine
 10
563.4
 20
605.2857142857142
 30
0.0
 11
544.5999999999999
 21
605.2857142857142
 31
0.0
  0
LINE
  5
45BF
330
17
100
AcDbEntity
  8
A-EQUIPO-FINO
100
AcDbLine
 10
563.4
 20
608.7142857142858
 30
0.0
 11
544.5999999999999
 21
608.7142857142858
 31
0.0
  0
LINE
  5
45C0
330
17
100
AcDbEntity
  8
A-EQUIPO-FINO
100
AcDbLine
 10
563.4
 20
612.1428571428571
 30
0.0
 11
544.5999999999999
 21
612.1428571428571
 31
0.0
  0
LINE
  5
45C1
330
17
100
AcDbEntity
  8
A-EQUIPO-FINO
100
AcDbLine
 10
563.4
 20
615.5714285714286
 30
0.0
 11
544.5999999999999
 21
615.5714285714286
 31
0.0
  0
LWPOLYLINE
  5
45C2
330
17
100
AcDbEntity
  8
A-EQUIPO
100
AcDbPolyline
 90
4
 70
1
 10
562.6
 20
595.8
 10
562.6
 20
618.2
 10
545.3999999999999
 20
618.2
 10
545.3999999999999
 20
595.8
  0
LINE
  5
45C3
330
17
100
AcDbEntity
  8
A-EQUIPO-FINO
100
AcDbLine
 10
562.6
 20
595.8
 30
0.0
 11
545.3999999999999
 21
618.2
 31
0.0
  0
LINE
  5
45C4
330
17
100
AcDbEntity
  8
A-EQUIPO-FINO
100
AcDbLine
 10
545.3999999999999
 20
595.8
 30
0.0
 11
562.6
 21
618.2
 31
0.0
  0
LWPOLYLINE
  5
45C5
330
17
100
AcDbEntity
  8
A-EQUIPO-FINO
100
AcDbPolyline
 90
4
 70
1
 10
563.4
 20
623.0
 10
563.4
 20
647.0
 10
544.5999999999999
 20
647.0
 10
544.5999999999999
 20
623.0
  0
LINE
  5
45C6
330
17
100
AcDbEntity
  8
A-EQUIPO-FINO
100
AcDbLine
 10
563.4
 20
626.4285714285714
 30
0.0
 11
544.5999999999999
 21
626.4285714285714
 31
0.0
  0
LINE
  5
45C7
330
17
100
AcDbEntity
  8
A-EQUIPO-FINO
100
AcDbLine
 10
563.4
 20
629.8571428571429
 30
0.0
 11
544.5999999999999
 21
629.8571428571429
 31
0.0
  0
LINE
  5
45C8
330
17
100
AcDbEntity
  8
A-EQUIPO-FINO
100
AcDbLine
 10
563.4
 20
633.2857142857142
 30
0.0
 11
544.5999999999999
 21
633.2857142857142
 31
0.0
  0
LINE
  5
45C9
330
17
100
AcDbEntity
  8
A-EQUIPO-FINO
100
AcDbLine
 10
563.4
 20
636.7142857142858
 30
0.0
 11
544.5999999999999
 21
636.7142857142858
 31
0.0
  0
LINE
  5
45CA
330
17
100
AcDbEntity
  8
A-EQUIPO-FINO
100
AcDbLine
 10
563.4
 20
640.1428571428571
 30
0.0
 11
544.5999999999999
 21
640.1428571428571
 31
0.0
  0
LINE
  5
45CB
330
17
100
AcDbEntity
  8
A-EQUIPO-FINO
100
AcDbLine
 10
563.4
 20
643.5714285714286
 30
0.0
 11
544.5999999999999
 21
643.5714285714286
 31
0.0
  0
LWPOLYLINE
  5
45CC
330
17
100
AcDbEntity
  8
A-EQUIPO
100
AcDbPolyline
 90
4
 70
1
 10
562.6
 20
623.8
 10
562.6
 20
646.2
 10
545.3999999999999
 20
646.2
 10
545.3999999999999
 20
623.8
  0
LINE
  5
45CD
330
17
100
AcDbEntity
  8
A-EQUIPO-FINO
100
AcDbLine
 10
562.6
 20
623.8
 30
0.0
 11
545.3999999999999
 21
646.2
 31
0.0
  0
LINE
  5
45CE
330
17
100
AcDbEntity
  8
A-EQUIPO-FINO
100
AcDbLine
 10
545.3999999999999
 20
623.8
 30
0.0
 11
562.6
 21
646.2
 31
0.0
  0
LWPOLYLINE
  5
45CF
330
17
100
AcDbEntity
  8
A-EQUIPO-FINO
100
AcDbPolyline
 90
4
 70
1
 10
563.4
 20
653.0
 10
563.4
 20
677.0
 10
544.5999999999999
 20
677.0
 10
544.5999999999999
 20
653.0
  0
LINE
  5
45D0
330
17
100
AcDbEntity
  8
A-EQUIPO-FINO
100
AcDbLine
 10
563.4
 20
656.4285714285714
 30
0.0
 11
544.5999999999999
 21
656.4285714285714
 31
0.0
  0
LINE
  5
45D1
330
17
100
AcDbEntity
  8
A-EQUIPO-FINO
100
AcDbLine
 10
563.4
 20
659.8571428571429
 30
0.0
 11
544.5999999999999
 21
659.8571428571429
 31
0.0
  0
LINE
  5
45D2
330
17
100
AcDbEntity
  8
A-EQUIPO-FINO
100
AcDbLine
 10
563.4
 20
663.2857142857142
 30
0.0
 11
544.5999999999999
 21
663.2857142857142
 31
0.0
  0
LINE
  5
45D3
330
17
100
AcDbEntity
  8
A-EQUIPO-FINO
100
AcDbLine
 10
563.4
 20
666.7142857142858
 30
0.0
 11
544.5999999999999
 21
666.7142857142858
 31
0.0
  0
LINE
  5
45D4
330
17
100
AcDbEntity
  8
A-EQUIPO-FINO
100
AcDbLine
 10
563.4
 20
670.1428571428571
 30
0.0
 11
544.5999999999999
 21
670.1428571428571
 31
0.0
  0
LINE
  5
45D5
330
17
100
AcDbEntity
  8
A-EQUIPO-FINO
100
AcDbLine
 10
563.4
 20
673.5714285714287
 30
0.0
 11
544.5999999999999
 21
673.5714285714287
 31
0.0
  0
LWPOLYLINE
  5
45D6
330
17
100
AcDbEntity
  8
A-EQUIPO
100
AcDbPolyline
 90
4
 70
1
 10
562.6
 20
653.8
 10
562.6
 20
676.2
 10
545.3999999999999
 20
676.2
 10
545.3999999999999
 20
653.8
  0
LINE
  5
45D7
330
17
100
AcDbEntity
  8
A-EQUIPO-FINO
100
AcDbLine
 10
562.6
 20
653.8
 30
0.0
 11
545.3999999999999
 21
676.2
 31
0.0
  0
LINE
  5
45D8
330
17
100
AcDbEntity
  8
A-EQUIPO-FINO
100
AcDbLine
 10
545.3999999999999
 20
653.8
 30
0.0
 11
562.6
 21
676.2
 31
0.0
  0
LWPOLYLINE
  5
45D9
330
17
100
AcDbEntity
  8
A-EQUIPO-FINO
100
AcDbPolyline
 90
4
 70
1
 10
563.4
 20
681.0
 10
563.4
 20
705.0
 10
544.5999999999999
 20
705.0
 10
544.5999999999999
 20
681.0
  0
LINE
  5
45DA
330
17
100
AcDbEntity
  8
A-EQUIPO-FINO
100
AcDbLine
 10
563.4
 20
684.4285714285714
 30
0.0
 11
544.5999999999999
 21
684.4285714285714
 31
0.0
  0
LINE
  5
45DB
330
17
100
AcDbEntity
  8
A-EQUIPO-FINO
100
AcDbLine
 10
563.4
 20
687.8571428571429
 30
0.0
 11
544.5999999999999
 21
687.8571428571429
 31
0.0
  0
LINE
  5
45DC
330
17
100
AcDbEntity
  8
A-EQUIPO-FINO
100
AcDbLine
 10
563.4
 20
691.2857142857143
 30
0.0
 11
544.5999999999999
 21
691.2857142857143
 31
0.0
  0
LINE
  5
45DD
330
17
100
AcDbEntity
  8
A-EQUIPO-FINO
100
AcDbLine
 10
563.4
 20
694.7142857142858
 30
0.0
 11
544.5999999999999
 21
694.7142857142858
 31
0.0
  0
LINE
  5
45DE
330
17
100
AcDbEntity
  8
A-EQUIPO-FINO
100
AcDbLine
 10
563.4
 20
698.1428571428571
 30
0.0
 11
544.5999999999999
 21
698.1428571428571
 31
0.0
  0
LINE
  5
45DF
330
17
100
AcDbEntity
  8
A-EQUIPO-FINO
100
AcDbLine
 10
563.4
 20
701.5714285714286
 30
0.0
 11
544.5999999999999
 21
701.5714285714286
 31
0.0
  0
LWPOLYLINE
  5
45E0
330
17
100
AcDbEntity
  8
A-EQUIPO
100
AcDbPolyline
 90
4
 70
1
 10
562.6
 20
681.8
 10
562.6
 20
704.2
 10
545.3999999999999
 20
704.2
 10
545.3999999999999
 20
681.8
  0
LINE
  5
45E1
330
17
100
AcDbEntity
  8
A-EQUIPO-FINO
100
AcDbLine
 10
562.6
 20
681.8
 30
0.0
 11
545.3999999999999
 21
704.2
 31
0.0
  0
LINE
  5
45E2
330
17
100
AcDbEntity
  8
A-EQUIPO-FINO
100
AcDbLine
 10
545.3999999999999
 20
681.8
 30
0.0
 11
562.6
 21
704.2
 31
0.0
  0
LWPOLYLINE
  5
45E3
330
17
100
AcDbEntity
  8
A-EQUIPO-FINO
100
AcDbPolyline
 90
4
 70
1
 10
563.4
 20
711.0
 10
563.4
 20
735.0
 10
544.5999999999999
 20
735.0
 10
544.5999999999999
 20
711.0
  0
LINE
  5
45E4
330
17
100
AcDbEntity
  8
A-EQUIPO-FINO
100
AcDbLine
 10
563.4
 20
714.4285714285714
 30
0.0
 11
544.5999999999999
 21
714.4285714285714
 31
0.0
  0
LINE
  5
45E5
330
17
100
AcDbEntity
  8
A-EQUIPO-FINO
100
AcDbLine
 10
563.4
 20
717.8571428571429
 30
0.0
 11
544.5999999999999
 21
717.8571428571429
 31
0.0
  0
LINE
  5
45E6
330
17
100
AcDbEntity
  8
A-EQUIPO-FINO
100
AcDbLine
 10
563.4
 20
721.2857142857143
 30
0.0
 11
544.5999999999999
 21
721.2857142857143
 31
0.0
  0
LINE
  5
45E7
330
17
100
AcDbEntity
  8
A-EQUIPO-FINO
100
AcDbLine
 10
563.4
 20
724.7142857142858
 30
0.0
 11
544.5999999999999
 21
724.7142857142858
 31
0.0
  0
LINE
  5
45E8
330
17
100
AcDbEntity
  8
A-EQUIPO-FINO
100
AcDbLine
 10
563.4
 20
728.1428571428571
 30
0.0
 11
544.5999999999999
 21
728.1428571428571
 31
0.0
  0
LINE
  5
45E9
330
17
100
AcDbEntity
  8
A-EQUIPO-FINO
100
AcDbLine
 10
563.4
 20
731.5714285714286
 30
0.0
 11
544.5999999999999
 21
731.5714285714286
 31
0.0
  0
LWPOLYLINE
  5
45EA
330
17
100
AcDbEntity
  8
A-EQUIPO
100
AcDbPolyline
 90
4
 70
1
 10
562.6
 20
711.8
 10
562.6
 20
734.2
 10
545.3999999999999
 20
734.2
 10
545.3999999999999
 20
711.8
  0
LINE
  5
45EB
330
17
100
AcDbEntity
  8
A-EQUIPO-FINO
100
AcDbLine
 10
562.6
 20
711.8
 30
0.0
 11
545.3999999999999
 21
734.2
 31
0.0
  0
LINE
  5
45EC
330
17
100
AcDbEntity
  8
A-EQUIPO-FINO
100
AcDbLine
 10
545.3999999999999
 20
711.8
 30
0.0
 11
562.6
 21
734.2
 31
0.0
  0
LWPOLYLINE
  5
45ED
330
17
100
AcDbEntity
  8
A-EQUIPO-FINO
100
AcDbPolyline
 90
4
 70
1
 10
563.4
 20
739.0
 10
563.4
 20
763.0
 10
544.5999999999999
 20
763.0
 10
544.5999999999999
 20
739.0
  0
LINE
  5
45EE
330
17
100
AcDbEntity
  8
A-EQUIPO-FINO
100
AcDbLine
 10
563.4
 20
742.4285714285714
 30
0.0
 11
544.5999999999999
 21
742.4285714285714
 31
0.0
  0
LINE
  5
45EF
330
17
100
AcDbEntity
  8
A-EQUIPO-FINO
100
AcDbLine
 10
563.4
 20
745.8571428571429
 30
0.0
 11
544.5999999999999
 21
745.8571428571429
 31
0.0
  0
LINE
  5
45F0
330
17
100
AcDbEntity
  8
A-EQUIPO-FINO
100
AcDbLine
 10
563.4
 20
749.2857142857143
 30
0.0
 11
544.5999999999999
 21
749.2857142857143
 31
0.0
  0
LINE
  5
45F1
330
17
100
AcDbEntity
  8
A-EQUIPO-FINO
100
AcDbLine
 10
563.4
 20
752.7142857142858
 30
0.0
 11
544.5999999999999
 21
752.7142857142858
 31
0.0
  0
LINE
  5
45F2
330
17
100
AcDbEntity
  8
A-EQUIPO-FINO
100
AcDbLine
 10
563.4
 20
756.1428571428571
 30
0.0
 11
544.5999999999999
 21
756.1428571428571
 31
0.0
  0
LINE
  5
45F3
330
17
100
AcDbEntity
  8
A-EQUIPO-FINO
100
AcDbLine
 10
563.4
 20
759.5714285714286
 30
0.0
 11
544.5999999999999
 21
759.5714285714286
 31
0.0
  0
LWPOLYLINE
  5
45F4
330
17
100
AcDbEntity
  8
A-EQUIPO
100
AcDbPolyline
 90
4
 70
1
 10
562.6
 20
739.8000000000001
 10
562.6
 20
762.2
 10
545.3999999999999
 20
762.2
 10
545.3999999999999
 20
739.8000000000001
  0
LINE
  5
45F5
330
17
100
AcDbEntity
  8
A-EQUIPO-FINO
100
AcDbLine
 10
562.6
 20
739.8000000000001
 30
0.0
 11
545.3999999999999
 21
762.2
 31
0.0
  0
LINE
  5
45F6
330
17
100
AcDbEntity
  8
A-EQUIPO-FINO
100
AcDbLine
 10
545.3999999999999
 20
739.8000000000001
 30
0.0
 11
562.6
 21
762.2
 31
0.0
  0
HATCH
  5
45F7
330
17
100
AcDbEntity
  8
A-EQUIPO-RELLENO
 62
7
420
9870240
100
AcDbHatch
 10
0.0
 20
0.0
 30
0.0
210
0.0
220
0.0
230
1.0
  2
SOLID
 70
1
 71
0
 91
1
 92
3
 72
0
 73
1
 93
4
 10
678.8000000000001
 20
535.0
 10
678.8000000000001
 20
537.0
 10
676.8000000000001
 20
537.0
 10
676.8000000000001
 20
535.0
 97
0
 75
1
 76
1
 98
0
  0
HATCH
  5
45F8
330
17
100
AcDbEntity
  8
A-EQUIPO-RELLENO
 62
7
420
9870240
100
AcDbHatch
 10
0.0
 20
0.0
 30
0.0
210
0.0
220
0.0
230
1.0
  2
SOLID
 70
1
 71
0
 91
1
 92
3
 72
0
 73
1
 93
4
 10
637.1999999999999
 20
535.0
 10
637.1999999999999
 20
537.0
 10
635.1999999999999
 20
537.0
 10
635.1999999999999
 20
535.0
 97
0
 75
1
 76
1
 98
0
  0
HATCH
  5
45F9
330
17
100
AcDbEntity
  8
A-EQUIPO-RELLENO
 62
7
420
9870240
100
AcDbHatch
 10
0.0
 20
0.0
 30
0.0
210
0.0
220
0.0
230
1.0
  2
SOLID
 70
1
 71
0
 91
1
 92
3
 72
0
 73
1
 93
4
 10
678.8000000000001
 20
592.0
 10
678.8000000000001
 20
594.0
 10
676.8000000000001
 20
594.0
 10
676.8000000000001
 20
592.0
 97
0
 75
1
 76
1
 98
0
  0
HATCH
  5
45FA
330
17
100
AcDbEntity
  8
A-EQUIPO-RELLENO
 62
7
420
9870240
100
AcDbHatch
 10
0.0
 20
0.0
 30
0.0
210
0.0
220
0.0
230
1.0
  2
SOLID
 70
1
 71
0
 91
1
 92
3
 72
0
 73
1
 93
4
 10
637.1999999999999
 20
592.0
 10
637.1999999999999
 20
594.0
 10
635.1999999999999
 20
594.0
 10
635.1999999999999
 20
592.0
 97
0
 75
1
 76
1
 98
0
  0
HATCH
  5
45FB
330
17
100
AcDbEntity
  8
A-EQUIPO-RELLENO
 62
7
420
9870240
100
AcDbHatch
 10
0.0
 20
0.0
 30
0.0
210
0.0
220
0.0
230
1.0
  2
SOLID
 70
1
 71
0
 91
1
 92
3
 72
0
 73
1
 93
4
 10
678.8000000000001
 20
650.0
 10
678.8000000000001
 20
652.0
 10
676.8000000000001
 20
652.0
 10
676.8000000000001
 20
650.0
 97
0
 75
1
 76
1
 98
0
  0
HATCH
  5
45FC
330
17
100
AcDbEntity
  8
A-EQUIPO-RELLENO
 62
7
420
9870240
100
AcDbHatch
 10
0.0
 20
0.0
 30
0.0
210
0.0
220
0.0
230
1.0
  2
SOLID
 70
1
 71
0
 91
1
 92
3
 72
0
 73
1
 93
4
 10
637.1999999999999
 20
650.0
 10
637.1999999999999
 20
652.0
 10
635.1999999999999
 20
652.0
 10
635.1999999999999
 20
650.0
 97
0
 75
1
 76
1
 98
0
  0
HATCH
  5
45FD
330
17
100
AcDbEntity
  8
A-EQUIPO-RELLENO
 62
7
420
9870240
100
AcDbHatch
 10
0.0
 20
0.0
 30
0.0
210
0.0
220
0.0
230
1.0
  2
SOLID
 70
1
 71
0
 91
1
 92
3
 72
0
 73
1
 93
4
 10
678.8000000000001
 20
708.0
 10
678.8000000000001
 20
710.0
 10
676.8000000000001
 20
710.0
 10
676.8000000000001
 20
708.0
 97
0
 75
1
 76
1
 98
0
  0
HATCH
  5
45FE
330
17
100
AcDbEntity
  8
A-EQUIPO-RELLENO
 62
7
420
9870240
100
AcDbHatch
 10
0.0
 20
0.0
 30
0.0
210
0.0
220
0.0
230
1.0
  2
SOLID
 70
1
 71
0
 91
1
 92
3
 72
0
 73
1
 93
4
 10
637.1999999999999
 20
708.0
 10
637.1999999999999
 20
710.0
 10
635.1999999999999
 20
710.0
 10
635.1999999999999
 20
708.0
 97
0
 75
1
 76
1
 98
0
  0
HATCH
  5
45FF
330
17
100
AcDbEntity
  8
A-EQUIPO-RELLENO
 62
7
420
9870240
100
AcDbHatch
 10
0.0
 20
0.0
 30
0.0
210
0.0
220
0.0
230
1.0
  2
SOLID
 70
1
 71
0
 91
1
 92
3
 72
0
 73
1
 93
4
 10
678.8000000000001
 20
765.0
 10
678.8000000000001
 20
767.0
 10
676.8000000000001
 20
767.0
 10
676.8000000000001
 20
765.0
 97
0
 75
1
 76
1
 98
0
  0
HATCH
  5
4600
330
17
100
AcDbEntity
  8
A-EQUIPO-RELLENO
 62
7
420
9870240
100
AcDbHatch
 10
0.0
 20
0.0
 30
0.0
210
0.0
220
0.0
230
1.0
  2
SOLID
 70
1
 71
0
 91
1
 92
3
 72
0
 73
1
 93
4
 10
637.1999999999999
 20
765.0
 10
637.1999999999999
 20
767.0
 10
635.1999999999999
 20
767.0
 10
635.1999999999999
 20
765.0
 97
0
 75
1
 76
1
 98
0
  0
HATCH
  5
4601
330
17
100
AcDbEntity
  8
A-EQUIPO-RELLENO
 62
7
420
15654592
100
AcDbHatch
 10
0.0
 20
0.0
 30
0.0
210
0.0
220
0.0
230
1.0
  2
SOLID
 70
1
 71
0
 91
1
 92
3
 72
0
 73
1
 93
4
 10
677.4000000000001
 20
537.0
 10
677.4000000000001
 20
561.0
 10
657.4000000000001
 20
561.0
 10
657.4000000000001
 20
537.0
 97
0
 75
1
 76
1
 98
0
  0
HATCH
  5
4602
330
17
100
AcDbEntity
  8
A-EQUIPO-RELLENO
 62
7
420
15654592
100
AcDbHatch
 10
0.0
 20
0.0
 30
0.0
210
0.0
220
0.0
230
1.0
  2
SOLID
 70
1
 71
0
 91
1
 92
3
 72
0
 73
1
 93
4
 10
677.4000000000001
 20
565.0
 10
677.4000000000001
 20
589.0
 10
657.4000000000001
 20
589.0
 10
657.4000000000001
 20
565.0
 97
0
 75
1
 76
1
 98
0
  0
HATCH
  5
4603
330
17
100
AcDbEntity
  8
A-EQUIPO-RELLENO
 62
7
420
15654592
100
AcDbHatch
 10
0.0
 20
0.0
 30
0.0
210
0.0
220
0.0
230
1.0
  2
SOLID
 70
1
 71
0
 91
1
 92
3
 72
0
 73
1
 93
4
 10
677.4000000000001
 20
595.0
 10
677.4000000000001
 20
619.0
 10
657.4000000000001
 20
619.0
 10
657.4000000000001
 20
595.0
 97
0
 75
1
 76
1
 98
0
  0
HATCH
  5
4604
330
17
100
AcDbEntity
  8
A-EQUIPO-RELLENO
 62
7
420
15654592
100
AcDbHatch
 10
0.0
 20
0.0
 30
0.0
210
0.0
220
0.0
230
1.0
  2
SOLID
 70
1
 71
0
 91
1
 92
3
 72
0
 73
1
 93
4
 10
677.4000000000001
 20
623.0
 10
677.4000000000001
 20
647.0
 10
657.4000000000001
 20
647.0
 10
657.4000000000001
 20
623.0
 97
0
 75
1
 76
1
 98
0
  0
HATCH
  5
4605
330
17
100
AcDbEntity
  8
A-EQUIPO-RELLENO
 62
7
420
15654592
100
AcDbHatch
 10
0.0
 20
0.0
 30
0.0
210
0.0
220
0.0
230
1.0
  2
SOLID
 70
1
 71
0
 91
1
 92
3
 72
0
 73
1
 93
4
 10
677.4000000000001
 20
653.0
 10
677.4000000000001
 20
677.0
 10
657.4000000000001
 20
677.0
 10
657.4000000000001
 20
653.0
 97
0
 75
1
 76
1
 98
0
  0
HATCH
  5
4606
330
17
100
AcDbEntity
  8
A-EQUIPO-RELLENO
 62
7
420
15654592
100
AcDbHatch
 10
0.0
 20
0.0
 30
0.0
210
0.0
220
0.0
230
1.0
  2
SOLID
 70
1
 71
0
 91
1
 92
3
 72
0
 73
1
 93
4
 10
677.4000000000001
 20
681.0
 10
677.4000000000001
 20
705.0
 10
657.4000000000001
 20
705.0
 10
657.4000000000001
 20
681.0
 97
0
 75
1
 76
1
 98
0
  0
HATCH
  5
4607
330
17
100
AcDbEntity
  8
A-EQUIPO-RELLENO
 62
7
420
15654592
100
AcDbHatch
 10
0.0
 20
0.0
 30
0.0
210
0.0
220
0.0
230
1.0
  2
SOLID
 70
1
 71
0
 91
1
 92
3
 72
0
 73
1
 93
4
 10
677.4000000000001
 20
711.0
 10
677.4000000000001
 20
735.0
 10
657.4000000000001
 20
735.0
 10
657.4000000000001
 20
711.0
 97
0
 75
1
 76
1
 98
0
  0
HATCH
  5
4608
330
17
100
AcDbEntity
  8
A-EQUIPO-RELLENO
 62
7
420
15654592
100
AcDbHatch
 10
0.0
 20
0.0
 30
0.0
210
0.0
220
0.0
230
1.0
  2
SOLID
 70
1
 71
0
 91
1
 92
3
 72
0
 73
1
 93
4
 10
677.4000000000001
 20
739.0
 10
677.4000000000001
 20
763.0
 10
657.4000000000001
 20
763.0
 10
657.4000000000001
 20
739.0
 97
0
 75
1
 76
1
 98
0
  0
LWPOLYLINE
  5
4609
330
17
100
AcDbEntity
  8
A-EQUIPO-OCULTO
100
AcDbPolyline
 90
4
 70
1
 10
679.0
 20
535.0
 10
679.0
 20
767.0
 10
635.0
 20
767.0
 10
635.0
 20
535.0
  0
LINE
  5
460A
330
17
100
AcDbEntity
  8
A-EQUIPO
100
AcDbLine
 10
677.8
 20
535.0
 30
0.0
 11
677.8
 21
767.0
 31
0.0
  0
LINE
  5
460B
330
17
100
AcDbEntity
  8
A-EQUIPO
100
AcDbLine
 10
636.2
 20
535.0
 30
0.0
 11
636.2
 21
767.0
 31
0.0
  0
LWPOLYLINE
  5
460C
330
17
100
AcDbEntity
  8
A-EQUIPO-FINO
100
AcDbPolyline
 90
4
 70
1
 10
678.8000000000001
 20
535.0
 10
678.8000000000001
 20
537.0
 10
676.8000000000001
 20
537.0
 10
676.8000000000001
 20
535.0
  0
LWPOLYLINE
  5
460D
330
17
100
AcDbEntity
  8
A-EQUIPO-FINO
100
AcDbPolyline
 90
4
 70
1
 10
637.1999999999999
 20
535.0
 10
637.1999999999999
 20
537.0
 10
635.1999999999999
 20
537.0
 10
635.1999999999999
 20
535.0
  0
LWPOLYLINE
  5
460E
330
17
100
AcDbEntity
  8
A-EQUIPO-FINO
100
AcDbPolyline
 90
5
 70
0
 10
677.8
 20
535.6
 10
667.4000000000001
 20
536.4
 10
657.0
 20
535.6
 10
646.5999999999999
 20
536.4
 10
636.2
 20
535.6
  0
LWPOLYLINE
  5
460F
330
17
100
AcDbEntity
  8
A-SEGURIDAD
100
AcDbPolyline
 90
3
 70
0
 10
679.0
 20
534.6
 10
680.6
 20
536.0
 10
679.0
 20
537.4000000000001
  0
LWPOLYLINE
  5
4610
330
17
100
AcDbEntity
  8
A-EQUIPO-FINO
100
AcDbPolyline
 90
4
 70
1
 10
678.8000000000001
 20
592.0
 10
678.8000000000001
 20
594.0
 10
676.8000000000001
 20
594.0
 10
676.8000000000001
 20
592.0
  0
LWPOLYLINE
  5
4611
330
17
100
AcDbEntity
  8
A-EQUIPO-FINO
100
AcDbPolyline
 90
4
 70
1
 10
637.1999999999999
 20
592.0
 10
637.1999999999999
 20
594.0
 10
635.1999999999999
 20
594.0
 10
635.1999999999999
 20
592.0
  0
LWPOLYLINE
  5
4612
330
17
100
AcDbEntity
  8
A-EQUIPO-FINO
100
AcDbPolyline
 90
5
 70
0
 10
677.8
 20
592.6
 10
667.4000000000001
 20
593.4
 10
657.0
 20
592.6
 10
646.5999999999999
 20
593.4
 10
636.2
 20
592.6
  0
LWPOLYLINE
  5
4613
330
17
100
AcDbEntity
  8
A-SEGURIDAD
100
AcDbPolyline
 90
3
 70
0
 10
679.0
 20
591.6
 10
680.6
 20
593.0
 10
679.0
 20
594.4000000000001
  0
LWPOLYLINE
  5
4614
330
17
100
AcDbEntity
  8
A-EQUIPO-FINO
100
AcDbPolyline
 90
4
 70
1
 10
678.8000000000001
 20
650.0
 10
678.8000000000001
 20
652.0
 10
676.8000000000001
 20
652.0
 10
676.8000000000001
 20
650.0
  0
LWPOLYLINE
  5
4615
330
17
100
AcDbEntity
  8
A-EQUIPO-FINO
100
AcDbPolyline
 90
4
 70
1
 10
637.1999999999999
 20
650.0
 10
637.1999999999999
 20
652.0
 10
635.1999999999999
 20
652.0
 10
635.1999999999999
 20
650.0
  0
LWPOLYLINE
  5
4616
330
17
100
AcDbEntity
  8
A-EQUIPO-FINO
100
AcDbPolyline
 90
5
 70
0
 10
677.8
 20
650.6
 10
667.4000000000001
 20
651.4
 10
657.0
 20
650.6
 10
646.5999999999999
 20
651.4
 10
636.2
 20
650.6
  0
LWPOLYLINE
  5
4617
330
17
100
AcDbEntity
  8
A-SEGURIDAD
100
AcDbPolyline
 90
3
 70
0
 10
679.0
 20
649.6
 10
680.6
 20
651.0
 10
679.0
 20
652.4000000000001
  0
LWPOLYLINE
  5
4618
330
17
100
AcDbEntity
  8
A-EQUIPO-FINO
100
AcDbPolyline
 90
4
 70
1
 10
678.8000000000001
 20
708.0
 10
678.8000000000001
 20
710.0
 10
676.8000000000001
 20
710.0
 10
676.8000000000001
 20
708.0
  0
LWPOLYLINE
  5
4619
330
17
100
AcDbEntity
  8
A-EQUIPO-FINO
100
AcDbPolyline
 90
4
 70
1
 10
637.1999999999999
 20
708.0
 10
637.1999999999999
 20
710.0
 10
635.1999999999999
 20
710.0
 10
635.1999999999999
 20
708.0
  0
LWPOLYLINE
  5
461A
330
17
100
AcDbEntity
  8
A-EQUIPO-FINO
100
AcDbPolyline
 90
5
 70
0
 10
677.8
 20
708.6
 10
667.4000000000001
 20
709.4
 10
657.0
 20
708.6
 10
646.5999999999999
 20
709.4
 10
636.2
 20
708.6
  0
LWPOLYLINE
  5
461B
330
17
100
AcDbEntity
  8
A-SEGURIDAD
100
AcDbPolyline
 90
3
 70
0
 10
679.0
 20
707.6
 10
680.6
 20
709.0
 10
679.0
 20
710.4000000000001
  0
LWPOLYLINE
  5
461C
330
17
100
AcDbEntity
  8
A-EQUIPO-FINO
100
AcDbPolyline
 90
4
 70
1
 10
678.8000000000001
 20
765.0
 10
678.8000000000001
 20
767.0
 10
676.8000000000001
 20
767.0
 10
676.8000000000001
 20
765.0
  0
LWPOLYLINE
  5
461D
330
17
100
AcDbEntity
  8
A-EQUIPO-FINO
100
AcDbPolyline
 90
4
 70
1
 10
637.1999999999999
 20
765.0
 10
637.1999999999999
 20
767.0
 10
635.1999999999999
 20
767.0
 10
635.1999999999999
 20
765.0
  0
LWPOLYLINE
  5
461E
330
17
100
AcDbEntity
  8
A-EQUIPO-FINO
100
AcDbPolyline
 90
5
 70
0
 10
677.8
 20
765.6
 10
667.4000000000001
 20
766.4
 10
657.0
 20
765.6
 10
646.5999999999999
 20
766.4
 10
636.2
 20
765.6
  0
LWPOLYLINE
  5
461F
330
17
100
AcDbEntity
  8
A-SEGURIDAD
100
AcDbPolyline
 90
3
 70
0
 10
679.0
 20
764.6
 10
680.6
 20
766.0
 10
679.0
 20
767.4000000000001
  0
LWPOLYLINE
  5
4620
330
17
100
AcDbEntity
  8
A-EQUIPO-FINO
100
AcDbPolyline
 90
4
 70
1
 10
677.4000000000001
 20
537.0
 10
677.4000000000001
 20
561.0
 10
657.4000000000001
 20
561.0
 10
657.4000000000001
 20
537.0
  0
LINE
  5
4621
330
17
100
AcDbEntity
  8
A-EQUIPO-FINO
100
AcDbLine
 10
677.4000000000001
 20
540.4285714285714
 30
0.0
 11
657.4000000000001
 21
540.4285714285714
 31
0.0
  0
LINE
  5
4622
330
17
100
AcDbEntity
  8
A-EQUIPO-FINO
100
AcDbLine
 10
677.4000000000001
 20
543.8571428571429
 30
0.0
 11
657.4000000000001
 21
543.8571428571429
 31
0.0
  0
LINE
  5
4623
330
17
100
AcDbEntity
  8
A-EQUIPO-FINO
100
AcDbLine
 10
677.4000000000001
 20
547.2857142857142
 30
0.0
 11
657.4000000000001
 21
547.2857142857142
 31
0.0
  0
LINE
  5
4624
330
17
100
AcDbEntity
  8
A-EQUIPO-FINO
100
AcDbLine
 10
677.4000000000001
 20
550.7142857142857
 30
0.0
 11
657.4000000000001
 21
550.7142857142857
 31
0.0
  0
LINE
  5
4625
330
17
100
AcDbEntity
  8
A-EQUIPO-FINO
100
AcDbLine
 10
677.4000000000001
 20
554.1428571428571
 30
0.0
 11
657.4000000000001
 21
554.1428571428571
 31
0.0
  0
LINE
  5
4626
330
17
100
AcDbEntity
  8
A-EQUIPO-FINO
100
AcDbLine
 10
677.4000000000001
 20
557.5714285714286
 30
0.0
 11
657.4000000000001
 21
557.5714285714286
 31
0.0
  0
LWPOLYLINE
  5
4627
330
17
100
AcDbEntity
  8
A-EQUIPO
100
AcDbPolyline
 90
4
 70
1
 10
676.6000000000001
 20
537.8
 10
676.6000000000001
 20
560.2
 10
658.2
 20
560.2
 10
658.2
 20
537.8
  0
LINE
  5
4628
330
17
100
AcDbEntity
  8
A-EQUIPO-FINO
100
AcDbLine
 10
676.6000000000001
 20
537.8
 30
0.0
 11
658.2
 21
560.2
 31
0.0
  0
LINE
  5
4629
330
17
100
AcDbEntity
  8
A-EQUIPO-FINO
100
AcDbLine
 10
658.2
 20
537.8
 30
0.0
 11
676.6000000000001
 21
560.2
 31
0.0
  0
LWPOLYLINE
  5
462A
330
17
100
AcDbEntity
  8
A-EQUIPO-FINO
100
AcDbPolyline
 90
4
 70
1
 10
677.4000000000001
 20
565.0
 10
677.4000000000001
 20
589.0
 10
657.4000000000001
 20
589.0
 10
657.4000000000001
 20
565.0
  0
LINE
  5
462B
330
17
100
AcDbEntity
  8
A-EQUIPO-FINO
100
AcDbLine
 10
677.4000000000001
 20
568.4285714285714
 30
0.0
 11
657.4000000000001
 21
568.4285714285714
 31
0.0
  0
LINE
  5
462C
330
17
100
AcDbEntity
  8
A-EQUIPO-FINO
100
AcDbLine
 10
677.4000000000001
 20
571.8571428571429
 30
0.0
 11
657.4000000000001
 21
571.8571428571429
 31
0.0
  0
LINE
  5
462D
330
17
100
AcDbEntity
  8
A-EQUIPO-FINO
100
AcDbLine
 10
677.4000000000001
 20
575.2857142857142
 30
0.0
 11
657.4000000000001
 21
575.2857142857142
 31
0.0
  0
LINE
  5
462E
330
17
100
AcDbEntity
  8
A-EQUIPO-FINO
100
AcDbLine
 10
677.4000000000001
 20
578.7142857142858
 30
0.0
 11
657.4000000000001
 21
578.7142857142858
 31
0.0
  0
LINE
  5
462F
330
17
100
AcDbEntity
  8
A-EQUIPO-FINO
100
AcDbLine
 10
677.4000000000001
 20
582.1428571428571
 30
0.0
 11
657.4000000000001
 21
582.1428571428571
 31
0.0
  0
LINE
  5
4630
330
17
100
AcDbEntity
  8
A-EQUIPO-FINO
100
AcDbLine
 10
677.4000000000001
 20
585.5714285714286
 30
0.0
 11
657.4000000000001
 21
585.5714285714286
 31
0.0
  0
LWPOLYLINE
  5
4631
330
17
100
AcDbEntity
  8
A-EQUIPO
100
AcDbPolyline
 90
4
 70
1
 10
676.6000000000001
 20
565.8
 10
676.6000000000001
 20
588.2
 10
658.2
 20
588.2
 10
658.2
 20
565.8
  0
LINE
  5
4632
330
17
100
AcDbEntity
  8
A-EQUIPO-FINO
100
AcDbLine
 10
676.6000000000001
 20
565.8
 30
0.0
 11
658.2
 21
588.2
 31
0.0
  0
LINE
  5
4633
330
17
100
AcDbEntity
  8
A-EQUIPO-FINO
100
AcDbLine
 10
658.2
 20
565.8
 30
0.0
 11
676.6000000000001
 21
588.2
 31
0.0
  0
LWPOLYLINE
  5
4634
330
17
100
AcDbEntity
  8
A-EQUIPO-FINO
100
AcDbPolyline
 90
4
 70
1
 10
677.4000000000001
 20
595.0
 10
677.4000000000001
 20
619.0
 10
657.4000000000001
 20
619.0
 10
657.4000000000001
 20
595.0
  0
LINE
  5
4635
330
17
100
AcDbEntity
  8
A-EQUIPO-FINO
100
AcDbLine
 10
677.4000000000001
 20
598.4285714285714
 30
0.0
 11
657.4000000000001
 21
598.4285714285714
 31
0.0
  0
LINE
  5
4636
330
17
100
AcDbEntity
  8
A-EQUIPO-FINO
100
AcDbLine
 10
677.4000000000001
 20
601.8571428571429
 30
0.0
 11
657.4000000000001
 21
601.8571428571429
 31
0.0
  0
LINE
  5
4637
330
17
100
AcDbEntity
  8
A-EQUIPO-FINO
100
AcDbLine
 10
677.4000000000001
 20
605.2857142857142
 30
0.0
 11
657.4000000000001
 21
605.2857142857142
 31
0.0
  0
LINE
  5
4638
330
17
100
AcDbEntity
  8
A-EQUIPO-FINO
100
AcDbLine
 10
677.4000000000001
 20
608.7142857142858
 30
0.0
 11
657.4000000000001
 21
608.7142857142858
 31
0.0
  0
LINE
  5
4639
330
17
100
AcDbEntity
  8
A-EQUIPO-FINO
100
AcDbLine
 10
677.4000000000001
 20
612.1428571428571
 30
0.0
 11
657.4000000000001
 21
612.1428571428571
 31
0.0
  0
LINE
  5
463A
330
17
100
AcDbEntity
  8
A-EQUIPO-FINO
100
AcDbLine
 10
677.4000000000001
 20
615.5714285714286
 30
0.0
 11
657.4000000000001
 21
615.5714285714286
 31
0.0
  0
LWPOLYLINE
  5
463B
330
17
100
AcDbEntity
  8
A-EQUIPO
100
AcDbPolyline
 90
4
 70
1
 10
676.6000000000001
 20
595.8
 10
676.6000000000001
 20
618.2
 10
658.2
 20
618.2
 10
658.2
 20
595.8
  0
LINE
  5
463C
330
17
100
AcDbEntity
  8
A-EQUIPO-FINO
100
AcDbLine
 10
676.6000000000001
 20
595.8
 30
0.0
 11
658.2
 21
618.2
 31
0.0
  0
LINE
  5
463D
330
17
100
AcDbEntity
  8
A-EQUIPO-FINO
100
AcDbLine
 10
658.2
 20
595.8
 30
0.0
 11
676.6000000000001
 21
618.2
 31
0.0
  0
LWPOLYLINE
  5
463E
330
17
100
AcDbEntity
  8
A-EQUIPO-FINO
100
AcDbPolyline
 90
4
 70
1
 10
677.4000000000001
 20
623.0
 10
677.4000000000001
 20
647.0
 10
657.4000000000001
 20
647.0
 10
657.4000000000001
 20
623.0
  0
LINE
  5
463F
330
17
100
AcDbEntity
  8
A-EQUIPO-FINO
100
AcDbLine
 10
677.4000000000001
 20
626.4285714285714
 30
0.0
 11
657.4000000000001
 21
626.4285714285714
 31
0.0
  0
LINE
  5
4640
330
17
100
AcDbEntity
  8
A-EQUIPO-FINO
100
AcDbLine
 10
677.4000000000001
 20
629.8571428571429
 30
0.0
 11
657.4000000000001
 21
629.8571428571429
 31
0.0
  0
LINE
  5
4641
330
17
100
AcDbEntity
  8
A-EQUIPO-FINO
100
AcDbLine
 10
677.4000000000001
 20
633.2857142857142
 30
0.0
 11
657.4000000000001
 21
633.2857142857142
 31
0.0
  0
LINE
  5
4642
330
17
100
AcDbEntity
  8
A-EQUIPO-FINO
100
AcDbLine
 10
677.4000000000001
 20
636.7142857142858
 30
0.0
 11
657.4000000000001
 21
636.7142857142858
 31
0.0
  0
LINE
  5
4643
330
17
100
AcDbEntity
  8
A-EQUIPO-FINO
100
AcDbLine
 10
677.4000000000001
 20
640.1428571428571
 30
0.0
 11
657.4000000000001
 21
640.1428571428571
 31
0.0
  0
LINE
  5
4644
330
17
100
AcDbEntity
  8
A-EQUIPO-FINO
100
AcDbLine
 10
677.4000000000001
 20
643.5714285714286
 30
0.0
 11
657.4000000000001
 21
643.5714285714286
 31
0.0
  0
LWPOLYLINE
  5
4645
330
17
100
AcDbEntity
  8
A-EQUIPO
100
AcDbPolyline
 90
4
 70
1
 10
676.6000000000001
 20
623.8
 10
676.6000000000001
 20
646.2
 10
658.2
 20
646.2
 10
658.2
 20
623.8
  0
LINE
  5
4646
330
17
100
AcDbEntity
  8
A-EQUIPO-FINO
100
AcDbLine
 10
676.6000000000001
 20
623.8
 30
0.0
 11
658.2
 21
646.2
 31
0.0
  0
LINE
  5
4647
330
17
100
AcDbEntity
  8
A-EQUIPO-FINO
100
AcDbLine
 10
658.2
 20
623.8
 30
0.0
 11
676.6000000000001
 21
646.2
 31
0.0
  0
LWPOLYLINE
  5
4648
330
17
100
AcDbEntity
  8
A-EQUIPO-FINO
100
AcDbPolyline
 90
4
 70
1
 10
677.4000000000001
 20
653.0
 10
677.4000000000001
 20
677.0
 10
657.4000000000001
 20
677.0
 10
657.4000000000001
 20
653.0
  0
LINE
  5
4649
330
17
100
AcDbEntity
  8
A-EQUIPO-FINO
100
AcDbLine
 10
677.4000000000001
 20
656.4285714285714
 30
0.0
 11
657.4000000000001
 21
656.4285714285714
 31
0.0
  0
LINE
  5
464A
330
17
100
AcDbEntity
  8
A-EQUIPO-FINO
100
AcDbLine
 10
677.4000000000001
 20
659.8571428571429
 30
0.0
 11
657.4000000000001
 21
659.8571428571429
 31
0.0
  0
LINE
  5
464B
330
17
100
AcDbEntity
  8
A-EQUIPO-FINO
100
AcDbLine
 10
677.4000000000001
 20
663.2857142857142
 30
0.0
 11
657.4000000000001
 21
663.2857142857142
 31
0.0
  0
LINE
  5
464C
330
17
100
AcDbEntity
  8
A-EQUIPO-FINO
100
AcDbLine
 10
677.4000000000001
 20
666.7142857142858
 30
0.0
 11
657.4000000000001
 21
666.7142857142858
 31
0.0
  0
LINE
  5
464D
330
17
100
AcDbEntity
  8
A-EQUIPO-FINO
100
AcDbLine
 10
677.4000000000001
 20
670.1428571428571
 30
0.0
 11
657.4000000000001
 21
670.1428571428571
 31
0.0
  0
LINE
  5
464E
330
17
100
AcDbEntity
  8
A-EQUIPO-FINO
100
AcDbLine
 10
677.4000000000001
 20
673.5714285714287
 30
0.0
 11
657.4000000000001
 21
673.5714285714287
 31
0.0
  0
LWPOLYLINE
  5
464F
330
17
100
AcDbEntity
  8
A-EQUIPO
100
AcDbPolyline
 90
4
 70
1
 10
676.6000000000001
 20
653.8
 10
676.6000000000001
 20
676.2
 10
658.2
 20
676.2
 10
658.2
 20
653.8
  0
LINE
  5
4650
330
17
100
AcDbEntity
  8
A-EQUIPO-FINO
100
AcDbLine
 10
676.6000000000001
 20
653.8
 30
0.0
 11
658.2
 21
676.2
 31
0.0
  0
LINE
  5
4651
330
17
100
AcDbEntity
  8
A-EQUIPO-FINO
100
AcDbLine
 10
658.2
 20
653.8
 30
0.0
 11
676.6000000000001
 21
676.2
 31
0.0
  0
LWPOLYLINE
  5
4652
330
17
100
AcDbEntity
  8
A-EQUIPO-FINO
100
AcDbPolyline
 90
4
 70
1
 10
677.4000000000001
 20
681.0
 10
677.4000000000001
 20
705.0
 10
657.4000000000001
 20
705.0
 10
657.4000000000001
 20
681.0
  0
LINE
  5
4653
330
17
100
AcDbEntity
  8
A-EQUIPO-FINO
100
AcDbLine
 10
677.4000000000001
 20
684.4285714285714
 30
0.0
 11
657.4000000000001
 21
684.4285714285714
 31
0.0
  0
LINE
  5
4654
330
17
100
AcDbEntity
  8
A-EQUIPO-FINO
100
AcDbLine
 10
677.4000000000001
 20
687.8571428571429
 30
0.0
 11
657.4000000000001
 21
687.8571428571429
 31
0.0
  0
LINE
  5
4655
330
17
100
AcDbEntity
  8
A-EQUIPO-FINO
100
AcDbLine
 10
677.4000000000001
 20
691.2857142857143
 30
0.0
 11
657.4000000000001
 21
691.2857142857143
 31
0.0
  0
LINE
  5
4656
330
17
100
AcDbEntity
  8
A-EQUIPO-FINO
100
AcDbLine
 10
677.4000000000001
 20
694.7142857142858
 30
0.0
 11
657.4000000000001
 21
694.7142857142858
 31
0.0
  0
LINE
  5
4657
330
17
100
AcDbEntity
  8
A-EQUIPO-FINO
100
AcDbLine
 10
677.4000000000001
 20
698.1428571428571
 30
0.0
 11
657.4000000000001
 21
698.1428571428571
 31
0.0
  0
LINE
  5
4658
330
17
100
AcDbEntity
  8
A-EQUIPO-FINO
100
AcDbLine
 10
677.4000000000001
 20
701.5714285714286
 30
0.0
 11
657.4000000000001
 21
701.5714285714286
 31
0.0
  0
LWPOLYLINE
  5
4659
330
17
100
AcDbEntity
  8
A-EQUIPO
100
AcDbPolyline
 90
4
 70
1
 10
676.6000000000001
 20
681.8
 10
676.6000000000001
 20
704.2
 10
658.2
 20
704.2
 10
658.2
 20
681.8
  0
LINE
  5
465A
330
17
100
AcDbEntity
  8
A-EQUIPO-FINO
100
AcDbLine
 10
676.6000000000001
 20
681.8
 30
0.0
 11
658.2
 21
704.2
 31
0.0
  0
LINE
  5
465B
330
17
100
AcDbEntity
  8
A-EQUIPO-FINO
100
AcDbLine
 10
658.2
 20
681.8
 30
0.0
 11
676.6000000000001
 21
704.2
 31
0.0
  0
LWPOLYLINE
  5
465C
330
17
100
AcDbEntity
  8
A-EQUIPO-FINO
100
AcDbPolyline
 90
4
 70
1
 10
677.4000000000001
 20
711.0
 10
677.4000000000001
 20
735.0
 10
657.4000000000001
 20
735.0
 10
657.4000000000001
 20
711.0
  0
LINE
  5
465D
330
17
100
AcDbEntity
  8
A-EQUIPO-FINO
100
AcDbLine
 10
677.4000000000001
 20
714.4285714285714
 30
0.0
 11
657.4000000000001
 21
714.4285714285714
 31
0.0
  0
LINE
  5
465E
330
17
100
AcDbEntity
  8
A-EQUIPO-FINO
100
AcDbLine
 10
677.4000000000001
 20
717.8571428571429
 30
0.0
 11
657.4000000000001
 21
717.8571428571429
 31
0.0
  0
LINE
  5
465F
330
17
100
AcDbEntity
  8
A-EQUIPO-FINO
100
AcDbLine
 10
677.4000000000001
 20
721.2857142857143
 30
0.0
 11
657.4000000000001
 21
721.2857142857143
 31
0.0
  0
LINE
  5
4660
330
17
100
AcDbEntity
  8
A-EQUIPO-FINO
100
AcDbLine
 10
677.4000000000001
 20
724.7142857142858
 30
0.0
 11
657.4000000000001
 21
724.7142857142858
 31
0.0
  0
LINE
  5
4661
330
17
100
AcDbEntity
  8
A-EQUIPO-FINO
100
AcDbLine
 10
677.4000000000001
 20
728.1428571428571
 30
0.0
 11
657.4000000000001
 21
728.1428571428571
 31
0.0
  0
LINE
  5
4662
330
17
100
AcDbEntity
  8
A-EQUIPO-FINO
100
AcDbLine
 10
677.4000000000001
 20
731.5714285714286
 30
0.0
 11
657.4000000000001
 21
731.5714285714286
 31
0.0
  0
LWPOLYLINE
  5
4663
330
17
100
AcDbEntity
  8
A-EQUIPO
100
AcDbPolyline
 90
4
 70
1
 10
676.6000000000001
 20
711.8
 10
676.6000000000001
 20
734.2
 10
658.2
 20
734.2
 10
658.2
 20
711.8
  0
LINE
  5
4664
330
17
100
AcDbEntity
  8
A-EQUIPO-FINO
100
AcDbLine
 10
676.6000000000001
 20
711.8
 30
0.0
 11
658.2
 21
734.2
 31
0.0
  0
LINE
  5
4665
330
17
100
AcDbEntity
  8
A-EQUIPO-FINO
100
AcDbLine
 10
658.2
 20
711.8
 30
0.0
 11
676.6000000000001
 21
734.2
 31
0.0
  0
LWPOLYLINE
  5
4666
330
17
100
AcDbEntity
  8
A-EQUIPO-FINO
100
AcDbPolyline
 90
4
 70
1
 10
677.4000000000001
 20
739.0
 10
677.4000000000001
 20
763.0
 10
657.4000000000001
 20
763.0
 10
657.4000000000001
 20
739.0
  0
LINE
  5
4667
330
17
100
AcDbEntity
  8
A-EQUIPO-FINO
100
AcDbLine
 10
677.4000000000001
 20
742.4285714285714
 30
0.0
 11
657.4000000000001
 21
742.4285714285714
 31
0.0
  0
LINE
  5
4668
330
17
100
AcDbEntity
  8
A-EQUIPO-FINO
100
AcDbLine
 10
677.4000000000001
 20
745.8571428571429
 30
0.0
 11
657.4000000000001
 21
745.8571428571429
 31
0.0
  0
LINE
  5
4669
330
17
100
AcDbEntity
  8
A-EQUIPO-FINO
100
AcDbLine
 10
677.4000000000001
 20
749.2857142857143
 30
0.0
 11
657.4000000000001
 21
749.2857142857143
 31
0.0
  0
LINE
  5
466A
330
17
100
AcDbEntity
  8
A-EQUIPO-FINO
100
AcDbLine
 10
677.4000000000001
 20
752.7142857142858
 30
0.0
 11
657.4000000000001
 21
752.7142857142858
 31
0.0
  0
LINE
  5
466B
330
17
100
AcDbEntity
  8
A-EQUIPO-FINO
100
AcDbLine
 10
677.4000000000001
 20
756.1428571428571
 30
0.0
 11
657.4000000000001
 21
756.1428571428571
 31
0.0
  0
LINE
  5
466C
330
17
100
AcDbEntity
  8
A-EQUIPO-FINO
100
AcDbLine
 10
677.4000000000001
 20
759.5714285714286
 30
0.0
 11
657.4000000000001
 21
759.5714285714286
 31
0.0
  0
LWPOLYLINE
  5
466D
330
17
100
AcDbEntity
  8
A-EQUIPO
100
AcDbPolyline
 90
4
 70
1
 10
676.6000000000001
 20
739.8000000000001
 10
676.6000000000001
 20
762.2
 10
658.2
 20
762.2
 10
658.2
 20
739.8000000000001
  0
LINE
  5
466E
330
17
100
AcDbEntity
  8
A-EQUIPO-FINO
100
AcDbLine
 10
676.6000000000001
 20
739.8000000000001
 30
0.0
 11
658.2
 21
762.2
 31
0.0
  0
LINE
  5
466F
330
17
100
AcDbEntity
  8
A-EQUIPO-FINO
100
AcDbLine
 10
658.2
 20
739.8000000000001
 30
0.0
 11
676.6000000000001
 21
762.2
 31
0.0
  0
HATCH
  5
4670
330
17
100
AcDbEntity
  8
A-EQUIPO-RELLENO
 62
7
420
9870240
100
AcDbHatch
 10
0.0
 20
0.0
 30
0.0
210
0.0
220
0.0
230
1.0
  2
SOLID
 70
1
 71
0
 91
1
 92
3
 72
0
 73
1
 93
4
 10
770.8000000000001
 20
535.0
 10
770.8000000000001
 20
537.0
 10
768.8000000000001
 20
537.0
 10
768.8000000000001
 20
535.0
 97
0
 75
1
 76
1
 98
0
  0
HATCH
  5
4671
330
17
100
AcDbEntity
  8
A-EQUIPO-RELLENO
 62
7
420
9870240
100
AcDbHatch
 10
0.0
 20
0.0
 30
0.0
210
0.0
220
0.0
230
1.0
  2
SOLID
 70
1
 71
0
 91
1
 92
3
 72
0
 73
1
 93
4
 10
751.2
 20
535.0
 10
751.2
 20
537.0
 10
749.2
 20
537.0
 10
749.2
 20
535.0
 97
0
 75
1
 76
1
 98
0
  0
HATCH
  5
4672
330
17
100
AcDbEntity
  8
A-EQUIPO-RELLENO
 62
7
420
9870240
100
AcDbHatch
 10
0.0
 20
0.0
 30
0.0
210
0.0
220
0.0
230
1.0
  2
SOLID
 70
1
 71
0
 91
1
 92
3
 72
0
 73
1
 93
4
 10
770.8000000000001
 20
592.0
 10
770.8000000000001
 20
594.0
 10
768.8000000000001
 20
594.0
 10
768.8000000000001
 20
592.0
 97
0
 75
1
 76
1
 98
0
  0
HATCH
  5
4673
330
17
100
AcDbEntity
  8
A-EQUIPO-RELLENO
 62
7
420
9870240
100
AcDbHatch
 10
0.0
 20
0.0
 30
0.0
210
0.0
220
0.0
230
1.0
  2
SOLID
 70
1
 71
0
 91
1
 92
3
 72
0
 73
1
 93
4
 10
751.2
 20
592.0
 10
751.2
 20
594.0
 10
749.2
 20
594.0
 10
749.2
 20
592.0
 97
0
 75
1
 76
1
 98
0
  0
HATCH
  5
4674
330
17
100
AcDbEntity
  8
A-EQUIPO-RELLENO
 62
7
420
9870240
100
AcDbHatch
 10
0.0
 20
0.0
 30
0.0
210
0.0
220
0.0
230
1.0
  2
SOLID
 70
1
 71
0
 91
1
 92
3
 72
0
 73
1
 93
4
 10
770.8000000000001
 20
650.0
 10
770.8000000000001
 20
652.0
 10
768.8000000000001
 20
652.0
 10
768.8000000000001
 20
650.0
 97
0
 75
1
 76
1
 98
0
  0
HATCH
  5
4675
330
17
100
AcDbEntity
  8
A-EQUIPO-RELLENO
 62
7
420
9870240
100
AcDbHatch
 10
0.0
 20
0.0
 30
0.0
210
0.0
220
0.0
230
1.0
  2
SOLID
 70
1
 71
0
 91
1
 92
3
 72
0
 73
1
 93
4
 10
751.2
 20
650.0
 10
751.2
 20
652.0
 10
749.2
 20
652.0
 10
749.2
 20
650.0
 97
0
 75
1
 76
1
 98
0
  0
HATCH
  5
4676
330
17
100
AcDbEntity
  8
A-EQUIPO-RELLENO
 62
7
420
9870240
100
AcDbHatch
 10
0.0
 20
0.0
 30
0.0
210
0.0
220
0.0
230
1.0
  2
SOLID
 70
1
 71
0
 91
1
 92
3
 72
0
 73
1
 93
4
 10
770.8000000000001
 20
708.0
 10
770.8000000000001
 20
710.0
 10
768.8000000000001
 20
710.0
 10
768.8000000000001
 20
708.0
 97
0
 75
1
 76
1
 98
0
  0
HATCH
  5
4677
330
17
100
AcDbEntity
  8
A-EQUIPO-RELLENO
 62
7
420
9870240
100
AcDbHatch
 10
0.0
 20
0.0
 30
0.0
210
0.0
220
0.0
230
1.0
  2
SOLID
 70
1
 71
0
 91
1
 92
3
 72
0
 73
1
 93
4
 10
751.2
 20
708.0
 10
751.2
 20
710.0
 10
749.2
 20
710.0
 10
749.2
 20
708.0
 97
0
 75
1
 76
1
 98
0
  0
HATCH
  5
4678
330
17
100
AcDbEntity
  8
A-EQUIPO-RELLENO
 62
7
420
9870240
100
AcDbHatch
 10
0.0
 20
0.0
 30
0.0
210
0.0
220
0.0
230
1.0
  2
SOLID
 70
1
 71
0
 91
1
 92
3
 72
0
 73
1
 93
4
 10
770.8000000000001
 20
765.0
 10
770.8000000000001
 20
767.0
 10
768.8000000000001
 20
767.0
 10
768.8000000000001
 20
765.0
 97
0
 75
1
 76
1
 98
0
  0
HATCH
  5
4679
330
17
100
AcDbEntity
  8
A-EQUIPO-RELLENO
 62
7
420
9870240
100
AcDbHatch
 10
0.0
 20
0.0
 30
0.0
210
0.0
220
0.0
230
1.0
  2
SOLID
 70
1
 71
0
 91
1
 92
3
 72
0
 73
1
 93
4
 10
751.2
 20
765.0
 10
751.2
 20
767.0
 10
749.2
 20
767.0
 10
749.2
 20
765.0
 97
0
 75
1
 76
1
 98
0
  0
HATCH
  5
467A
330
17
100
AcDbEntity
  8
A-EQUIPO-RELLENO
 62
7
420
15654592
100
AcDbHatch
 10
0.0
 20
0.0
 30
0.0
210
0.0
220
0.0
230
1.0
  2
SOLID
 70
1
 71
0
 91
1
 92
3
 72
0
 73
1
 93
4
 10
769.4000000000001
 20
537.0
 10
769.4000000000001
 20
561.0
 10
750.6
 20
561.0
 10
750.6
 20
537.0
 97
0
 75
1
 76
1
 98
0
  0
HATCH
  5
467B
330
17
100
AcDbEntity
  8
A-EQUIPO-RELLENO
 62
7
420
15654592
100
AcDbHatch
 10
0.0
 20
0.0
 30
0.0
210
0.0
220
0.0
230
1.0
  2
SOLID
 70
1
 71
0
 91
1
 92
3
 72
0
 73
1
 93
4
 10
769.4000000000001
 20
565.0
 10
769.4000000000001
 20
589.0
 10
750.6
 20
589.0
 10
750.6
 20
565.0
 97
0
 75
1
 76
1
 98
0
  0
HATCH
  5
467C
330
17
100
AcDbEntity
  8
A-EQUIPO-RELLENO
 62
7
420
15654592
100
AcDbHatch
 10
0.0
 20
0.0
 30
0.0
210
0.0
220
0.0
230
1.0
  2
SOLID
 70
1
 71
0
 91
1
 92
3
 72
0
 73
1
 93
4
 10
769.4000000000001
 20
595.0
 10
769.4000000000001
 20
619.0
 10
750.6
 20
619.0
 10
750.6
 20
595.0
 97
0
 75
1
 76
1
 98
0
  0
HATCH
  5
467D
330
17
100
AcDbEntity
  8
A-EQUIPO-RELLENO
 62
7
420
15654592
100
AcDbHatch
 10
0.0
 20
0.0
 30
0.0
210
0.0
220
0.0
230
1.0
  2
SOLID
 70
1
 71
0
 91
1
 92
3
 72
0
 73
1
 93
4
 10
769.4000000000001
 20
623.0
 10
769.4000000000001
 20
647.0
 10
750.6
 20
647.0
 10
750.6
 20
623.0
 97
0
 75
1
 76
1
 98
0
  0
HATCH
  5
467E
330
17
100
AcDbEntity
  8
A-EQUIPO-RELLENO
 62
7
420
15654592
100
AcDbHatch
 10
0.0
 20
0.0
 30
0.0
210
0.0
220
0.0
230
1.0
  2
SOLID
 70
1
 71
0
 91
1
 92
3
 72
0
 73
1
 93
4
 10
769.4000000000001
 20
653.0
 10
769.4000000000001
 20
677.0
 10
750.6
 20
677.0
 10
750.6
 20
653.0
 97
0
 75
1
 76
1
 98
0
  0
HATCH
  5
467F
330
17
100
AcDbEntity
  8
A-EQUIPO-RELLENO
 62
7
420
15654592
100
AcDbHatch
 10
0.0
 20
0.0
 30
0.0
210
0.0
220
0.0
230
1.0
  2
SOLID
 70
1
 71
0
 91
1
 92
3
 72
0
 73
1
 93
4
 10
769.4000000000001
 20
681.0
 10
769.4000000000001
 20
705.0
 10
750.6
 20
705.0
 10
750.6
 20
681.0
 97
0
 75
1
 76
1
 98
0
  0
HATCH
  5
4680
330
17
100
AcDbEntity
  8
A-EQUIPO-RELLENO
 62
7
420
15654592
100
AcDbHatch
 10
0.0
 20
0.0
 30
0.0
210
0.0
220
0.0
230
1.0
  2
SOLID
 70
1
 71
0
 91
1
 92
3
 72
0
 73
1
 93
4
 10
769.4000000000001
 20
711.0
 10
769.4000000000001
 20
735.0
 10
750.6
 20
735.0
 10
750.6
 20
711.0
 97
0
 75
1
 76
1
 98
0
  0
HATCH
  5
4681
330
17
100
AcDbEntity
  8
A-EQUIPO-RELLENO
 62
7
420
15654592
100
AcDbHatch
 10
0.0
 20
0.0
 30
0.0
210
0.0
220
0.0
230
1.0
  2
SOLID
 70
1
 71
0
 91
1
 92
3
 72
0
 73
1
 93
4
 10
769.4000000000001
 20
739.0
 10
769.4000000000001
 20
763.0
 10
750.6
 20
763.0
 10
750.6
 20
739.0
 97
0
 75
1
 76
1
 98
0
  0
LWPOLYLINE
  5
4682
330
17
100
AcDbEntity
  8
A-EQUIPO-OCULTO
100
AcDbPolyline
 90
4
 70
1
 10
771.0
 20
535.0
 10
771.0
 20
767.0
 10
749.0
 20
767.0
 10
749.0
 20
535.0
  0
LINE
  5
4683
330
17
100
AcDbEntity
  8
A-EQUIPO
100
AcDbLine
 10
769.8
 20
535.0
 30
0.0
 11
769.8
 21
767.0
 31
0.0
  0
LINE
  5
4684
330
17
100
AcDbEntity
  8
A-EQUIPO
100
AcDbLine
 10
750.2
 20
535.0
 30
0.0
 11
750.2
 21
767.0
 31
0.0
  0
LWPOLYLINE
  5
4685
330
17
100
AcDbEntity
  8
A-EQUIPO-FINO
100
AcDbPolyline
 90
4
 70
1
 10
770.8000000000001
 20
535.0
 10
770.8000000000001
 20
537.0
 10
768.8000000000001
 20
537.0
 10
768.8000000000001
 20
535.0
  0
LWPOLYLINE
  5
4686
330
17
100
AcDbEntity
  8
A-EQUIPO-FINO
100
AcDbPolyline
 90
4
 70
1
 10
751.2
 20
535.0
 10
751.2
 20
537.0
 10
749.2
 20
537.0
 10
749.2
 20
535.0
  0
LWPOLYLINE
  5
4687
330
17
100
AcDbEntity
  8
A-EQUIPO-FINO
100
AcDbPolyline
 90
5
 70
0
 10
769.8
 20
535.6
 10
764.9000000000001
 20
536.4
 10
760.0000000000001
 20
535.6
 10
755.1
 20
536.4
 10
750.2
 20
535.6
  0
LWPOLYLINE
  5
4688
330
17
100
AcDbEntity
  8
A-SEGURIDAD
100
AcDbPolyline
 90
3
 70
0
 10
771.0
 20
534.6
 10
772.6
 20
536.0
 10
771.0
 20
537.4000000000001
  0
LWPOLYLINE
  5
4689
330
17
100
AcDbEntity
  8
A-EQUIPO-FINO
100
AcDbPolyline
 90
4
 70
1
 10
770.8000000000001
 20
592.0
 10
770.8000000000001
 20
594.0
 10
768.8000000000001
 20
594.0
 10
768.8000000000001
 20
592.0
  0
LWPOLYLINE
  5
468A
330
17
100
AcDbEntity
  8
A-EQUIPO-FINO
100
AcDbPolyline
 90
4
 70
1
 10
751.2
 20
592.0
 10
751.2
 20
594.0
 10
749.2
 20
594.0
 10
749.2
 20
592.0
  0
LWPOLYLINE
  5
468B
330
17
100
AcDbEntity
  8
A-EQUIPO-FINO
100
AcDbPolyline
 90
5
 70
0
 10
769.8
 20
592.6
 10
764.9000000000001
 20
593.4
 10
760.0000000000001
 20
592.6
 10
755.1
 20
593.4
 10
750.2
 20
592.6
  0
LWPOLYLINE
  5
468C
330
17
100
AcDbEntity
  8
A-SEGURIDAD
100
AcDbPolyline
 90
3
 70
0
 10
771.0
 20
591.6
 10
772.6
 20
593.0
 10
771.0
 20
594.4000000000001
  0
LWPOLYLINE
  5
468D
330
17
100
AcDbEntity
  8
A-EQUIPO-FINO
100
AcDbPolyline
 90
4
 70
1
 10
770.8000000000001
 20
650.0
 10
770.8000000000001
 20
652.0
 10
768.8000000000001
 20
652.0
 10
768.8000000000001
 20
650.0
  0
LWPOLYLINE
  5
468E
330
17
100
AcDbEntity
  8
A-EQUIPO-FINO
100
AcDbPolyline
 90
4
 70
1
 10
751.2
 20
650.0
 10
751.2
 20
652.0
 10
749.2
 20
652.0
 10
749.2
 20
650.0
  0
LWPOLYLINE
  5
468F
330
17
100
AcDbEntity
  8
A-EQUIPO-FINO
100
AcDbPolyline
 90
5
 70
0
 10
769.8
 20
650.6
 10
764.9000000000001
 20
651.4
 10
760.0000000000001
 20
650.6
 10
755.1
 20
651.4
 10
750.2
 20
650.6
  0
LWPOLYLINE
  5
4690
330
17
100
AcDbEntity
  8
A-SEGURIDAD
100
AcDbPolyline
 90
3
 70
0
 10
771.0
 20
649.6
 10
772.6
 20
651.0
 10
771.0
 20
652.4000000000001
  0
LWPOLYLINE
  5
4691
330
17
100
AcDbEntity
  8
A-EQUIPO-FINO
100
AcDbPolyline
 90
4
 70
1
 10
770.8000000000001
 20
708.0
 10
770.8000000000001
 20
710.0
 10
768.8000000000001
 20
710.0
 10
768.8000000000001
 20
708.0
  0
LWPOLYLINE
  5
4692
330
17
100
AcDbEntity
  8
A-EQUIPO-FINO
100
AcDbPolyline
 90
4
 70
1
 10
751.2
 20
708.0
 10
751.2
 20
710.0
 10
749.2
 20
710.0
 10
749.2
 20
708.0
  0
LWPOLYLINE
  5
4693
330
17
100
AcDbEntity
  8
A-EQUIPO-FINO
100
AcDbPolyline
 90
5
 70
0
 10
769.8
 20
708.6
 10
764.9000000000001
 20
709.4
 10
760.0000000000001
 20
708.6
 10
755.1
 20
709.4
 10
750.2
 20
708.6
  0
LWPOLYLINE
  5
4694
330
17
100
AcDbEntity
  8
A-SEGURIDAD
100
AcDbPolyline
 90
3
 70
0
 10
771.0
 20
707.6
 10
772.6
 20
709.0
 10
771.0
 20
710.4000000000001
  0
LWPOLYLINE
  5
4695
330
17
100
AcDbEntity
  8
A-EQUIPO-FINO
100
AcDbPolyline
 90
4
 70
1
 10
770.8000000000001
 20
765.0
 10
770.8000000000001
 20
767.0
 10
768.8000000000001
 20
767.0
 10
768.8000000000001
 20
765.0
  0
LWPOLYLINE
  5
4696
330
17
100
AcDbEntity
  8
A-EQUIPO-FINO
100
AcDbPolyline
 90
4
 70
1
 10
751.2
 20
765.0
 10
751.2
 20
767.0
 10
749.2
 20
767.0
 10
749.2
 20
765.0
  0
LWPOLYLINE
  5
4697
330
17
100
AcDbEntity
  8
A-EQUIPO-FINO
100
AcDbPolyline
 90
5
 70
0
 10
769.8
 20
765.6
 10
764.9000000000001
 20
766.4
 10
760.0000000000001
 20
765.6
 10
755.1
 20
766.4
 10
750.2
 20
765.6
  0
LWPOLYLINE
  5
4698
330
17
100
AcDbEntity
  8
A-SEGURIDAD
100
AcDbPolyline
 90
3
 70
0
 10
771.0
 20
764.6
 10
772.6
 20
766.0
 10
771.0
 20
767.4000000000001
  0
LWPOLYLINE
  5
4699
330
17
100
AcDbEntity
  8
A-EQUIPO-FINO
100
AcDbPolyline
 90
4
 70
1
 10
769.4000000000001
 20
537.0
 10
769.4000000000001
 20
561.0
 10
750.6
 20
561.0
 10
750.6
 20
537.0
  0
LINE
  5
469A
330
17
100
AcDbEntity
  8
A-EQUIPO-FINO
100
AcDbLine
 10
769.4000000000001
 20
540.4285714285714
 30
0.0
 11
750.6
 21
540.4285714285714
 31
0.0
  0
LINE
  5
469B
330
17
100
AcDbEntity
  8
A-EQUIPO-FINO
100
AcDbLine
 10
769.4000000000001
 20
543.8571428571429
 30
0.0
 11
750.6
 21
543.8571428571429
 31
0.0
  0
LINE
  5
469C
330
17
100
AcDbEntity
  8
A-EQUIPO-FINO
100
AcDbLine
 10
769.4000000000001
 20
547.2857142857142
 30
0.0
 11
750.6
 21
547.2857142857142
 31
0.0
  0
LINE
  5
469D
330
17
100
AcDbEntity
  8
A-EQUIPO-FINO
100
AcDbLine
 10
769.4000000000001
 20
550.7142857142857
 30
0.0
 11
750.6
 21
550.7142857142857
 31
0.0
  0
LINE
  5
469E
330
17
100
AcDbEntity
  8
A-EQUIPO-FINO
100
AcDbLine
 10
769.4000000000001
 20
554.1428571428571
 30
0.0
 11
750.6
 21
554.1428571428571
 31
0.0
  0
LINE
  5
469F
330
17
100
AcDbEntity
  8
A-EQUIPO-FINO
100
AcDbLine
 10
769.4000000000001
 20
557.5714285714286
 30
0.0
 11
750.6
 21
557.5714285714286
 31
0.0
  0
LWPOLYLINE
  5
46A0
330
17
100
AcDbEntity
  8
A-EQUIPO
100
AcDbPolyline
 90
4
 70
1
 10
768.6000000000001
 20
537.8
 10
768.6000000000001
 20
560.2
 10
751.4
 20
560.2
 10
751.4
 20
537.8
  0
LINE
  5
46A1
330
17
100
AcDbEntity
  8
A-EQUIPO-FINO
100
AcDbLine
 10
768.6000000000001
 20
537.8
 30
0.0
 11
751.4
 21
560.2
 31
0.0
  0
LINE
  5
46A2
330
17
100
AcDbEntity
  8
A-EQUIPO-FINO
100
AcDbLine
 10
751.4
 20
537.8
 30
0.0
 11
768.6000000000001
 21
560.2
 31
0.0
  0
LWPOLYLINE
  5
46A3
330
17
100
AcDbEntity
  8
A-EQUIPO-FINO
100
AcDbPolyline
 90
4
 70
1
 10
769.4000000000001
 20
565.0
 10
769.4000000000001
 20
589.0
 10
750.6
 20
589.0
 10
750.6
 20
565.0
  0
LINE
  5
46A4
330
17
100
AcDbEntity
  8
A-EQUIPO-FINO
100
AcDbLine
 10
769.4000000000001
 20
568.4285714285714
 30
0.0
 11
750.6
 21
568.4285714285714
 31
0.0
  0
LINE
  5
46A5
330
17
100
AcDbEntity
  8
A-EQUIPO-FINO
100
AcDbLine
 10
769.4000000000001
 20
571.8571428571429
 30
0.0
 11
750.6
 21
571.8571428571429
 31
0.0
  0
LINE
  5
46A6
330
17
100
AcDbEntity
  8
A-EQUIPO-FINO
100
AcDbLine
 10
769.4000000000001
 20
575.2857142857142
 30
0.0
 11
750.6
 21
575.2857142857142
 31
0.0
  0
LINE
  5
46A7
330
17
100
AcDbEntity
  8
A-EQUIPO-FINO
100
AcDbLine
 10
769.4000000000001
 20
578.7142857142858
 30
0.0
 11
750.6
 21
578.7142857142858
 31
0.0
  0
LINE
  5
46A8
330
17
100
AcDbEntity
  8
A-EQUIPO-FINO
100
AcDbLine
 10
769.4000000000001
 20
582.1428571428571
 30
0.0
 11
750.6
 21
582.1428571428571
 31
0.0
  0
LINE
  5
46A9
330
17
100
AcDbEntity
  8
A-EQUIPO-FINO
100
AcDbLine
 10
769.4000000000001
 20
585.5714285714286
 30
0.0
 11
750.6
 21
585.5714285714286
 31
0.0
  0
LWPOLYLINE
  5
46AA
330
17
100
AcDbEntity
  8
A-EQUIPO
100
AcDbPolyline
 90
4
 70
1
 10
768.6000000000001
 20
565.8
 10
768.6000000000001
 20
588.2
 10
751.4
 20
588.2
 10
751.4
 20
565.8
  0
LINE
  5
46AB
330
17
100
AcDbEntity
  8
A-EQUIPO-FINO
100
AcDbLine
 10
768.6000000000001
 20
565.8
 30
0.0
 11
751.4
 21
588.2
 31
0.0
  0
LINE
  5
46AC
330
17
100
AcDbEntity
  8
A-EQUIPO-FINO
100
AcDbLine
 10
751.4
 20
565.8
 30
0.0
 11
768.6000000000001
 21
588.2
 31
0.0
  0
LWPOLYLINE
  5
46AD
330
17
100
AcDbEntity
  8
A-EQUIPO-FINO
100
AcDbPolyline
 90
4
 70
1
 10
769.4000000000001
 20
595.0
 10
769.4000000000001
 20
619.0
 10
750.6
 20
619.0
 10
750.6
 20
595.0
  0
LINE
  5
46AE
330
17
100
AcDbEntity
  8
A-EQUIPO-FINO
100
AcDbLine
 10
769.4000000000001
 20
598.4285714285714
 30
0.0
 11
750.6
 21
598.4285714285714
 31
0.0
  0
LINE
  5
46AF
330
17
100
AcDbEntity
  8
A-EQUIPO-FINO
100
AcDbLine
 10
769.4000000000001
 20
601.8571428571429
 30
0.0
 11
750.6
 21
601.8571428571429
 31
0.0
  0
LINE
  5
46B0
330
17
100
AcDbEntity
  8
A-EQUIPO-FINO
100
AcDbLine
 10
769.4000000000001
 20
605.2857142857142
 30
0.0
 11
750.6
 21
605.2857142857142
 31
0.0
  0
LINE
  5
46B1
330
17
100
AcDbEntity
  8
A-EQUIPO-FINO
100
AcDbLine
 10
769.4000000000001
 20
608.7142857142858
 30
0.0
 11
750.6
 21
608.7142857142858
 31
0.0
  0
LINE
  5
46B2
330
17
100
AcDbEntity
  8
A-EQUIPO-FINO
100
AcDbLine
 10
769.4000000000001
 20
612.1428571428571
 30
0.0
 11
750.6
 21
612.1428571428571
 31
0.0
  0
LINE
  5
46B3
330
17
100
AcDbEntity
  8
A-EQUIPO-FINO
100
AcDbLine
 10
769.4000000000001
 20
615.5714285714286
 30
0.0
 11
750.6
 21
615.5714285714286
 31
0.0
  0
LWPOLYLINE
  5
46B4
330
17
100
AcDbEntity
  8
A-EQUIPO
100
AcDbPolyline
 90
4
 70
1
 10
768.6000000000001
 20
595.8
 10
768.6000000000001
 20
618.2
 10
751.4
 20
618.2
 10
751.4
 20
595.8
  0
LINE
  5
46B5
330
17
100
AcDbEntity
  8
A-EQUIPO-FINO
100
AcDbLine
 10
768.6000000000001
 20
595.8
 30
0.0
 11
751.4
 21
618.2
 31
0.0
  0
LINE
  5
46B6
330
17
100
AcDbEntity
  8
A-EQUIPO-FINO
100
AcDbLine
 10
751.4
 20
595.8
 30
0.0
 11
768.6000000000001
 21
618.2
 31
0.0
  0
LWPOLYLINE
  5
46B7
330
17
100
AcDbEntity
  8
A-EQUIPO-FINO
100
AcDbPolyline
 90
4
 70
1
 10
769.4000000000001
 20
623.0
 10
769.4000000000001
 20
647.0
 10
750.6
 20
647.0
 10
750.6
 20
623.0
  0
LINE
  5
46B8
330
17
100
AcDbEntity
  8
A-EQUIPO-FINO
100
AcDbLine
 10
769.4000000000001
 20
626.4285714285714
 30
0.0
 11
750.6
 21
626.4285714285714
 31
0.0
  0
LINE
  5
46B9
330
17
100
AcDbEntity
  8
A-EQUIPO-FINO
100
AcDbLine
 10
769.4000000000001
 20
629.8571428571429
 30
0.0
 11
750.6
 21
629.8571428571429
 31
0.0
  0
LINE
  5
46BA
330
17
100
AcDbEntity
  8
A-EQUIPO-FINO
100
AcDbLine
 10
769.4000000000001
 20
633.2857142857142
 30
0.0
 11
750.6
 21
633.2857142857142
 31
0.0
  0
LINE
  5
46BB
330
17
100
AcDbEntity
  8
A-EQUIPO-FINO
100
AcDbLine
 10
769.4000000000001
 20
636.7142857142858
 30
0.0
 11
750.6
 21
636.7142857142858
 31
0.0
  0
LINE
  5
46BC
330
17
100
AcDbEntity
  8
A-EQUIPO-FINO
100
AcDbLine
 10
769.4000000000001
 20
640.1428571428571
 30
0.0
 11
750.6
 21
640.1428571428571
 31
0.0
  0
LINE
  5
46BD
330
17
100
AcDbEntity
  8
A-EQUIPO-FINO
100
AcDbLine
 10
769.4000000000001
 20
643.5714285714286
 30
0.0
 11
750.6
 21
643.5714285714286
 31
0.0
  0
LWPOLYLINE
  5
46BE
330
17
100
AcDbEntity
  8
A-EQUIPO
100
AcDbPolyline
 90
4
 70
1
 10
768.6000000000001
 20
623.8
 10
768.6000000000001
 20
646.2
 10
751.4
 20
646.2
 10
751.4
 20
623.8
  0
LINE
  5
46BF
330
17
100
AcDbEntity
  8
A-EQUIPO-FINO
100
AcDbLine
 10
768.6000000000001
 20
623.8
 30
0.0
 11
751.4
 21
646.2
 31
0.0
  0
LINE
  5
46C0
330
17
100
AcDbEntity
  8
A-EQUIPO-FINO
100
AcDbLine
 10
751.4
 20
623.8
 30
0.0
 11
768.6000000000001
 21
646.2
 31
0.0
  0
LWPOLYLINE
  5
46C1
330
17
100
AcDbEntity
  8
A-EQUIPO-FINO
100
AcDbPolyline
 90
4
 70
1
 10
769.4000000000001
 20
653.0
 10
769.4000000000001
 20
677.0
 10
750.6
 20
677.0
 10
750.6
 20
653.0
  0
LINE
  5
46C2
330
17
100
AcDbEntity
  8
A-EQUIPO-FINO
100
AcDbLine
 10
769.4000000000001
 20
656.4285714285714
 30
0.0
 11
750.6
 21
656.4285714285714
 31
0.0
  0
LINE
  5
46C3
330
17
100
AcDbEntity
  8
A-EQUIPO-FINO
100
AcDbLine
 10
769.4000000000001
 20
659.8571428571429
 30
0.0
 11
750.6
 21
659.8571428571429
 31
0.0
  0
LINE
  5
46C4
330
17
100
AcDbEntity
  8
A-EQUIPO-FINO
100
AcDbLine
 10
769.4000000000001
 20
663.2857142857142
 30
0.0
 11
750.6
 21
663.2857142857142
 31
0.0
  0
LINE
  5
46C5
330
17
100
AcDbEntity
  8
A-EQUIPO-FINO
100
AcDbLine
 10
769.4000000000001
 20
666.7142857142858
 30
0.0
 11
750.6
 21
666.7142857142858
 31
0.0
  0
LINE
  5
46C6
330
17
100
AcDbEntity
  8
A-EQUIPO-FINO
100
AcDbLine
 10
769.4000000000001
 20
670.1428571428571
 30
0.0
 11
750.6
 21
670.1428571428571
 31
0.0
  0
LINE
  5
46C7
330
17
100
AcDbEntity
  8
A-EQUIPO-FINO
100
AcDbLine
 10
769.4000000000001
 20
673.5714285714287
 30
0.0
 11
750.6
 21
673.5714285714287
 31
0.0
  0
LWPOLYLINE
  5
46C8
330
17
100
AcDbEntity
  8
A-EQUIPO
100
AcDbPolyline
 90
4
 70
1
 10
768.6000000000001
 20
653.8
 10
768.6000000000001
 20
676.2
 10
751.4
 20
676.2
 10
751.4
 20
653.8
  0
LINE
  5
46C9
330
17
100
AcDbEntity
  8
A-EQUIPO-FINO
100
AcDbLine
 10
768.6000000000001
 20
653.8
 30
0.0
 11
751.4
 21
676.2
 31
0.0
  0
LINE
  5
46CA
330
17
100
AcDbEntity
  8
A-EQUIPO-FINO
100
AcDbLine
 10
751.4
 20
653.8
 30
0.0
 11
768.6000000000001
 21
676.2
 31
0.0
  0
LWPOLYLINE
  5
46CB
330
17
100
AcDbEntity
  8
A-EQUIPO-FINO
100
AcDbPolyline
 90
4
 70
1
 10
769.4000000000001
 20
681.0
 10
769.4000000000001
 20
705.0
 10
750.6
 20
705.0
 10
750.6
 20
681.0
  0
LINE
  5
46CC
330
17
100
AcDbEntity
  8
A-EQUIPO-FINO
100
AcDbLine
 10
769.4000000000001
 20
684.4285714285714
 30
0.0
 11
750.6
 21
684.4285714285714
 31
0.0
  0
LINE
  5
46CD
330
17
100
AcDbEntity
  8
A-EQUIPO-FINO
100
AcDbLine
 10
769.4000000000001
 20
687.8571428571429
 30
0.0
 11
750.6
 21
687.8571428571429
 31
0.0
  0
LINE
  5
46CE
330
17
100
AcDbEntity
  8
A-EQUIPO-FINO
100
AcDbLine
 10
769.4000000000001
 20
691.2857142857143
 30
0.0
 11
750.6
 21
691.2857142857143
 31
0.0
  0
LINE
  5
46CF
330
17
100
AcDbEntity
  8
A-EQUIPO-FINO
100
AcDbLine
 10
769.4000000000001
 20
694.7142857142858
 30
0.0
 11
750.6
 21
694.7142857142858
 31
0.0
  0
LINE
  5
46D0
330
17
100
AcDbEntity
  8
A-EQUIPO-FINO
100
AcDbLine
 10
769.4000000000001
 20
698.1428571428571
 30
0.0
 11
750.6
 21
698.1428571428571
 31
0.0
  0
LINE
  5
46D1
330
17
100
AcDbEntity
  8
A-EQUIPO-FINO
100
AcDbLine
 10
769.4000000000001
 20
701.5714285714286
 30
0.0
 11
750.6
 21
701.5714285714286
 31
0.0
  0
LWPOLYLINE
  5
46D2
330
17
100
AcDbEntity
  8
A-EQUIPO
100
AcDbPolyline
 90
4
 70
1
 10
768.6000000000001
 20
681.8
 10
768.6000000000001
 20
704.2
 10
751.4
 20
704.2
 10
751.4
 20
681.8
  0
LINE
  5
46D3
330
17
100
AcDbEntity
  8
A-EQUIPO-FINO
100
AcDbLine
 10
768.6000000000001
 20
681.8
 30
0.0
 11
751.4
 21
704.2
 31
0.0
  0
LINE
  5
46D4
330
17
100
AcDbEntity
  8
A-EQUIPO-FINO
100
AcDbLine
 10
751.4
 20
681.8
 30
0.0
 11
768.6000000000001
 21
704.2
 31
0.0
  0
LWPOLYLINE
  5
46D5
330
17
100
AcDbEntity
  8
A-EQUIPO-FINO
100
AcDbPolyline
 90
4
 70
1
 10
769.4000000000001
 20
711.0
 10
769.4000000000001
 20
735.0
 10
750.6
 20
735.0
 10
750.6
 20
711.0
  0
LINE
  5
46D6
330
17
100
AcDbEntity
  8
A-EQUIPO-FINO
100
AcDbLine
 10
769.4000000000001
 20
714.4285714285714
 30
0.0
 11
750.6
 21
714.4285714285714
 31
0.0
  0
LINE
  5
46D7
330
17
100
AcDbEntity
  8
A-EQUIPO-FINO
100
AcDbLine
 10
769.4000000000001
 20
717.8571428571429
 30
0.0
 11
750.6
 21
717.8571428571429
 31
0.0
  0
LINE
  5
46D8
330
17
100
AcDbEntity
  8
A-EQUIPO-FINO
100
AcDbLine
 10
769.4000000000001
 20
721.2857142857143
 30
0.0
 11
750.6
 21
721.2857142857143
 31
0.0
  0
LINE
  5
46D9
330
17
100
AcDbEntity
  8
A-EQUIPO-FINO
100
AcDbLine
 10
769.4000000000001
 20
724.7142857142858
 30
0.0
 11
750.6
 21
724.7142857142858
 31
0.0
  0
LINE
  5
46DA
330
17
100
AcDbEntity
  8
A-EQUIPO-FINO
100
AcDbLine
 10
769.4000000000001
 20
728.1428571428571
 30
0.0
 11
750.6
 21
728.1428571428571
 31
0.0
  0
LINE
  5
46DB
330
17
100
AcDbEntity
  8
A-EQUIPO-FINO
100
AcDbLine
 10
769.4000000000001
 20
731.5714285714286
 30
0.0
 11
750.6
 21
731.5714285714286
 31
0.0
  0
LWPOLYLINE
  5
46DC
330
17
100
AcDbEntity
  8
A-EQUIPO
100
AcDbPolyline
 90
4
 70
1
 10
768.6000000000001
 20
711.8
 10
768.6000000000001
 20
734.2
 10
751.4
 20
734.2
 10
751.4
 20
711.8
  0
LINE
  5
46DD
330
17
100
AcDbEntity
  8
A-EQUIPO-FINO
100
AcDbLine
 10
768.6000000000001
 20
711.8
 30
0.0
 11
751.4
 21
734.2
 31
0.0
  0
LINE
  5
46DE
330
17
100
AcDbEntity
  8
A-EQUIPO-FINO
100
AcDbLine
 10
751.4
 20
711.8
 30
0.0
 11
768.6000000000001
 21
734.2
 31
0.0
  0
LWPOLYLINE
  5
46DF
330
17
100
AcDbEntity
  8
A-EQUIPO-FINO
100
AcDbPolyline
 90
4
 70
1
 10
769.4000000000001
 20
739.0
 10
769.4000000000001
 20
763.0
 10
750.6
 20
763.0
 10
750.6
 20
739.0
  0
LINE
  5
46E0
330
17
100
AcDbEntity
  8
A-EQUIPO-FINO
100
AcDbLine
 10
769.4000000000001
 20
742.4285714285714
 30
0.0
 11
750.6
 21
742.4285714285714
 31
0.0
  0
LINE
  5
46E1
330
17
100
AcDbEntity
  8
A-EQUIPO-FINO
100
AcDbLine
 10
769.4000000000001
 20
745.8571428571429
 30
0.0
 11
750.6
 21
745.8571428571429
 31
0.0
  0
LINE
  5
46E2
330
17
100
AcDbEntity
  8
A-EQUIPO-FINO
100
AcDbLine
 10
769.4000000000001
 20
749.2857142857143
 30
0.0
 11
750.6
 21
749.2857142857143
 31
0.0
  0
LINE
  5
46E3
330
17
100
AcDbEntity
  8
A-EQUIPO-FINO
100
AcDbLine
 10
769.4000000000001
 20
752.7142857142858
 30
0.0
 11
750.6
 21
752.7142857142858
 31
0.0
  0
LINE
  5
46E4
330
17
100
AcDbEntity
  8
A-EQUIPO-FINO
100
AcDbLine
 10
769.4000000000001
 20
756.1428571428571
 30
0.0
 11
750.6
 21
756.1428571428571
 31
0.0
  0
LINE
  5
46E5
330
17
100
AcDbEntity
  8
A-EQUIPO-FINO
100
AcDbLine
 10
769.4000000000001
 20
759.5714285714286
 30
0.0
 11
750.6
 21
759.5714285714286
 31
0.0
  0
LWPOLYLINE
  5
46E6
330
17
100
AcDbEntity
  8
A-EQUIPO
100
AcDbPolyline
 90
4
 70
1
 10
768.6000000000001
 20
739.8000000000001
 10
768.6000000000001
 20
762.2
 10
751.4
 20
762.2
 10
751.4
 20
739.8000000000001
  0
LINE
  5
46E7
330
17
100
AcDbEntity
  8
A-EQUIPO-FINO
100
AcDbLine
 10
768.6000000000001
 20
739.8000000000001
 30
0.0
 11
751.4
 21
762.2
 31
0.0
  0
LINE
  5
46E8
330
17
100
AcDbEntity
  8
A-EQUIPO-FINO
100
AcDbLine
 10
751.4
 20
739.8000000000001
 30
0.0
 11
768.6000000000001
 21
762.2
 31
0.0
  0
HATCH
  5
4A2A
330
17
100
AcDbEntity
  8
A-EQUIPO-RELLENO
 62
7
420
16777215
100
AcDbHatch
 10
0.0
 20
0.0
 30
0.0
210
0.0
220
0.0
230
1.0
  2
SOLID
 70
1
 71
0
 91
1
 92
3
 72
0
 73
1
 93
24
 10
531.0999999999999
 20
474.7
 10
531.1306667563399
 20
474.46706285940775
 10
531.220577136594
 20
474.25
 10
531.3636038969321
 20
474.06360389693214
 10
531.55
 20
473.92057713659403
 10
531.7670628594078
 20
473.83066675633984
 10
532.0
 20
473.79999999999995
 10
532.2329371405922
 20
473.83066675633984
 10
532.45
 20
473.92057713659403
 10
532.6363961030679
 20
474.06360389693214
 10
532.779422863406
 20
474.25
 10
532.8693332436601
 20
474.46706285940775
 10
532.9000000000001
 20
474.7
 10
532.8693332436601
 20
474.9329371405923
 10
532.779422863406
 20
475.15
 10
532.6363961030679
 20
475.3363961030679
 10
532.45
 20
475.479422863406
 10
532.2329371405922
 20
475.56933324366014
 10
532.0
 20
475.6
 10
531.7670628594078
 20
475.56933324366014
 10
531.55
 20
475.479422863406
 10
531.3636038969321
 20
475.3363961030679
 10
531.220577136594
 20
475.15
 10
531.1306667563399
 20
474.9329371405923
 97
0
 75
1
 76
1
 98
0
  0
CIRCLE
  5
4A35
330
17
100
AcDbEntity
  8
A-EQUIPO-FINO
100
AcDbCircle
 10
532.0
 20
474.7
 30
0.0
 40
0.8999999999999999
  0
LINE
  5
4A36
330
17
100
AcDbEntity
  8
A-EQUIPO-FINO
100
AcDbLine
 10
532.0
 20
474.7
 30
0.0
 11
531.37
 21
474.25
 31
0.0
  0
LINE
  5
4A37
330
17
100
AcDbEntity
  8
A-EQUIPO-FINO
100
AcDbLine
 10
531.503611039607
 20
475.19638896039294
 30
0.0
 11
531.3636038969321
 21
475.3363961030679
 31
0.0
  0
LINE
  5
4A38
330
17
100
AcDbEntity
  8
A-EQUIPO-FINO
100
AcDbLine
 10
531.298
 20
474.7
 30
0.0
 11
531.0999999999999
 21
474.7
 31
0.0
  0
LINE
  5
4A39
330
17
100
AcDbEntity
  8
A-EQUIPO-FINO
100
AcDbLine
 10
531.503611039607
 20
474.20361103960704
 30
0.0
 11
531.3636038969321
 21
474.06360389693214
 31
0.0
  0
LINE
  5
4A3A
330
17
100
AcDbEntity
  8
A-EQUIPO-FINO
100
AcDbLine
 10
532.0
 20
473.998
 30
0.0
 11
532.0
 21
473.79999999999995
 31
0.0
  0
LINE
  5
4A3B
330
17
100
AcDbEntity
  8
A-EQUIPO-FINO
100
AcDbLine
 10
532.496388960393
 20
474.20361103960704
 30
0.0
 11
532.6363961030679
 21
474.06360389693214
 31
0.0
  0
LINE
  5
4A3C
330
17
100
AcDbEntity
  8
A-EQUIPO-FINO
100
AcDbLine
 10
532.702
 20
474.7
 30
0.0
 11
532.9000000000001
 21
474.7
 31
0.0
  0
LINE
  5
4A3D
330
17
100
AcDbEntity
  8
A-EQUIPO-FINO
100
AcDbLine
 10
532.496388960393
 20
475.19638896039294
 30
0.0
 11
532.6363961030679
 21
475.3363961030679
 31
0.0
  0
LWPOLYLINE
  5
4A3E
330
17
100
AcDbEntity
  8
A-EQUIPO-OCULTO
100
AcDbPolyline
 90
3
 70
0
 10
532.0
 20
476.0
 10
531.0
 20
485.4
 10
532.0
 20
492.6
  0
CIRCLE
  5
4A3F
330
17
100
AcDbEntity
  8
A-EQUIPO-FINO
100
AcDbCircle
 10
532.0
 20
494.4
 30
0.0
 40
1.4000000000000001
  0
HATCH
  5
4A8C
330
17
100
AcDbEntity
  8
A-EQUIPO-RELLENO
 62
7
420
9870240
100
AcDbHatch
 10
0.0
 20
0.0
 30
0.0
210
0.0
220
0.0
230
1.0
  2
SOLID
 70
1
 71
0
 91
1
 92
3
 72
0
 73
1
 93
4
 10
530.9999999999999
 20
529.2
 10
533.0
 20
529.2
 10
533.0
 20
531.2
 10
530.9999999999999
 20
531.2
 97
0
 75
1
 76
1
 98
0
  0
HATCH
  5
4A8D
330
17
100
AcDbEntity
  8
A-EQUIPO-RELLENO
 62
7
420
9870240
100
AcDbHatch
 10
0.0
 20
0.0
 30
0.0
210
0.0
220
0.0
230
1.0
  2
SOLID
 70
1
 71
0
 91
1
 92
3
 72
0
 73
1
 93
4
 10
530.9999999999999
 20
544.8
 10
533.0
 20
544.8
 10
533.0
 20
546.8
 10
530.9999999999999
 20
546.8
 97
0
 75
1
 76
1
 98
0
  0
LWPOLYLINE
  5
4A9B
330
17
100
AcDbEntity
  8
A-EQUIPO-FINO
100
AcDbPolyline
 90
4
 70
1
 10
530.9999999999999
 20
529.2
 10
533.0
 20
529.2
 10
533.0
 20
531.2
 10
530.9999999999999
 20
531.2
  0
LWPOLYLINE
  5
4A9C
330
17
100
AcDbEntity
  8
A-EQUIPO-FINO
100
AcDbPolyline
 90
4
 70
1
 10
530.9999999999999
 20
544.8
 10
533.0
 20
544.8
 10
533.0
 20
546.8
 10
530.9999999999999
 20
546.8
  0
LWPOLYLINE
  5
4A9D
330
17
100
AcDbEntity
  8
A-EQUIPO-FINO
100
AcDbPolyline
 90
5
 70
0
 10
531.5999999999999
 20
530.2
 10
532.3999999999999
 20
534.1
 10
531.5999999999999
 20
538.0
 10
532.3999999999999
 20
541.9
 10
531.5999999999999
 20
545.8
  0
LWPOLYLINE
  5
4A9E
330
17
100
AcDbEntity
  8
A-SEGURIDAD
100
AcDbPolyline
 90
3
 70
0
 10
530.6
 20
529.0
 10
532.0
 20
527.4000000000001
 10
533.4
 20
529.0
  0
HATCH
  5
56FE
330
17
100
AcDbEntity
  8
A-EQUIPO-RELLENO
 62
7
420
15658734
100
AcDbHatch
 10
0.0
 20
0.0
 30
0.0
210
0.0
220
0.0
230
1.0
  2
SOLID
 70
1
 71
0
 91
1
 92
3
 72
0
 73
1
 93
4
 10
669.0
 20
402.0
 10
729.0
 20
402.0
 10
729.0
 20
442.0
 10
669.0
 20
442.0
 97
0
 75
1
 76
1
 98
0
  0
LWPOLYLINE
  5
56FF
330
17
100
AcDbEntity
  8
A-MOBILIARIO
100
AcDbPolyline
 90
4
 70
1
 10
669.0
 20
402.0
 10
729.0
 20
402.0
 10
729.0
 20
442.0
 10
669.0
 20
442.0
  0
LINE
  5
5700
330
17
100
AcDbEntity
  8
A-EQUIPO-FINO
100
AcDbLine
 10
676.5
 20
403.0
 30
0.0
 11
674.5
 21
441.0
 31
0.0
  0
LINE
  5
5701
330
17
100
AcDbEntity
  8
A-EQUIPO-FINO
100
AcDbLine
 10
684.0
 20
403.0
 30
0.0
 11
682.0
 21
441.0
 31
0.0
  0
LINE
  5
5702
330
17
100
AcDbEntity
  8
A-EQUIPO-FINO
100
AcDbLine
 10
691.5
 20
403.0
 30
0.0
 11
689.5
 21
441.0
 31
0.0
  0
LINE
  5
5703
330
17
100
AcDbEntity
  8
A-EQUIPO-FINO
100
AcDbLine
 10
699.0
 20
403.0
 30
0.0
 11
697.0
 21
441.0
 31
0.0
  0
LINE
  5
5704
330
17
100
AcDbEntity
  8
A-EQUIPO-FINO
100
AcDbLine
 10
706.5
 20
403.0
 30
0.0
 11
704.5
 21
441.0
 31
0.0
  0
LINE
  5
5705
330
17
100
AcDbEntity
  8
A-EQUIPO-FINO
100
AcDbLine
 10
714.0
 20
403.0
 30
0.0
 11
712.0
 21
441.0
 31
0.0
  0
LINE
  5
5706
330
17
100
AcDbEntity
  8
A-EQUIPO-FINO
100
AcDbLine
 10
721.5
 20
403.0
 30
0.0
 11
719.5
 21
441.0
 31
0.0
  0
LWPOLYLINE
  5
5707
330
17
100
AcDbEntity
  8
A-EQUIPO-FINO
100
AcDbPolyline
 90
4
 70
1
 10
670.0
 20
402.0
 10
728.0000000000001
 20
402.0
 10
728.0000000000001
 20
407.0
 10
670.0
 20
407.0
  0
HATCH
  5
5708
330
17
100
AcDbEntity
  8
A-EQUIPO-RELLENO
 62
7
420
15658734
100
AcDbHatch
 10
0.0
 20
0.0
 30
0.0
210
0.0
220
0.0
230
1.0
  2
SOLID
 70
1
 71
0
 91
1
 92
3
 72
0
 73
1
 93
4
 10
749.0
 20
402.0
 10
809.0
 20
402.0
 10
809.0
 20
442.0
 10
749.0
 20
442.0
 97
0
 75
1
 76
1
 98
0
  0
LWPOLYLINE
  5
5709
330
17
100
AcDbEntity
  8
A-MOBILIARIO
100
AcDbPolyline
 90
4
 70
1
 10
749.0
 20
402.0
 10
809.0
 20
402.0
 10
809.0
 20
442.0
 10
749.0
 20
442.0
  0
LINE
  5
570A
330
17
100
AcDbEntity
  8
A-EQUIPO-FINO
100
AcDbLine
 10
756.5
 20
403.0
 30
0.0
 11
754.5
 21
441.0
 31
0.0
  0
LINE
  5
570B
330
17
100
AcDbEntity
  8
A-EQUIPO-FINO
100
AcDbLine
 10
764.0
 20
403.0
 30
0.0
 11
762.0
 21
441.0
 31
0.0
  0
LINE
  5
570C
330
17
100
AcDbEntity
  8
A-EQUIPO-FINO
100
AcDbLine
 10
771.5
 20
403.0
 30
0.0
 11
769.5
 21
441.0
 31
0.0
  0
LINE
  5
570D
330
17
100
AcDbEntity
  8
A-EQUIPO-FINO
100
AcDbLine
 10
779.0
 20
403.0
 30
0.0
 11
777.0
 21
441.0
 31
0.0
  0
LINE
  5
570E
330
17
100
AcDbEntity
  8
A-EQUIPO-FINO
100
AcDbLine
 10
786.5
 20
403.0
 30
0.0
 11
784.5
 21
441.0
 31
0.0
  0
LINE
  5
570F
330
17
100
AcDbEntity
  8
A-EQUIPO-FINO
100
AcDbLine
 10
794.0
 20
403.0
 30
0.0
 11
792.0
 21
441.0
 31
0.0
  0
LINE
  5
5710
330
17
100
AcDbEntity
  8
A-EQUIPO-FINO
100
AcDbLine
 10
801.5
 20
403.0
 30
0.0
 11
799.5
 21
441.0
 31
0.0
  0
LWPOLYLINE
  5
5711
330
17
100
AcDbEntity
  8
A-EQUIPO-FINO
100
AcDbPolyline
 90
4
 70
1
 10
750.0
 20
402.0
 10
808.0000000000001
 20
402.0
 10
808.0000000000001
 20
407.0
 10
750.0
 20
407.0
  0
HATCH
  5
5712
330
17
100
AcDbEntity
  8
A-EQUIPO-RELLENO
 62
7
420
15658734
100
AcDbHatch
 10
0.0
 20
0.0
 30
0.0
210
0.0
220
0.0
230
1.0
  2
SOLID
 70
1
 71
0
 91
1
 92
3
 72
0
 73
1
 93
4
 10
545.0
 20
402.0
 10
605.0
 20
402.0
 10
605.0
 20
442.0
 10
545.0
 20
442.0
 97
0
 75
1
 76
1
 98
0
  0
LWPOLYLINE
  5
5713
330
17
100
AcDbEntity
  8
A-MOBILIARIO
100
AcDbPolyline
 90
4
 70
1
 10
545.0
 20
402.0
 10
605.0
 20
402.0
 10
605.0
 20
442.0
 10
545.0
 20
442.0
  0
LINE
  5
5714
330
17
100
AcDbEntity
  8
A-EQUIPO-FINO
100
AcDbLine
 10
552.5
 20
403.0
 30
0.0
 11
550.5
 21
441.0
 31
0.0
  0
LINE
  5
5715
330
17
100
AcDbEntity
  8
A-EQUIPO-FINO
100
AcDbLine
 10
560.0
 20
403.0
 30
0.0
 11
558.0
 21
441.0
 31
0.0
  0
LINE
  5
5716
330
17
100
AcDbEntity
  8
A-EQUIPO-FINO
100
AcDbLine
 10
567.5
 20
403.0
 30
0.0
 11
565.5
 21
441.0
 31
0.0
  0
LINE
  5
5717
330
17
100
AcDbEntity
  8
A-EQUIPO-FINO
100
AcDbLine
 10
575.0
 20
403.0
 30
0.0
 11
573.0
 21
441.0
 31
0.0
  0
LINE
  5
5718
330
17
100
AcDbEntity
  8
A-EQUIPO-FINO
100
AcDbLine
 10
582.5
 20
403.0
 30
0.0
 11
580.5
 21
441.0
 31
0.0
  0
LINE
  5
5719
330
17
100
AcDbEntity
  8
A-EQUIPO-FINO
100
AcDbLine
 10
590.0
 20
403.0
 30
0.0
 11
588.0
 21
441.0
 31
0.0
  0
LINE
  5
571A
330
17
100
AcDbEntity
  8
A-EQUIPO-FINO
100
AcDbLine
 10
597.5
 20
403.0
 30
0.0
 11
595.5
 21
441.0
 31
0.0
  0
LWPOLYLINE
  5
571B
330
17
100
AcDbEntity
  8
A-EQUIPO-FINO
100
AcDbPolyline
 90
4
 70
1
 10
545.9999999999999
 20
402.0
 10
604.0
 20
402.0
 10
604.0
 20
407.0
 10
545.9999999999999
 20
407.0
  0
HATCH
  5
571C
330
17
100
AcDbEntity
  8
A-EQUIPO-RELLENO
 62
7
420
15654592
100
AcDbHatch
 10
0.0
 20
0.0
 30
0.0
210
0.0
220
0.0
230
1.0
  2
SOLID
 70
1
 71
0
 91
1
 92
3
 72
0
 73
1
 93
4
 10
663.0000000000001
 20
440.0
 10
638.0
 20
440.0
 10
638.0
 20
404.0
 10
663.0000000000001
 20
404.0
 97
0
 75
1
 76
1
 98
0
  0
HATCH
  5
571D
330
17
100
AcDbEntity
  8
A-EQUIPO-RELLENO
 62
7
420
15654592
100
AcDbHatch
 10
0.0
 20
0.0
 30
0.0
210
0.0
220
0.0
230
1.0
  2
SOLID
 70
1
 71
0
 91
1
 92
3
 72
0
 73
1
 93
4
 10
636.0
 20
440.0
 10
610.9999999999999
 20
440.0
 10
610.9999999999999
 20
404.0
 10
636.0
 20
404.0
 97
0
 75
1
 76
1
 98
0
  0
LWPOLYLINE
  5
571E
330
17
100
AcDbEntity
  8
A-EQUIPO-FINO
100
AcDbPolyline
 90
4
 70
1
 10
663.0000000000001
 20
440.0
 10
638.0
 20
440.0
 10
638.0
 20
404.0
 10
663.0000000000001
 20
404.0
  0
LINE
  5
571F
330
17
100
AcDbEntity
  8
A-EQUIPO-FINO
100
AcDbLine
 10
659.4285714285714
 20
440.0
 30
0.0
 11
659.4285714285714
 21
404.0
 31
0.0
  0
LINE
  5
5720
330
17
100
AcDbEntity
  8
A-EQUIPO-FINO
100
AcDbLine
 10
655.8571428571429
 20
440.0
 30
0.0
 11
655.8571428571429
 21
404.0
 31
0.0
  0
LINE
  5
5721
330
17
100
AcDbEntity
  8
A-EQUIPO-FINO
100
AcDbLine
 10
652.2857142857142
 20
440.0
 30
0.0
 11
652.2857142857142
 21
404.0
 31
0.0
  0
LINE
  5
5722
330
17
100
AcDbEntity
  8
A-EQUIPO-FINO
100
AcDbLine
 10
648.7142857142858
 20
440.0
 30
0.0
 11
648.7142857142858
 21
404.0
 31
0.0
  0
LINE
  5
5723
330
17
100
AcDbEntity
  8
A-EQUIPO-FINO
100
AcDbLine
 10
645.1428571428571
 20
440.0
 30
0.0
 11
645.1428571428571
 21
404.0
 31
0.0
  0
LINE
  5
5724
330
17
100
AcDbEntity
  8
A-EQUIPO-FINO
100
AcDbLine
 10
641.5714285714286
 20
440.0
 30
0.0
 11
641.5714285714286
 21
404.0
 31
0.0
  0
LWPOLYLINE
  5
5725
330
17
100
AcDbEntity
  8
A-EQUIPO
100
AcDbPolyline
 90
4
 70
1
 10
662.1999999999999
 20
439.2
 10
638.8000000000001
 20
439.2
 10
638.8000000000001
 20
404.8
 10
662.1999999999999
 20
404.8
  0
LINE
  5
5726
330
17
100
AcDbEntity
  8
A-EQUIPO-FINO
100
AcDbLine
 10
662.1999999999999
 20
439.2
 30
0.0
 11
638.8000000000001
 21
404.8
 31
0.0
  0
LINE
  5
5727
330
17
100
AcDbEntity
  8
A-EQUIPO-FINO
100
AcDbLine
 10
662.1999999999999
 20
404.8
 30
0.0
 11
638.8000000000001
 21
439.2
 31
0.0
  0
LWPOLYLINE
  5
5728
330
17
100
AcDbEntity
  8
A-EQUIPO-FINO
100
AcDbPolyline
 90
4
 70
1
 10
636.0
 20
440.0
 10
610.9999999999999
 20
440.0
 10
610.9999999999999
 20
404.0
 10
636.0
 20
404.0
  0
LINE
  5
5729
330
17
100
AcDbEntity
  8
A-EQUIPO-FINO
100
AcDbLine
 10
632.4285714285714
 20
440.0
 30
0.0
 11
632.4285714285714
 21
404.0
 31
0.0
  0
LINE
  5
572A
330
17
100
AcDbEntity
  8
A-EQUIPO-FINO
100
AcDbLine
 10
628.8571428571429
 20
440.0
 30
0.0
 11
628.8571428571429
 21
404.0
 31
0.0
  0
LINE
  5
572B
330
17
100
AcDbEntity
  8
A-EQUIPO-FINO
100
AcDbLine
 10
625.2857142857142
 20
440.0
 30
0.0
 11
625.2857142857142
 21
404.0
 31
0.0
  0
LINE
  5
572C
330
17
100
AcDbEntity
  8
A-EQUIPO-FINO
100
AcDbLine
 10
621.7142857142858
 20
440.0
 30
0.0
 11
621.7142857142858
 21
404.0
 31
0.0
  0
LINE
  5
572D
330
17
100
AcDbEntity
  8
A-EQUIPO-FINO
100
AcDbLine
 10
618.1428571428571
 20
440.0
 30
0.0
 11
618.1428571428571
 21
404.0
 31
0.0
  0
LINE
  5
572E
330
17
100
AcDbEntity
  8
A-EQUIPO-FINO
100
AcDbLine
 10
614.5714285714286
 20
440.0
 30
0.0
 11
614.5714285714286
 21
404.0
 31
0.0
  0
LWPOLYLINE
  5
572F
330
17
100
AcDbEntity
  8
A-EQUIPO
100
AcDbPolyline
 90
4
 70
1
 10
635.1999999999999
 20
439.2
 10
611.8
 20
439.20000000000005
 10
611.8
 20
404.8
 10
635.1999999999999
 20
404.8
  0
LINE
  5
5730
330
17
100
AcDbEntity
  8
A-EQUIPO-FINO
100
AcDbLine
 10
635.1999999999999
 20
439.2
 30
0.0
 11
611.8
 21
404.8
 31
0.0
  0
LINE
  5
5731
330
17
100
AcDbEntity
  8
A-EQUIPO-FINO
100
AcDbLine
 10
635.1999999999999
 20
404.8
 30
0.0
 11
611.8
 21
439.20000000000005
 31
0.0
  0
HATCH
  5
5734
330
17
100
AcDbEntity
  8
A-EQUIPO-RELLENO
 62
7
420
13488340
100
AcDbHatch
 10
0.0
 20
0.0
 30
0.0
210
0.0
220
0.0
230
1.0
  2
SOLID
 70
1
 71
0
 91
1
 92
3
 72
0
 73
1
 93
4
 10
884.0
 20
740.0
 10
874.0
 20
740.0
 10
874.0
 20
734.0
 10
884.0
 20
734.0
 97
0
 75
1
 76
1
 98
0
  0
LWPOLYLINE
  5
573C
330
17
100
AcDbEntity
  8
A-MOBILIARIO
100
AcDbPolyline
 90
4
 70
1
 10
884.0
 20
740.0
 10
874.0
 20
740.0
 10
874.0
 20
734.0
 10
884.0
 20
734.0
  0
LINE
  5
573D
330
17
100
AcDbEntity
  8
A-EQUIPO-FINO
100
AcDbLine
 10
879.0
 20
740.0
 30
0.0
 11
879.0
 21
753.35
 31
0.0
  0
LINE
  5
573E
330
17
100
AcDbEntity
  8
A-EQUIPO-OCULTO
100
AcDbLine
 10
865.0
 20
770.0
 30
0.0
 11
865.0
 21
741.0
 31
0.0
  0
LINE
  5
574E
330
17
100
AcDbEntity
  8
A-EQUIPO-FINO
100
AcDbLine
 10
869.795918367347
 20
648.0
 30
0.0
 11
869.795918367347
 21
673.0
 31
0.0
  0
LINE
  5
574F
330
17
100
AcDbEntity
  8
A-EQUIPO-FINO
100
AcDbLine
 10
873.5918367346939
 20
648.0
 30
0.0
 11
873.5918367346939
 21
673.0
 31
0.0
  0
LINE
  5
5750
330
17
100
AcDbEntity
  8
A-EQUIPO-FINO
100
AcDbLine
 10
877.3877551020407
 20
648.0
 30
0.0
 11
877.3877551020407
 21
673.0
 31
0.0
  0
LINE
  5
5751
330
17
100
AcDbEntity
  8
A-EQUIPO-FINO
100
AcDbLine
 10
881.1836734693877
 20
648.0
 30
0.0
 11
881.1836734693877
 21
673.0
 31
0.0
  0
LINE
  5
5752
330
17
100
AcDbEntity
  8
A-EQUIPO-FINO
100
AcDbLine
 10
884.9795918367347
 20
648.0
 30
0.0
 11
884.9795918367347
 21
673.0
 31
0.0
  0
CIRCLE
  5
5754
330
17
100
AcDbEntity
  8
A-EQUIPO-FINO
100
AcDbCircle
 10
868.4122448979592
 20
650.3
 30
0.0
 40
1.4400000000000002
  0
CIRCLE
  5
5755
330
17
100
AcDbEntity
  8
A-EQUIPO-FINO
100
AcDbCircle
 10
868.4122448979592
 20
650.3
 30
0.0
 40
0.44800000000000006
  0
CIRCLE
  5
5756
330
17
100
AcDbEntity
  8
A-EQUIPO-FINO
100
AcDbCircle
 10
868.4122448979592
 20
653.7
 30
0.0
 40
1.4400000000000002
  0
CIRCLE
  5
5757
330
17
100
AcDbEntity
  8
A-EQUIPO-FINO
100
AcDbCircle
 10
868.4122448979592
 20
653.7
 30
0.0
 40
0.44800000000000006
  0
CIRCLE
  5
5758
330
17
100
AcDbEntity
  8
A-EQUIPO-FINO
100
AcDbCircle
 10
868.4122448979592
 20
657.1
 30
0.0
 40
1.4400000000000002
  0
CIRCLE
  5
5759
330
17
100
AcDbEntity
  8
A-EQUIPO-FINO
100
AcDbCircle
 10
868.4122448979592
 20
657.1
 30
0.0
 40
0.44800000000000006
  0
CIRCLE
  5
575A
330
17
100
AcDbEntity
  8
A-EQUIPO-FINO
100
AcDbCircle
 10
868.4122448979592
 20
660.5
 30
0.0
 40
1.4400000000000002
  0
CIRCLE
  5
575B
330
17
100
AcDbEntity
  8
A-EQUIPO-FINO
100
AcDbCircle
 10
868.4122448979592
 20
660.5
 30
0.0
 40
0.44800000000000006
  0
CIRCLE
  5
575C
330
17
100
AcDbEntity
  8
A-EQUIPO-FINO
100
AcDbCircle
 10
868.4122448979592
 20
663.9
 30
0.0
 40
1.4400000000000002
  0
CIRCLE
  5
575D
330
17
100
AcDbEntity
  8
A-EQUIPO-FINO
100
AcDbCircle
 10
868.4122448979592
 20
663.9
 30
0.0
 40
0.44800000000000006
  0
CIRCLE
  5
575E
330
17
100
AcDbEntity
  8
A-EQUIPO-FINO
100
AcDbCircle
 10
868.4122448979592
 20
667.3000000000001
 30
0.0
 40
1.4400000000000002
  0
CIRCLE
  5
575F
330
17
100
AcDbEntity
  8
A-EQUIPO-FINO
100
AcDbCircle
 10
868.4122448979592
 20
667.3000000000001
 30
0.0
 40
0.44800000000000006
  0
CIRCLE
  5
5760
330
17
100
AcDbEntity
  8
A-EQUIPO-FINO
100
AcDbCircle
 10
868.4122448979592
 20
670.7
 30
0.0
 40
1.4400000000000002
  0
CIRCLE
  5
5761
330
17
100
AcDbEntity
  8
A-EQUIPO-FINO
100
AcDbCircle
 10
868.4122448979592
 20
670.7
 30
0.0
 40
0.44800000000000006
  0
CIRCLE
  5
5762
330
17
100
AcDbEntity
  8
A-EQUIPO-FINO
100
AcDbCircle
 10
872.0367346938775
 20
650.3
 30
0.0
 40
1.4400000000000002
  0
CIRCLE
  5
5763
330
17
100
AcDbEntity
  8
A-EQUIPO-FINO
100
AcDbCircle
 10
872.0367346938775
 20
650.3
 30
0.0
 40
0.44800000000000006
  0
CIRCLE
  5
5764
330
17
100
AcDbEntity
  8
A-EQUIPO-FINO
100
AcDbCircle
 10
872.0367346938775
 20
653.7
 30
0.0
 40
1.4400000000000002
  0
CIRCLE
  5
5765
330
17
100
AcDbEntity
  8
A-EQUIPO-FINO
100
AcDbCircle
 10
872.0367346938775
 20
653.7
 30
0.0
 40
0.44800000000000006
  0
CIRCLE
  5
5766
330
17
100
AcDbEntity
  8
A-EQUIPO-FINO
100
AcDbCircle
 10
872.0367346938775
 20
657.1
 30
0.0
 40
1.4400000000000002
  0
CIRCLE
  5
5767
330
17
100
AcDbEntity
  8
A-EQUIPO-FINO
100
AcDbCircle
 10
872.0367346938775
 20
657.1
 30
0.0
 40
0.44800000000000006
  0
CIRCLE
  5
5768
330
17
100
AcDbEntity
  8
A-EQUIPO-FINO
100
AcDbCircle
 10
872.0367346938775
 20
660.5
 30
0.0
 40
1.4400000000000002
  0
CIRCLE
  5
5769
330
17
100
AcDbEntity
  8
A-EQUIPO-FINO
100
AcDbCircle
 10
872.0367346938775
 20
660.5
 30
0.0
 40
0.44800000000000006
  0
CIRCLE
  5
576A
330
17
100
AcDbEntity
  8
A-EQUIPO-FINO
100
AcDbCircle
 10
872.0367346938775
 20
663.9
 30
0.0
 40
1.4400000000000002
  0
CIRCLE
  5
576B
330
17
100
AcDbEntity
  8
A-EQUIPO-FINO
100
AcDbCircle
 10
872.0367346938775
 20
663.9
 30
0.0
 40
0.44800000000000006
  0
CIRCLE
  5
576C
330
17
100
AcDbEntity
  8
A-EQUIPO-FINO
100
AcDbCircle
 10
872.0367346938775
 20
667.3000000000001
 30
0.0
 40
1.4400000000000002
  0
CIRCLE
  5
576D
330
17
100
AcDbEntity
  8
A-EQUIPO-FINO
100
AcDbCircle
 10
872.0367346938775
 20
667.3000000000001
 30
0.0
 40
0.44800000000000006
  0
CIRCLE
  5
576E
330
17
100
AcDbEntity
  8
A-EQUIPO-FINO
100
AcDbCircle
 10
872.0367346938775
 20
670.7
 30
0.0
 40
1.4400000000000002
  0
CIRCLE
  5
576F
330
17
100
AcDbEntity
  8
A-EQUIPO-FINO
100
AcDbCircle
 10
872.0367346938775
 20
670.7
 30
0.0
 40
0.44800000000000006
  0
CIRCLE
  5
5770
330
17
100
AcDbEntity
  8
A-EQUIPO-FINO
100
AcDbCircle
 10
875.6612244897959
 20
650.3
 30
0.0
 40
1.4400000000000002
  0
CIRCLE
  5
5771
330
17
100
AcDbEntity
  8
A-EQUIPO-FINO
100
AcDbCircle
 10
875.6612244897959
 20
650.3
 30
0.0
 40
0.44800000000000006
  0
CIRCLE
  5
5772
330
17
100
AcDbEntity
  8
A-EQUIPO-FINO
100
AcDbCircle
 10
875.6612244897959
 20
653.7
 30
0.0
 40
1.4400000000000002
  0
CIRCLE
  5
5773
330
17
100
AcDbEntity
  8
A-EQUIPO-FINO
100
AcDbCircle
 10
875.6612244897959
 20
653.7
 30
0.0
 40
0.44800000000000006
  0
CIRCLE
  5
5774
330
17
100
AcDbEntity
  8
A-EQUIPO-FINO
100
AcDbCircle
 10
875.6612244897959
 20
657.1
 30
0.0
 40
1.4400000000000002
  0
CIRCLE
  5
5775
330
17
100
AcDbEntity
  8
A-EQUIPO-FINO
100
AcDbCircle
 10
875.6612244897959
 20
657.1
 30
0.0
 40
0.44800000000000006
  0
CIRCLE
  5
5776
330
17
100
AcDbEntity
  8
A-EQUIPO-FINO
100
AcDbCircle
 10
875.6612244897959
 20
660.5
 30
0.0
 40
1.4400000000000002
  0
CIRCLE
  5
5777
330
17
100
AcDbEntity
  8
A-EQUIPO-FINO
100
AcDbCircle
 10
875.6612244897959
 20
660.5
 30
0.0
 40
0.44800000000000006
  0
CIRCLE
  5
5778
330
17
100
AcDbEntity
  8
A-EQUIPO-FINO
100
AcDbCircle
 10
875.6612244897959
 20
663.9
 30
0.0
 40
1.4400000000000002
  0
CIRCLE
  5
5779
330
17
100
AcDbEntity
  8
A-EQUIPO-FINO
100
AcDbCircle
 10
875.6612244897959
 20
663.9
 30
0.0
 40
0.44800000000000006
  0
CIRCLE
  5
577A
330
17
100
AcDbEntity
  8
A-EQUIPO-FINO
100
AcDbCircle
 10
875.6612244897959
 20
667.3000000000001
 30
0.0
 40
1.4400000000000002
  0
CIRCLE
  5
577B
330
17
100
AcDbEntity
  8
A-EQUIPO-FINO
100
AcDbCircle
 10
875.6612244897959
 20
667.3000000000001
 30
0.0
 40
0.44800000000000006
  0
CIRCLE
  5
577C
330
17
100
AcDbEntity
  8
A-EQUIPO-FINO
100
AcDbCircle
 10
875.6612244897959
 20
670.7
 30
0.0
 40
1.4400000000000002
  0
CIRCLE
  5
577D
330
17
100
AcDbEntity
  8
A-EQUIPO-FINO
100
AcDbCircle
 10
875.6612244897959
 20
670.7
 30
0.0
 40
0.44800000000000006
  0
CIRCLE
  5
577E
330
17
100
AcDbEntity
  8
A-EQUIPO-FINO
100
AcDbCircle
 10
879.2857142857142
 20
650.3
 30
0.0
 40
1.4400000000000002
  0
CIRCLE
  5
577F
330
17
100
AcDbEntity
  8
A-EQUIPO-FINO
100
AcDbCircle
 10
879.2857142857142
 20
650.3
 30
0.0
 40
0.44800000000000006
  0
CIRCLE
  5
5780
330
17
100
AcDbEntity
  8
A-EQUIPO-FINO
100
AcDbCircle
 10
879.2857142857142
 20
653.7
 30
0.0
 40
1.4400000000000002
  0
CIRCLE
  5
5781
330
17
100
AcDbEntity
  8
A-EQUIPO-FINO
100
AcDbCircle
 10
879.2857142857142
 20
653.7
 30
0.0
 40
0.44800000000000006
  0
CIRCLE
  5
5782
330
17
100
AcDbEntity
  8
A-EQUIPO-FINO
100
AcDbCircle
 10
879.2857142857142
 20
657.1
 30
0.0
 40
1.4400000000000002
  0
CIRCLE
  5
5783
330
17
100
AcDbEntity
  8
A-EQUIPO-FINO
100
AcDbCircle
 10
879.2857142857142
 20
657.1
 30
0.0
 40
0.44800000000000006
  0
CIRCLE
  5
5784
330
17
100
AcDbEntity
  8
A-EQUIPO-FINO
100
AcDbCircle
 10
879.2857142857142
 20
660.5
 30
0.0
 40
1.4400000000000002
  0
CIRCLE
  5
5785
330
17
100
AcDbEntity
  8
A-EQUIPO-FINO
100
AcDbCircle
 10
879.2857142857142
 20
660.5
 30
0.0
 40
0.44800000000000006
  0
CIRCLE
  5
5786
330
17
100
AcDbEntity
  8
A-EQUIPO-FINO
100
AcDbCircle
 10
879.2857142857142
 20
663.9
 30
0.0
 40
1.4400000000000002
  0
CIRCLE
  5
5787
330
17
100
AcDbEntity
  8
A-EQUIPO-FINO
100
AcDbCircle
 10
879.2857142857142
 20
663.9
 30
0.0
 40
0.44800000000000006
  0
CIRCLE
  5
5788
330
17
100
AcDbEntity
  8
A-EQUIPO-FINO
100
AcDbCircle
 10
879.2857142857142
 20
667.3000000000001
 30
0.0
 40
1.4400000000000002
  0
CIRCLE
  5
5789
330
17
100
AcDbEntity
  8
A-EQUIPO-FINO
100
AcDbCircle
 10
879.2857142857142
 20
667.3000000000001
 30
0.0
 40
0.44800000000000006
  0
CIRCLE
  5
578A
330
17
100
AcDbEntity
  8
A-EQUIPO-FINO
100
AcDbCircle
 10
879.2857142857142
 20
670.7
 30
0.0
 40
1.4400000000000002
  0
CIRCLE
  5
578B
330
17
100
AcDbEntity
  8
A-EQUIPO-FINO
100
AcDbCircle
 10
879.2857142857142
 20
670.7
 30
0.0
 40
0.44800000000000006
  0
CIRCLE
  5
578C
330
17
100
AcDbEntity
  8
A-EQUIPO-FINO
100
AcDbCircle
 10
882.9102040816326
 20
650.3
 30
0.0
 40
1.4400000000000002
  0
CIRCLE
  5
578D
330
17
100
AcDbEntity
  8
A-EQUIPO-FINO
100
AcDbCircle
 10
882.9102040816326
 20
650.3
 30
0.0
 40
0.44800000000000006
  0
CIRCLE
  5
578E
330
17
100
AcDbEntity
  8
A-EQUIPO-FINO
100
AcDbCircle
 10
882.9102040816326
 20
653.7
 30
0.0
 40
1.4400000000000002
  0
CIRCLE
  5
578F
330
17
100
AcDbEntity
  8
A-EQUIPO-FINO
100
AcDbCircle
 10
882.9102040816326
 20
653.7
 30
0.0
 40
0.44800000000000006
  0
CIRCLE
  5
5790
330
17
100
AcDbEntity
  8
A-EQUIPO-FINO
100
AcDbCircle
 10
882.9102040816326
 20
657.1
 30
0.0
 40
1.4400000000000002
  0
CIRCLE
  5
5791
330
17
100
AcDbEntity
  8
A-EQUIPO-FINO
100
AcDbCircle
 10
882.9102040816326
 20
657.1
 30
0.0
 40
0.44800000000000006
  0
CIRCLE
  5
5792
330
17
100
AcDbEntity
  8
A-EQUIPO-FINO
100
AcDbCircle
 10
882.9102040816326
 20
660.5
 30
0.0
 40
1.4400000000000002
  0
CIRCLE
  5
5793
330
17
100
AcDbEntity
  8
A-EQUIPO-FINO
100
AcDbCircle
 10
882.9102040816326
 20
660.5
 30
0.0
 40
0.44800000000000006
  0
CIRCLE
  5
5794
330
17
100
AcDbEntity
  8
A-EQUIPO-FINO
100
AcDbCircle
 10
882.9102040816326
 20
663.9
 30
0.0
 40
1.4400000000000002
  0
CIRCLE
  5
5795
330
17
100
AcDbEntity
  8
A-EQUIPO-FINO
100
AcDbCircle
 10
882.9102040816326
 20
663.9
 30
0.0
 40
0.44800000000000006
  0
CIRCLE
  5
5796
330
17
100
AcDbEntity
  8
A-EQUIPO-FINO
100
AcDbCircle
 10
882.9102040816326
 20
667.3000000000001
 30
0.0
 40
1.4400000000000002
  0
CIRCLE
  5
5797
330
17
100
AcDbEntity
  8
A-EQUIPO-FINO
100
AcDbCircle
 10
882.9102040816326
 20
667.3000000000001
 30
0.0
 40
0.44800000000000006
  0
CIRCLE
  5
5798
330
17
100
AcDbEntity
  8
A-EQUIPO-FINO
100
AcDbCircle
 10
882.9102040816326
 20
670.7
 30
0.0
 40
1.4400000000000002
  0
CIRCLE
  5
5799
330
17
100
AcDbEntity
  8
A-EQUIPO-FINO
100
AcDbCircle
 10
882.9102040816326
 20
670.7
 30
0.0
 40
0.44800000000000006
  0
CIRCLE
  5
579A
330
17
100
AcDbEntity
  8
A-EQUIPO-FINO
100
AcDbCircle
 10
886.5346938775509
 20
650.3
 30
0.0
 40
1.4400000000000002
  0
CIRCLE
  5
579B
330
17
100
AcDbEntity
  8
A-EQUIPO-FINO
100
AcDbCircle
 10
886.5346938775509
 20
650.3
 30
0.0
 40
0.44800000000000006
  0
CIRCLE
  5
579C
330
17
100
AcDbEntity
  8
A-EQUIPO-FINO
100
AcDbCircle
 10
886.5346938775509
 20
653.7
 30
0.0
 40
1.4400000000000002
  0
CIRCLE
  5
579D
330
17
100
AcDbEntity
  8
A-EQUIPO-FINO
100
AcDbCircle
 10
886.5346938775509
 20
653.7
 30
0.0
 40
0.44800000000000006
  0
CIRCLE
  5
579E
330
17
100
AcDbEntity
  8
A-EQUIPO-FINO
100
AcDbCircle
 10
886.5346938775509
 20
657.1
 30
0.0
 40
1.4400000000000002
  0
CIRCLE
  5
579F
330
17
100
AcDbEntity
  8
A-EQUIPO-FINO
100
AcDbCircle
 10
886.5346938775509
 20
657.1
 30
0.0
 40
0.44800000000000006
  0
CIRCLE
  5
57A0
330
17
100
AcDbEntity
  8
A-EQUIPO-FINO
100
AcDbCircle
 10
886.5346938775509
 20
660.5
 30
0.0
 40
1.4400000000000002
  0
CIRCLE
  5
57A1
330
17
100
AcDbEntity
  8
A-EQUIPO-FINO
100
AcDbCircle
 10
886.5346938775509
 20
660.5
 30
0.0
 40
0.44800000000000006
  0
CIRCLE
  5
57A2
330
17
100
AcDbEntity
  8
A-EQUIPO-FINO
100
AcDbCircle
 10
886.5346938775509
 20
663.9
 30
0.0
 40
1.4400000000000002
  0
CIRCLE
  5
57A3
330
17
100
AcDbEntity
  8
A-EQUIPO-FINO
100
AcDbCircle
 10
886.5346938775509
 20
663.9
 30
0.0
 40
0.44800000000000006
  0
CIRCLE
  5
57A4
330
17
100
AcDbEntity
  8
A-EQUIPO-FINO
100
AcDbCircle
 10
886.5346938775509
 20
667.3000000000001
 30
0.0
 40
1.4400000000000002
  0
CIRCLE
  5
57A5
330
17
100
AcDbEntity
  8
A-EQUIPO-FINO
100
AcDbCircle
 10
886.5346938775509
 20
667.3000000000001
 30
0.0
 40
0.44800000000000006
  0
CIRCLE
  5
57A6
330
17
100
AcDbEntity
  8
A-EQUIPO-FINO
100
AcDbCircle
 10
886.5346938775509
 20
670.7
 30
0.0
 40
1.4400000000000002
  0
CIRCLE
  5
57A7
330
17
100
AcDbEntity
  8
A-EQUIPO-FINO
100
AcDbCircle
 10
886.5346938775509
 20
670.7
 30
0.0
 40
0.44800000000000006
  0
LINE
  5
57B7
330
17
100
AcDbEntity
  8
A-EQUIPO-FINO
100
AcDbLine
 10
869.795918367347
 20
675.0
 30
0.0
 11
869.795918367347
 21
700.0
 31
0.0
  0
LINE
  5
57B8
330
17
100
AcDbEntity
  8
A-EQUIPO-FINO
100
AcDbLine
 10
873.5918367346939
 20
675.0
 30
0.0
 11
873.5918367346939
 21
700.0
 31
0.0
  0
LINE
  5
57B9
330
17
100
AcDbEntity
  8
A-EQUIPO-FINO
100
AcDbLine
 10
877.3877551020407
 20
675.0
 30
0.0
 11
877.3877551020407
 21
700.0
 31
0.0
  0
LINE
  5
57BA
330
17
100
AcDbEntity
  8
A-EQUIPO-FINO
100
AcDbLine
 10
881.1836734693877
 20
675.0
 30
0.0
 11
881.1836734693877
 21
700.0
 31
0.0
  0
LINE
  5
57BB
330
17
100
AcDbEntity
  8
A-EQUIPO-FINO
100
AcDbLine
 10
884.9795918367347
 20
675.0
 30
0.0
 11
884.9795918367347
 21
700.0
 31
0.0
  0
CIRCLE
  5
57BD
330
17
100
AcDbEntity
  8
A-EQUIPO-FINO
100
AcDbCircle
 10
868.4122448979592
 20
677.3000000000001
 30
0.0
 40
1.4400000000000002
  0
CIRCLE
  5
57BE
330
17
100
AcDbEntity
  8
A-EQUIPO-FINO
100
AcDbCircle
 10
868.4122448979592
 20
677.3000000000001
 30
0.0
 40
0.44800000000000006
  0
CIRCLE
  5
57BF
330
17
100
AcDbEntity
  8
A-EQUIPO-FINO
100
AcDbCircle
 10
868.4122448979592
 20
680.7
 30
0.0
 40
1.4400000000000002
  0
CIRCLE
  5
57C0
330
17
100
AcDbEntity
  8
A-EQUIPO-FINO
100
AcDbCircle
 10
868.4122448979592
 20
680.7
 30
0.0
 40
0.44800000000000006
  0
CIRCLE
  5
57C1
330
17
100
AcDbEntity
  8
A-EQUIPO-FINO
100
AcDbCircle
 10
868.4122448979592
 20
684.0999999999999
 30
0.0
 40
1.4400000000000002
  0
CIRCLE
  5
57C2
330
17
100
AcDbEntity
  8
A-EQUIPO-FINO
100
AcDbCircle
 10
868.4122448979592
 20
684.0999999999999
 30
0.0
 40
0.44800000000000006
  0
CIRCLE
  5
57C3
330
17
100
AcDbEntity
  8
A-EQUIPO-FINO
100
AcDbCircle
 10
868.4122448979592
 20
687.5
 30
0.0
 40
1.4400000000000002
  0
CIRCLE
  5
57C4
330
17
100
AcDbEntity
  8
A-EQUIPO-FINO
100
AcDbCircle
 10
868.4122448979592
 20
687.5
 30
0.0
 40
0.44800000000000006
  0
CIRCLE
  5
57C5
330
17
100
AcDbEntity
  8
A-EQUIPO-FINO
100
AcDbCircle
 10
868.4122448979592
 20
690.9000000000001
 30
0.0
 40
1.4400000000000002
  0
CIRCLE
  5
57C6
330
17
100
AcDbEntity
  8
A-EQUIPO-FINO
100
AcDbCircle
 10
868.4122448979592
 20
690.9000000000001
 30
0.0
 40
0.44800000000000006
  0
CIRCLE
  5
57C7
330
17
100
AcDbEntity
  8
A-EQUIPO-FINO
100
AcDbCircle
 10
868.4122448979592
 20
694.3
 30
0.0
 40
1.4400000000000002
  0
CIRCLE
  5
57C8
330
17
100
AcDbEntity
  8
A-EQUIPO-FINO
100
AcDbCircle
 10
868.4122448979592
 20
694.3
 30
0.0
 40
0.44800000000000006
  0
CIRCLE
  5
57C9
330
17
100
AcDbEntity
  8
A-EQUIPO-FINO
100
AcDbCircle
 10
868.4122448979592
 20
697.7
 30
0.0
 40
1.4400000000000002
  0
CIRCLE
  5
57CA
330
17
100
AcDbEntity
  8
A-EQUIPO-FINO
100
AcDbCircle
 10
868.4122448979592
 20
697.7
 30
0.0
 40
0.44800000000000006
  0
CIRCLE
  5
57CB
330
17
100
AcDbEntity
  8
A-EQUIPO-FINO
100
AcDbCircle
 10
872.0367346938775
 20
677.3000000000001
 30
0.0
 40
1.4400000000000002
  0
CIRCLE
  5
57CC
330
17
100
AcDbEntity
  8
A-EQUIPO-FINO
100
AcDbCircle
 10
872.0367346938775
 20
677.3000000000001
 30
0.0
 40
0.44800000000000006
  0
CIRCLE
  5
57CD
330
17
100
AcDbEntity
  8
A-EQUIPO-FINO
100
AcDbCircle
 10
872.0367346938775
 20
680.7
 30
0.0
 40
1.4400000000000002
  0
CIRCLE
  5
57CE
330
17
100
AcDbEntity
  8
A-EQUIPO-FINO
100
AcDbCircle
 10
872.0367346938775
 20
680.7
 30
0.0
 40
0.44800000000000006
  0
CIRCLE
  5
57CF
330
17
100
AcDbEntity
  8
A-EQUIPO-FINO
100
AcDbCircle
 10
872.0367346938775
 20
684.0999999999999
 30
0.0
 40
1.4400000000000002
  0
CIRCLE
  5
57D0
330
17
100
AcDbEntity
  8
A-EQUIPO-FINO
100
AcDbCircle
 10
872.0367346938775
 20
684.0999999999999
 30
0.0
 40
0.44800000000000006
  0
CIRCLE
  5
57D1
330
17
100
AcDbEntity
  8
A-EQUIPO-FINO
100
AcDbCircle
 10
872.0367346938775
 20
687.5
 30
0.0
 40
1.4400000000000002
  0
CIRCLE
  5
57D2
330
17
100
AcDbEntity
  8
A-EQUIPO-FINO
100
AcDbCircle
 10
872.0367346938775
 20
687.5
 30
0.0
 40
0.44800000000000006
  0
CIRCLE
  5
57D3
330
17
100
AcDbEntity
  8
A-EQUIPO-FINO
100
AcDbCircle
 10
872.0367346938775
 20
690.9000000000001
 30
0.0
 40
1.4400000000000002
  0
CIRCLE
  5
57D4
330
17
100
AcDbEntity
  8
A-EQUIPO-FINO
100
AcDbCircle
 10
872.0367346938775
 20
690.9000000000001
 30
0.0
 40
0.44800000000000006
  0
CIRCLE
  5
57D5
330
17
100
AcDbEntity
  8
A-EQUIPO-FINO
100
AcDbCircle
 10
872.0367346938775
 20
694.3
 30
0.0
 40
1.4400000000000002
  0
CIRCLE
  5
57D6
330
17
100
AcDbEntity
  8
A-EQUIPO-FINO
100
AcDbCircle
 10
872.0367346938775
 20
694.3
 30
0.0
 40
0.44800000000000006
  0
CIRCLE
  5
57D7
330
17
100
AcDbEntity
  8
A-EQUIPO-FINO
100
AcDbCircle
 10
872.0367346938775
 20
697.7
 30
0.0
 40
1.4400000000000002
  0
CIRCLE
  5
57D8
330
17
100
AcDbEntity
  8
A-EQUIPO-FINO
100
AcDbCircle
 10
872.0367346938775
 20
697.7
 30
0.0
 40
0.44800000000000006
  0
CIRCLE
  5
57D9
330
17
100
AcDbEntity
  8
A-EQUIPO-FINO
100
AcDbCircle
 10
875.6612244897959
 20
677.3000000000001
 30
0.0
 40
1.4400000000000002
  0
CIRCLE
  5
57DA
330
17
100
AcDbEntity
  8
A-EQUIPO-FINO
100
AcDbCircle
 10
875.6612244897959
 20
677.3000000000001
 30
0.0
 40
0.44800000000000006
  0
CIRCLE
  5
57DB
330
17
100
AcDbEntity
  8
A-EQUIPO-FINO
100
AcDbCircle
 10
875.6612244897959
 20
680.7
 30
0.0
 40
1.4400000000000002
  0
CIRCLE
  5
57DC
330
17
100
AcDbEntity
  8
A-EQUIPO-FINO
100
AcDbCircle
 10
875.6612244897959
 20
680.7
 30
0.0
 40
0.44800000000000006
  0
CIRCLE
  5
57DD
330
17
100
AcDbEntity
  8
A-EQUIPO-FINO
100
AcDbCircle
 10
875.6612244897959
 20
684.0999999999999
 30
0.0
 40
1.4400000000000002
  0
CIRCLE
  5
57DE
330
17
100
AcDbEntity
  8
A-EQUIPO-FINO
100
AcDbCircle
 10
875.6612244897959
 20
684.0999999999999
 30
0.0
 40
0.44800000000000006
  0
CIRCLE
  5
57DF
330
17
100
AcDbEntity
  8
A-EQUIPO-FINO
100
AcDbCircle
 10
875.6612244897959
 20
687.5
 30
0.0
 40
1.4400000000000002
  0
CIRCLE
  5
57E0
330
17
100
AcDbEntity
  8
A-EQUIPO-FINO
100
AcDbCircle
 10
875.6612244897959
 20
687.5
 30
0.0
 40
0.44800000000000006
  0
CIRCLE
  5
57E1
330
17
100
AcDbEntity
  8
A-EQUIPO-FINO
100
AcDbCircle
 10
875.6612244897959
 20
690.9000000000001
 30
0.0
 40
1.4400000000000002
  0
CIRCLE
  5
57E2
330
17
100
AcDbEntity
  8
A-EQUIPO-FINO
100
AcDbCircle
 10
875.6612244897959
 20
690.9000000000001
 30
0.0
 40
0.44800000000000006
  0
CIRCLE
  5
57E3
330
17
100
AcDbEntity
  8
A-EQUIPO-FINO
100
AcDbCircle
 10
875.6612244897959
 20
694.3
 30
0.0
 40
1.4400000000000002
  0
CIRCLE
  5
57E4
330
17
100
AcDbEntity
  8
A-EQUIPO-FINO
100
AcDbCircle
 10
875.6612244897959
 20
694.3
 30
0.0
 40
0.44800000000000006
  0
CIRCLE
  5
57E5
330
17
100
AcDbEntity
  8
A-EQUIPO-FINO
100
AcDbCircle
 10
875.6612244897959
 20
697.7
 30
0.0
 40
1.4400000000000002
  0
CIRCLE
  5
57E6
330
17
100
AcDbEntity
  8
A-EQUIPO-FINO
100
AcDbCircle
 10
875.6612244897959
 20
697.7
 30
0.0
 40
0.44800000000000006
  0
CIRCLE
  5
57E7
330
17
100
AcDbEntity
  8
A-EQUIPO-FINO
100
AcDbCircle
 10
879.2857142857142
 20
677.3000000000001
 30
0.0
 40
1.4400000000000002
  0
CIRCLE
  5
57E8
330
17
100
AcDbEntity
  8
A-EQUIPO-FINO
100
AcDbCircle
 10
879.2857142857142
 20
677.3000000000001
 30
0.0
 40
0.44800000000000006
  0
CIRCLE
  5
57E9
330
17
100
AcDbEntity
  8
A-EQUIPO-FINO
100
AcDbCircle
 10
879.2857142857142
 20
680.7
 30
0.0
 40
1.4400000000000002
  0
CIRCLE
  5
57EA
330
17
100
AcDbEntity
  8
A-EQUIPO-FINO
100
AcDbCircle
 10
879.2857142857142
 20
680.7
 30
0.0
 40
0.44800000000000006
  0
CIRCLE
  5
57EB
330
17
100
AcDbEntity
  8
A-EQUIPO-FINO
100
AcDbCircle
 10
879.2857142857142
 20
684.0999999999999
 30
0.0
 40
1.4400000000000002
  0
CIRCLE
  5
57EC
330
17
100
AcDbEntity
  8
A-EQUIPO-FINO
100
AcDbCircle
 10
879.2857142857142
 20
684.0999999999999
 30
0.0
 40
0.44800000000000006
  0
CIRCLE
  5
57ED
330
17
100
AcDbEntity
  8
A-EQUIPO-FINO
100
AcDbCircle
 10
879.2857142857142
 20
687.5
 30
0.0
 40
1.4400000000000002
  0
CIRCLE
  5
57EE
330
17
100
AcDbEntity
  8
A-EQUIPO-FINO
100
AcDbCircle
 10
879.2857142857142
 20
687.5
 30
0.0
 40
0.44800000000000006
  0
CIRCLE
  5
57EF
330
17
100
AcDbEntity
  8
A-EQUIPO-FINO
100
AcDbCircle
 10
879.2857142857142
 20
690.9000000000001
 30
0.0
 40
1.4400000000000002
  0
CIRCLE
  5
57F0
330
17
100
AcDbEntity
  8
A-EQUIPO-FINO
100
AcDbCircle
 10
879.2857142857142
 20
690.9000000000001
 30
0.0
 40
0.44800000000000006
  0
CIRCLE
  5
57F1
330
17
100
AcDbEntity
  8
A-EQUIPO-FINO
100
AcDbCircle
 10
879.2857142857142
 20
694.3
 30
0.0
 40
1.4400000000000002
  0
CIRCLE
  5
57F2
330
17
100
AcDbEntity
  8
A-EQUIPO-FINO
100
AcDbCircle
 10
879.2857142857142
 20
694.3
 30
0.0
 40
0.44800000000000006
  0
CIRCLE
  5
57F3
330
17
100
AcDbEntity
  8
A-EQUIPO-FINO
100
AcDbCircle
 10
879.2857142857142
 20
697.7
 30
0.0
 40
1.4400000000000002
  0
CIRCLE
  5
57F4
330
17
100
AcDbEntity
  8
A-EQUIPO-FINO
100
AcDbCircle
 10
879.2857142857142
 20
697.7
 30
0.0
 40
0.44800000000000006
  0
CIRCLE
  5
57F5
330
17
100
AcDbEntity
  8
A-EQUIPO-FINO
100
AcDbCircle
 10
882.9102040816326
 20
677.3000000000001
 30
0.0
 40
1.4400000000000002
  0
CIRCLE
  5
57F6
330
17
100
AcDbEntity
  8
A-EQUIPO-FINO
100
AcDbCircle
 10
882.9102040816326
 20
677.3000000000001
 30
0.0
 40
0.44800000000000006
  0
CIRCLE
  5
57F7
330
17
100
AcDbEntity
  8
A-EQUIPO-FINO
100
AcDbCircle
 10
882.9102040816326
 20
680.7
 30
0.0
 40
1.4400000000000002
  0
CIRCLE
  5
57F8
330
17
100
AcDbEntity
  8
A-EQUIPO-FINO
100
AcDbCircle
 10
882.9102040816326
 20
680.7
 30
0.0
 40
0.44800000000000006
  0
CIRCLE
  5
57F9
330
17
100
AcDbEntity
  8
A-EQUIPO-FINO
100
AcDbCircle
 10
882.9102040816326
 20
684.0999999999999
 30
0.0
 40
1.4400000000000002
  0
CIRCLE
  5
57FA
330
17
100
AcDbEntity
  8
A-EQUIPO-FINO
100
AcDbCircle
 10
882.9102040816326
 20
684.0999999999999
 30
0.0
 40
0.44800000000000006
  0
CIRCLE
  5
57FB
330
17
100
AcDbEntity
  8
A-EQUIPO-FINO
100
AcDbCircle
 10
882.9102040816326
 20
687.5
 30
0.0
 40
1.4400000000000002
  0
CIRCLE
  5
57FC
330
17
100
AcDbEntity
  8
A-EQUIPO-FINO
100
AcDbCircle
 10
882.9102040816326
 20
687.5
 30
0.0
 40
0.44800000000000006
  0
CIRCLE
  5
57FD
330
17
100
AcDbEntity
  8
A-EQUIPO-FINO
100
AcDbCircle
 10
882.9102040816326
 20
690.9000000000001
 30
0.0
 40
1.4400000000000002
  0
CIRCLE
  5
57FE
330
17
100
AcDbEntity
  8
A-EQUIPO-FINO
100
AcDbCircle
 10
882.9102040816326
 20
690.9000000000001
 30
0.0
 40
0.44800000000000006
  0
CIRCLE
  5
57FF
330
17
100
AcDbEntity
  8
A-EQUIPO-FINO
100
AcDbCircle
 10
882.9102040816326
 20
694.3
 30
0.0
 40
1.4400000000000002
  0
CIRCLE
  5
5800
330
17
100
AcDbEntity
  8
A-EQUIPO-FINO
100
AcDbCircle
 10
882.9102040816326
 20
694.3
 30
0.0
 40
0.44800000000000006
  0
CIRCLE
  5
5801
330
17
100
AcDbEntity
  8
A-EQUIPO-FINO
100
AcDbCircle
 10
882.9102040816326
 20
697.7
 30
0.0
 40
1.4400000000000002
  0
CIRCLE
  5
5802
330
17
100
AcDbEntity
  8
A-EQUIPO-FINO
100
AcDbCircle
 10
882.9102040816326
 20
697.7
 30
0.0
 40
0.44800000000000006
  0
CIRCLE
  5
5803
330
17
100
AcDbEntity
  8
A-EQUIPO-FINO
100
AcDbCircle
 10
886.5346938775509
 20
677.3000000000001
 30
0.0
 40
1.4400000000000002
  0
CIRCLE
  5
5804
330
17
100
AcDbEntity
  8
A-EQUIPO-FINO
100
AcDbCircle
 10
886.5346938775509
 20
677.3000000000001
 30
0.0
 40
0.44800000000000006
  0
CIRCLE
  5
5805
330
17
100
AcDbEntity
  8
A-EQUIPO-FINO
100
AcDbCircle
 10
886.5346938775509
 20
680.7
 30
0.0
 40
1.4400000000000002
  0
CIRCLE
  5
5806
330
17
100
AcDbEntity
  8
A-EQUIPO-FINO
100
AcDbCircle
 10
886.5346938775509
 20
680.7
 30
0.0
 40
0.44800000000000006
  0
CIRCLE
  5
5807
330
17
100
AcDbEntity
  8
A-EQUIPO-FINO
100
AcDbCircle
 10
886.5346938775509
 20
684.0999999999999
 30
0.0
 40
1.4400000000000002
  0
CIRCLE
  5
5808
330
17
100
AcDbEntity
  8
A-EQUIPO-FINO
100
AcDbCircle
 10
886.5346938775509
 20
684.0999999999999
 30
0.0
 40
0.44800000000000006
  0
CIRCLE
  5
5809
330
17
100
AcDbEntity
  8
A-EQUIPO-FINO
100
AcDbCircle
 10
886.5346938775509
 20
687.5
 30
0.0
 40
1.4400000000000002
  0
CIRCLE
  5
580A
330
17
100
AcDbEntity
  8
A-EQUIPO-FINO
100
AcDbCircle
 10
886.5346938775509
 20
687.5
 30
0.0
 40
0.44800000000000006
  0
CIRCLE
  5
580B
330
17
100
AcDbEntity
  8
A-EQUIPO-FINO
100
AcDbCircle
 10
886.5346938775509
 20
690.9000000000001
 30
0.0
 40
1.4400000000000002
  0
CIRCLE
  5
580C
330
17
100
AcDbEntity
  8
A-EQUIPO-FINO
100
AcDbCircle
 10
886.5346938775509
 20
690.9000000000001
 30
0.0
 40
0.44800000000000006
  0
CIRCLE
  5
580D
330
17
100
AcDbEntity
  8
A-EQUIPO-FINO
100
AcDbCircle
 10
886.5346938775509
 20
694.3
 30
0.0
 40
1.4400000000000002
  0
CIRCLE
  5
580E
330
17
100
AcDbEntity
  8
A-EQUIPO-FINO
100
AcDbCircle
 10
886.5346938775509
 20
694.3
 30
0.0
 40
0.44800000000000006
  0
CIRCLE
  5
580F
330
17
100
AcDbEntity
  8
A-EQUIPO-FINO
100
AcDbCircle
 10
886.5346938775509
 20
697.7
 30
0.0
 40
1.4400000000000002
  0
CIRCLE
  5
5810
330
17
100
AcDbEntity
  8
A-EQUIPO-FINO
100
AcDbCircle
 10
886.5346938775509
 20
697.7
 30
0.0
 40
0.44800000000000006
  0
CIRCLE
  5
658B
330
17
100
AcDbEntity
  8
A-PASO
100
AcDbCircle
 10
883.0
 20
499.0
 30
0.0
 40
4.796
  0
TEXT
  5
658C
330
17
100
AcDbEntity
  8
A-PASO
100
AcDbText
 10
883.0
 20
499.0
 30
0.0
 40
2.53
  1
23.1
  7
ISO3098
 72
1
 11
883.0
 21
499.0
 31
0.0
100
AcDbText
 73
2
  0
CIRCLE
  5
658E
330
17
100
AcDbEntity
  8
A-PASO
100
AcDbCircle
 10
883.0
 20
539.0
 30
0.0
 40
4.796
  0
TEXT
  5
658F
330
17
100
AcDbEntity
  8
A-PASO
100
AcDbText
 10
883.0
 20
539.0
 30
0.0
 40
2.53
  1
23.2
  7
ISO3098
 72
1
 11
883.0
 21
539.0
 31
0.0
100
AcDbText
 73
2
  0
CIRCLE
  5
6591
330
17
100
AcDbEntity
  8
A-PASO
100
AcDbCircle
 10
883.0
 20
579.0
 30
0.0
 40
4.796
  0
TEXT
  5
6592
330
17
100
AcDbEntity
  8
A-PASO
100
AcDbText
 10
883.0
 20
579.0
 30
0.0
 40
2.53
  1
23.3
  7
ISO3098
 72
1
 11
883.0
 21
579.0
 31
0.0
100
AcDbText
 73
2
  0
HATCH
  5
6594
330
17
100
AcDbEntity
  8
A-EQUIPO-RELLENO
 62
7
420
16777215
100
AcDbHatch
 10
0.0
 20
0.0
 30
0.0
210
0.0
220
0.0
230
1.0
  2
SOLID
 70
1
 71
0
 91
1
 92
3
 72
0
 73
1
 93
28
 10
838.948
 20
589.0
 10
838.874087485112
 20
589.6559917133033
 10
838.6560562225764
 20
590.2790892629185
 10
838.3048392103158
 20
590.8380479358796
 10
837.8380479358796
 20
591.3048392103158
 10
837.2790892629185
 20
591.6560562225764
 10
836.6559917133033
 20
591.874087485112
 10
836.0
 20
591.948
 10
835.3440082866967
 20
591.874087485112
 10
834.7209107370815
 20
591.6560562225764
 10
834.1619520641204
 20
591.3048392103158
 10
833.6951607896842
 20
590.8380479358796
 10
833.3439437774236
 20
590.2790892629185
 10
833.125912514888
 20
589.6559917133033
 10
833.052
 20
589.0
 10
833.125912514888
 20
588.3440082866967
 10
833.3439437774236
 20
587.7209107370815
 10
833.6951607896842
 20
587.1619520641204
 10
834.1619520641204
 20
586.6951607896842
 10
834.7209107370815
 20
586.3439437774236
 10
835.3440082866967
 20
586.125912514888
 10
836.0
 20
586.052
 10
836.6559917133033
 20
586.125912514888
 10
837.2790892629185
 20
586.3439437774236
 10
837.8380479358796
 20
586.6951607896842
 10
838.3048392103158
 20
587.1619520641204
 10
838.6560562225764
 20
587.7209107370815
 10
838.874087485112
 20
588.3440082866967
 97
0
 75
1
 76
1
 98
0
  0
CIRCLE
  5
6595
330
17
100
AcDbEntity
  8
A-PASO
100
AcDbCircle
 10
836.0
 20
589.0
 30
0.0
 40
2.9480000000000004
  0
TEXT
  5
6596
330
17
100
AcDbEntity
  8
A-PASO
100
AcDbText
 10
836.0
 20
589.0
 30
0.0
 40
2.53
  1
24
  7
ISO3098
 72
1
 11
836.0
 21
589.0
 31
0.0
100
AcDbText
 73
2
  0
TEXT
  5
6597
330
17
100
AcDbEntity
  8
A-TEXTO
100
AcDbText
 10
553.9999999999999
 20
651.0
 30
0.0
 40
1.364
  1
Rack RK1 pasante:.
 50
90.0
  7
ISO3098
 72
1
 11
553.9999999999999
 21
651.0
 31
0.0
100
AcDbText
 73
2
  0
TEXT
  5
6598
330
17
100
AcDbEntity
  8
A-TEXTO
100
AcDbText
 10
657.0
 20
651.0
 30
0.0
 40
1.364
  1
Rack RK2 doble (4.
 50
90.0
  7
ISO3098
 72
1
 11
657.0
 21
651.0
 31
0.0
100
AcDbText
 73
2
  0
TEXT
  5
6599
330
17
100
AcDbEntity
  8
A-TEXTO
100
AcDbText
 10
760.0000000000001
 20
651.0
 30
0.0
 40
1.364
  1
Rack RK3 de alta .
 50
90.0
  7
ISO3098
 72
1
 11
760.0000000000001
 21
651.0
 31
0.0
100
AcDbText
 73
2
  0
HATCH
  5
6645
330
17
100
AcDbEntity
  8
A-EQUIPO-RELLENO
 62
7
420
16770710
100
AcDbHatch
 10
0.0
 20
0.0
 30
0.0
210
0.0
220
0.0
230
1.0
  2
SOLID
 70
1
 71
0
 91
1
 92
3
 72
0
 73
1
 93
4
 10
799.5
 20
634.0
 10
799.5
 20
649.0
 10
784.5
 20
649.0
 10
784.5
 20
634.0
 97
0
 75
1
 76
1
 98
0
  0
HATCH
  5
6646
330
17
100
AcDbEntity
  8
A-EQUIPO-RELLENO
 62
7
420
9870240
100
AcDbHatch
 10
0.0
 20
0.0
 30
0.0
210
0.0
220
0.0
230
1.0
  2
SOLID
 70
1
 71
0
 91
1
 92
3
 72
0
 73
1
 93
4
 10
798.4999999999999
 20
649.0
 10
798.4999999999999
 20
651.6
 10
785.5
 20
651.6
 10
785.5
 20
649.0
 97
0
 75
1
 76
1
 98
0
  0
HATCH
  5
6647
330
17
100
AcDbEntity
  8
A-EQUIPO-RELLENO
 62
7
420
9870240
100
AcDbHatch
 10
0.0
 20
0.0
 30
0.0
210
0.0
220
0.0
230
1.0
  2
SOLID
 70
1
 71
0
 91
1
 92
3
 72
0
 73
1
 93
4
 10
796.4999999999999
 20
651.6
 10
796.4999999999999
 20
675.0
 10
794.5
 20
675.0
 10
794.5
 20
651.6
 97
0
 75
1
 76
1
 98
0
  0
HATCH
  5
6648
330
17
100
AcDbEntity
  8
A-EQUIPO-RELLENO
 62
7
420
9870240
100
AcDbHatch
 10
0.0
 20
0.0
 30
0.0
210
0.0
220
0.0
230
1.0
  2
SOLID
 70
1
 71
0
 91
1
 92
3
 72
0
 73
1
 93
4
 10
789.5
 20
651.6
 10
789.5
 20
675.0
 10
787.5
 20
675.0
 10
787.5
 20
651.6
 97
0
 75
1
 76
1
 98
0
  0
LWPOLYLINE
  5
6649
330
17
100
AcDbEntity
  8
A-VEHICULO
100
AcDbPolyline
 90
4
 70
1
 10
799.5
 20
634.0
 10
799.5
 20
649.0
 10
784.5
 20
649.0
 10
784.5
 20
634.0
  0
CIRCLE
  5
664A
330
17
100
AcDbEntity
  8
A-VEHICULO
100
AcDbCircle
 10
792.0
 20
641.0
 30
0.0
 40
2.4
  0
LINE
  5
664B
330
17
100
AcDbEntity
  8
A-VEHICULO
100
AcDbLine
 10
792.0
 20
634.0
 30
0.0
 11
792.0
 21
625.0
 31
0.0
  0
LWPOLYLINE
  5
664C
330
17
100
AcDbEntity
  8
A-VEHICULO
100
AcDbPolyline
 90
4
 70
1
 10
798.4999999999999
 20
649.0
 10
798.4999999999999
 20
651.6
 10
785.5
 20
651.6
 10
785.5
 20
649.0
  0
LWPOLYLINE
  5
664D
330
17
100
AcDbEntity
  8
A-VEHICULO
100
AcDbPolyline
 90
4
 70
1
 10
796.4999999999999
 20
651.6
 10
796.4999999999999
 20
675.0
 10
794.5
 20
675.0
 10
794.5
 20
651.6
  0
LWPOLYLINE
  5
664E
330
17
100
AcDbEntity
  8
A-VEHICULO
100
AcDbPolyline
 90
4
 70
1
 10
789.5
 20
651.6
 10
789.5
 20
675.0
 10
787.5
 20
675.0
 10
787.5
 20
651.6
  0
HATCH
  5
664F
330
17
100
AcDbEntity
  8
A-EQUIPO-RELLENO
 62
7
420
16770710
100
AcDbHatch
 10
0.0
 20
0.0
 30
0.0
210
0.0
220
0.0
230
1.0
  2
SOLID
 70
1
 71
0
 91
1
 92
3
 72
0
 73
1
 93
4
 10
813.0000000000001
 20
415.4
 10
821.0
 20
415.4
 10
821.0
 20
426.6
 10
813.0000000000001
 20
426.6
 97
0
 75
1
 76
1
 98
0
  0
HATCH
  5
6650
330
17
100
AcDbEntity
  8
A-EQUIPO-RELLENO
 62
7
420
9870240
100
AcDbHatch
 10
0.0
 20
0.0
 30
0.0
210
0.0
220
0.0
230
1.0
  2
SOLID
 70
1
 71
0
 91
1
 92
3
 72
0
 73
1
 93
4
 10
821.0
 20
417.0
 10
845.0000000000001
 20
417.0
 10
845.0000000000001
 20
419.4
 10
821.0
 20
419.4
 97
0
 75
1
 76
1
 98
0
  0
HATCH
  5
6651
330
17
100
AcDbEntity
  8
A-EQUIPO-RELLENO
 62
7
420
9870240
100
AcDbHatch
 10
0.0
 20
0.0
 30
0.0
210
0.0
220
0.0
230
1.0
  2
SOLID
 70
1
 71
0
 91
1
 92
3
 72
0
 73
1
 93
4
 10
821.0
 20
422.6
 10
845.0000000000001
 20
422.6
 10
845.0000000000001
 20
425.0
 10
821.0
 20
425.0
 97
0
 75
1
 76
1
 98
0
  0
LWPOLYLINE
  5
6652
330
17
100
AcDbEntity
  8
A-VEHICULO
100
AcDbPolyline
 90
4
 70
1
 10
813.0000000000001
 20
415.4
 10
821.0
 20
415.4
 10
821.0
 20
426.6
 10
813.0000000000001
 20
426.6
  0
CIRCLE
  5
6653
330
17
100
AcDbEntity
  8
A-VEHICULO
100
AcDbCircle
 10
817.0000000000001
 20
421.0
 30
0.0
 40
1.6
  0
LINE
  5
6654
330
17
100
AcDbEntity
  8
A-VEHICULO
100
AcDbLine
 10
817.0000000000001
 20
421.0
 30
0.0
 11
808.0000000000001
 21
421.0
 31
0.0
  0
LWPOLYLINE
  5
6655
330
17
100
AcDbEntity
  8
A-VEHICULO
100
AcDbPolyline
 90
4
 70
1
 10
821.0
 20
417.0
 10
845.0000000000001
 20
417.0
 10
845.0000000000001
 20
419.4
 10
821.0
 20
419.4
  0
LWPOLYLINE
  5
6656
330
17
100
AcDbEntity
  8
A-VEHICULO
100
AcDbPolyline
 90
4
 70
1
 10
821.0
 20
422.6
 10
845.0000000000001
 20
422.6
 10
845.0000000000001
 20
425.0
 10
821.0
 20
425.0
  0
HATCH
  5
6687
330
17
100
AcDbEntity
  8
A-MURO
 62
7
420
4605510
100
AcDbHatch
 10
0.0
 20
0.0
 30
0.0
210
0.0
220
0.0
230
1.0
  2
SOLID
 70
1
 71
0
 91
1
 92
3
 72
0
 73
1
 93
4
 10
749.0
 20
391.0
 10
749.0
 20
387.0
 10
729.0
 20
387.0
 10
729.0
 20
391.0
 97
0
 75
1
 76
1
 98
0
  0
LWPOLYLINE
  5
6688
330
17
100
AcDbEntity
  8
A-MURO
100
AcDbPolyline
 90
4
 70
1
 10
749.0
 20
391.0
 10
749.0
 20
387.0
 10
729.0
 20
387.0
 10
729.0
 20
391.0
  0
HATCH
  5
6689
330
17
100
AcDbEntity
  8
A-MURO
 62
7
420
4605510
100
AcDbHatch
 10
0.0
 20
0.0
 30
0.0
210
0.0
220
0.0
230
1.0
  2
SOLID
 70
1
 71
0
 91
1
 92
3
 72
0
 73
1
 93
4
 10
669.0
 20
391.0
 10
669.0
 20
387.0
 10
605.0
 20
387.0
 10
605.0
 20
391.0
 97
0
 75
1
 76
1
 98
0
  0
LWPOLYLINE
  5
668A
330
17
100
AcDbEntity
  8
A-MURO
100
AcDbPolyline
 90
4
 70
1
 10
669.0
 20
391.0
 10
669.0
 20
387.0
 10
605.0
 20
387.0
 10
605.0
 20
391.0
  0
HATCH
  5
66AA
330
17
100
AcDbEntity
  8
A-COLUMNA
 62
7
420
0
100
AcDbHatch
 10
0.0
 20
0.0
 30
0.0
210
0.0
220
0.0
230
1.0
  2
SOLID
 70
1
 71
0
 91
1
 92
3
 72
0
 73
1
 93
4
 10
653.0
 20
391.0
 10
661.0
 20
391.0
 10
661.0
 20
399.0
 10
653.0
 20
399.0
 97
0
 75
1
 76
1
 98
0
  0
HATCH
  5
66AB
330
17
100
AcDbEntity
  8
A-COLUMNA
 62
7
420
0
100
AcDbHatch
 10
0.0
 20
0.0
 30
0.0
210
0.0
220
0.0
230
1.0
  2
SOLID
 70
1
 71
0
 91
1
 92
3
 72
0
 73
1
 93
4
 10
653.0
 20
771.0
 10
661.0
 20
771.0
 10
661.0
 20
779.0
 10
653.0
 20
779.0
 97
0
 75
1
 76
1
 98
0
  0
HATCH
  5
66AD
330
17
100
AcDbEntity
  8
A-COLUMNA
 62
7
420
0
100
AcDbHatch
 10
0.0
 20
0.0
 30
0.0
210
0.0
220
0.0
230
1.0
  2
SOLID
 70
1
 71
0
 91
1
 92
3
 72
0
 73
1
 93
4
 10
813.0
 20
391.0
 10
821.0
 20
391.0
 10
821.0
 20
399.0
 10
813.0
 20
399.0
 97
0
 75
1
 76
1
 98
0
  0
HATCH
  5
66AE
330
17
100
AcDbEntity
  8
A-COLUMNA
 62
7
420
0
100
AcDbHatch
 10
0.0
 20
0.0
 30
0.0
210
0.0
220
0.0
230
1.0
  2
SOLID
 70
1
 71
0
 91
1
 92
3
 72
0
 73
1
 93
4
 10
813.0
 20
771.0
 10
821.0
 20
771.0
 10
821.0
 20
779.0
 10
813.0
 20
779.0
 97
0
 75
1
 76
1
 98
0
  0
LINE
  5
66E7
330
17
100
AcDbEntity
  8
A-ABERTURA
100
AcDbLine
 10
545.0
 20
389.0
 30
0.0
 11
605.0
 21
389.0
 31
0.0
  0
LINE
  5
66E8
330
17
100
AcDbEntity
  8
A-ABERTURA
100
AcDbLine
 10
545.0
 20
377.0
 30
0.0
 11
605.0
 21
377.0
 31
0.0
  0
TEXT
  5
66E9
330
17
100
AcDbEntity
  8
A-TEXTO
100
AcDbText
 10
575.0
 20
363.0
 30
0.0
 40
2.2
  1
M3
  7
ISO3098
 72
1
 11
575.0
 21
363.0
 31
0.0
100
AcDbText
 73
2
  0
TEXT
  5
66EA
330
17
100
AcDbEntity
  8
A-TEXTO
100
AcDbText
 10
575.0
 20
342.25
 30
0.0
 40
1.364
  1
Tercerizados y casquetes
  7
ISO3098
 72
1
 11
575.0
 21
342.25
 31
0.0
100
AcDbText
 73
2
  0
LINE
  5
66EB
330
17
100
AcDbEntity
  8
A-ABERTURA
100
AcDbLine
 10
669.0
 20
389.0
 30
0.0
 11
729.0
 21
389.0
 31
0.0
  0
LINE
  5
66EC
330
17
100
AcDbEntity
  8
A-ABERTURA
100
AcDbLine
 10
669.0
 20
377.0
 30
0.0
 11
729.0
 21
377.0
 31
0.0
  0
TEXT
  5
66ED
330
17
100
AcDbEntity
  8
A-TEXTO
100
AcDbText
 10
699.0
 20
363.0
 30
0.0
 40
2.2
  1
M1
  7
ISO3098
 72
1
 11
699.0
 21
363.0
 31
0.0
100
AcDbText
 73
2
  0
TEXT
  5
66EE
330
17
100
AcDbEntity
  8
A-TEXTO
100
AcDbText
 10
699.0
 20
342.25
 30
0.0
 40
1.364
  1
PT a camión
  7
ISO3098
 72
1
 11
699.0
 21
342.25
 31
0.0
100
AcDbText
 73
2
  0
LINE
  5
66EF
330
17
100
AcDbEntity
  8
A-ABERTURA
100
AcDbLine
 10
749.0
 20
389.0
 30
0.0
 11
809.0
 21
389.0
 31
0.0
  0
LINE
  5
66F0
330
17
100
AcDbEntity
  8
A-ABERTURA
100
AcDbLine
 10
749.0
 20
377.0
 30
0.0
 11
809.0
 21
377.0
 31
0.0
  0
TEXT
  5
66F1
330
17
100
AcDbEntity
  8
A-TEXTO
100
AcDbText
 10
779.0
 20
363.0
 30
0.0
 40
2.2
  1
M2
  7
ISO3098
 72
1
 11
779.0
 21
363.0
 31
0.0
100
AcDbText
 73
2
  0
TEXT
  5
66F2
330
17
100
AcDbEntity
  8
A-TEXTO
100
AcDbText
 10
779.0
 20
342.25
 30
0.0
 40
1.364
  1
PT a camión / insumos de terminación
  7
ISO3098
 72
1
 11
779.0
 21
342.25
 31
0.0
100
AcDbText
 73
2
  0
TEXT
  5
6749
330
17
100
AcDbEntity
  8
A-SECTOR-TXT
100
AcDbText
 10
545.0000000000001
 20
767.0
 30
0.0
 40
1.7600000000000002
  1
AL-3 Almacén de producto terminado
  7
ISO3098
 11
545.0000000000001
 21
767.0
 31
0.0
100
AcDbText
 73
3
  0
TEXT
  5
674A
330
17
100
AcDbEntity
  8
A-SECTOR-TXT
100
AcDbText
 10
545.0000000000001
 20
527.0
 30
0.0
 40
1.7600000000000002
  1
EXP Expedición y muelles
  7
ISO3098
 11
545.0000000000001
 21
527.0
 31
0.0
100
AcDbText
 73
3
  0
TEXT
  5
674B
330
17
100
AcDbEntity
  8
A-SECTOR-TXT
100
AcDbText
 10
613.0000000000001
 20
438.0
 30
0.0
 40
1.7600000000000002
  1
S4
  7
ISO3098
 11
613.0000000000001
 21
438.0
 31
0.0
100
AcDbText
 73
3
  0
HATCH
  5
688C
330
17
100
AcDbEntity
  8
F-MP
 62
7
420
18120
100
AcDbHatch
 10
0.0
 20
0.0
 30
0.0
210
0.0
220
0.0
230
1.0
  2
SOLID
 70
1
 71
0
 91
1
 92
3
 72
0
 73
1
 93
3
 10
577.0
 20
340.5
 10
576.2
 20
337.5
 10
577.8
 20
337.5
 97
0
 75
1
 76
1
 98
0
  0
HATCH
  5
688D
330
17
100
AcDbEntity
  8
F-MP
 62
7
420
18120
100
AcDbHatch
 10
0.0
 20
0.0
 30
0.0
210
0.0
220
0.0
230
1.0
  2
SOLID
 70
1
 71
0
 91
1
 92
3
 72
0
 73
1
 93
3
 10
577.0
 20
348.5
 10
576.2
 20
345.5
 10
577.8
 20
345.5
 97
0
 75
1
 76
1
 98
0
  0
HATCH
  5
688E
330
17
100
AcDbEntity
  8
F-MP
 62
7
420
18120
100
AcDbHatch
 10
0.0
 20
0.0
 30
0.0
210
0.0
220
0.0
230
1.0
  2
SOLID
 70
1
 71
0
 91
1
 92
3
 72
0
 73
1
 93
3
 10
577.0
 20
356.5
 10
576.2
 20
353.5
 10
577.8
 20
353.5
 97
0
 75
1
 76
1
 98
0
  0
HATCH
  5
688F
330
17
100
AcDbEntity
  8
F-MP
 62
7
420
18120
100
AcDbHatch
 10
0.0
 20
0.0
 30
0.0
210
0.0
220
0.0
230
1.0
  2
SOLID
 70
1
 71
0
 91
1
 92
3
 72
0
 73
1
 93
3
 10
577.0
 20
364.5
 10
576.2
 20
361.5
 10
577.8
 20
361.5
 97
0
 75
1
 76
1
 98
0
  0
HATCH
  5
6890
330
17
100
AcDbEntity
  8
F-MP
 62
7
420
18120
100
AcDbHatch
 10
0.0
 20
0.0
 30
0.0
210
0.0
220
0.0
230
1.0
  2
SOLID
 70
1
 71
0
 91
1
 92
3
 72
0
 73
1
 93
3
 10
577.0
 20
372.5
 10
576.2
 20
369.5
 10
577.8
 20
369.5
 97
0
 75
1
 76
1
 98
0
  0
HATCH
  5
6891
330
17
100
AcDbEntity
  8
F-MP
 62
7
420
18120
100
AcDbHatch
 10
0.0
 20
0.0
 30
0.0
210
0.0
220
0.0
230
1.0
  2
SOLID
 70
1
 71
0
 91
1
 92
3
 72
0
 73
1
 93
3
 10
577.0
 20
380.5
 10
576.2
 20
377.5
 10
577.8
 20
377.5
 97
0
 75
1
 76
1
 98
0
  0
HATCH
  5
6892
330
17
100
AcDbEntity
  8
F-MP
 62
7
420
18120
100
AcDbHatch
 10
0.0
 20
0.0
 30
0.0
210
0.0
220
0.0
230
1.0
  2
SOLID
 70
1
 71
0
 91
1
 92
3
 72
0
 73
1
 93
3
 10
577.0
 20
388.5
 10
576.2
 20
385.5
 10
577.8
 20
385.5
 97
0
 75
1
 76
1
 98
0
  0
HATCH
  5
6893
330
17
100
AcDbEntity
  8
F-MP
 62
7
420
18120
100
AcDbHatch
 10
0.0
 20
0.0
 30
0.0
210
0.0
220
0.0
230
1.0
  2
SOLID
 70
1
 71
0
 91
1
 92
3
 72
0
 73
1
 93
3
 10
577.0
 20
404.5
 10
576.2
 20
401.5
 10
577.8
 20
401.5
 97
0
 75
1
 76
1
 98
0
  0
HATCH
  5
6894
330
17
100
AcDbEntity
  8
F-MP
 62
7
420
18120
100
AcDbHatch
 10
0.0
 20
0.0
 30
0.0
210
0.0
220
0.0
230
1.0
  2
SOLID
 70
1
 71
0
 91
1
 92
3
 72
0
 73
1
 93
3
 10
577.0
 20
412.5
 10
576.2
 20
409.5
 10
577.8
 20
409.5
 97
0
 75
1
 76
1
 98
0
  0
HATCH
  5
6895
330
17
100
AcDbEntity
  8
F-MP
 62
7
420
18120
100
AcDbHatch
 10
0.0
 20
0.0
 30
0.0
210
0.0
220
0.0
230
1.0
  2
SOLID
 70
1
 71
0
 91
1
 92
3
 72
0
 73
1
 93
3
 10
577.0
 20
420.5
 10
576.2
 20
417.5
 10
577.8
 20
417.5
 97
0
 75
1
 76
1
 98
0
  0
HATCH
  5
6896
330
17
100
AcDbEntity
  8
F-MP
 62
7
420
18120
100
AcDbHatch
 10
0.0
 20
0.0
 30
0.0
210
0.0
220
0.0
230
1.0
  2
SOLID
 70
1
 71
0
 91
1
 92
3
 72
0
 73
1
 93
3
 10
577.0
 20
428.5
 10
576.2
 20
425.5
 10
577.8
 20
425.5
 97
0
 75
1
 76
1
 98
0
  0
HATCH
  5
6897
330
17
100
AcDbEntity
  8
F-MP
 62
7
420
18120
100
AcDbHatch
 10
0.0
 20
0.0
 30
0.0
210
0.0
220
0.0
230
1.0
  2
SOLID
 70
1
 71
0
 91
1
 92
3
 72
0
 73
1
 93
3
 10
577.0
 20
436.5
 10
576.2
 20
433.5
 10
577.8
 20
433.5
 97
0
 75
1
 76
1
 98
0
  0
HATCH
  5
6898
330
17
100
AcDbEntity
  8
F-MP
 62
7
420
18120
100
AcDbHatch
 10
0.0
 20
0.0
 30
0.0
210
0.0
220
0.0
230
1.0
  2
SOLID
 70
1
 71
0
 91
1
 92
3
 72
0
 73
1
 93
3
 10
577.0
 20
444.5
 10
576.2
 20
441.5
 10
577.8
 20
441.5
 97
0
 75
1
 76
1
 98
0
  0
HATCH
  5
6899
330
17
100
AcDbEntity
  8
F-MP
 62
7
420
18120
100
AcDbHatch
 10
0.0
 20
0.0
 30
0.0
210
0.0
220
0.0
230
1.0
  2
SOLID
 70
1
 71
0
 91
1
 92
3
 72
0
 73
1
 93
3
 10
577.0
 20
452.5
 10
576.2
 20
449.5
 10
577.8
 20
449.5
 97
0
 75
1
 76
1
 98
0
  0
HATCH
  5
689A
330
17
100
AcDbEntity
  8
F-MP
 62
7
420
18120
100
AcDbHatch
 10
0.0
 20
0.0
 30
0.0
210
0.0
220
0.0
230
1.0
  2
SOLID
 70
1
 71
0
 91
1
 92
3
 72
0
 73
1
 93
3
 10
577.0
 20
460.5
 10
576.2
 20
457.5
 10
577.8
 20
457.5
 97
0
 75
1
 76
1
 98
0
  0
HATCH
  5
689B
330
17
100
AcDbEntity
  8
F-MP
 62
7
420
18120
100
AcDbHatch
 10
0.0
 20
0.0
 30
0.0
210
0.0
220
0.0
230
1.0
  2
SOLID
 70
1
 71
0
 91
1
 92
3
 72
0
 73
1
 93
3
 10
577.0
 20
468.5
 10
576.2
 20
465.5
 10
577.8
 20
465.5
 97
0
 75
1
 76
1
 98
0
  0
HATCH
  5
689C
330
17
100
AcDbEntity
  8
F-MP
 62
7
420
18120
100
AcDbHatch
 10
0.0
 20
0.0
 30
0.0
210
0.0
220
0.0
230
1.0
  2
SOLID
 70
1
 71
0
 91
1
 92
3
 72
0
 73
1
 93
3
 10
577.0
 20
476.5
 10
576.2
 20
473.5
 10
577.8
 20
473.5
 97
0
 75
1
 76
1
 98
0
  0
HATCH
  5
689D
330
17
100
AcDbEntity
  8
F-MP
 62
7
420
18120
100
AcDbHatch
 10
0.0
 20
0.0
 30
0.0
210
0.0
220
0.0
230
1.0
  2
SOLID
 70
1
 71
0
 91
1
 92
3
 72
0
 73
1
 93
3
 10
577.0
 20
484.5
 10
576.2
 20
481.5
 10
577.8
 20
481.5
 97
0
 75
1
 76
1
 98
0
  0
HATCH
  5
689E
330
17
100
AcDbEntity
  8
F-MP
 62
7
420
18120
100
AcDbHatch
 10
0.0
 20
0.0
 30
0.0
210
0.0
220
0.0
230
1.0
  2
SOLID
 70
1
 71
0
 91
1
 92
3
 72
0
 73
1
 93
3
 10
577.0
 20
492.5
 10
576.2
 20
489.5
 10
577.8
 20
489.5
 97
0
 75
1
 76
1
 98
0
  0
HATCH
  5
689F
330
17
100
AcDbEntity
  8
F-MP
 62
7
420
18120
100
AcDbHatch
 10
0.0
 20
0.0
 30
0.0
210
0.0
220
0.0
230
1.0
  2
SOLID
 70
1
 71
0
 91
1
 92
3
 72
0
 73
1
 93
3
 10
577.0
 20
500.5
 10
576.2
 20
497.5
 10
577.8
 20
497.5
 97
0
 75
1
 76
1
 98
0
  0
HATCH
  5
68A0
330
17
100
AcDbEntity
  8
F-MP
 62
7
420
18120
100
AcDbHatch
 10
0.0
 20
0.0
 30
0.0
210
0.0
220
0.0
230
1.0
  2
SOLID
 70
1
 71
0
 91
1
 92
3
 72
0
 73
1
 93
3
 10
577.0
 20
508.5
 10
576.2
 20
505.5
 10
577.8
 20
505.5
 97
0
 75
1
 76
1
 98
0
  0
HATCH
  5
68A1
330
17
100
AcDbEntity
  8
F-MP
 62
7
420
18120
100
AcDbHatch
 10
0.0
 20
0.0
 30
0.0
210
0.0
220
0.0
230
1.0
  2
SOLID
 70
1
 71
0
 91
1
 92
3
 72
0
 73
1
 93
3
 10
577.0
 20
516.5
 10
576.2
 20
513.5
 10
577.8
 20
513.5
 97
0
 75
1
 76
1
 98
0
  0
HATCH
  5
68A2
330
17
100
AcDbEntity
  8
F-MP
 62
7
420
18120
100
AcDbHatch
 10
0.0
 20
0.0
 30
0.0
210
0.0
220
0.0
230
1.0
  2
SOLID
 70
1
 71
0
 91
1
 92
3
 72
0
 73
1
 93
3
 10
577.0
 20
524.5
 10
576.2
 20
521.5
 10
577.8
 20
521.5
 97
0
 75
1
 76
1
 98
0
  0
HATCH
  5
68A3
330
17
100
AcDbEntity
  8
F-MP
 62
7
420
18120
100
AcDbHatch
 10
0.0
 20
0.0
 30
0.0
210
0.0
220
0.0
230
1.0
  2
SOLID
 70
1
 71
0
 91
1
 92
3
 72
0
 73
1
 93
3
 10
577.0
 20
532.5
 10
576.2
 20
529.5
 10
577.8
 20
529.5
 97
0
 75
1
 76
1
 98
0
  0
HATCH
  5
68A4
330
17
100
AcDbEntity
  8
F-MP
 62
7
420
18120
100
AcDbHatch
 10
0.0
 20
0.0
 30
0.0
210
0.0
220
0.0
230
1.0
  2
SOLID
 70
1
 71
0
 91
1
 92
3
 72
0
 73
1
 93
3
 10
577.0
 20
540.5
 10
576.2
 20
537.5
 10
577.8
 20
537.5
 97
0
 75
1
 76
1
 98
0
  0
HATCH
  5
68A5
330
17
100
AcDbEntity
  8
F-MP
 62
7
420
18120
100
AcDbHatch
 10
0.0
 20
0.0
 30
0.0
210
0.0
220
0.0
230
1.0
  2
SOLID
 70
1
 71
0
 91
1
 92
3
 72
0
 73
1
 93
3
 10
577.0
 20
548.5
 10
576.2
 20
545.5
 10
577.8
 20
545.5
 97
0
 75
1
 76
1
 98
0
  0
HATCH
  5
68A6
330
17
100
AcDbEntity
  8
F-MP
 62
7
420
18120
100
AcDbHatch
 10
0.0
 20
0.0
 30
0.0
210
0.0
220
0.0
230
1.0
  2
SOLID
 70
1
 71
0
 91
1
 92
3
 72
0
 73
1
 93
3
 10
577.0
 20
556.5
 10
576.2
 20
553.5
 10
577.8
 20
553.5
 97
0
 75
1
 76
1
 98
0
  0
HATCH
  5
68A7
330
17
100
AcDbEntity
  8
F-MP
 62
7
420
18120
100
AcDbHatch
 10
0.0
 20
0.0
 30
0.0
210
0.0
220
0.0
230
1.0
  2
SOLID
 70
1
 71
0
 91
1
 92
3
 72
0
 73
1
 93
3
 10
577.0
 20
564.5
 10
576.2
 20
561.5
 10
577.8
 20
561.5
 97
0
 75
1
 76
1
 98
0
  0
HATCH
  5
68A8
330
17
100
AcDbEntity
  8
F-MP
 62
7
420
18120
100
AcDbHatch
 10
0.0
 20
0.0
 30
0.0
210
0.0
220
0.0
230
1.0
  2
SOLID
 70
1
 71
0
 91
1
 92
3
 72
0
 73
1
 93
3
 10
577.0
 20
572.5
 10
576.2
 20
569.5
 10
577.8
 20
569.5
 97
0
 75
1
 76
1
 98
0
  0
HATCH
  5
68A9
330
17
100
AcDbEntity
  8
F-MP
 62
7
420
18120
100
AcDbHatch
 10
0.0
 20
0.0
 30
0.0
210
0.0
220
0.0
230
1.0
  2
SOLID
 70
1
 71
0
 91
1
 92
3
 72
0
 73
1
 93
3
 10
577.0
 20
580.5
 10
576.2
 20
577.5
 10
577.8
 20
577.5
 97
0
 75
1
 76
1
 98
0
  0
HATCH
  5
68AA
330
17
100
AcDbEntity
  8
F-MP
 62
7
420
18120
100
AcDbHatch
 10
0.0
 20
0.0
 30
0.0
210
0.0
220
0.0
230
1.0
  2
SOLID
 70
1
 71
0
 91
1
 92
3
 72
0
 73
1
 93
3
 10
577.0
 20
588.5
 10
576.2
 20
585.5
 10
577.8
 20
585.5
 97
0
 75
1
 76
1
 98
0
  0
HATCH
  5
68AB
330
17
100
AcDbEntity
  8
F-MP
 62
7
420
18120
100
AcDbHatch
 10
0.0
 20
0.0
 30
0.0
210
0.0
220
0.0
230
1.0
  2
SOLID
 70
1
 71
0
 91
1
 92
3
 72
0
 73
1
 93
3
 10
565.0
 20
595.0
 10
568.0
 20
594.2
 10
568.0
 20
595.8
 97
0
 75
1
 76
1
 98
0
  0
HATCH
  5
68AD
330
17
100
AcDbEntity
  8
F-MP
 62
7
420
18120
100
AcDbHatch
 10
0.0
 20
0.0
 30
0.0
210
0.0
220
0.0
230
1.0
  2
SOLID
 70
1
 71
0
 91
1
 92
3
 72
0
 73
1
 93
3
 10
533.5
 20
595.0
 10
536.5
 20
594.2
 10
536.5
 20
595.8
 97
0
 75
1
 76
1
 98
0
  0
HATCH
  5
68C9
330
17
100
AcDbEntity
  8
F-MP
 62
7
420
18120
100
AcDbHatch
 10
0.0
 20
0.0
 30
0.0
210
0.0
220
0.0
230
1.0
  2
SOLID
 70
1
 71
0
 91
1
 92
3
 72
0
 73
1
 93
3
 10
593.0
 20
340.5
 10
592.2
 20
337.5
 10
593.8
 20
337.5
 97
0
 75
1
 76
1
 98
0
  0
HATCH
  5
68CA
330
17
100
AcDbEntity
  8
F-MP
 62
7
420
18120
100
AcDbHatch
 10
0.0
 20
0.0
 30
0.0
210
0.0
220
0.0
230
1.0
  2
SOLID
 70
1
 71
0
 91
1
 92
3
 72
0
 73
1
 93
3
 10
593.0
 20
348.5
 10
592.2
 20
345.5
 10
593.8
 20
345.5
 97
0
 75
1
 76
1
 98
0
  0
HATCH
  5
68CB
330
17
100
AcDbEntity
  8
F-MP
 62
7
420
18120
100
AcDbHatch
 10
0.0
 20
0.0
 30
0.0
210
0.0
220
0.0
230
1.0
  2
SOLID
 70
1
 71
0
 91
1
 92
3
 72
0
 73
1
 93
3
 10
593.0
 20
356.5
 10
592.2
 20
353.5
 10
593.8
 20
353.5
 97
0
 75
1
 76
1
 98
0
  0
HATCH
  5
68CC
330
17
100
AcDbEntity
  8
F-MP
 62
7
420
18120
100
AcDbHatch
 10
0.0
 20
0.0
 30
0.0
210
0.0
220
0.0
230
1.0
  2
SOLID
 70
1
 71
0
 91
1
 92
3
 72
0
 73
1
 93
3
 10
593.0
 20
364.5
 10
592.2
 20
361.5
 10
593.8
 20
361.5
 97
0
 75
1
 76
1
 98
0
  0
HATCH
  5
68CD
330
17
100
AcDbEntity
  8
F-MP
 62
7
420
18120
100
AcDbHatch
 10
0.0
 20
0.0
 30
0.0
210
0.0
220
0.0
230
1.0
  2
SOLID
 70
1
 71
0
 91
1
 92
3
 72
0
 73
1
 93
3
 10
593.0
 20
372.5
 10
592.2
 20
369.5
 10
593.8
 20
369.5
 97
0
 75
1
 76
1
 98
0
  0
HATCH
  5
68CE
330
17
100
AcDbEntity
  8
F-MP
 62
7
420
18120
100
AcDbHatch
 10
0.0
 20
0.0
 30
0.0
210
0.0
220
0.0
230
1.0
  2
SOLID
 70
1
 71
0
 91
1
 92
3
 72
0
 73
1
 93
3
 10
593.0
 20
380.5
 10
592.2
 20
377.5
 10
593.8
 20
377.5
 97
0
 75
1
 76
1
 98
0
  0
HATCH
  5
68CF
330
17
100
AcDbEntity
  8
F-MP
 62
7
420
18120
100
AcDbHatch
 10
0.0
 20
0.0
 30
0.0
210
0.0
220
0.0
230
1.0
  2
SOLID
 70
1
 71
0
 91
1
 92
3
 72
0
 73
1
 93
3
 10
593.0
 20
388.5
 10
592.2
 20
385.5
 10
593.8
 20
385.5
 97
0
 75
1
 76
1
 98
0
  0
HATCH
  5
68D0
330
17
100
AcDbEntity
  8
F-MP
 62
7
420
18120
100
AcDbHatch
 10
0.0
 20
0.0
 30
0.0
210
0.0
220
0.0
230
1.0
  2
SOLID
 70
1
 71
0
 91
1
 92
3
 72
0
 73
1
 93
3
 10
593.0
 20
404.5
 10
592.2
 20
401.5
 10
593.8
 20
401.5
 97
0
 75
1
 76
1
 98
0
  0
HATCH
  5
68D1
330
17
100
AcDbEntity
  8
F-MP
 62
7
420
18120
100
AcDbHatch
 10
0.0
 20
0.0
 30
0.0
210
0.0
220
0.0
230
1.0
  2
SOLID
 70
1
 71
0
 91
1
 92
3
 72
0
 73
1
 93
3
 10
593.0
 20
412.5
 10
592.2
 20
409.5
 10
593.8
 20
409.5
 97
0
 75
1
 76
1
 98
0
  0
HATCH
  5
68D2
330
17
100
AcDbEntity
  8
F-MP
 62
7
420
18120
100
AcDbHatch
 10
0.0
 20
0.0
 30
0.0
210
0.0
220
0.0
230
1.0
  2
SOLID
 70
1
 71
0
 91
1
 92
3
 72
0
 73
1
 93
3
 10
600.5
 20
421.0
 10
597.5
 20
421.8
 10
597.5
 20
420.2
 97
0
 75
1
 76
1
 98
0
  0
HATCH
  5
68D3
330
17
100
AcDbEntity
  8
F-MP
 62
7
420
18120
100
AcDbHatch
 10
0.0
 20
0.0
 30
0.0
210
0.0
220
0.0
230
1.0
  2
SOLID
 70
1
 71
0
 91
1
 92
3
 72
0
 73
1
 93
3
 10
609.0
 20
421.0
 10
606.0
 20
421.8
 10
606.0
 20
420.2
 97
0
 75
1
 76
1
 98
0
  0
HATCH
  5
68FC
330
17
100
AcDbEntity
  8
F-MP
 62
7
420
18120
100
AcDbHatch
 10
0.0
 20
0.0
 30
0.0
210
0.0
220
0.0
230
1.0
  2
SOLID
 70
1
 71
0
 91
1
 92
3
 72
0
 73
1
 93
3
 10
801.0
 20
340.5
 10
800.2
 20
337.5
 10
801.8
 20
337.5
 97
0
 75
1
 76
1
 98
0
  0
HATCH
  5
68FD
330
17
100
AcDbEntity
  8
F-MP
 62
7
420
18120
100
AcDbHatch
 10
0.0
 20
0.0
 30
0.0
210
0.0
220
0.0
230
1.0
  2
SOLID
 70
1
 71
0
 91
1
 92
3
 72
0
 73
1
 93
3
 10
801.0
 20
348.5
 10
800.2
 20
345.5
 10
801.8
 20
345.5
 97
0
 75
1
 76
1
 98
0
  0
HATCH
  5
68FE
330
17
100
AcDbEntity
  8
F-MP
 62
7
420
18120
100
AcDbHatch
 10
0.0
 20
0.0
 30
0.0
210
0.0
220
0.0
230
1.0
  2
SOLID
 70
1
 71
0
 91
1
 92
3
 72
0
 73
1
 93
3
 10
801.0
 20
356.5
 10
800.2
 20
353.5
 10
801.8
 20
353.5
 97
0
 75
1
 76
1
 98
0
  0
HATCH
  5
68FF
330
17
100
AcDbEntity
  8
F-MP
 62
7
420
18120
100
AcDbHatch
 10
0.0
 20
0.0
 30
0.0
210
0.0
220
0.0
230
1.0
  2
SOLID
 70
1
 71
0
 91
1
 92
3
 72
0
 73
1
 93
3
 10
801.0
 20
364.5
 10
800.2
 20
361.5
 10
801.8
 20
361.5
 97
0
 75
1
 76
1
 98
0
  0
HATCH
  5
6900
330
17
100
AcDbEntity
  8
F-MP
 62
7
420
18120
100
AcDbHatch
 10
0.0
 20
0.0
 30
0.0
210
0.0
220
0.0
230
1.0
  2
SOLID
 70
1
 71
0
 91
1
 92
3
 72
0
 73
1
 93
3
 10
801.0
 20
372.5
 10
800.2
 20
369.5
 10
801.8
 20
369.5
 97
0
 75
1
 76
1
 98
0
  0
HATCH
  5
6901
330
17
100
AcDbEntity
  8
F-MP
 62
7
420
18120
100
AcDbHatch
 10
0.0
 20
0.0
 30
0.0
210
0.0
220
0.0
230
1.0
  2
SOLID
 70
1
 71
0
 91
1
 92
3
 72
0
 73
1
 93
3
 10
801.0
 20
380.5
 10
800.2
 20
377.5
 10
801.8
 20
377.5
 97
0
 75
1
 76
1
 98
0
  0
HATCH
  5
6902
330
17
100
AcDbEntity
  8
F-MP
 62
7
420
18120
100
AcDbHatch
 10
0.0
 20
0.0
 30
0.0
210
0.0
220
0.0
230
1.0
  2
SOLID
 70
1
 71
0
 91
1
 92
3
 72
0
 73
1
 93
3
 10
801.0
 20
388.5
 10
800.2
 20
385.5
 10
801.8
 20
385.5
 97
0
 75
1
 76
1
 98
0
  0
HATCH
  5
6903
330
17
100
AcDbEntity
  8
F-MP
 62
7
420
18120
100
AcDbHatch
 10
0.0
 20
0.0
 30
0.0
210
0.0
220
0.0
230
1.0
  2
SOLID
 70
1
 71
0
 91
1
 92
3
 72
0
 73
1
 93
3
 10
801.0
 20
404.5
 10
800.2
 20
401.5
 10
801.8
 20
401.5
 97
0
 75
1
 76
1
 98
0
  0
HATCH
  5
6904
330
17
100
AcDbEntity
  8
F-MP
 62
7
420
18120
100
AcDbHatch
 10
0.0
 20
0.0
 30
0.0
210
0.0
220
0.0
230
1.0
  2
SOLID
 70
1
 71
0
 91
1
 92
3
 72
0
 73
1
 93
3
 10
806.5
 20
415.0
 10
803.5
 20
415.8
 10
803.5
 20
414.2
 97
0
 75
1
 76
1
 98
0
  0
HATCH
  5
6905
330
17
100
AcDbEntity
  8
F-MP
 62
7
420
18120
100
AcDbHatch
 10
0.0
 20
0.0
 30
0.0
210
0.0
220
0.0
230
1.0
  2
SOLID
 70
1
 71
0
 91
1
 92
3
 72
0
 73
1
 93
3
 10
814.5
 20
415.0
 10
811.5
 20
415.8
 10
811.5
 20
414.2
 97
0
 75
1
 76
1
 98
0
  0
HATCH
  5
6906
330
17
100
AcDbEntity
  8
F-MP
 62
7
420
18120
100
AcDbHatch
 10
0.0
 20
0.0
 30
0.0
210
0.0
220
0.0
230
1.0
  2
SOLID
 70
1
 71
0
 91
1
 92
3
 72
0
 73
1
 93
3
 10
822.5
 20
415.0
 10
819.5
 20
415.8
 10
819.5
 20
414.2
 97
0
 75
1
 76
1
 98
0
  0
HATCH
  5
6907
330
17
100
AcDbEntity
  8
F-MP
 62
7
420
18120
100
AcDbHatch
 10
0.0
 20
0.0
 30
0.0
210
0.0
220
0.0
230
1.0
  2
SOLID
 70
1
 71
0
 91
1
 92
3
 72
0
 73
1
 93
3
 10
830.5
 20
415.0
 10
827.5
 20
415.8
 10
827.5
 20
414.2
 97
0
 75
1
 76
1
 98
0
  0
HATCH
  5
6908
330
17
100
AcDbEntity
  8
F-MP
 62
7
420
18120
100
AcDbHatch
 10
0.0
 20
0.0
 30
0.0
210
0.0
220
0.0
230
1.0
  2
SOLID
 70
1
 71
0
 91
1
 92
3
 72
0
 73
1
 93
3
 10
838.5
 20
415.0
 10
835.5
 20
415.8
 10
835.5
 20
414.2
 97
0
 75
1
 76
1
 98
0
  0
HATCH
  5
6909
330
17
100
AcDbEntity
  8
F-MP
 62
7
420
18120
100
AcDbHatch
 10
0.0
 20
0.0
 30
0.0
210
0.0
220
0.0
230
1.0
  2
SOLID
 70
1
 71
0
 91
1
 92
3
 72
0
 73
1
 93
3
 10
846.5
 20
415.0
 10
843.5
 20
415.8
 10
843.5
 20
414.2
 97
0
 75
1
 76
1
 98
0
  0
HATCH
  5
690A
330
17
100
AcDbEntity
  8
F-MP
 62
7
420
18120
100
AcDbHatch
 10
0.0
 20
0.0
 30
0.0
210
0.0
220
0.0
230
1.0
  2
SOLID
 70
1
 71
0
 91
1
 92
3
 72
0
 73
1
 93
3
 10
854.5
 20
415.0
 10
851.5
 20
415.8
 10
851.5
 20
414.2
 97
0
 75
1
 76
1
 98
0
  0
HATCH
  5
690B
330
17
100
AcDbEntity
  8
F-MP
 62
7
420
18120
100
AcDbHatch
 10
0.0
 20
0.0
 30
0.0
210
0.0
220
0.0
230
1.0
  2
SOLID
 70
1
 71
0
 91
1
 92
3
 72
0
 73
1
 93
3
 10
861.0
 20
415.0
 10
858.0
 20
415.8
 10
858.0
 20
414.2
 97
0
 75
1
 76
1
 98
0
  0
LWPOLYLINE
  5
691C
330
17
100
AcDbEntity
  8
F-MP
100
AcDbPolyline
 90
2
 70
0
 10
883.0
 20
427.0
 10
883.0
 20
483.0
  0
HATCH
  5
691D
330
17
100
AcDbEntity
  8
F-MP
 62
7
420
18120
100
AcDbHatch
 10
0.0
 20
0.0
 30
0.0
210
0.0
220
0.0
230
1.0
  2
SOLID
 70
1
 71
0
 91
1
 92
3
 72
0
 73
1
 93
3
 10
883.0
 20
436.5
 10
882.2
 20
433.5
 10
883.8
 20
433.5
 97
0
 75
1
 76
1
 98
0
  0
HATCH
  5
691E
330
17
100
AcDbEntity
  8
F-MP
 62
7
420
18120
100
AcDbHatch
 10
0.0
 20
0.0
 30
0.0
210
0.0
220
0.0
230
1.0
  2
SOLID
 70
1
 71
0
 91
1
 92
3
 72
0
 73
1
 93
3
 10
883.0
 20
444.5
 10
882.2
 20
441.5
 10
883.8
 20
441.5
 97
0
 75
1
 76
1
 98
0
  0
HATCH
  5
691F
330
17
100
AcDbEntity
  8
F-MP
 62
7
420
18120
100
AcDbHatch
 10
0.0
 20
0.0
 30
0.0
210
0.0
220
0.0
230
1.0
  2
SOLID
 70
1
 71
0
 91
1
 92
3
 72
0
 73
1
 93
3
 10
883.0
 20
452.5
 10
882.2
 20
449.5
 10
883.8
 20
449.5
 97
0
 75
1
 76
1
 98
0
  0
HATCH
  5
6920
330
17
100
AcDbEntity
  8
F-MP
 62
7
420
18120
100
AcDbHatch
 10
0.0
 20
0.0
 30
0.0
210
0.0
220
0.0
230
1.0
  2
SOLID
 70
1
 71
0
 91
1
 92
3
 72
0
 73
1
 93
3
 10
883.0
 20
460.5
 10
882.2
 20
457.5
 10
883.8
 20
457.5
 97
0
 75
1
 76
1
 98
0
  0
HATCH
  5
6921
330
17
100
AcDbEntity
  8
F-MP
 62
7
420
18120
100
AcDbHatch
 10
0.0
 20
0.0
 30
0.0
210
0.0
220
0.0
230
1.0
  2
SOLID
 70
1
 71
0
 91
1
 92
3
 72
0
 73
1
 93
3
 10
883.0
 20
468.5
 10
882.2
 20
465.5
 10
883.8
 20
465.5
 97
0
 75
1
 76
1
 98
0
  0
HATCH
  5
6922
330
17
100
AcDbEntity
  8
F-MP
 62
7
420
18120
100
AcDbHatch
 10
0.0
 20
0.0
 30
0.0
210
0.0
220
0.0
230
1.0
  2
SOLID
 70
1
 71
0
 91
1
 92
3
 72
0
 73
1
 93
3
 10
883.0
 20
476.5
 10
882.2
 20
473.5
 10
883.8
 20
473.5
 97
0
 75
1
 76
1
 98
0
  0
HATCH
  5
6923
330
17
100
AcDbEntity
  8
F-MP
 62
7
420
18120
100
AcDbHatch
 10
0.0
 20
0.0
 30
0.0
210
0.0
220
0.0
230
1.0
  2
SOLID
 70
1
 71
0
 91
1
 92
3
 72
0
 73
1
 93
3
 10
883.0
 20
483.0
 10
882.2
 20
480.0
 10
883.8
 20
480.0
 97
0
 75
1
 76
1
 98
0
  0
HATCH
  5
6990
330
17
100
AcDbEntity
  8
F-PT
 62
7
420
38460
100
AcDbHatch
 10
0.0
 20
0.0
 30
0.0
210
0.0
220
0.0
230
1.0
  2
SOLID
 70
1
 71
0
 91
1
 92
3
 72
0
 73
1
 93
3
 10
879.5
 20
715.0
 10
882.5
 20
714.2
 10
882.5
 20
715.8
 97
0
 75
1
 76
1
 98
0
  0
HATCH
  5
6991
330
17
100
AcDbEntity
  8
F-PT
 62
7
420
38460
100
AcDbHatch
 10
0.0
 20
0.0
 30
0.0
210
0.0
220
0.0
230
1.0
  2
SOLID
 70
1
 71
0
 91
1
 92
3
 72
0
 73
1
 93
3
 10
871.5
 20
715.0
 10
874.5
 20
714.2
 10
874.5
 20
715.8
 97
0
 75
1
 76
1
 98
0
  0
HATCH
  5
6992
330
17
100
AcDbEntity
  8
F-PT
 62
7
420
38460
100
AcDbHatch
 10
0.0
 20
0.0
 30
0.0
210
0.0
220
0.0
230
1.0
  2
SOLID
 70
1
 71
0
 91
1
 92
3
 72
0
 73
1
 93
3
 10
855.5
 20
715.0
 10
858.5
 20
714.2
 10
858.5
 20
715.8
 97
0
 75
1
 76
1
 98
0
  0
HATCH
  5
6993
330
17
100
AcDbEntity
  8
F-PT
 62
7
420
38460
100
AcDbHatch
 10
0.0
 20
0.0
 30
0.0
210
0.0
220
0.0
230
1.0
  2
SOLID
 70
1
 71
0
 91
1
 92
3
 72
0
 73
1
 93
3
 10
847.5
 20
715.0
 10
850.5
 20
714.2
 10
850.5
 20
715.8
 97
0
 75
1
 76
1
 98
0
  0
HATCH
  5
6994
330
17
100
AcDbEntity
  8
F-PT
 62
7
420
38460
100
AcDbHatch
 10
0.0
 20
0.0
 30
0.0
210
0.0
220
0.0
230
1.0
  2
SOLID
 70
1
 71
0
 91
1
 92
3
 72
0
 73
1
 93
3
 10
839.5
 20
715.0
 10
842.5
 20
714.2
 10
842.5
 20
715.8
 97
0
 75
1
 76
1
 98
0
  0
HATCH
  5
6995
330
17
100
AcDbEntity
  8
F-PT
 62
7
420
38460
100
AcDbHatch
 10
0.0
 20
0.0
 30
0.0
210
0.0
220
0.0
230
1.0
  2
SOLID
 70
1
 71
0
 91
1
 92
3
 72
0
 73
1
 93
3
 10
831.5
 20
715.0
 10
834.5
 20
714.2
 10
834.5
 20
715.8
 97
0
 75
1
 76
1
 98
0
  0
HATCH
  5
6996
330
17
100
AcDbEntity
  8
F-PT
 62
7
420
38460
100
AcDbHatch
 10
0.0
 20
0.0
 30
0.0
210
0.0
220
0.0
230
1.0
  2
SOLID
 70
1
 71
0
 91
1
 92
3
 72
0
 73
1
 93
3
 10
823.5
 20
715.0
 10
826.5
 20
714.2
 10
826.5
 20
715.8
 97
0
 75
1
 76
1
 98
0
  0
HATCH
  5
6997
330
17
100
AcDbEntity
  8
F-PT
 62
7
420
38460
100
AcDbHatch
 10
0.0
 20
0.0
 30
0.0
210
0.0
220
0.0
230
1.0
  2
SOLID
 70
1
 71
0
 91
1
 92
3
 72
0
 73
1
 93
3
 10
815.5
 20
715.0
 10
818.5
 20
714.2
 10
818.5
 20
715.8
 97
0
 75
1
 76
1
 98
0
  0
HATCH
  5
6998
330
17
100
AcDbEntity
  8
F-PT
 62
7
420
38460
100
AcDbHatch
 10
0.0
 20
0.0
 30
0.0
210
0.0
220
0.0
230
1.0
  2
SOLID
 70
1
 71
0
 91
1
 92
3
 72
0
 73
1
 93
3
 10
807.5
 20
715.0
 10
810.5
 20
714.2
 10
810.5
 20
715.8
 97
0
 75
1
 76
1
 98
0
  0
HATCH
  5
6999
330
17
100
AcDbEntity
  8
F-PT
 62
7
420
38460
100
AcDbHatch
 10
0.0
 20
0.0
 30
0.0
210
0.0
220
0.0
230
1.0
  2
SOLID
 70
1
 71
0
 91
1
 92
3
 72
0
 73
1
 93
3
 10
799.5
 20
715.0
 10
802.5
 20
714.2
 10
802.5
 20
715.8
 97
0
 75
1
 76
1
 98
0
  0
HATCH
  5
699A
330
17
100
AcDbEntity
  8
F-PT
 62
7
420
38460
100
AcDbHatch
 10
0.0
 20
0.0
 30
0.0
210
0.0
220
0.0
230
1.0
  2
SOLID
 70
1
 71
0
 91
1
 92
3
 72
0
 73
1
 93
3
 10
793.0
 20
715.0
 10
796.0
 20
714.2
 10
796.0
 20
715.8
 97
0
 75
1
 76
1
 98
0
  0
LWPOLYLINE
  5
699B
330
17
100
AcDbEntity
  8
F-PT
100
AcDbPolyline
 90
2
 70
0
 10
867.0
 20
499.0
 10
851.0
 20
567.0
  0
HATCH
  5
699C
330
17
100
AcDbEntity
  8
F-PT
 62
7
420
38460
100
AcDbHatch
 10
0.0
 20
0.0
 30
0.0
210
0.0
220
0.0
230
1.0
  2
SOLID
 70
1
 71
0
 91
1
 92
3
 72
0
 73
1
 93
3
 10
864.8241263296073
 20
508.24746309916895
 10
864.7325105961171
 20
505.1439801271878
 10
866.2899780654508
 20
505.51044306114864
 97
0
 75
1
 76
1
 98
0
  0
HATCH
  5
699D
330
17
100
AcDbEntity
  8
F-PT
 62
7
420
38460
100
AcDbHatch
 10
0.0
 20
0.0
 30
0.0
210
0.0
220
0.0
230
1.0
  2
SOLID
 70
1
 71
0
 91
1
 92
3
 72
0
 73
1
 93
3
 10
862.9918116598029
 20
516.0348004458376
 10
862.9001959263127
 20
512.9313174738564
 10
864.4576633956464
 20
513.2977804078174
 97
0
 75
1
 76
1
 98
0
  0
HATCH
  5
699E
330
17
100
AcDbEntity
  8
F-PT
 62
7
420
38460
100
AcDbHatch
 10
0.0
 20
0.0
 30
0.0
210
0.0
220
0.0
230
1.0
  2
SOLID
 70
1
 71
0
 91
1
 92
3
 72
0
 73
1
 93
3
 10
861.1594969899985
 20
523.8221377925062
 10
861.0678812565083
 20
520.718654820525
 10
862.625348725842
 20
521.085117754486
 97
0
 75
1
 76
1
 98
0
  0
HATCH
  5
699F
330
17
100
AcDbEntity
  8
F-PT
 62
7
420
38460
100
AcDbHatch
 10
0.0
 20
0.0
 30
0.0
210
0.0
220
0.0
230
1.0
  2
SOLID
 70
1
 71
0
 91
1
 92
3
 72
0
 73
1
 93
3
 10
859.3271823201942
 20
531.6094751391748
 10
859.235566586704
 20
528.5059921671937
 10
860.7930340560376
 20
528.8724551011546
 97
0
 75
1
 76
1
 98
0
  0
HATCH
  5
69A0
330
17
100
AcDbEntity
  8
F-PT
 62
7
420
38460
100
AcDbHatch
 10
0.0
 20
0.0
 30
0.0
210
0.0
220
0.0
230
1.0
  2
SOLID
 70
1
 71
0
 91
1
 92
3
 72
0
 73
1
 93
3
 10
857.4948676503898
 20
539.3968124858434
 10
857.4032519168995
 20
536.2933295138622
 10
858.9607193862332
 20
536.6597924478232
 97
0
 75
1
 76
1
 98
0
  0
HATCH
  5
69A1
330
17
100
AcDbEntity
  8
F-PT
 62
7
420
38460
100
AcDbHatch
 10
0.0
 20
0.0
 30
0.0
210
0.0
220
0.0
230
1.0
  2
SOLID
 70
1
 71
0
 91
1
 92
3
 72
0
 73
1
 93
3
 10
855.6625529805854
 20
547.184149832512
 10
855.5709372470951
 20
544.0806668605309
 10
857.1284047164288
 20
544.4471297944918
 97
0
 75
1
 76
1
 98
0
  0
HATCH
  5
69A2
330
17
100
AcDbEntity
  8
F-PT
 62
7
420
38460
100
AcDbHatch
 10
0.0
 20
0.0
 30
0.0
210
0.0
220
0.0
230
1.0
  2
SOLID
 70
1
 71
0
 91
1
 92
3
 72
0
 73
1
 93
3
 10
853.830238310781
 20
554.9714871791806
 10
853.7386225772908
 20
551.8680042071994
 10
855.2960900466245
 20
552.2344671411604
 97
0
 75
1
 76
1
 98
0
  0
HATCH
  5
69A3
330
17
100
AcDbEntity
  8
F-PT
 62
7
420
38460
100
AcDbHatch
 10
0.0
 20
0.0
 30
0.0
210
0.0
220
0.0
230
1.0
  2
SOLID
 70
1
 71
0
 91
1
 92
3
 72
0
 73
1
 93
3
 10
851.9979236409766
 20
562.7588245258493
 10
851.9063079074864
 20
559.6553415538681
 10
853.4637753768201
 20
560.0218044878291
 97
0
 75
1
 76
1
 98
0
  0
HATCH
  5
69A4
330
17
100
AcDbEntity
  8
F-PT
 62
7
420
38460
100
AcDbHatch
 10
0.0
 20
0.0
 30
0.0
210
0.0
220
0.0
230
1.0
  2
SOLID
 70
1
 71
0
 91
1
 92
3
 72
0
 73
1
 93
3
 10
851.0
 20
567.0
 10
850.9083842665098
 20
563.8965170280188
 10
852.4658517358434
 20
564.2629799619798
 97
0
 75
1
 76
1
 98
0
  0
LWPOLYLINE
  5
69A5
330
17
100
AcDbEntity
  8
F-PT
100
AcDbPolyline
 90
2
 70
0
 10
867.0
 20
539.0
 10
851.0
 20
587.0
  0
HATCH
  5
69A6
330
17
100
AcDbEntity
  8
F-PT
 62
7
420
38460
100
AcDbHatch
 10
0.0
 20
0.0
 30
0.0
210
0.0
220
0.0
230
1.0
  2
SOLID
 70
1
 71
0
 91
1
 92
3
 72
0
 73
1
 93
3
 10
863.99583622284
 20
548.0124913314799
 10
864.1855728824501
 20
544.9134592245149
 10
865.7034661593309
 20
545.4194236501418
 97
0
 75
1
 76
1
 98
0
  0
HATCH
  5
69A7
330
17
100
AcDbEntity
  8
F-PT
 62
7
420
38460
100
AcDbHatch
 10
0.0
 20
0.0
 30
0.0
210
0.0
220
0.0
230
1.0
  2
SOLID
 70
1
 71
0
 91
1
 92
3
 72
0
 73
1
 93
3
 10
861.4660140947053
 20
555.6019577158839
 10
861.6557507543154
 20
552.502925608919
 10
863.1736440311962
 20
553.0088900345459
 97
0
 75
1
 76
1
 98
0
  0
HATCH
  5
69A8
330
17
100
AcDbEntity
  8
F-PT
 62
7
420
38460
100
AcDbHatch
 10
0.0
 20
0.0
 30
0.0
210
0.0
220
0.0
230
1.0
  2
SOLID
 70
1
 71
0
 91
1
 92
3
 72
0
 73
1
 93
3
 10
858.9361919665706
 20
563.1914241002881
 10
859.1259286261807
 20
560.0923919933232
 10
860.6438219030615
 20
560.5983564189501
 97
0
 75
1
 76
1
 98
0
  0
HATCH
  5
69A9
330
17
100
AcDbEntity
  8
F-PT
 62
7
420
38460
100
AcDbHatch
 10
0.0
 20
0.0
 30
0.0
210
0.0
220
0.0
230
1.0
  2
SOLID
 70
1
 71
0
 91
1
 92
3
 72
0
 73
1
 93
3
 10
856.4063698384359
 20
570.7808904846922
 10
856.596106498046
 20
567.6818583777273
 10
858.1139997749268
 20
568.1878228033542
 97
0
 75
1
 76
1
 98
0
  0
HATCH
  5
69AA
330
17
100
AcDbEntity
  8
F-PT
 62
7
420
38460
100
AcDbHatch
 10
0.0
 20
0.0
 30
0.0
210
0.0
220
0.0
230
1.0
  2
SOLID
 70
1
 71
0
 91
1
 92
3
 72
0
 73
1
 93
3
 10
853.8765477103012
 20
578.3703568690963
 10
854.0662843699113
 20
575.2713247621314
 10
855.5841776467921
 20
575.7772891877582
 97
0
 75
1
 76
1
 98
0
  0
HATCH
  5
69AB
330
17
100
AcDbEntity
  8
F-PT
 62
7
420
38460
100
AcDbHatch
 10
0.0
 20
0.0
 30
0.0
210
0.0
220
0.0
230
1.0
  2
SOLID
 70
1
 71
0
 91
1
 92
3
 72
0
 73
1
 93
3
 10
851.0
 20
587.0
 10
851.18973665961
 20
583.900967893035
 10
852.7076299364909
 20
584.4069323186619
 97
0
 75
1
 76
1
 98
0
  0
LWPOLYLINE
  5
69AC
330
17
100
AcDbEntity
  8
F-PT
100
AcDbPolyline
 90
2
 70
0
 10
867.0
 20
579.0
 10
851.0
 20
607.0
  0
HATCH
  5
69AD
330
17
100
AcDbEntity
  8
F-PT
 62
7
420
38460
100
AcDbHatch
 10
0.0
 20
0.0
 30
0.0
210
0.0
220
0.0
230
1.0
  2
SOLID
 70
1
 71
0
 91
1
 92
3
 72
0
 73
1
 93
3
 10
862.2866800856101
 20
587.2483098501824
 10
863.080502386981
 20
584.2466692731235
 10
864.4696914143802
 20
585.0404915744945
 97
0
 75
1
 76
1
 98
0
  0
HATCH
  5
69AE
330
17
100
AcDbEntity
  8
F-PT
 62
7
420
38460
100
AcDbHatch
 10
0.0
 20
0.0
 30
0.0
210
0.0
220
0.0
230
1.0
  2
SOLID
 70
1
 71
0
 91
1
 92
3
 72
0
 73
1
 93
3
 10
858.3175685787554
 20
594.194254987178
 10
859.1113908801264
 20
591.1926144101192
 10
860.5005799075255
 20
591.9864367114901
 97
0
 75
1
 76
1
 98
0
  0
HATCH
  5
69AF
330
17
100
AcDbEntity
  8
F-PT
 62
7
420
38460
100
AcDbHatch
 10
0.0
 20
0.0
 30
0.0
210
0.0
220
0.0
230
1.0
  2
SOLID
 70
1
 71
0
 91
1
 92
3
 72
0
 73
1
 93
3
 10
854.3484570719007
 20
601.1402001241737
 10
855.1422793732717
 20
598.1385595471148
 10
856.5314684006709
 20
598.9323818484858
 97
0
 75
1
 76
1
 98
0
  0
HATCH
  5
69B0
330
17
100
AcDbEntity
  8
F-PT
 62
7
420
38460
100
AcDbHatch
 10
0.0
 20
0.0
 30
0.0
210
0.0
220
0.0
230
1.0
  2
SOLID
 70
1
 71
0
 91
1
 92
3
 72
0
 73
1
 93
3
 10
851.0
 20
607.0
 10
851.7938223013709
 20
603.9983594229411
 10
853.1830113287701
 20
604.7921817243121
 97
0
 75
1
 76
1
 98
0
  0
LWPOLYLINE
  5
69B1
330
17
100
AcDbEntity
  8
F-PT
100
AcDbPolyline
 90
3
 70
0
 10
821.0
 20
589.0
 10
793.0
 20
589.0
 10
793.0
 20
635.0
  0
HATCH
  5
69B2
330
17
100
AcDbEntity
  8
F-PT
 62
7
420
38460
100
AcDbHatch
 10
0.0
 20
0.0
 30
0.0
210
0.0
220
0.0
230
1.0
  2
SOLID
 70
1
 71
0
 91
1
 92
3
 72
0
 73
1
 93
3
 10
811.5
 20
589.0
 10
814.5
 20
588.2
 10
814.5
 20
589.8
 97
0
 75
1
 76
1
 98
0
  0
HATCH
  5
69B3
330
17
100
AcDbEntity
  8
F-PT
 62
7
420
38460
100
AcDbHatch
 10
0.0
 20
0.0
 30
0.0
210
0.0
220
0.0
230
1.0
  2
SOLID
 70
1
 71
0
 91
1
 92
3
 72
0
 73
1
 93
3
 10
803.5
 20
589.0
 10
806.5
 20
588.2
 10
806.5
 20
589.8
 97
0
 75
1
 76
1
 98
0
  0
HATCH
  5
69B4
330
17
100
AcDbEntity
  8
F-PT
 62
7
420
38460
100
AcDbHatch
 10
0.0
 20
0.0
 30
0.0
210
0.0
220
0.0
230
1.0
  2
SOLID
 70
1
 71
0
 91
1
 92
3
 72
0
 73
1
 93
3
 10
793.0
 20
594.5
 10
792.2
 20
591.5
 10
793.8
 20
591.5
 97
0
 75
1
 76
1
 98
0
  0
HATCH
  5
69B5
330
17
100
AcDbEntity
  8
F-PT
 62
7
420
38460
100
AcDbHatch
 10
0.0
 20
0.0
 30
0.0
210
0.0
220
0.0
230
1.0
  2
SOLID
 70
1
 71
0
 91
1
 92
3
 72
0
 73
1
 93
3
 10
793.0
 20
602.5
 10
792.2
 20
599.5
 10
793.8
 20
599.5
 97
0
 75
1
 76
1
 98
0
  0
HATCH
  5
69B6
330
17
100
AcDbEntity
  8
F-PT
 62
7
420
38460
100
AcDbHatch
 10
0.0
 20
0.0
 30
0.0
210
0.0
220
0.0
230
1.0
  2
SOLID
 70
1
 71
0
 91
1
 92
3
 72
0
 73
1
 93
3
 10
793.0
 20
610.5
 10
792.2
 20
607.5
 10
793.8
 20
607.5
 97
0
 75
1
 76
1
 98
0
  0
HATCH
  5
69B7
330
17
100
AcDbEntity
  8
F-PT
 62
7
420
38460
100
AcDbHatch
 10
0.0
 20
0.0
 30
0.0
210
0.0
220
0.0
230
1.0
  2
SOLID
 70
1
 71
0
 91
1
 92
3
 72
0
 73
1
 93
3
 10
793.0
 20
618.5
 10
792.2
 20
615.5
 10
793.8
 20
615.5
 97
0
 75
1
 76
1
 98
0
  0
HATCH
  5
69B8
330
17
100
AcDbEntity
  8
F-PT
 62
7
420
38460
100
AcDbHatch
 10
0.0
 20
0.0
 30
0.0
210
0.0
220
0.0
230
1.0
  2
SOLID
 70
1
 71
0
 91
1
 92
3
 72
0
 73
1
 93
3
 10
793.0
 20
626.5
 10
792.2
 20
623.5
 10
793.8
 20
623.5
 97
0
 75
1
 76
1
 98
0
  0
HATCH
  5
69B9
330
17
100
AcDbEntity
  8
F-PT
 62
7
420
38460
100
AcDbHatch
 10
0.0
 20
0.0
 30
0.0
210
0.0
220
0.0
230
1.0
  2
SOLID
 70
1
 71
0
 91
1
 92
3
 72
0
 73
1
 93
3
 10
793.0
 20
635.0
 10
792.2
 20
632.0
 10
793.8
 20
632.0
 97
0
 75
1
 76
1
 98
0
  0
HATCH
  5
69BB
330
17
100
AcDbEntity
  8
F-PT
 62
7
420
38460
100
AcDbHatch
 10
0.0
 20
0.0
 30
0.0
210
0.0
220
0.0
230
1.0
  2
SOLID
 70
1
 71
0
 91
1
 92
3
 72
0
 73
1
 93
3
 10
688.5
 20
575.0
 10
685.5
 20
575.8
 10
685.5
 20
574.2
 97
0
 75
1
 76
1
 98
0
  0
HATCH
  5
69BC
330
17
100
AcDbEntity
  8
F-PT
 62
7
420
38460
100
AcDbHatch
 10
0.0
 20
0.0
 30
0.0
210
0.0
220
0.0
230
1.0
  2
SOLID
 70
1
 71
0
 91
1
 92
3
 72
0
 73
1
 93
3
 10
696.5
 20
575.0
 10
693.5
 20
575.8
 10
693.5
 20
574.2
 97
0
 75
1
 76
1
 98
0
  0
HATCH
  5
69BD
330
17
100
AcDbEntity
  8
F-PT
 62
7
420
38460
100
AcDbHatch
 10
0.0
 20
0.0
 30
0.0
210
0.0
220
0.0
230
1.0
  2
SOLID
 70
1
 71
0
 91
1
 92
3
 72
0
 73
1
 93
3
 10
705.0
 20
567.5
 10
705.8
 20
570.5
 10
704.2
 20
570.5
 97
0
 75
1
 76
1
 98
0
  0
HATCH
  5
69BE
330
17
100
AcDbEntity
  8
F-PT
 62
7
420
38460
100
AcDbHatch
 10
0.0
 20
0.0
 30
0.0
210
0.0
220
0.0
230
1.0
  2
SOLID
 70
1
 71
0
 91
1
 92
3
 72
0
 73
1
 93
3
 10
705.0
 20
559.5
 10
705.8
 20
562.5
 10
704.2
 20
562.5
 97
0
 75
1
 76
1
 98
0
  0
HATCH
  5
69BF
330
17
100
AcDbEntity
  8
F-PT
 62
7
420
38460
100
AcDbHatch
 10
0.0
 20
0.0
 30
0.0
210
0.0
220
0.0
230
1.0
  2
SOLID
 70
1
 71
0
 91
1
 92
3
 72
0
 73
1
 93
3
 10
705.0
 20
551.5
 10
705.8
 20
554.5
 10
704.2
 20
554.5
 97
0
 75
1
 76
1
 98
0
  0
HATCH
  5
69C0
330
17
100
AcDbEntity
  8
F-PT
 62
7
420
38460
100
AcDbHatch
 10
0.0
 20
0.0
 30
0.0
210
0.0
220
0.0
230
1.0
  2
SOLID
 70
1
 71
0
 91
1
 92
3
 72
0
 73
1
 93
3
 10
705.0
 20
543.5
 10
705.8
 20
546.5
 10
704.2
 20
546.5
 97
0
 75
1
 76
1
 98
0
  0
HATCH
  5
69C1
330
17
100
AcDbEntity
  8
F-PT
 62
7
420
38460
100
AcDbHatch
 10
0.0
 20
0.0
 30
0.0
210
0.0
220
0.0
230
1.0
  2
SOLID
 70
1
 71
0
 91
1
 92
3
 72
0
 73
1
 93
3
 10
705.0
 20
535.5
 10
705.8
 20
538.5
 10
704.2
 20
538.5
 97
0
 75
1
 76
1
 98
0
  0
HATCH
  5
69C2
330
17
100
AcDbEntity
  8
F-PT
 62
7
420
38460
100
AcDbHatch
 10
0.0
 20
0.0
 30
0.0
210
0.0
220
0.0
230
1.0
  2
SOLID
 70
1
 71
0
 91
1
 92
3
 72
0
 73
1
 93
3
 10
705.0
 20
527.5
 10
705.8
 20
530.5
 10
704.2
 20
530.5
 97
0
 75
1
 76
1
 98
0
  0
HATCH
  5
69C3
330
17
100
AcDbEntity
  8
F-PT
 62
7
420
38460
100
AcDbHatch
 10
0.0
 20
0.0
 30
0.0
210
0.0
220
0.0
230
1.0
  2
SOLID
 70
1
 71
0
 91
1
 92
3
 72
0
 73
1
 93
3
 10
705.0
 20
519.5
 10
705.8
 20
522.5
 10
704.2
 20
522.5
 97
0
 75
1
 76
1
 98
0
  0
HATCH
  5
69C4
330
17
100
AcDbEntity
  8
F-PT
 62
7
420
38460
100
AcDbHatch
 10
0.0
 20
0.0
 30
0.0
210
0.0
220
0.0
230
1.0
  2
SOLID
 70
1
 71
0
 91
1
 92
3
 72
0
 73
1
 93
3
 10
705.0
 20
511.5
 10
705.8
 20
514.5
 10
704.2
 20
514.5
 97
0
 75
1
 76
1
 98
0
  0
HATCH
  5
69C5
330
17
100
AcDbEntity
  8
F-PT
 62
7
420
38460
100
AcDbHatch
 10
0.0
 20
0.0
 30
0.0
210
0.0
220
0.0
230
1.0
  2
SOLID
 70
1
 71
0
 91
1
 92
3
 72
0
 73
1
 93
3
 10
705.0
 20
503.5
 10
705.8
 20
506.5
 10
704.2
 20
506.5
 97
0
 75
1
 76
1
 98
0
  0
HATCH
  5
69C6
330
17
100
AcDbEntity
  8
F-PT
 62
7
420
38460
100
AcDbHatch
 10
0.0
 20
0.0
 30
0.0
210
0.0
220
0.0
230
1.0
  2
SOLID
 70
1
 71
0
 91
1
 92
3
 72
0
 73
1
 93
3
 10
705.0
 20
495.5
 10
705.8
 20
498.5
 10
704.2
 20
498.5
 97
0
 75
1
 76
1
 98
0
  0
HATCH
  5
69C7
330
17
100
AcDbEntity
  8
F-PT
 62
7
420
38460
100
AcDbHatch
 10
0.0
 20
0.0
 30
0.0
210
0.0
220
0.0
230
1.0
  2
SOLID
 70
1
 71
0
 91
1
 92
3
 72
0
 73
1
 93
3
 10
705.0
 20
487.5
 10
705.8
 20
490.5
 10
704.2
 20
490.5
 97
0
 75
1
 76
1
 98
0
  0
HATCH
  5
69C8
330
17
100
AcDbEntity
  8
F-PT
 62
7
420
38460
100
AcDbHatch
 10
0.0
 20
0.0
 30
0.0
210
0.0
220
0.0
230
1.0
  2
SOLID
 70
1
 71
0
 91
1
 92
3
 72
0
 73
1
 93
3
 10
705.0
 20
479.5
 10
705.8
 20
482.5
 10
704.2
 20
482.5
 97
0
 75
1
 76
1
 98
0
  0
HATCH
  5
69C9
330
17
100
AcDbEntity
  8
F-PT
 62
7
420
38460
100
AcDbHatch
 10
0.0
 20
0.0
 30
0.0
210
0.0
220
0.0
230
1.0
  2
SOLID
 70
1
 71
0
 91
1
 92
3
 72
0
 73
1
 93
3
 10
705.0
 20
471.5
 10
705.8
 20
474.5
 10
704.2
 20
474.5
 97
0
 75
1
 76
1
 98
0
  0
HATCH
  5
69CA
330
17
100
AcDbEntity
  8
F-PT
 62
7
420
38460
100
AcDbHatch
 10
0.0
 20
0.0
 30
0.0
210
0.0
220
0.0
230
1.0
  2
SOLID
 70
1
 71
0
 91
1
 92
3
 72
0
 73
1
 93
3
 10
705.0
 20
463.5
 10
705.8
 20
466.5
 10
704.2
 20
466.5
 97
0
 75
1
 76
1
 98
0
  0
HATCH
  5
69CB
330
17
100
AcDbEntity
  8
F-PT
 62
7
420
38460
100
AcDbHatch
 10
0.0
 20
0.0
 30
0.0
210
0.0
220
0.0
230
1.0
  2
SOLID
 70
1
 71
0
 91
1
 92
3
 72
0
 73
1
 93
3
 10
705.0
 20
455.5
 10
705.8
 20
458.5
 10
704.2
 20
458.5
 97
0
 75
1
 76
1
 98
0
  0
HATCH
  5
69CC
330
17
100
AcDbEntity
  8
F-PT
 62
7
420
38460
100
AcDbHatch
 10
0.0
 20
0.0
 30
0.0
210
0.0
220
0.0
230
1.0
  2
SOLID
 70
1
 71
0
 91
1
 92
3
 72
0
 73
1
 93
3
 10
705.0
 20
447.5
 10
705.8
 20
450.5
 10
704.2
 20
450.5
 97
0
 75
1
 76
1
 98
0
  0
HATCH
  5
69CD
330
17
100
AcDbEntity
  8
F-PT
 62
7
420
38460
100
AcDbHatch
 10
0.0
 20
0.0
 30
0.0
210
0.0
220
0.0
230
1.0
  2
SOLID
 70
1
 71
0
 91
1
 92
3
 72
0
 73
1
 93
3
 10
705.0
 20
439.5
 10
705.8
 20
442.5
 10
704.2
 20
442.5
 97
0
 75
1
 76
1
 98
0
  0
HATCH
  5
69CE
330
17
100
AcDbEntity
  8
F-PT
 62
7
420
38460
100
AcDbHatch
 10
0.0
 20
0.0
 30
0.0
210
0.0
220
0.0
230
1.0
  2
SOLID
 70
1
 71
0
 91
1
 92
3
 72
0
 73
1
 93
3
 10
705.0
 20
431.5
 10
705.8
 20
434.5
 10
704.2
 20
434.5
 97
0
 75
1
 76
1
 98
0
  0
HATCH
  5
69CF
330
17
100
AcDbEntity
  8
F-PT
 62
7
420
38460
100
AcDbHatch
 10
0.0
 20
0.0
 30
0.0
210
0.0
220
0.0
230
1.0
  2
SOLID
 70
1
 71
0
 91
1
 92
3
 72
0
 73
1
 93
3
 10
705.0
 20
423.5
 10
705.8
 20
426.5
 10
704.2
 20
426.5
 97
0
 75
1
 76
1
 98
0
  0
HATCH
  5
69D0
330
17
100
AcDbEntity
  8
F-PT
 62
7
420
38460
100
AcDbHatch
 10
0.0
 20
0.0
 30
0.0
210
0.0
220
0.0
230
1.0
  2
SOLID
 70
1
 71
0
 91
1
 92
3
 72
0
 73
1
 93
3
 10
705.0
 20
415.5
 10
705.8
 20
418.5
 10
704.2
 20
418.5
 97
0
 75
1
 76
1
 98
0
  0
HATCH
  5
69D1
330
17
100
AcDbEntity
  8
F-PT
 62
7
420
38460
100
AcDbHatch
 10
0.0
 20
0.0
 30
0.0
210
0.0
220
0.0
230
1.0
  2
SOLID
 70
1
 71
0
 91
1
 92
3
 72
0
 73
1
 93
3
 10
705.0
 20
407.5
 10
705.8
 20
410.5
 10
704.2
 20
410.5
 97
0
 75
1
 76
1
 98
0
  0
HATCH
  5
69D2
330
17
100
AcDbEntity
  8
F-PT
 62
7
420
38460
100
AcDbHatch
 10
0.0
 20
0.0
 30
0.0
210
0.0
220
0.0
230
1.0
  2
SOLID
 70
1
 71
0
 91
1
 92
3
 72
0
 73
1
 93
3
 10
705.0
 20
399.5
 10
705.8
 20
402.5
 10
704.2
 20
402.5
 97
0
 75
1
 76
1
 98
0
  0
HATCH
  5
69D3
330
17
100
AcDbEntity
  8
F-PT
 62
7
420
38460
100
AcDbHatch
 10
0.0
 20
0.0
 30
0.0
210
0.0
220
0.0
230
1.0
  2
SOLID
 70
1
 71
0
 91
1
 92
3
 72
0
 73
1
 93
3
 10
705.0
 20
391.5
 10
705.8
 20
394.5
 10
704.2
 20
394.5
 97
0
 75
1
 76
1
 98
0
  0
HATCH
  5
69D4
330
17
100
AcDbEntity
  8
F-PT
 62
7
420
38460
100
AcDbHatch
 10
0.0
 20
0.0
 30
0.0
210
0.0
220
0.0
230
1.0
  2
SOLID
 70
1
 71
0
 91
1
 92
3
 72
0
 73
1
 93
3
 10
705.0
 20
383.5
 10
705.8
 20
386.5
 10
704.2
 20
386.5
 97
0
 75
1
 76
1
 98
0
  0
HATCH
  5
69D5
330
17
100
AcDbEntity
  8
F-PT
 62
7
420
38460
100
AcDbHatch
 10
0.0
 20
0.0
 30
0.0
210
0.0
220
0.0
230
1.0
  2
SOLID
 70
1
 71
0
 91
1
 92
3
 72
0
 73
1
 93
3
 10
705.0
 20
375.5
 10
705.8
 20
378.5
 10
704.2
 20
378.5
 97
0
 75
1
 76
1
 98
0
  0
HATCH
  5
69D6
330
17
100
AcDbEntity
  8
F-PT
 62
7
420
38460
100
AcDbHatch
 10
0.0
 20
0.0
 30
0.0
210
0.0
220
0.0
230
1.0
  2
SOLID
 70
1
 71
0
 91
1
 92
3
 72
0
 73
1
 93
3
 10
705.0
 20
367.5
 10
705.8
 20
370.5
 10
704.2
 20
370.5
 97
0
 75
1
 76
1
 98
0
  0
HATCH
  5
69D7
330
17
100
AcDbEntity
  8
F-PT
 62
7
420
38460
100
AcDbHatch
 10
0.0
 20
0.0
 30
0.0
210
0.0
220
0.0
230
1.0
  2
SOLID
 70
1
 71
0
 91
1
 92
3
 72
0
 73
1
 93
3
 10
705.0
 20
359.5
 10
705.8
 20
362.5
 10
704.2
 20
362.5
 97
0
 75
1
 76
1
 98
0
  0
HATCH
  5
69D8
330
17
100
AcDbEntity
  8
F-PT
 62
7
420
38460
100
AcDbHatch
 10
0.0
 20
0.0
 30
0.0
210
0.0
220
0.0
230
1.0
  2
SOLID
 70
1
 71
0
 91
1
 92
3
 72
0
 73
1
 93
3
 10
705.0
 20
351.5
 10
705.8
 20
354.5
 10
704.2
 20
354.5
 97
0
 75
1
 76
1
 98
0
  0
HATCH
  5
69D9
330
17
100
AcDbEntity
  8
F-PT
 62
7
420
38460
100
AcDbHatch
 10
0.0
 20
0.0
 30
0.0
210
0.0
220
0.0
230
1.0
  2
SOLID
 70
1
 71
0
 91
1
 92
3
 72
0
 73
1
 93
3
 10
705.0
 20
343.5
 10
705.8
 20
346.5
 10
704.2
 20
346.5
 97
0
 75
1
 76
1
 98
0
  0
HATCH
  5
69DA
330
17
100
AcDbEntity
  8
F-PT
 62
7
420
38460
100
AcDbHatch
 10
0.0
 20
0.0
 30
0.0
210
0.0
220
0.0
230
1.0
  2
SOLID
 70
1
 71
0
 91
1
 92
3
 72
0
 73
1
 93
3
 10
705.0
 20
335.5
 10
705.8
 20
338.5
 10
704.2
 20
338.5
 97
0
 75
1
 76
1
 98
0
  0
HATCH
  5
69E4
330
17
100
AcDbEntity
  8
F-PT
 62
7
420
38460
100
AcDbHatch
 10
0.0
 20
0.0
 30
0.0
210
0.0
220
0.0
230
1.0
  2
SOLID
 70
1
 71
0
 91
1
 92
3
 72
0
 73
1
 93
3
 10
781.0
 20
559.5
 10
781.8
 20
562.5
 10
780.2
 20
562.5
 97
0
 75
1
 76
1
 98
0
  0
HATCH
  5
69E5
330
17
100
AcDbEntity
  8
F-PT
 62
7
420
38460
100
AcDbHatch
 10
0.0
 20
0.0
 30
0.0
210
0.0
220
0.0
230
1.0
  2
SOLID
 70
1
 71
0
 91
1
 92
3
 72
0
 73
1
 93
3
 10
781.0
 20
551.5
 10
781.8
 20
554.5
 10
780.2
 20
554.5
 97
0
 75
1
 76
1
 98
0
  0
HATCH
  5
69E6
330
17
100
AcDbEntity
  8
F-PT
 62
7
420
38460
100
AcDbHatch
 10
0.0
 20
0.0
 30
0.0
210
0.0
220
0.0
230
1.0
  2
SOLID
 70
1
 71
0
 91
1
 92
3
 72
0
 73
1
 93
3
 10
781.0
 20
543.5
 10
781.8
 20
546.5
 10
780.2
 20
546.5
 97
0
 75
1
 76
1
 98
0
  0
HATCH
  5
69E7
330
17
100
AcDbEntity
  8
F-PT
 62
7
420
38460
100
AcDbHatch
 10
0.0
 20
0.0
 30
0.0
210
0.0
220
0.0
230
1.0
  2
SOLID
 70
1
 71
0
 91
1
 92
3
 72
0
 73
1
 93
3
 10
781.0
 20
535.5
 10
781.8
 20
538.5
 10
780.2
 20
538.5
 97
0
 75
1
 76
1
 98
0
  0
HATCH
  5
69E8
330
17
100
AcDbEntity
  8
F-PT
 62
7
420
38460
100
AcDbHatch
 10
0.0
 20
0.0
 30
0.0
210
0.0
220
0.0
230
1.0
  2
SOLID
 70
1
 71
0
 91
1
 92
3
 72
0
 73
1
 93
3
 10
781.0
 20
527.5
 10
781.8
 20
530.5
 10
780.2
 20
530.5
 97
0
 75
1
 76
1
 98
0
  0
HATCH
  5
69E9
330
17
100
AcDbEntity
  8
F-PT
 62
7
420
38460
100
AcDbHatch
 10
0.0
 20
0.0
 30
0.0
210
0.0
220
0.0
230
1.0
  2
SOLID
 70
1
 71
0
 91
1
 92
3
 72
0
 73
1
 93
3
 10
781.0
 20
519.5
 10
781.8
 20
522.5
 10
780.2
 20
522.5
 97
0
 75
1
 76
1
 98
0
  0
HATCH
  5
69EA
330
17
100
AcDbEntity
  8
F-PT
 62
7
420
38460
100
AcDbHatch
 10
0.0
 20
0.0
 30
0.0
210
0.0
220
0.0
230
1.0
  2
SOLID
 70
1
 71
0
 91
1
 92
3
 72
0
 73
1
 93
3
 10
781.0
 20
511.5
 10
781.8
 20
514.5
 10
780.2
 20
514.5
 97
0
 75
1
 76
1
 98
0
  0
HATCH
  5
69EB
330
17
100
AcDbEntity
  8
F-PT
 62
7
420
38460
100
AcDbHatch
 10
0.0
 20
0.0
 30
0.0
210
0.0
220
0.0
230
1.0
  2
SOLID
 70
1
 71
0
 91
1
 92
3
 72
0
 73
1
 93
3
 10
781.0
 20
503.5
 10
781.8
 20
506.5
 10
780.2
 20
506.5
 97
0
 75
1
 76
1
 98
0
  0
HATCH
  5
69EC
330
17
100
AcDbEntity
  8
F-PT
 62
7
420
38460
100
AcDbHatch
 10
0.0
 20
0.0
 30
0.0
210
0.0
220
0.0
230
1.0
  2
SOLID
 70
1
 71
0
 91
1
 92
3
 72
0
 73
1
 93
3
 10
781.0
 20
495.5
 10
781.8
 20
498.5
 10
780.2
 20
498.5
 97
0
 75
1
 76
1
 98
0
  0
HATCH
  5
69ED
330
17
100
AcDbEntity
  8
F-PT
 62
7
420
38460
100
AcDbHatch
 10
0.0
 20
0.0
 30
0.0
210
0.0
220
0.0
230
1.0
  2
SOLID
 70
1
 71
0
 91
1
 92
3
 72
0
 73
1
 93
3
 10
781.0
 20
487.5
 10
781.8
 20
490.5
 10
780.2
 20
490.5
 97
0
 75
1
 76
1
 98
0
  0
HATCH
  5
69EE
330
17
100
AcDbEntity
  8
F-PT
 62
7
420
38460
100
AcDbHatch
 10
0.0
 20
0.0
 30
0.0
210
0.0
220
0.0
230
1.0
  2
SOLID
 70
1
 71
0
 91
1
 92
3
 72
0
 73
1
 93
3
 10
781.0
 20
479.5
 10
781.8
 20
482.5
 10
780.2
 20
482.5
 97
0
 75
1
 76
1
 98
0
  0
HATCH
  5
69EF
330
17
100
AcDbEntity
  8
F-PT
 62
7
420
38460
100
AcDbHatch
 10
0.0
 20
0.0
 30
0.0
210
0.0
220
0.0
230
1.0
  2
SOLID
 70
1
 71
0
 91
1
 92
3
 72
0
 73
1
 93
3
 10
781.0
 20
471.5
 10
781.8
 20
474.5
 10
780.2
 20
474.5
 97
0
 75
1
 76
1
 98
0
  0
HATCH
  5
69F0
330
17
100
AcDbEntity
  8
F-PT
 62
7
420
38460
100
AcDbHatch
 10
0.0
 20
0.0
 30
0.0
210
0.0
220
0.0
230
1.0
  2
SOLID
 70
1
 71
0
 91
1
 92
3
 72
0
 73
1
 93
3
 10
781.0
 20
463.5
 10
781.8
 20
466.5
 10
780.2
 20
466.5
 97
0
 75
1
 76
1
 98
0
  0
HATCH
  5
69F1
330
17
100
AcDbEntity
  8
F-PT
 62
7
420
38460
100
AcDbHatch
 10
0.0
 20
0.0
 30
0.0
210
0.0
220
0.0
230
1.0
  2
SOLID
 70
1
 71
0
 91
1
 92
3
 72
0
 73
1
 93
3
 10
781.0
 20
455.5
 10
781.8
 20
458.5
 10
780.2
 20
458.5
 97
0
 75
1
 76
1
 98
0
  0
HATCH
  5
69F2
330
17
100
AcDbEntity
  8
F-PT
 62
7
420
38460
100
AcDbHatch
 10
0.0
 20
0.0
 30
0.0
210
0.0
220
0.0
230
1.0
  2
SOLID
 70
1
 71
0
 91
1
 92
3
 72
0
 73
1
 93
3
 10
781.0
 20
447.5
 10
781.8
 20
450.5
 10
780.2
 20
450.5
 97
0
 75
1
 76
1
 98
0
  0
HATCH
  5
69F3
330
17
100
AcDbEntity
  8
F-PT
 62
7
420
38460
100
AcDbHatch
 10
0.0
 20
0.0
 30
0.0
210
0.0
220
0.0
230
1.0
  2
SOLID
 70
1
 71
0
 91
1
 92
3
 72
0
 73
1
 93
3
 10
781.0
 20
439.5
 10
781.8
 20
442.5
 10
780.2
 20
442.5
 97
0
 75
1
 76
1
 98
0
  0
HATCH
  5
69F4
330
17
100
AcDbEntity
  8
F-PT
 62
7
420
38460
100
AcDbHatch
 10
0.0
 20
0.0
 30
0.0
210
0.0
220
0.0
230
1.0
  2
SOLID
 70
1
 71
0
 91
1
 92
3
 72
0
 73
1
 93
3
 10
781.0
 20
431.5
 10
781.8
 20
434.5
 10
780.2
 20
434.5
 97
0
 75
1
 76
1
 98
0
  0
HATCH
  5
69F5
330
17
100
AcDbEntity
  8
F-PT
 62
7
420
38460
100
AcDbHatch
 10
0.0
 20
0.0
 30
0.0
210
0.0
220
0.0
230
1.0
  2
SOLID
 70
1
 71
0
 91
1
 92
3
 72
0
 73
1
 93
3
 10
781.0
 20
423.5
 10
781.8
 20
426.5
 10
780.2
 20
426.5
 97
0
 75
1
 76
1
 98
0
  0
HATCH
  5
69F6
330
17
100
AcDbEntity
  8
F-PT
 62
7
420
38460
100
AcDbHatch
 10
0.0
 20
0.0
 30
0.0
210
0.0
220
0.0
230
1.0
  2
SOLID
 70
1
 71
0
 91
1
 92
3
 72
0
 73
1
 93
3
 10
781.0
 20
415.5
 10
781.8
 20
418.5
 10
780.2
 20
418.5
 97
0
 75
1
 76
1
 98
0
  0
HATCH
  5
69F7
330
17
100
AcDbEntity
  8
F-PT
 62
7
420
38460
100
AcDbHatch
 10
0.0
 20
0.0
 30
0.0
210
0.0
220
0.0
230
1.0
  2
SOLID
 70
1
 71
0
 91
1
 92
3
 72
0
 73
1
 93
3
 10
781.0
 20
407.5
 10
781.8
 20
410.5
 10
780.2
 20
410.5
 97
0
 75
1
 76
1
 98
0
  0
HATCH
  5
69F8
330
17
100
AcDbEntity
  8
F-PT
 62
7
420
38460
100
AcDbHatch
 10
0.0
 20
0.0
 30
0.0
210
0.0
220
0.0
230
1.0
  2
SOLID
 70
1
 71
0
 91
1
 92
3
 72
0
 73
1
 93
3
 10
781.0
 20
399.5
 10
781.8
 20
402.5
 10
780.2
 20
402.5
 97
0
 75
1
 76
1
 98
0
  0
HATCH
  5
69F9
330
17
100
AcDbEntity
  8
F-PT
 62
7
420
38460
100
AcDbHatch
 10
0.0
 20
0.0
 30
0.0
210
0.0
220
0.0
230
1.0
  2
SOLID
 70
1
 71
0
 91
1
 92
3
 72
0
 73
1
 93
3
 10
781.0
 20
391.5
 10
781.8
 20
394.5
 10
780.2
 20
394.5
 97
0
 75
1
 76
1
 98
0
  0
HATCH
  5
69FA
330
17
100
AcDbEntity
  8
F-PT
 62
7
420
38460
100
AcDbHatch
 10
0.0
 20
0.0
 30
0.0
210
0.0
220
0.0
230
1.0
  2
SOLID
 70
1
 71
0
 91
1
 92
3
 72
0
 73
1
 93
3
 10
781.0
 20
383.5
 10
781.8
 20
386.5
 10
780.2
 20
386.5
 97
0
 75
1
 76
1
 98
0
  0
HATCH
  5
69FB
330
17
100
AcDbEntity
  8
F-PT
 62
7
420
38460
100
AcDbHatch
 10
0.0
 20
0.0
 30
0.0
210
0.0
220
0.0
230
1.0
  2
SOLID
 70
1
 71
0
 91
1
 92
3
 72
0
 73
1
 93
3
 10
781.0
 20
375.5
 10
781.8
 20
378.5
 10
780.2
 20
378.5
 97
0
 75
1
 76
1
 98
0
  0
HATCH
  5
69FC
330
17
100
AcDbEntity
  8
F-PT
 62
7
420
38460
100
AcDbHatch
 10
0.0
 20
0.0
 30
0.0
210
0.0
220
0.0
230
1.0
  2
SOLID
 70
1
 71
0
 91
1
 92
3
 72
0
 73
1
 93
3
 10
781.0
 20
367.5
 10
781.8
 20
370.5
 10
780.2
 20
370.5
 97
0
 75
1
 76
1
 98
0
  0
HATCH
  5
69FD
330
17
100
AcDbEntity
  8
F-PT
 62
7
420
38460
100
AcDbHatch
 10
0.0
 20
0.0
 30
0.0
210
0.0
220
0.0
230
1.0
  2
SOLID
 70
1
 71
0
 91
1
 92
3
 72
0
 73
1
 93
3
 10
781.0
 20
359.5
 10
781.8
 20
362.5
 10
780.2
 20
362.5
 97
0
 75
1
 76
1
 98
0
  0
HATCH
  5
69FE
330
17
100
AcDbEntity
  8
F-PT
 62
7
420
38460
100
AcDbHatch
 10
0.0
 20
0.0
 30
0.0
210
0.0
220
0.0
230
1.0
  2
SOLID
 70
1
 71
0
 91
1
 92
3
 72
0
 73
1
 93
3
 10
781.0
 20
351.5
 10
781.8
 20
354.5
 10
780.2
 20
354.5
 97
0
 75
1
 76
1
 98
0
  0
HATCH
  5
69FF
330
17
100
AcDbEntity
  8
F-PT
 62
7
420
38460
100
AcDbHatch
 10
0.0
 20
0.0
 30
0.0
210
0.0
220
0.0
230
1.0
  2
SOLID
 70
1
 71
0
 91
1
 92
3
 72
0
 73
1
 93
3
 10
781.0
 20
343.5
 10
781.8
 20
346.5
 10
780.2
 20
346.5
 97
0
 75
1
 76
1
 98
0
  0
HATCH
  5
6A00
330
17
100
AcDbEntity
  8
F-PT
 62
7
420
38460
100
AcDbHatch
 10
0.0
 20
0.0
 30
0.0
210
0.0
220
0.0
230
1.0
  2
SOLID
 70
1
 71
0
 91
1
 92
3
 72
0
 73
1
 93
3
 10
781.0
 20
335.5
 10
781.8
 20
338.5
 10
780.2
 20
338.5
 97
0
 75
1
 76
1
 98
0
  0
LWPOLYLINE
  5
6A21
330
17
100
AcDbEntity
  8
F-PT
100
AcDbPolyline
 90
2
 70
0
 10
665.0
 20
421.0
 10
673.0
 20
421.0
  0
HATCH
  5
6A22
330
17
100
AcDbEntity
  8
F-PT
 62
7
420
38460
100
AcDbHatch
 10
0.0
 20
0.0
 30
0.0
210
0.0
220
0.0
230
1.0
  2
SOLID
 70
1
 71
0
 91
1
 92
3
 72
0
 73
1
 93
3
 10
673.0
 20
421.0
 10
670.0
 20
421.8
 10
670.0
 20
420.2
 97
0
 75
1
 76
1
 98
0
  0
LINE
  5
6A23
330
17
100
AcDbEntity
  8
A-PASILLO
100
AcDbLine
 10
527.0
 20
779.0
 30
0.0
 11
887.0
 21
779.0
 31
0.0
  0
LINE
  5
6A24
330
17
100
AcDbEntity
  8
A-PASILLO
100
AcDbLine
 10
861.0
 20
433.0
 30
0.0
 11
887.0
 21
433.0
 31
0.0
  0
LINE
  5
6A25
330
17
100
AcDbEntity
  8
A-PASILLO
100
AcDbLine
 10
861.0
 20
479.0
 30
0.0
 11
887.0
 21
479.0
 31
0.0
  0
HATCH
  5
6A26
330
17
100
AcDbEntity
  8
A-EQUIPO-RELLENO
 62
7
420
15654592
100
AcDbHatch
 10
0.0
 20
0.0
 30
0.0
210
0.0
220
0.0
230
1.0
  2
SOLID
 70
1
 71
0
 91
1
 92
3
 72
0
 73
1
 93
4
 10
874.0
 20
485.0
 10
874.0
 20
509.0
 10
887.0
 20
509.0
 10
887.0
 20
485.0
 97
0
 75
1
 76
1
 98
0
  0
LWPOLYLINE
  5
6A27
330
17
100
AcDbEntity
  8
A-EQUIPO-FINO
100
AcDbPolyline
 90
4
 70
0
 10
887.0
 20
509.0
 10
874.0
 20
509.0
 10
874.0
 20
485.0
 10
887.0
 20
485.0
  0
LINE
  5
6A28
330
17
100
AcDbEntity
  8
A-EQUIPO-FINO
100
AcDbLine
 10
887.0
 20
488.42857142857144
 30
0.0
 11
874.0
 21
488.42857142857144
 31
0.0
  0
LINE
  5
6A29
330
17
100
AcDbEntity
  8
A-EQUIPO-FINO
100
AcDbLine
 10
887.0
 20
491.8571428571429
 30
0.0
 11
874.0
 21
491.8571428571429
 31
0.0
  0
LINE
  5
6A2A
330
17
100
AcDbEntity
  8
A-EQUIPO-FINO
100
AcDbLine
 10
887.0
 20
495.2857142857143
 30
0.0
 11
874.0
 21
495.2857142857143
 31
0.0
  0
LINE
  5
6A2B
330
17
100
AcDbEntity
  8
A-EQUIPO-FINO
100
AcDbLine
 10
887.0
 20
498.7142857142857
 30
0.0
 11
874.0
 21
498.7142857142857
 31
0.0
  0
LINE
  5
6A2C
330
17
100
AcDbEntity
  8
A-EQUIPO-FINO
100
AcDbLine
 10
887.0
 20
502.14285714285717
 30
0.0
 11
874.0
 21
502.14285714285717
 31
0.0
  0
LINE
  5
6A2D
330
17
100
AcDbEntity
  8
A-EQUIPO-FINO
100
AcDbLine
 10
887.0
 20
505.57142857142856
 30
0.0
 11
874.0
 21
505.57142857142856
 31
0.0
  0
LWPOLYLINE
  5
6A2E
330
17
100
AcDbEntity
  8
A-AREA-TRABAJO
100
AcDbPolyline
 90
4
 70
0
 10
887.0
 20
480.0
 10
864.0
 20
480.0
 10
864.0
 20
518.0
 10
887.0
 20
518.0
  0
HATCH
  5
6A2F
330
17
100
AcDbEntity
  8
A-EQUIPO-RELLENO
 62
7
420
15654592
100
AcDbHatch
 10
0.0
 20
0.0
 30
0.0
210
0.0
220
0.0
230
1.0
  2
SOLID
 70
1
 71
0
 91
1
 92
3
 72
0
 73
1
 93
4
 10
874.0
 20
525.0
 10
874.0
 20
549.0
 10
887.0
 20
549.0
 10
887.0
 20
525.0
 97
0
 75
1
 76
1
 98
0
  0
LWPOLYLINE
  5
6A30
330
17
100
AcDbEntity
  8
A-EQUIPO-FINO
100
AcDbPolyline
 90
4
 70
0
 10
887.0
 20
549.0
 10
874.0
 20
549.0
 10
874.0
 20
525.0
 10
887.0
 20
525.0
  0
LINE
  5
6A31
330
17
100
AcDbEntity
  8
A-EQUIPO-FINO
100
AcDbLine
 10
887.0
 20
528.4285714285714
 30
0.0
 11
874.0
 21
528.4285714285714
 31
0.0
  0
LINE
  5
6A32
330
17
100
AcDbEntity
  8
A-EQUIPO-FINO
100
AcDbLine
 10
887.0
 20
531.8571428571429
 30
0.0
 11
874.0
 21
531.8571428571429
 31
0.0
  0
LINE
  5
6A33
330
17
100
AcDbEntity
  8
A-EQUIPO-FINO
100
AcDbLine
 10
887.0
 20
535.2857142857142
 30
0.0
 11
874.0
 21
535.2857142857142
 31
0.0
  0
LINE
  5
6A34
330
17
100
AcDbEntity
  8
A-EQUIPO-FINO
100
AcDbLine
 10
887.0
 20
538.7142857142858
 30
0.0
 11
874.0
 21
538.7142857142858
 31
0.0
  0
LINE
  5
6A35
330
17
100
AcDbEntity
  8
A-EQUIPO-FINO
100
AcDbLine
 10
887.0
 20
542.1428571428571
 30
0.0
 11
874.0
 21
542.1428571428571
 31
0.0
  0
LINE
  5
6A36
330
17
100
AcDbEntity
  8
A-EQUIPO-FINO
100
AcDbLine
 10
887.0
 20
545.5714285714286
 30
0.0
 11
874.0
 21
545.5714285714286
 31
0.0
  0
LWPOLYLINE
  5
6A37
330
17
100
AcDbEntity
  8
A-AREA-TRABAJO
100
AcDbPolyline
 90
4
 70
0
 10
887.0
 20
520.0
 10
864.0
 20
520.0
 10
864.0
 20
558.0
 10
887.0
 20
558.0
  0
HATCH
  5
6A38
330
17
100
AcDbEntity
  8
A-EQUIPO-RELLENO
 62
7
420
15654592
100
AcDbHatch
 10
0.0
 20
0.0
 30
0.0
210
0.0
220
0.0
230
1.0
  2
SOLID
 70
1
 71
0
 91
1
 92
3
 72
0
 73
1
 93
4
 10
874.0
 20
565.0
 10
874.0
 20
589.0
 10
887.0
 20
589.0
 10
887.0
 20
565.0
 97
0
 75
1
 76
1
 98
0
  0
LWPOLYLINE
  5
6A39
330
17
100
AcDbEntity
  8
A-EQUIPO-FINO
100
AcDbPolyline
 90
4
 70
0
 10
887.0
 20
589.0
 10
874.0
 20
589.0
 10
874.0
 20
565.0
 10
887.0
 20
565.0
  0
LINE
  5
6A3A
330
17
100
AcDbEntity
  8
A-EQUIPO-FINO
100
AcDbLine
 10
887.0
 20
568.4285714285714
 30
0.0
 11
874.0
 21
568.4285714285714
 31
0.0
  0
LINE
  5
6A3B
330
17
100
AcDbEntity
  8
A-EQUIPO-FINO
100
AcDbLine
 10
887.0
 20
571.8571428571429
 30
0.0
 11
874.0
 21
571.8571428571429
 31
0.0
  0
LINE
  5
6A3C
330
17
100
AcDbEntity
  8
A-EQUIPO-FINO
100
AcDbLine
 10
887.0
 20
575.2857142857142
 30
0.0
 11
874.0
 21
575.2857142857142
 31
0.0
  0
LINE
  5
6A3D
330
17
100
AcDbEntity
  8
A-EQUIPO-FINO
100
AcDbLine
 10
887.0
 20
578.7142857142858
 30
0.0
 11
874.0
 21
578.7142857142858
 31
0.0
  0
LINE
  5
6A3E
330
17
100
AcDbEntity
  8
A-EQUIPO-FINO
100
AcDbLine
 10
887.0
 20
582.1428571428571
 30
0.0
 11
874.0
 21
582.1428571428571
 31
0.0
  0
LINE
  5
6A3F
330
17
100
AcDbEntity
  8
A-EQUIPO-FINO
100
AcDbLine
 10
887.0
 20
585.5714285714286
 30
0.0
 11
874.0
 21
585.5714285714286
 31
0.0
  0
LWPOLYLINE
  5
6A40
330
17
100
AcDbEntity
  8
A-AREA-TRABAJO
100
AcDbPolyline
 90
4
 70
0
 10
887.0
 20
560.0
 10
864.0
 20
560.0
 10
864.0
 20
598.0
 10
887.0
 20
598.0
  0
HATCH
  5
6A41
330
17
100
AcDbEntity
  8
A-EQUIPO-RELLENO
 62
7
420
15654592
100
AcDbHatch
 10
0.0
 20
0.0
 30
0.0
210
0.0
220
0.0
230
1.0
  2
SOLID
 70
1
 71
0
 91
1
 92
3
 72
0
 73
1
 93
4
 10
871.0
 20
406.6
 10
871.0
 20
425.4
 10
887.0
 20
425.4
 10
887.0
 20
406.6
 97
0
 75
1
 76
1
 98
0
  0
LWPOLYLINE
  5
6A42
330
17
100
AcDbEntity
  8
A-EQUIPO-OCULTO
100
AcDbPolyline
 90
2
 70
0
 10
869.0
 20
405.0
 10
887.0
 20
405.0
  0
LWPOLYLINE
  5
6A43
330
17
100
AcDbEntity
  8
A-EQUIPO-OCULTO
100
AcDbPolyline
 90
3
 70
0
 10
887.0
 20
427.0
 10
869.0
 20
427.0
 10
869.0
 20
405.0
  0
LINE
  5
6A44
330
17
100
AcDbEntity
  8
A-EQUIPO
100
AcDbLine
 10
869.0
 20
406.2
 30
0.0
 11
887.0
 21
406.2
 31
0.0
  0
LINE
  5
6A45
330
17
100
AcDbEntity
  8
A-EQUIPO
100
AcDbLine
 10
869.0
 20
425.8
 30
0.0
 11
887.0
 21
425.8
 31
0.0
  0
LWPOLYLINE
  5
6A46
330
17
100
AcDbEntity
  8
A-EQUIPO-FINO
100
AcDbPolyline
 90
2
 70
0
 10
871.0
 20
406.6
 10
887.0
 20
406.6
  0
LWPOLYLINE
  5
6A47
330
17
100
AcDbEntity
  8
A-EQUIPO-FINO
100
AcDbPolyline
 90
3
 70
0
 10
887.0
 20
425.4
 10
871.0
 20
425.4
 10
871.0
 20
406.6
  0
LWPOLYLINE
  5
6A48
330
17
100
AcDbEntity
  8
A-EQUIPO
100
AcDbPolyline
 90
2
 70
0
 10
871.8000000000001
 20
407.4
 10
887.0
 20
407.4
  0
LWPOLYLINE
  5
6A49
330
17
100
AcDbEntity
  8
A-EQUIPO
100
AcDbPolyline
 90
3
 70
0
 10
887.0
 20
424.6
 10
871.8000000000001
 20
424.6
 10
871.8000000000001
 20
407.4
  0
LINE
  5
6A4A
330
17
100
AcDbEntity
  8
A-EQUIPO-FINO
100
AcDbLine
 10
871.8000000000001
 20
407.4
 30
0.0
 11
887.0
 21
419.07142857142856
 31
0.0
  0
LINE
  5
6A4B
330
17
100
AcDbEntity
  8
A-EQUIPO-FINO
100
AcDbLine
 10
871.8000000000001
 20
424.6
 30
0.0
 11
887.0
 21
412.92857142857144
 31
0.0
  0
LWPOLYLINE
  5
6A4C
330
17
100
AcDbEntity
  8
A-AREA-TRABAJO
100
AcDbPolyline
 90
3
 70
0
 10
527.0
 20
760.0
 10
530.0
 20
760.0
 10
530.0
 20
708.0
  0
LINE
  5
6A4D
330
17
100
AcDbEntity
  8
A-AREA-TRABAJO
100
AcDbLine
 10
527.0
 20
708.0
 30
0.0
 11
530.0
 21
708.0
 31
0.0
  0
LWPOLYLINE
  5
6A4E
330
17
100
AcDbEntity
  8
A-AREA-TRABAJO
100
AcDbPolyline
 90
3
 70
0
 10
528.0
 20
694.0
 10
528.0
 20
632.0
 10
527.0
 20
632.0
  0
LINE
  5
6A4F
330
17
100
AcDbEntity
  8
A-AREA-TRABAJO
100
AcDbLine
 10
528.0
 20
694.0
 30
0.0
 11
527.0
 21
694.0
 31
0.0
  0
LWPOLYLINE
  5
6A50
330
17
100
AcDbEntity
  8
A-EQUIPO-OCULTO
100
AcDbPolyline
 90
4
 70
0
 10
527.0
 20
651.0
 10
538.0
 20
651.0
 10
538.0
 20
655.0
 10
527.0
 20
655.0
  0
HATCH
  5
6A51
330
17
100
AcDbEntity
  8
A-EQUIPO-RELLENO
 62
7
420
15658734
100
AcDbHatch
 10
0.0
 20
0.0
 30
0.0
210
0.0
220
0.0
230
1.0
  2
SOLID
 70
1
 71
0
 91
1
 92
3
 72
0
 73
1
 93
4
 10
537.0
 20
505.0
 10
537.0
 20
472.0
 10
527.0
 20
472.0
 10
527.0
 20
505.0
 97
0
 75
1
 76
1
 98
0
  0
HATCH
  5
6A52
330
17
100
AcDbEntity
  8
A-EQUIPO-RELLENO
 62
7
420
14870510
100
AcDbHatch
 10
0.0
 20
0.0
 30
0.0
210
0.0
220
0.0
230
1.0
  2
SOLID
 70
1
 71
0
 91
1
 92
3
 72
0
 73
1
 93
4
 10
535.0
 20
476.0
 10
535.0
 20
473.4
 10
527.0
 20
473.4
 10
527.0
 20
476.0
 97
0
 75
1
 76
1
 98
0
  0
LWPOLYLINE
  5
6A53
330
17
100
AcDbEntity
  8
A-EQUIPO
100
AcDbPolyline
 90
2
 70
0
 10
537.0
 20
505.0
 10
527.0
 20
505.0
  0
LWPOLYLINE
  5
6A54
330
17
100
AcDbEntity
  8
A-EQUIPO
100
AcDbPolyline
 90
3
 70
0
 10
527.0
 20
472.0
 10
537.0
 20
472.0
 10
537.0
 20
505.0
  0
LWPOLYLINE
  5
6A55
330
17
100
AcDbEntity
  8
A-EQUIPO-FINO
100
AcDbPolyline
 90
2
 70
0
 10
535.0
 20
476.0
 10
527.0
 20
476.0
  0
LWPOLYLINE
  5
6A56
330
17
100
AcDbEntity
  8
A-EQUIPO-FINO
100
AcDbPolyline
 90
3
 70
0
 10
527.0
 20
473.4
 10
535.0
 20
473.4
 10
535.0
 20
476.0
  0
LWPOLYLINE
  5
6A57
330
17
100
AcDbEntity
  8
A-SEGURIDAD
100
AcDbPolyline
 90
2
 70
0
 10
536.0
 20
504.0
 10
527.0
 20
504.0
  0
LWPOLYLINE
  5
6A58
330
17
100
AcDbEntity
  8
A-SEGURIDAD
100
AcDbPolyline
 90
3
 70
0
 10
527.0
 20
485.4
 10
536.0
 20
485.4
 10
536.0
 20
504.0
  0
LWPOLYLINE
  5
6A59
330
17
100
AcDbEntity
  8
A-AREA-TRABAJO
100
AcDbPolyline
 90
3
 70
0
 10
540.0
 20
526.0
 10
540.0
 20
468.0
 10
527.0
 20
468.0
  0
LINE
  5
6A5A
330
17
100
AcDbEntity
  8
A-AREA-TRABAJO
100
AcDbLine
 10
540.0
 20
526.0
 30
0.0
 11
527.0
 21
526.0
 31
0.0
  0
LWPOLYLINE
  5
6A5B
330
17
100
AcDbEntity
  8
A-EQUIPO-OCULTO
100
AcDbPolyline
 90
4
 70
0
 10
527.0
 20
529.0
 10
533.0
 20
529.0
 10
533.0
 20
547.0
 10
527.0
 20
547.0
  0
LINE
  5
6A5C
330
17
100
AcDbEntity
  8
A-EQUIPO
100
AcDbLine
 10
527.0
 20
530.2
 30
0.0
 11
533.0
 21
530.2
 31
0.0
  0
LINE
  5
6A5D
330
17
100
AcDbEntity
  8
A-EQUIPO
100
AcDbLine
 10
527.0
 20
545.8
 30
0.0
 11
533.0
 21
545.8
 31
0.0
  0
LWPOLYLINE
  5
6A5E
330
17
100
AcDbEntity
  8
A-MAMPARA
100
AcDbPolyline
 90
3
 70
0
 10
527.0
 20
629.0
 10
530.9999999999999
 20
629.0
 10
530.9999999999999
 20
681.0
  0
HATCH
  5
6A5F
330
17
100
AcDbEntity
  8
A-EQUIPO-RELLENO
 62
7
420
15654592
100
AcDbHatch
 10
0.0
 20
0.0
 30
0.0
210
0.0
220
0.0
230
1.0
  2
SOLID
 70
1
 71
0
 91
1
 92
3
 72
0
 73
1
 93
4
 10
865.9999999999999
 20
648.0
 10
865.9999999999999
 20
673.0
 10
887.0
 20
673.0
 10
887.0
 20
648.0
 97
0
 75
1
 76
1
 98
0
  0
HATCH
  5
6A60
330
17
100
AcDbEntity
  8
A-EQUIPO-RELLENO
 62
7
420
15654592
100
AcDbHatch
 10
0.0
 20
0.0
 30
0.0
210
0.0
220
0.0
230
1.0
  2
SOLID
 70
1
 71
0
 91
1
 92
3
 72
0
 73
1
 93
4
 10
865.9999999999999
 20
675.0
 10
865.9999999999999
 20
700.0
 10
887.0
 20
700.0
 10
887.0
 20
675.0
 97
0
 75
1
 76
1
 98
0
  0
LWPOLYLINE
  5
6A61
330
17
100
AcDbEntity
  8
A-EQUIPO-FINO
100
AcDbPolyline
 90
2
 70
0
 10
865.9999999999999
 20
648.0
 10
887.0
 20
648.0
  0
LWPOLYLINE
  5
6A62
330
17
100
AcDbEntity
  8
A-EQUIPO-FINO
100
AcDbPolyline
 90
3
 70
0
 10
887.0
 20
673.0
 10
865.9999999999999
 20
673.0
 10
865.9999999999999
 20
648.0
  0
LWPOLYLINE
  5
6A63
330
17
100
AcDbEntity
  8
A-EQUIPO-FINO
100
AcDbPolyline
 90
2
 70
0
 10
865.9999999999999
 20
675.0
 10
887.0
 20
675.0
  0
LWPOLYLINE
  5
6A64
330
17
100
AcDbEntity
  8
A-EQUIPO-FINO
100
AcDbPolyline
 90
3
 70
0
 10
887.0
 20
700.0
 10
865.9999999999999
 20
700.0
 10
865.9999999999999
 20
675.0
  0
HATCH
  5
6A65
330
17
100
AcDbEntity
  8
A-EQUIPO-RELLENO
 62
7
420
16777215
100
AcDbHatch
 10
0.0
 20
0.0
 30
0.0
210
0.0
220
0.0
230
1.0
  2
SOLID
 70
1
 71
0
 91
1
 92
3
 72
0
 73
1
 93
25
 10
886.7496637899167
 20
496.0097429102855
 10
885.9902570897145
 20
495.25033621008333
 10
885.0809064128078
 20
494.67895330954
 10
884.0672103992545
 20
494.324245733176
 10
883.0
 20
494.204
 10
881.9327896007455
 20
494.324245733176
 10
880.9190935871922
 20
494.67895330954
 10
880.0097429102855
 20
495.25033621008333
 10
879.2503362100833
 20
496.0097429102855
 10
878.67895330954
 20
496.9190935871922
 10
878.324245733176
 20
497.93278960074554
 10
878.204
 20
499.0
 10
878.324245733176
 20
500.06721039925446
 10
878.67895330954
 20
501.0809064128078
 10
879.2503362100833
 20
501.9902570897145
 10
880.0097429102855
 20
502.74966378991667
 10
880.9190935871922
 20
503.32104669046
 10
881.9327896007455
 20
503.675754266824
 10
883.0
 20
503.796
 10
884.0672103992545
 20
503.675754266824
 10
885.0809064128078
 20
503.32104669046
 10
885.9902570897145
 20
502.74966378991667
 10
886.7496637899167
 20
501.9902570897145
 10
887.0
 20
501.5918492936865
 10
887.0
 20
496.4081507063135
 97
0
 75
1
 76
1
 98
0
  0
HATCH
  5
6A66
330
17
100
AcDbEntity
  8
A-EQUIPO-RELLENO
 62
7
420
16777215
100
AcDbHatch
 10
0.0
 20
0.0
 30
0.0
210
0.0
220
0.0
230
1.0
  2
SOLID
 70
1
 71
0
 91
1
 92
3
 72
0
 73
1
 93
25
 10
886.7496637899167
 20
536.0097429102855
 10
885.9902570897145
 20
535.2503362100833
 10
885.0809064128078
 20
534.67895330954
 10
884.0672103992545
 20
534.324245733176
 10
883.0
 20
534.204
 10
881.9327896007455
 20
534.324245733176
 10
880.9190935871922
 20
534.67895330954
 10
880.0097429102855
 20
535.2503362100833
 10
879.2503362100833
 20
536.0097429102855
 10
878.67895330954
 20
536.9190935871922
 10
878.324245733176
 20
537.9327896007455
 10
878.204
 20
539.0
 10
878.324245733176
 20
540.0672103992545
 10
878.67895330954
 20
541.0809064128078
 10
879.2503362100833
 20
541.9902570897145
 10
880.0097429102855
 20
542.7496637899167
 10
880.9190935871922
 20
543.32104669046
 10
881.9327896007455
 20
543.675754266824
 10
883.0
 20
543.796
 10
884.0672103992545
 20
543.675754266824
 10
885.0809064128078
 20
543.32104669046
 10
885.9902570897145
 20
542.7496637899167
 10
886.7496637899167
 20
541.9902570897145
 10
887.0
 20
541.5918492936866
 10
887.0
 20
536.4081507063134
 97
0
 75
1
 76
1
 98
0
  0
HATCH
  5
6A67
330
17
100
AcDbEntity
  8
A-EQUIPO-RELLENO
 62
7
420
16777215
100
AcDbHatch
 10
0.0
 20
0.0
 30
0.0
210
0.0
220
0.0
230
1.0
  2
SOLID
 70
1
 71
0
 91
1
 92
3
 72
0
 73
1
 93
25
 10
886.7496637899167
 20
576.0097429102855
 10
885.9902570897145
 20
575.2503362100833
 10
885.0809064128078
 20
574.67895330954
 10
884.0672103992545
 20
574.324245733176
 10
883.0
 20
574.204
 10
881.9327896007455
 20
574.324245733176
 10
880.9190935871922
 20
574.67895330954
 10
880.0097429102855
 20
575.2503362100833
 10
879.2503362100833
 20
576.0097429102855
 10
878.67895330954
 20
576.9190935871922
 10
878.324245733176
 20
577.9327896007455
 10
878.204
 20
579.0
 10
878.324245733176
 20
580.0672103992545
 10
878.67895330954
 20
581.0809064128078
 10
879.2503362100833
 20
581.9902570897145
 10
880.0097429102855
 20
582.7496637899167
 10
880.9190935871922
 20
583.32104669046
 10
881.9327896007455
 20
583.675754266824
 10
883.0
 20
583.796
 10
884.0672103992545
 20
583.675754266824
 10
885.0809064128078
 20
583.32104669046
 10
885.9902570897145
 20
582.7496637899167
 10
886.7496637899167
 20
581.9902570897145
 10
887.0
 20
581.5918492936866
 10
887.0
 20
576.4081507063134
 97
0
 75
1
 76
1
 98
0
  0
HATCH
  5
6A68
330
17
100
AcDbEntity
  8
A-EQUIPO-RELLENO
 62
7
420
9870240
100
AcDbHatch
 10
0.0
 20
0.0
 30
0.0
210
0.0
220
0.0
230
1.0
  2
SOLID
 70
1
 71
0
 91
1
 92
3
 72
0
 73
1
 93
4
 10
880.9999999999999
 20
756.6
 10
880.9999999999999
 20
759.0
 10
887.0
 20
759.0
 10
887.0
 20
756.6
 97
0
 75
1
 76
1
 98
0
  0
HATCH
  5
6A69
330
17
100
AcDbEntity
  8
A-EQUIPO-RELLENO
 62
7
420
9870240
100
AcDbHatch
 10
0.0
 20
0.0
 30
0.0
210
0.0
220
0.0
230
1.0
  2
SOLID
 70
1
 71
0
 91
1
 92
3
 72
0
 73
1
 93
4
 10
880.9999999999999
 20
751.0
 10
880.9999999999999
 20
753.4000000000001
 10
887.0
 20
753.4000000000001
 10
887.0
 20
751.0
 97
0
 75
1
 76
1
 98
0
  0
LWPOLYLINE
  5
6A6A
330
17
100
AcDbEntity
  8
A-VEHICULO
100
AcDbPolyline
 90
4
 70
0
 10
887.0
 20
759.0
 10
880.9999999999999
 20
759.0
 10
880.9999999999999
 20
756.6
 10
887.0
 20
756.6
  0
LWPOLYLINE
  5
6A6B
330
17
100
AcDbEntity
  8
A-VEHICULO
100
AcDbPolyline
 90
4
 70
0
 10
887.0
 20
753.4000000000001
 10
880.9999999999999
 20
753.4000000000001
 10
880.9999999999999
 20
751.0
 10
887.0
 20
751.0
  0
HATCH
  5
6A6C
330
17
100
AcDbEntity
  8
A-MURO
 62
7
420
4605510
100
AcDbHatch
 10
0.0
 20
0.0
 30
0.0
210
0.0
220
0.0
230
1.0
  2
SOLID
 70
1
 71
0
 91
1
 92
3
 72
0
 73
1
 93
4
 10
809.0
 20
387.0
 10
809.0
 20
391.0
 10
887.0
 20
391.0
 10
887.0
 20
387.0
 97
0
 75
1
 76
1
 98
0
  0
LWPOLYLINE
  5
6A6D
330
17
100
AcDbEntity
  8
A-MURO
100
AcDbPolyline
 90
4
 70
0
 10
887.0
 20
387.0
 10
809.0
 20
387.0
 10
809.0
 20
391.0
 10
887.0
 20
391.0
  0
HATCH
  5
6A6E
330
17
100
AcDbEntity
  8
A-MURO
 62
7
420
4605510
100
AcDbHatch
 10
0.0
 20
0.0
 30
0.0
210
0.0
220
0.0
230
1.0
  2
SOLID
 70
1
 71
0
 91
1
 92
3
 72
0
 73
1
 93
4
 10
545.0
 20
387.0
 10
527.0
 20
387.0
 10
527.0
 20
391.0
 10
545.0
 20
391.0
 97
0
 75
1
 76
1
 98
0
  0
LWPOLYLINE
  5
6A6F
330
17
100
AcDbEntity
  8
A-MURO
100
AcDbPolyline
 90
3
 70
0
 10
545.0
 20
391.0
 10
545.0
 20
387.0
 10
527.0
 20
387.0
  0
LWPOLYLINE
  5
6A70
330
17
100
AcDbEntity
  8
A-MURO
100
AcDbPolyline
 90
2
 70
0
 10
527.0
 20
391.0
 10
545.0
 20
391.0
  0
LWPOLYLINE
  5
6A71
330
17
100
AcDbEntity
  8
A-EXTERIOR
100
AcDbPolyline
 90
3
 70
0
 10
887.0
 20
375.0
 10
877.0
 20
375.0
 10
877.0
 20
335.0
  0
LWPOLYLINE
  5
6A72
330
17
100
AcDbEntity
  8
F-MP
100
AcDbPolyline
 90
4
 70
0
 10
577.0
 20
335.0
 10
577.0
 20
395.0
 10
577.0
 20
595.0
 10
565.0
 20
595.0
  0
LWPOLYLINE
  5
6A73
330
17
100
AcDbEntity
  8
F-MP
100
AcDbPolyline
 90
2
 70
0
 10
543.0
 20
595.0
 10
527.0
 20
595.0
  0
HATCH
  5
6A74
330
17
100
AcDbEntity
  8
F-MP
 62
7
420
18120
100
AcDbHatch
 10
0.0
 20
0.0
 30
0.0
210
0.0
220
0.0
230
1.0
  2
SOLID
 70
1
 71
0
 91
1
 92
3
 72
0
 73
1
 93
4
 10
528.5
 20
595.8
 10
528.5
 20
594.2
 10
527.0
 20
594.6
 10
527.0
 20
595.4
 97
0
 75
1
 76
1
 98
0
  0
LWPOLYLINE
  5
6A75
330
17
100
AcDbEntity
  8
F-MP
100
AcDbPolyline
 90
4
 70
0
 10
593.0
 20
335.0
 10
593.0
 20
395.0
 10
593.0
 20
421.0
 10
609.0
 20
421.0
  0
LWPOLYLINE
  5
6A76
330
17
100
AcDbEntity
  8
F-MP
100
AcDbPolyline
 90
4
 70
0
 10
801.0
 20
335.0
 10
801.0
 20
395.0
 10
801.0
 20
415.0
 10
861.0
 20
415.0
  0
LWPOLYLINE
  5
6A77
330
17
100
AcDbEntity
  8
F-PT
100
AcDbPolyline
 90
3
 70
0
 10
887.0
 20
715.0
 10
861.0
 20
715.0
 10
793.0
 20
715.0
  0
LWPOLYLINE
  5
6A78
330
17
100
AcDbEntity
  8
F-PT
100
AcDbPolyline
 90
4
 70
0
 10
679.0
 20
575.0
 10
705.0
 20
575.0
 10
705.0
 20
395.0
 10
705.0
 20
335.0
  0
LWPOLYLINE
  5
6A79
330
17
100
AcDbEntity
  8
F-PT
100
AcDbPolyline
 90
4
 70
0
 10
771.0
 20
567.0
 10
781.0
 20
567.0
 10
781.0
 20
395.0
 10
781.0
 20
335.0
  0
LWPOLYLINE
  5
6A7A
330
17
100
AcDbEntity
  8
A-TEXTO
100
AcDbPolyline
 90
4
 70
1
 10
527.0
 20
335.0
 10
887.0
 20
335.0
 10
887.0
 20
795.0
 10
527.0
 20
795.0
  0
TEXT
  5
6A7B
330
17
100
AcDbEntity
  8
A-TEXTO
100
AcDbText
 10
527.0
 20
798.0
 30
0.0
 40
4.0
  1
DETALLE 2 - ALMACÉN DE PT Y EXPEDICIÓN - 1:50
  7
ISO3098
 11
527.0
 21
798.0
 31
0.0
100
AcDbText
 73
1
  0
CIRCLE
  5
6A7C
330
17
100
AcDbEntity
  8
A-TEXTO
100
AcDbCircle
 10
877.0
 20
535.0
 30
0.0
 40
3.0
  0
TEXT
  5
6A7D
330
17
100
AcDbEntity
  8
A-TEXTO
100
AcDbText
 10
877.0
 20
535.0
 30
0.0
 40
2.0
  1
1
  7
ISO3098
 72
1
 11
877.0
 21
535.0
 31
0.0
100
AcDbText
 73
2
  0
CIRCLE
  5
6A7E
330
17
100
AcDbEntity
  8
A-TEXTO
100
AcDbCircle
 10
837.0
 20
635.0
 30
0.0
 40
3.0
  0
TEXT
  5
6A7F
330
17
100
AcDbEntity
  8
A-TEXTO
100
AcDbText
 10
837.0
 20
635.0
 30
0.0
 40
2.0
  1
2
  7
ISO3098
 72
1
 11
837.0
 21
635.0
 31
0.0
100
AcDbText
 73
2
  0
CIRCLE
  5
6A80
330
17
100
AcDbEntity
  8
A-TEXTO
100
AcDbCircle
 10
792.0
 20
705.0
 30
0.0
 40
3.0
  0
TEXT
  5
6A81
330
17
100
AcDbEntity
  8
A-TEXTO
100
AcDbText
 10
792.0
 20
705.0
 30
0.0
 40
2.0
  1
3
  7
ISO3098
 72
1
 11
792.0
 21
705.0
 31
0.0
100
AcDbText
 73
2
  0
CIRCLE
  5
6A82
330
17
100
AcDbEntity
  8
A-TEXTO
100
AcDbCircle
 10
599.0
 20
705.0
 30
0.0
 40
3.0
  0
TEXT
  5
6A83
330
17
100
AcDbEntity
  8
A-TEXTO
100
AcDbText
 10
599.0
 20
705.0
 30
0.0
 40
2.0
  1
4
  7
ISO3098
 72
1
 11
599.0
 21
705.0
 31
0.0
100
AcDbText
 73
2
  0
CIRCLE
  5
6A84
330
17
100
AcDbEntity
  8
A-TEXTO
100
AcDbCircle
 10
737.0
 20
487.0
 30
0.0
 40
3.0
  0
TEXT
  5
6A85
330
17
100
AcDbEntity
  8
A-TEXTO
100
AcDbText
 10
737.0
 20
487.0
 30
0.0
 40
2.0
  1
5
  7
ISO3098
 72
1
 11
737.0
 21
487.0
 31
0.0
100
AcDbText
 73
2
  0
CIRCLE
  5
6A86
330
17
100
AcDbEntity
  8
A-TEXTO
100
AcDbCircle
 10
699.0
 20
365.0
 30
0.0
 40
3.0
  0
TEXT
  5
6A87
330
17
100
AcDbEntity
  8
A-TEXTO
100
AcDbText
 10
699.0
 20
365.0
 30
0.0
 40
2.0
  1
6
  7
ISO3098
 72
1
 11
699.0
 21
365.0
 31
0.0
100
AcDbText
 73
2
  0
CIRCLE
  5
6A88
330
17
100
AcDbEntity
  8
A-TEXTO
100
AcDbCircle
 10
575.0
 20
365.0
 30
0.0
 40
3.0
  0
TEXT
  5
6A89
330
17
100
AcDbEntity
  8
A-TEXTO
100
AcDbText
 10
575.0
 20
365.0
 30
0.0
 40
2.0
  1
7
  7
ISO3098
 72
1
 11
575.0
 21
365.0
 31
0.0
100
AcDbText
 73
2
  0
CIRCLE
  5
6A8A
330
17
100
AcDbEntity
  8
A-TEXTO
100
AcDbCircle
 10
547.0
 20
783.0
 30
0.0
 40
3.0
  0
TEXT
  5
6A8B
330
17
100
AcDbEntity
  8
A-TEXTO
100
AcDbText
 10
547.0
 20
783.0
 30
0.0
 40
2.0
  1
8
  7
ISO3098
 72
1
 11
547.0
 21
783.0
 31
0.0
100
AcDbText
 73
2
  0
DIMENSION
  5
6A8C
330
17
100
AcDbEntity
  8
A-COTA
100
AcDbDimension
280
0
  2
*D3
  3
FLAMA-IRAM
 10
567.0
 20
731.0
 30
0.0
 11
600.0
 21
733.1
 31
0.0
 70
32
 71
5
  1
T1 <>
100
AcDbAlignedDimension
 13
567.0
 23
731.0
 33
0.0
 14
633.0
 24
731.0
 34
0.0
 50
0.0
100
AcDbRotatedDimension
1001
ACAD
1000
DSTYLE
1002
{
1070
144
1040
0.05
1070
271
1070
2
1070
78
1070
0
1070
140
1040
2.2
1070
41
1040
2.2
1070
44
1040
1.2
1070
42
1040
1.0
1002
}
  0
DIMENSION
  5
6A9B
330
17
100
AcDbEntity
  8
A-COTA
100
AcDbDimension
280
0
  2
*D4
  3
FLAMA-IRAM
 10
681.0
 20
731.0
 30
0.0
 11
714.0
 21
733.1
 31
0.0
 70
32
 71
5
  1
T2 <>
100
AcDbAlignedDimension
 13
681.0
 23
731.0
 33
0.0
 14
747.0
 24
731.0
 34
0.0
 50
0.0
100
AcDbRotatedDimension
1001
ACAD
1000
DSTYLE
1002
{
1070
144
1040
0.05
1070
271
1070
2
1070
78
1070
0
1070
140
1040
2.2
1070
41
1040
2.2
1070
44
1040
1.2
1070
42
1040
1.0
1002
}
  0
DIMENSION
  5
6AAA
330
17
100
AcDbEntity
  8
A-COTA
100
AcDbDimension
280
0
  2
*D5
  3
FLAMA-IRAM
 10
773.0
 20
731.0
 30
0.0
 11
792.0
 21
733.1
 31
0.0
 70
32
 71
5
  1
T3 <>
100
AcDbAlignedDimension
 13
773.0
 23
731.0
 33
0.0
 14
811.0
 24
731.0
 34
0.0
 50
0.0
100
AcDbRotatedDimension
1001
ACAD
1000
DSTYLE
1002
{
1070
144
1040
0.05
1070
271
1070
2
1070
78
1070
0
1070
140
1040
2.2
1070
41
1040
2.2
1070
44
1040
1.2
1070
42
1040
1.0
1002
}
  0
DIMENSION
  5
6AB9
330
17
100
AcDbEntity
  8
A-COTA
100
AcDbDimension
280
0
  2
*D6
  3
FLAMA-IRAM
 10
827.0
 20
443.0
 30
0.0
 11
824.9
 21
487.0
 31
0.0
 70
32
 71
5
  1
EX <>
100
AcDbAlignedDimension
 13
827.0
 23
443.0
 33
0.0
 14
827.0
 24
531.0
 34
0.0
 50
90.0
100
AcDbRotatedDimension
1001
ACAD
1000
DSTYLE
1002
{
1070
144
1040
0.05
1070
271
1070
2
1070
78
1070
0
1070
140
1040
2.2
1070
41
1040
2.2
1070
44
1040
1.2
1070
42
1040
1.0
1002
}
  0
TEXT
  5
6AC8
330
17
100
AcDbEntity
  8
A-TEXTO
100
AcDbText
 10
899.0
 20
797.0
 30
0.0
 40
3.2
  1
Secuencia de la MP (detalle 1)
  7
ISO3098
 11
899.0
 21
797.0
 31
0.0
100
AcDbText
 73
1
  0
CIRCLE
  5
6AC9
330
17
100
AcDbEntity
  8
A-TEXTO
100
AcDbCircle
 10
902.0
 20
791.0
 30
0.0
 40
2.2
  0
TEXT
  5
6ACA
330
17
100
AcDbEntity
  8
A-TEXTO
100
AcDbText
 10
902.0
 20
791.0
 30
0.0
 40
2.0
  1
1
  7
ISO3098
 72
1
 11
902.0
 21
791.0
 31
0.0
100
AcDbText
 73
2
  0
TEXT
  5
6ACB
330
17
100
AcDbEntity
  8
A-TEXTO
100
AcDbText
 10
907.0
 20
791.0
 30
0.0
 40
2.3
  1
Camión en el alero norte (semi 18,6 m o chasis). Se pesa en la balanza de plataforma y se controla el remito.
  7
ISO3098
 11
907.0
 21
791.0
 31
0.0
100
AcDbText
 73
2
  0
CIRCLE
  5
6ACC
330
17
100
AcDbEntity
  8
A-TEXTO
100
AcDbCircle
 10
902.0
 20
785.8
 30
0.0
 40
2.2
  0
TEXT
  5
6ACD
330
17
100
AcDbEntity
  8
A-TEXTO
100
AcDbText
 10
902.0
 20
785.8
 30
0.0
 40
2.0
  1
2
  7
ISO3098
 72
1
 11
902.0
 21
785.8
 31
0.0
100
AcDbText
 73
2
  0
TEXT
  5
6ACE
330
17
100
AcDbEntity
  8
A-TEXTO
100
AcDbText
 10
907.0
 20
785.8
 30
0.0
 40
2.3
  1
Paquetes de hojas (≤ 2 t): autoelevador 3 t con prolongaciones de horquilla, por el lado largo (c = 0,75 m). Sin puente grúa: 1,5 paquetes/día no lo justifican.
  7
ISO3098
 11
907.0
 21
785.8
 31
0.0
100
AcDbText
 73
2
  0
CIRCLE
  5
6ACF
330
17
100
AcDbEntity
  8
A-TEXTO
100
AcDbCircle
 10
902.0
 20
780.5999999999999
 30
0.0
 40
2.2
  0
TEXT
  5
6AD0
330
17
100
AcDbEntity
  8
A-TEXTO
100
AcDbText
 10
902.0
 20
780.5999999999999
 30
0.0
 40
2.0
  1
3
  7
ISO3098
 72
1
 11
902.0
 21
780.5999999999999
 31
0.0
100
AcDbText
 73
2
  0
TEXT
  5
6AD1
330
17
100
AcDbEntity
  8
A-TEXTO
100
AcDbText
 10
907.0
 20
780.5999999999999
 30
0.0
 40
2.3
  1
Paquete a su posición de AL-1H (un formato por posición, 4 alturas sobre tacos, FIFO con tarjeta de color).
  7
ISO3098
 11
907.0
 21
780.5999999999999
 31
0.0
100
AcDbText
 73
2
  0
CIRCLE
  5
6AD2
330
17
100
AcDbEntity
  8
A-TEXTO
100
AcDbCircle
 10
902.0
 20
775.3999999999999
 30
0.0
 40
2.2
  0
TEXT
  5
6AD3
330
17
100
AcDbEntity
  8
A-TEXTO
100
AcDbText
 10
902.0
 20
775.3999999999999
 30
0.0
 40
2.0
  1
4
  7
ISO3098
 72
1
 11
902.0
 21
775.3999999999999
 31
0.0
100
AcDbText
 73
2
  0
TEXT
  5
6AD4
330
17
100
AcDbEntity
  8
A-TEXTO
100
AcDbText
 10
907.0
 20
775.3999999999999
 30
0.0
 40
2.3
  1
Del AL-1H a la mesa elevadora de la guillotina: el autoelevador cruza A2 y apoya el paquete; las hojas se deslizan sobre la mesa de bolas (no se levantan a mano).
  7
ISO3098
 11
907.0
 21
775.3999999999999
 31
0.0
100
AcDbText
 73
2
  0
CIRCLE
  5
6AD5
330
17
100
AcDbEntity
  8
A-TEXTO
100
AcDbCircle
 10
902.0
 20
770.1999999999998
 30
0.0
 40
2.2
  0
TEXT
  5
6AD6
330
17
100
AcDbEntity
  8
A-TEXTO
100
AcDbText
 10
902.0
 20
770.1999999999998
 30
0.0
 40
2.0
  1
5
  7
ISO3098
 72
1
 11
902.0
 21
770.1999999999998
 31
0.0
100
AcDbText
 73
2
  0
TEXT
  5
6AD7
330
17
100
AcDbEntity
  8
A-TEXTO
100
AcDbText
 10
907.0
 20
770.1999999999998
 30
0.0
 40
2.3
  1
Rollos de fleje: pluma del autoelevador con gancho C (ojo vertical) a la cuna de AL-1F, por ancho y espesor.
  7
ISO3098
 11
907.0
 21
770.1999999999998
 31
0.0
100
AcDbText
 73
2
  0
CIRCLE
  5
6AD8
330
17
100
AcDbEntity
  8
A-TEXTO
100
AcDbCircle
 10
902.0
 20
764.9999999999998
 30
0.0
 40
2.2
  0
TEXT
  5
6AD9
330
17
100
AcDbEntity
  8
A-TEXTO
100
AcDbText
 10
902.0
 20
764.9999999999998
 30
0.0
 40
2.0
  1
6
  7
ISO3098
 72
1
 11
902.0
 21
764.9999999999998
 31
0.0
100
AcDbText
 73
2
  0
TEXT
  5
6ADA
330
17
100
AcDbEntity
  8
A-TEXTO
100
AcDbText
 10
907.0
 20
764.9999999999998
 30
0.0
 40
2.3
  1
Rollo al desbobinador SHIMEQ de 2 mandriles: se carga el mandril libre mientras el otro trabaja (sin parar la prensa).
  7
ISO3098
 11
907.0
 21
764.9999999999998
 31
0.0
100
AcDbText
 73
2
  0
CIRCLE
  5
6ADB
330
17
100
AcDbEntity
  8
A-TEXTO
100
AcDbCircle
 10
902.0
 20
759.7999999999997
 30
0.0
 40
2.2
  0
TEXT
  5
6ADC
330
17
100
AcDbEntity
  8
A-TEXTO
100
AcDbText
 10
902.0
 20
759.7999999999997
 30
0.0
 40
2.0
  1
7
  7
ISO3098
 72
1
 11
902.0
 21
759.7999999999997
 31
0.0
100
AcDbText
 73
2
  0
TEXT
  5
6ADD
330
17
100
AcDbEntity
  8
A-TEXTO
100
AcDbText
 10
907.0
 20
759.7999999999997
 30
0.0
 40
2.3
  1
Atados de caño 6 m (≤ 600 kg): el autoelevador los apoya, de costado y al aire libre, en el cantiléver CT del alero.
  7
ISO3098
 11
907.0
 21
759.7999999999997
 31
0.0
100
AcDbText
 73
2
  0
CIRCLE
  5
6ADE
330
17
100
AcDbEntity
  8
A-TEXTO
100
AcDbCircle
 10
902.0
 20
754.5999999999997
 30
0.0
 40
2.2
  0
TEXT
  5
6ADF
330
17
100
AcDbEntity
  8
A-TEXTO
100
AcDbText
 10
902.0
 20
754.5999999999997
 30
0.0
 40
2.0
  1
8
  7
ISO3098
 72
1
 11
902.0
 21
754.5999999999997
 31
0.0
100
AcDbText
 73
2
  0
TEXT
  5
6AE0
330
17
100
AcDbEntity
  8
A-TEXTO
100
AcDbText
 10
907.0
 20
754.5999999999997
 30
0.0
 40
2.3
  1
Carro porta-tubos (2 boguies): 1-2 viajes/día por P1-A2-PO-L a los caballetes de los láseres (gira de A2 a PO-L: un caño de 6,5 m pasa la esquina de 3,6 + 1,4 m).
  7
ISO3098
 11
907.0
 21
754.5999999999997
 31
0.0
100
AcDbText
 73
2
  0
CIRCLE
  5
6AE1
330
17
100
AcDbEntity
  8
A-TEXTO
100
AcDbCircle
 10
902.0
 20
749.3999999999996
 30
0.0
 40
2.2
  0
TEXT
  5
6AE2
330
17
100
AcDbEntity
  8
A-TEXTO
100
AcDbText
 10
902.0
 20
749.3999999999996
 30
0.0
 40
2.0
  1
9
  7
ISO3098
 72
1
 11
902.0
 21
749.3999999999996
 31
0.0
100
AcDbText
 73
2
  0
TEXT
  5
6AE3
330
17
100
AcDbEntity
  8
A-TEXTO
100
AcDbText
 10
907.0
 20
749.3999999999996
 30
0.0
 40
2.3
  1
Insumos pesados (alambre MIG, cuplas, asientos) al rack de PÑ por A1; de ahí, el milk run al pañol de línea.
  7
ISO3098
 11
907.0
 21
749.3999999999996
 31
0.0
100
AcDbText
 73
2
  0
CIRCLE
  5
6AE4
330
17
100
AcDbEntity
  8
A-TEXTO
100
AcDbCircle
 10
902.0
 20
744.1999999999996
 30
0.0
 40
2.2
  0
TEXT
  5
6AE5
330
17
100
AcDbEntity
  8
A-TEXTO
100
AcDbText
 10
902.0
 20
744.1999999999996
 30
0.0
 40
2.0
  1
10
  7
ISO3098
 72
1
 11
902.0
 21
744.1999999999996
 31
0.0
100
AcDbText
 73
2
  0
TEXT
  5
6AE6
330
17
100
AcDbEntity
  8
A-TEXTO
100
AcDbText
 10
907.0
 20
744.1999999999996
 30
0.0
 40
2.3
  1
Basculantes de scrap de la guillotina y la prensa: el autoelevador los vuelca en el volquete del alero por P2.
  7
ISO3098
 11
907.0
 21
744.1999999999996
 31
0.0
100
AcDbText
 73
2
  0
TEXT
  5
6AE7
330
17
100
AcDbEntity
  8
A-TEXTO
100
AcDbText
 10
899.0
 20
734.9999999999995
 30
0.0
 40
3.2
  1
Secuencia del PT (detalle 2)
  7
ISO3098
 11
899.0
 21
734.9999999999995
 31
0.0
100
AcDbText
 73
1
  0
CIRCLE
  5
6AE8
330
17
100
AcDbEntity
  8
A-TEXTO
100
AcDbCircle
 10
902.0
 20
728.9999999999995
 30
0.0
 40
2.2
  0
TEXT
  5
6AE9
330
17
100
AcDbEntity
  8
A-TEXTO
100
AcDbText
 10
902.0
 20
728.9999999999995
 30
0.0
 40
2.0
  1
1
  7
ISO3098
 72
1
 11
902.0
 21
728.9999999999995
 31
0.0
100
AcDbText
 73
2
  0
TEXT
  5
6AEA
330
17
100
AcDbEntity
  8
A-TEXTO
100
AcDbText
 10
907.0
 20
728.9999999999995
 30
0.0
 40
2.3
  1
Palletizado en T08-T10 (fin de terminación) por SKU: 360 u de 1 kg o 84 de 5 kg por pallet.
  7
ISO3098
 11
907.0
 21
728.9999999999995
 31
0.0
100
AcDbText
 73
2
  0
CIRCLE
  5
6AEB
330
17
100
AcDbEntity
  8
A-TEXTO
100
AcDbCircle
 10
902.0
 20
723.7999999999995
 30
0.0
 40
2.2
  0
TEXT
  5
6AEC
330
17
100
AcDbEntity
  8
A-TEXTO
100
AcDbText
 10
902.0
 20
723.7999999999995
 30
0.0
 40
2.0
  1
2
  7
ISO3098
 72
1
 11
902.0
 21
723.7999999999995
 31
0.0
100
AcDbText
 73
2
  0
TEXT
  5
6AED
330
17
100
AcDbEntity
  8
A-TEXTO
100
AcDbText
 10
907.0
 20
723.7999999999995
 30
0.0
 40
2.3
  1
Envolvedora EDOS PS5 (T11) y etiqueta de pallet con lote y destino.
  7
ISO3098
 11
907.0
 21
723.7999999999995
 31
0.0
100
AcDbText
 73
2
  0
CIRCLE
  5
6AEE
330
17
100
AcDbEntity
  8
A-TEXTO
100
AcDbCircle
 10
902.0
 20
718.5999999999995
 30
0.0
 40
2.2
  0
TEXT
  5
6AEF
330
17
100
AcDbEntity
  8
A-TEXTO
100
AcDbText
 10
902.0
 20
718.5999999999995
 30
0.0
 40
2.0
  1
3
  7
ISO3098
 72
1
 11
902.0
 21
718.5999999999995
 31
0.0
100
AcDbText
 73
2
  0
TEXT
  5
6AF0
330
17
100
AcDbEntity
  8
A-TEXTO
100
AcDbText
 10
907.0
 20
718.5999999999995
 30
0.0
 40
2.3
  1
Apiladora por T3 al rack RK3 de alta rotación (1 y 5 kg).
  7
ISO3098
 11
907.0
 21
718.5999999999995
 31
0.0
100
AcDbText
 73
2
  0
CIRCLE
  5
6AF1
330
17
100
AcDbEntity
  8
A-TEXTO
100
AcDbCircle
 10
902.0
 20
713.3999999999994
 30
0.0
 40
2.2
  0
TEXT
  5
6AF2
330
17
100
AcDbEntity
  8
A-TEXTO
100
AcDbText
 10
902.0
 20
713.3999999999994
 30
0.0
 40
2.0
  1
4
  7
ISO3098
 72
1
 11
902.0
 21
713.3999999999994
 31
0.0
100
AcDbText
 73
2
  0
TEXT
  5
6AF3
330
17
100
AcDbEntity
  8
A-TEXTO
100
AcDbText
 10
907.0
 20
713.3999999999994
 30
0.0
 40
2.3
  1
Stock de temporada (oct-nov para diciembre) en RK2 y cara este de RK1, por T1 y T2 desde el pasillo central.
  7
ISO3098
 11
907.0
 21
713.3999999999994
 31
0.0
100
AcDbText
 73
2
  0
CIRCLE
  5
6AF4
330
17
100
AcDbEntity
  8
A-TEXTO
100
AcDbCircle
 10
902.0
 20
708.1999999999994
 30
0.0
 40
2.2
  0
TEXT
  5
6AF5
330
17
100
AcDbEntity
  8
A-TEXTO
100
AcDbText
 10
902.0
 20
708.1999999999994
 30
0.0
 40
2.0
  1
5
  7
ISO3098
 72
1
 11
902.0
 21
708.1999999999994
 31
0.0
100
AcDbText
 73
2
  0
TEXT
  5
6AF6
330
17
100
AcDbEntity
  8
A-TEXTO
100
AcDbText
 10
907.0
 20
708.1999999999994
 30
0.0
 40
2.3
  1
Pedido del día: se arma en la calle EX frente al muelle asignado (8 pallets por camión).
  7
ISO3098
 11
907.0
 21
708.1999999999994
 31
0.0
100
AcDbText
 73
2
  0
CIRCLE
  5
6AF7
330
17
100
AcDbEntity
  8
A-TEXTO
100
AcDbCircle
 10
902.0
 20
702.9999999999993
 30
0.0
 40
2.2
  0
TEXT
  5
6AF8
330
17
100
AcDbEntity
  8
A-TEXTO
100
AcDbText
 10
902.0
 20
702.9999999999993
 30
0.0
 40
2.0
  1
6
  7
ISO3098
 72
1
 11
902.0
 21
702.9999999999993
 31
0.0
100
AcDbText
 73
2
  0
TEXT
  5
6AF9
330
17
100
AcDbEntity
  8
A-TEXTO
100
AcDbText
 10
907.0
 20
702.9999999999993
 30
0.0
 40
2.3
  1
Carga por la rampa niveladora de M1 o M2 con transpaleta / autoelevador (7 camiones por semana en 2035).
  7
ISO3098
 11
907.0
 21
702.9999999999993
 31
0.0
100
AcDbText
 73
2
  0
CIRCLE
  5
6AFA
330
17
100
AcDbEntity
  8
A-TEXTO
100
AcDbCircle
 10
902.0
 20
697.7999999999993
 30
0.0
 40
2.2
  0
TEXT
  5
6AFB
330
17
100
AcDbEntity
  8
A-TEXTO
100
AcDbText
 10
902.0
 20
697.7999999999993
 30
0.0
 40
2.0
  1
7
  7
ISO3098
 72
1
 11
902.0
 21
697.7999999999993
 31
0.0
100
AcDbText
 73
2
  0
TEXT
  5
6AFC
330
17
100
AcDbEntity
  8
A-TEXTO
100
AcDbText
 10
907.0
 20
697.7999999999993
 30
0.0
 40
2.3
  1
M3 recibe tercerizados (S4) y casquetes de carros (al rack pasante RK1: se toman desde S3 por la cara oeste).
  7
ISO3098
 11
907.0
 21
697.7999999999993
 31
0.0
100
AcDbText
 73
2
  0
CIRCLE
  5
6AFD
330
17
100
AcDbEntity
  8
A-TEXTO
100
AcDbCircle
 10
902.0
 20
692.5999999999992
 30
0.0
 40
2.2
  0
TEXT
  5
6AFE
330
17
100
AcDbEntity
  8
A-TEXTO
100
AcDbText
 10
902.0
 20
692.5999999999992
 30
0.0
 40
2.0
  1
8
  7
ISO3098
 72
1
 11
902.0
 21
692.5999999999992
 31
0.0
100
AcDbText
 73
2
  0
TEXT
  5
6AFF
330
17
100
AcDbEntity
  8
A-TEXTO
100
AcDbText
 10
907.0
 20
692.5999999999992
 30
0.0
 40
2.3
  1
Las recargas no usan estos muelles: entran por RC-1 y salen en utilitarios por RC-2 (milk run).
  7
ISO3098
 11
907.0
 21
692.5999999999992
 31
0.0
100
AcDbText
 73
2
  0
TEXT
  5
6B00
330
17
100
AcDbEntity
  8
A-TEXTO
100
AcDbText
 10
899.0
 20
682.8999999999992
 30
0.0
 40
3.0
  1
Métodos y tiempos (día pico 2035)
  7
ISO3098
 11
899.0
 21
682.8999999999992
 31
0.0
100
AcDbText
 73
1
  0
LWPOLYLINE
  5
6B01
330
17
100
AcDbEntity
  8
A-COTA
370
35
100
AcDbPolyline
 90
4
 70
1
 10
899.0
 20
681.3999999999992
 10
1012.0
 20
681.3999999999992
 10
1012.0
 20
613.3999999999992
 10
899.0
 20
613.3999999999992
  0
LINE
  5
6B02
330
17
100
AcDbEntity
  8
A-COTA
370
35
100
AcDbLine
 10
899.0
 20
677.9999999999992
 30
0.0
 11
1012.0
 21
677.9999999999992
 31
0.0
  0
LINE
  5
6B03
330
17
100
AcDbEntity
  8
A-COTA
370
13
100
AcDbLine
 10
899.0
 20
674.5999999999992
 30
0.0
 11
1012.0
 21
674.5999999999992
 31
0.0
  0
LINE
  5
6B04
330
17
100
AcDbEntity
  8
A-COTA
370
13
100
AcDbLine
 10
899.0
 20
671.1999999999991
 30
0.0
 11
1012.0
 21
671.1999999999991
 31
0.0
  0
LINE
  5
6B05
330
17
100
AcDbEntity
  8
A-COTA
370
13
100
AcDbLine
 10
899.0
 20
667.7999999999992
 30
0.0
 11
1012.0
 21
667.7999999999992
 31
0.0
  0
LINE
  5
6B06
330
17
100
AcDbEntity
  8
A-COTA
370
13
100
AcDbLine
 10
899.0
 20
664.3999999999992
 30
0.0
 11
1012.0
 21
664.3999999999992
 31
0.0
  0
LINE
  5
6B07
330
17
100
AcDbEntity
  8
A-COTA
370
13
100
AcDbLine
 10
899.0
 20
660.9999999999992
 30
0.0
 11
1012.0
 21
660.9999999999992
 31
0.0
  0
LINE
  5
6B08
330
17
100
AcDbEntity
  8
A-COTA
370
13
100
AcDbLine
 10
899.0
 20
657.5999999999992
 30
0.0
 11
1012.0
 21
657.5999999999992
 31
0.0
  0
LINE
  5
6B09
330
17
100
AcDbEntity
  8
A-COTA
370
13
100
AcDbLine
 10
899.0
 20
654.1999999999991
 30
0.0
 11
1012.0
 21
654.1999999999991
 31
0.0
  0
LINE
  5
6B0A
330
17
100
AcDbEntity
  8
A-COTA
370
13
100
AcDbLine
 10
899.0
 20
650.7999999999992
 30
0.0
 11
1012.0
 21
650.7999999999992
 31
0.0
  0
LINE
  5
6B0B
330
17
100
AcDbEntity
  8
A-COTA
370
13
100
AcDbLine
 10
899.0
 20
647.3999999999992
 30
0.0
 11
1012.0
 21
647.3999999999992
 31
0.0
  0
LINE
  5
6B0C
330
17
100
AcDbEntity
  8
A-COTA
370
13
100
AcDbLine
 10
899.0
 20
643.9999999999992
 30
0.0
 11
1012.0
 21
643.9999999999992
 31
0.0
  0
LINE
  5
6B0D
330
17
100
AcDbEntity
  8
A-COTA
370
13
100
AcDbLine
 10
899.0
 20
640.5999999999992
 30
0.0
 11
1012.0
 21
640.5999999999992
 31
0.0
  0
LINE
  5
6B0E
330
17
100
AcDbEntity
  8
A-COTA
370
13
100
AcDbLine
 10
899.0
 20
637.1999999999991
 30
0.0
 11
1012.0
 21
637.1999999999991
 31
0.0
  0
LINE
  5
6B0F
330
17
100
AcDbEntity
  8
A-COTA
370
13
100
AcDbLine
 10
899.0
 20
633.7999999999992
 30
0.0
 11
1012.0
 21
633.7999999999992
 31
0.0
  0
LINE
  5
6B10
330
17
100
AcDbEntity
  8
A-COTA
370
13
100
AcDbLine
 10
899.0
 20
630.3999999999992
 30
0.0
 11
1012.0
 21
630.3999999999992
 31
0.0
  0
LINE
  5
6B11
330
17
100
AcDbEntity
  8
A-COTA
370
13
100
AcDbLine
 10
899.0
 20
626.9999999999992
 30
0.0
 11
1012.0
 21
626.9999999999992
 31
0.0
  0
LINE
  5
6B12
330
17
100
AcDbEntity
  8
A-COTA
370
13
100
AcDbLine
 10
899.0
 20
623.5999999999992
 30
0.0
 11
1012.0
 21
623.5999999999992
 31
0.0
  0
LINE
  5
6B13
330
17
100
AcDbEntity
  8
A-COTA
370
13
100
AcDbLine
 10
899.0
 20
620.1999999999991
 30
0.0
 11
1012.0
 21
620.1999999999991
 31
0.0
  0
LINE
  5
6B14
330
17
100
AcDbEntity
  8
A-COTA
370
13
100
AcDbLine
 10
899.0
 20
616.7999999999992
 30
0.0
 11
1012.0
 21
616.7999999999992
 31
0.0
  0
LINE
  5
6B15
330
17
100
AcDbEntity
  8
A-COTA
370
13
100
AcDbLine
 10
949.0
 20
681.3999999999992
 30
0.0
 11
949.0
 21
613.3999999999992
 31
0.0
  0
LINE
  5
6B16
330
17
100
AcDbEntity
  8
A-COTA
370
13
100
AcDbLine
 10
973.0
 20
681.3999999999992
 30
0.0
 11
973.0
 21
613.3999999999992
 31
0.0
  0
LINE
  5
6B17
330
17
100
AcDbEntity
  8
A-COTA
370
13
100
AcDbLine
 10
988.0
 20
681.3999999999992
 30
0.0
 11
988.0
 21
613.3999999999992
 31
0.0
  0
LINE
  5
6B18
330
17
100
AcDbEntity
  8
A-COTA
370
13
100
AcDbLine
 10
998.0
 20
681.3999999999992
 30
0.0
 11
998.0
 21
613.3999999999992
 31
0.0
  0
TEXT
  5
6B19
330
17
100
AcDbEntity
  8
A-TEXTO
100
AcDbText
 10
899.8
 20
679.6999999999991
 30
0.0
 40
1.65
  1
Unidad de carga
  7
ISO3098
 11
899.8
 21
679.6999999999991
 31
0.0
100
AcDbText
 73
2
  0
TEXT
  5
6B1A
330
17
100
AcDbEntity
  8
A-TEXTO
100
AcDbText
 10
949.8
 20
679.6999999999991
 30
0.0
 40
1.65
  1
Medio
  7
ISO3098
 11
949.8
 21
679.6999999999991
 31
0.0
100
AcDbText
 73
2
  0
TEXT
  5
6B1B
330
17
100
AcDbEntity
  8
A-TEXTO
100
AcDbText
 10
980.5
 20
679.6999999999991
 30
0.0
 40
1.65
  1
Viajes/día
  7
ISO3098
 72
1
 11
980.5
 21
679.6999999999991
 31
0.0
100
AcDbText
 73
2
  0
TEXT
  5
6B1C
330
17
100
AcDbEntity
  8
A-TEXTO
100
AcDbText
 10
993.0
 20
679.6999999999991
 30
0.0
 40
1.65
  1
m
  7
ISO3098
 72
1
 11
993.0
 21
679.6999999999991
 31
0.0
100
AcDbText
 73
2
  0
TEXT
  5
6B1D
330
17
100
AcDbEntity
  8
A-TEXTO
100
AcDbText
 10
1005.0
 20
679.6999999999991
 30
0.0
 40
1.65
  1
min/día
  7
ISO3098
 72
1
 11
1005.0
 21
679.6999999999991
 31
0.0
100
AcDbText
 73
2
  0
TEXT
  5
6B1E
330
17
100
AcDbEntity
  8
A-TEXTO
100
AcDbText
 10
899.8
 20
676.2999999999992
 30
0.0
 40
1.65
  1
Paquete de hojas ≤ 2 t
  7
ISO3098
 11
899.8
 21
676.2999999999992
 31
0.0
100
AcDbText
 73
2
  0
TEXT
  5
6B1F
330
17
100
AcDbEntity
  8
A-TEXTO
100
AcDbText
 10
949.8
 20
676.2999999999992
 30
0.0
 40
1.65
  1
Autoelevador
  7
ISO3098
 11
949.8
 21
676.2999999999992
 31
0.0
100
AcDbText
 73
2
  0
TEXT
  5
6B20
330
17
100
AcDbEntity
  8
A-TEXTO
100
AcDbText
 10
980.5
 20
676.2999999999992
 30
0.0
 40
1.65
  1
1,5
  7
ISO3098
 72
1
 11
980.5
 21
676.2999999999992
 31
0.0
100
AcDbText
 73
2
  0
TEXT
  5
6B21
330
17
100
AcDbEntity
  8
A-TEXTO
100
AcDbText
 10
993.0
 20
676.2999999999992
 30
0.0
 40
1.65
  1
24
  7
ISO3098
 72
1
 11
993.0
 21
676.2999999999992
 31
0.0
100
AcDbText
 73
2
  0
TEXT
  5
6B22
330
17
100
AcDbEntity
  8
A-TEXTO
100
AcDbText
 10
1005.0
 20
676.2999999999992
 30
0.0
 40
1.65
  1
3
  7
ISO3098
 72
1
 11
1005.0
 21
676.2999999999992
 31
0.0
100
AcDbText
 73
2
  0
TEXT
  5
6B23
330
17
100
AcDbEntity
  8
A-TEXTO
100
AcDbText
 10
899.8
 20
672.8999999999992
 30
0.0
 40
1.65
  1
Rollo de fleje 0,5-1 t
  7
ISO3098
 11
899.8
 21
672.8999999999992
 31
0.0
100
AcDbText
 73
2
  0
TEXT
  5
6B24
330
17
100
AcDbEntity
  8
A-TEXTO
100
AcDbText
 10
949.8
 20
672.8999999999992
 30
0.0
 40
1.65
  1
Autoelevador
  7
ISO3098
 11
949.8
 21
672.8999999999992
 31
0.0
100
AcDbText
 73
2
  0
TEXT
  5
6B25
330
17
100
AcDbEntity
  8
A-TEXTO
100
AcDbText
 10
980.5
 20
672.8999999999992
 30
0.0
 40
1.65
  1
0,8
  7
ISO3098
 72
1
 11
980.5
 21
672.8999999999992
 31
0.0
100
AcDbText
 73
2
  0
TEXT
  5
6B26
330
17
100
AcDbEntity
  8
A-TEXTO
100
AcDbText
 10
993.0
 20
672.8999999999992
 30
0.0
 40
1.65
  1
27
  7
ISO3098
 72
1
 11
993.0
 21
672.8999999999992
 31
0.0
100
AcDbText
 73
2
  0
TEXT
  5
6B27
330
17
100
AcDbEntity
  8
A-TEXTO
100
AcDbText
 10
1005.0
 20
672.8999999999992
 30
0.0
 40
1.65
  1
2
  7
ISO3098
 72
1
 11
1005.0
 21
672.8999999999992
 31
0.0
100
AcDbText
 73
2
  0
TEXT
  5
6B28
330
17
100
AcDbEntity
  8
A-TEXTO
100
AcDbText
 10
899.8
 20
669.4999999999992
 30
0.0
 40
1.65
  1
Atado de caño 6 m
  7
ISO3098
 11
899.8
 21
669.4999999999992
 31
0.0
100
AcDbText
 73
2
  0
TEXT
  5
6B29
330
17
100
AcDbEntity
  8
A-TEXTO
100
AcDbText
 10
949.8
 20
669.4999999999992
 30
0.0
 40
1.65
  1
Autoelevador
  7
ISO3098
 11
949.8
 21
669.4999999999992
 31
0.0
100
AcDbText
 73
2
  0
TEXT
  5
6B2A
330
17
100
AcDbEntity
  8
A-TEXTO
100
AcDbText
 10
980.5
 20
669.4999999999992
 30
0.0
 40
1.65
  1
0,6
  7
ISO3098
 72
1
 11
980.5
 21
669.4999999999992
 31
0.0
100
AcDbText
 73
2
  0
TEXT
  5
6B2B
330
17
100
AcDbEntity
  8
A-TEXTO
100
AcDbText
 10
993.0
 20
669.4999999999992
 30
0.0
 40
1.65
  1
16
  7
ISO3098
 72
1
 11
993.0
 21
669.4999999999992
 31
0.0
100
AcDbText
 73
2
  0
TEXT
  5
6B2C
330
17
100
AcDbEntity
  8
A-TEXTO
100
AcDbText
 10
1005.0
 20
669.4999999999992
 30
0.0
 40
1.65
  1
1
  7
ISO3098
 72
1
 11
1005.0
 21
669.4999999999992
 31
0.0
100
AcDbText
 73
2
  0
TEXT
  5
6B2D
330
17
100
AcDbEntity
  8
A-TEXTO
100
AcDbText
 10
899.8
 20
666.0999999999992
 30
0.0
 40
1.65
  1
Pallet de insumos pesados
  7
ISO3098
 11
899.8
 21
666.0999999999992
 31
0.0
100
AcDbText
 73
2
  0
TEXT
  5
6B2E
330
17
100
AcDbEntity
  8
A-TEXTO
100
AcDbText
 10
949.8
 20
666.0999999999992
 30
0.0
 40
1.65
  1
Autoelevador
  7
ISO3098
 11
949.8
 21
666.0999999999992
 31
0.0
100
AcDbText
 73
2
  0
TEXT
  5
6B2F
330
17
100
AcDbEntity
  8
A-TEXTO
100
AcDbText
 10
980.5
 20
666.0999999999992
 30
0.0
 40
1.65
  1
0,5
  7
ISO3098
 72
1
 11
980.5
 21
666.0999999999992
 31
0.0
100
AcDbText
 73
2
  0
TEXT
  5
6B30
330
17
100
AcDbEntity
  8
A-TEXTO
100
AcDbText
 10
993.0
 20
666.0999999999992
 30
0.0
 40
1.65
  1
31
  7
ISO3098
 72
1
 11
993.0
 21
666.0999999999992
 31
0.0
100
AcDbText
 73
2
  0
TEXT
  5
6B31
330
17
100
AcDbEntity
  8
A-TEXTO
100
AcDbText
 10
1005.0
 20
666.0999999999992
 30
0.0
 40
1.65
  1
1
  7
ISO3098
 72
1
 11
1005.0
 21
666.0999999999992
 31
0.0
100
AcDbText
 73
2
  0
TEXT
  5
6B32
330
17
100
AcDbEntity
  8
A-TEXTO
100
AcDbText
 10
899.8
 20
662.6999999999991
 30
0.0
 40
1.65
  1
Big bag de polvo 1 t
  7
ISO3098
 11
899.8
 21
662.6999999999991
 31
0.0
100
AcDbText
 73
2
  0
TEXT
  5
6B33
330
17
100
AcDbEntity
  8
A-TEXTO
100
AcDbText
 10
949.8
 20
662.6999999999991
 30
0.0
 40
1.65
  1
Autoelevador
  7
ISO3098
 11
949.8
 21
662.6999999999991
 31
0.0
100
AcDbText
 73
2
  0
TEXT
  5
6B34
330
17
100
AcDbEntity
  8
A-TEXTO
100
AcDbText
 10
980.5
 20
662.6999999999991
 30
0.0
 40
1.65
  1
1,7
  7
ISO3098
 72
1
 11
980.5
 21
662.6999999999991
 31
0.0
100
AcDbText
 73
2
  0
TEXT
  5
6B35
330
17
100
AcDbEntity
  8
A-TEXTO
100
AcDbText
 10
993.0
 20
662.6999999999991
 30
0.0
 40
1.65
  1
6
  7
ISO3098
 72
1
 11
993.0
 21
662.6999999999991
 31
0.0
100
AcDbText
 73
2
  0
TEXT
  5
6B36
330
17
100
AcDbEntity
  8
A-TEXTO
100
AcDbText
 10
1005.0
 20
662.6999999999991
 30
0.0
 40
1.65
  1
3
  7
ISO3098
 72
1
 11
1005.0
 21
662.6999999999991
 31
0.0
100
AcDbText
 73
2
  0
TEXT
  5
6B37
330
17
100
AcDbEntity
  8
A-TEXTO
100
AcDbText
 10
899.8
 20
659.2999999999992
 30
0.0
 40
1.65
  1
Pallet de válvulas / cajas
  7
ISO3098
 11
899.8
 21
659.2999999999992
 31
0.0
100
AcDbText
 73
2
  0
TEXT
  5
6B38
330
17
100
AcDbEntity
  8
A-TEXTO
100
AcDbText
 10
949.8
 20
659.2999999999992
 30
0.0
 40
1.65
  1
Transpaleta
  7
ISO3098
 11
949.8
 21
659.2999999999992
 31
0.0
100
AcDbText
 73
2
  0
TEXT
  5
6B39
330
17
100
AcDbEntity
  8
A-TEXTO
100
AcDbText
 10
980.5
 20
659.2999999999992
 30
0.0
 40
1.65
  1
1,3
  7
ISO3098
 72
1
 11
980.5
 21
659.2999999999992
 31
0.0
100
AcDbText
 73
2
  0
TEXT
  5
6B3A
330
17
100
AcDbEntity
  8
A-TEXTO
100
AcDbText
 10
993.0
 20
659.2999999999992
 30
0.0
 40
1.65
  1
4
  7
ISO3098
 72
1
 11
993.0
 21
659.2999999999992
 31
0.0
100
AcDbText
 73
2
  0
TEXT
  5
6B3B
330
17
100
AcDbEntity
  8
A-TEXTO
100
AcDbText
 10
1005.0
 20
659.2999999999992
 30
0.0
 40
1.65
  1
2
  7
ISO3098
 72
1
 11
1005.0
 21
659.2999999999992
 31
0.0
100
AcDbText
 73
2
  0
TEXT
  5
6B3C
330
17
100
AcDbEntity
  8
A-TEXTO
100
AcDbText
 10
899.8
 20
655.8999999999992
 30
0.0
 40
1.65
  1
Tambor / cajas de pintura
  7
ISO3098
 11
899.8
 21
655.8999999999992
 31
0.0
100
AcDbText
 73
2
  0
TEXT
  5
6B3D
330
17
100
AcDbEntity
  8
A-TEXTO
100
AcDbText
 10
949.8
 20
655.8999999999992
 30
0.0
 40
1.65
  1
Transpaleta
  7
ISO3098
 11
949.8
 21
655.8999999999992
 31
0.0
100
AcDbText
 73
2
  0
TEXT
  5
6B3E
330
17
100
AcDbEntity
  8
A-TEXTO
100
AcDbText
 10
980.5
 20
655.8999999999992
 30
0.0
 40
1.65
  1
0,3
  7
ISO3098
 72
1
 11
980.5
 21
655.8999999999992
 31
0.0
100
AcDbText
 73
2
  0
TEXT
  5
6B3F
330
17
100
AcDbEntity
  8
A-TEXTO
100
AcDbText
 10
993.0
 20
655.8999999999992
 30
0.0
 40
1.65
  1
10
  7
ISO3098
 72
1
 11
993.0
 21
655.8999999999992
 31
0.0
100
AcDbText
 73
2
  0
TEXT
  5
6B40
330
17
100
AcDbEntity
  8
A-TEXTO
100
AcDbText
 10
1005.0
 20
655.8999999999992
 30
0.0
 40
1.65
  1
0
  7
ISO3098
 72
1
 11
1005.0
 21
655.8999999999992
 31
0.0
100
AcDbText
 73
2
  0
TEXT
  5
6B41
330
17
100
AcDbEntity
  8
A-TEXTO
100
AcDbText
 10
899.8
 20
652.4999999999992
 30
0.0
 40
1.65
  1
Carro de cuerpos 2,5-10 kg (24 u)
  7
ISO3098
 11
899.8
 21
652.4999999999992
 31
0.0
100
AcDbText
 73
2
  0
TEXT
  5
6B42
330
17
100
AcDbEntity
  8
A-TEXTO
100
AcDbText
 10
949.8
 20
652.4999999999992
 30
0.0
 40
1.65
  1
Carro a mano
  7
ISO3098
 11
949.8
 21
652.4999999999992
 31
0.0
100
AcDbText
 73
2
  0
TEXT
  5
6B43
330
17
100
AcDbEntity
  8
A-TEXTO
100
AcDbText
 10
980.5
 20
652.4999999999992
 30
0.0
 40
1.65
  1
14,0
  7
ISO3098
 72
1
 11
980.5
 21
652.4999999999992
 31
0.0
100
AcDbText
 73
2
  0
TEXT
  5
6B44
330
17
100
AcDbEntity
  8
A-TEXTO
100
AcDbText
 10
993.0
 20
652.4999999999992
 30
0.0
 40
1.65
  1
6
  7
ISO3098
 72
1
 11
993.0
 21
652.4999999999992
 31
0.0
100
AcDbText
 73
2
  0
TEXT
  5
6B45
330
17
100
AcDbEntity
  8
A-TEXTO
100
AcDbText
 10
1005.0
 20
652.4999999999992
 30
0.0
 40
1.65
  1
11
  7
ISO3098
 72
1
 11
1005.0
 21
652.4999999999992
 31
0.0
100
AcDbText
 73
2
  0
TEXT
  5
6B46
330
17
100
AcDbEntity
  8
A-TEXTO
100
AcDbText
 10
899.8
 20
649.0999999999992
 30
0.0
 40
1.65
  1
Carro de cuerpos 1 kg (80 u)
  7
ISO3098
 11
899.8
 21
649.0999999999992
 31
0.0
100
AcDbText
 73
2
  0
TEXT
  5
6B47
330
17
100
AcDbEntity
  8
A-TEXTO
100
AcDbText
 10
949.8
 20
649.0999999999992
 30
0.0
 40
1.65
  1
Carro a mano
  7
ISO3098
 11
949.8
 21
649.0999999999992
 31
0.0
100
AcDbText
 73
2
  0
TEXT
  5
6B48
330
17
100
AcDbEntity
  8
A-TEXTO
100
AcDbText
 10
980.5
 20
649.0999999999992
 30
0.0
 40
1.65
  1
12,0
  7
ISO3098
 72
1
 11
980.5
 21
649.0999999999992
 31
0.0
100
AcDbText
 73
2
  0
TEXT
  5
6B49
330
17
100
AcDbEntity
  8
A-TEXTO
100
AcDbText
 10
993.0
 20
649.0999999999992
 30
0.0
 40
1.65
  1
13
  7
ISO3098
 72
1
 11
993.0
 21
649.0999999999992
 31
0.0
100
AcDbText
 73
2
  0
TEXT
  5
6B4A
330
17
100
AcDbEntity
  8
A-TEXTO
100
AcDbText
 10
1005.0
 20
649.0999999999992
 30
0.0
 40
1.65
  1
13
  7
ISO3098
 72
1
 11
1005.0
 21
649.0999999999992
 31
0.0
100
AcDbText
 73
2
  0
TEXT
  5
6B4B
330
17
100
AcDbEntity
  8
A-TEXTO
100
AcDbText
 10
899.8
 20
645.6999999999991
 30
0.0
 40
1.65
  1
Carro de fondos (150 u)
  7
ISO3098
 11
899.8
 21
645.6999999999991
 31
0.0
100
AcDbText
 73
2
  0
TEXT
  5
6B4C
330
17
100
AcDbEntity
  8
A-TEXTO
100
AcDbText
 10
949.8
 20
645.6999999999991
 30
0.0
 40
1.65
  1
Carro a mano
  7
ISO3098
 11
949.8
 21
645.6999999999991
 31
0.0
100
AcDbText
 73
2
  0
TEXT
  5
6B4D
330
17
100
AcDbEntity
  8
A-TEXTO
100
AcDbText
 10
980.5
 20
645.6999999999991
 30
0.0
 40
1.65
  1
8,0
  7
ISO3098
 72
1
 11
980.5
 21
645.6999999999991
 31
0.0
100
AcDbText
 73
2
  0
TEXT
  5
6B4E
330
17
100
AcDbEntity
  8
A-TEXTO
100
AcDbText
 10
993.0
 20
645.6999999999991
 30
0.0
 40
1.65
  1
15
  7
ISO3098
 72
1
 11
993.0
 21
645.6999999999991
 31
0.0
100
AcDbText
 73
2
  0
TEXT
  5
6B4F
330
17
100
AcDbEntity
  8
A-TEXTO
100
AcDbText
 10
1005.0
 20
645.6999999999991
 30
0.0
 40
1.65
  1
9
  7
ISO3098
 72
1
 11
1005.0
 21
645.6999999999991
 31
0.0
100
AcDbText
 73
2
  0
TEXT
  5
6B50
330
17
100
AcDbEntity
  8
A-TEXTO
100
AcDbText
 10
899.8
 20
642.2999999999992
 30
0.0
 40
1.65
  1
Carro de cúpulas con cuello (60 u)
  7
ISO3098
 11
899.8
 21
642.2999999999992
 31
0.0
100
AcDbText
 73
2
  0
TEXT
  5
6B51
330
17
100
AcDbEntity
  8
A-TEXTO
100
AcDbText
 10
949.8
 20
642.2999999999992
 30
0.0
 40
1.65
  1
Carro a mano
  7
ISO3098
 11
949.8
 21
642.2999999999992
 31
0.0
100
AcDbText
 73
2
  0
TEXT
  5
6B52
330
17
100
AcDbEntity
  8
A-TEXTO
100
AcDbText
 10
980.5
 20
642.2999999999992
 30
0.0
 40
1.65
  1
20,0
  7
ISO3098
 72
1
 11
980.5
 21
642.2999999999992
 31
0.0
100
AcDbText
 73
2
  0
TEXT
  5
6B53
330
17
100
AcDbEntity
  8
A-TEXTO
100
AcDbText
 10
993.0
 20
642.2999999999992
 30
0.0
 40
1.65
  1
24
  7
ISO3098
 72
1
 11
993.0
 21
642.2999999999992
 31
0.0
100
AcDbText
 73
2
  0
TEXT
  5
6B54
330
17
100
AcDbEntity
  8
A-TEXTO
100
AcDbText
 10
1005.0
 20
642.2999999999992
 30
0.0
 40
1.65
  1
30
  7
ISO3098
 72
1
 11
1005.0
 21
642.2999999999992
 31
0.0
100
AcDbText
 73
2
  0
TEXT
  5
6B55
330
17
100
AcDbEntity
  8
A-TEXTO
100
AcDbText
 10
899.8
 20
638.8999999999992
 30
0.0
 40
1.65
  1
Carro de cilindros, 9 tramos 9 -> 
  7
ISO3098
 11
899.8
 21
638.8999999999992
 31
0.0
100
AcDbText
 73
2
  0
TEXT
  5
6B56
330
17
100
AcDbEntity
  8
A-TEXTO
100
AcDbText
 10
949.8
 20
638.8999999999992
 30
0.0
 40
1.65
  1
Carro a mano
  7
ISO3098
 11
949.8
 21
638.8999999999992
 31
0.0
100
AcDbText
 73
2
  0
TEXT
  5
6B57
330
17
100
AcDbEntity
  8
A-TEXTO
100
AcDbText
 10
980.5
 20
638.8999999999992
 30
0.0
 40
1.65
  1
198,0
  7
ISO3098
 72
1
 11
980.5
 21
638.8999999999992
 31
0.0
100
AcDbText
 73
2
  0
TEXT
  5
6B58
330
17
100
AcDbEntity
  8
A-TEXTO
100
AcDbText
 10
993.0
 20
638.8999999999992
 30
0.0
 40
1.65
  1
4
  7
ISO3098
 72
1
 11
993.0
 21
638.8999999999992
 31
0.0
100
AcDbText
 73
2
  0
TEXT
  5
6B59
330
17
100
AcDbEntity
  8
A-TEXTO
100
AcDbText
 10
1005.0
 20
638.8999999999992
 30
0.0
 40
1.65
  1
136
  7
ISO3098
 72
1
 11
1005.0
 21
638.8999999999992
 31
0.0
100
AcDbText
 73
2
  0
TEXT
  5
6B5A
330
17
100
AcDbEntity
  8
A-TEXTO
100
AcDbText
 10
899.8
 20
635.4999999999992
 30
0.0
 40
1.65
  1
Carro de cilindros controlados
  7
ISO3098
 11
899.8
 21
635.4999999999992
 31
0.0
100
AcDbText
 73
2
  0
TEXT
  5
6B5B
330
17
100
AcDbEntity
  8
A-TEXTO
100
AcDbText
 10
949.8
 20
635.4999999999992
 30
0.0
 40
1.65
  1
Carro a mano
  7
ISO3098
 11
949.8
 21
635.4999999999992
 31
0.0
100
AcDbText
 73
2
  0
TEXT
  5
6B5C
330
17
100
AcDbEntity
  8
A-TEXTO
100
AcDbText
 10
980.5
 20
635.4999999999992
 30
0.0
 40
1.65
  1
22,0
  7
ISO3098
 72
1
 11
980.5
 21
635.4999999999992
 31
0.0
100
AcDbText
 73
2
  0
TEXT
  5
6B5D
330
17
100
AcDbEntity
  8
A-TEXTO
100
AcDbText
 10
993.0
 20
635.4999999999992
 30
0.0
 40
1.65
  1
6
  7
ISO3098
 72
1
 11
993.0
 21
635.4999999999992
 31
0.0
100
AcDbText
 73
2
  0
TEXT
  5
6B5E
330
17
100
AcDbEntity
  8
A-TEXTO
100
AcDbText
 10
1005.0
 20
635.4999999999992
 30
0.0
 40
1.65
  1
17
  7
ISO3098
 72
1
 11
1005.0
 21
635.4999999999992
 31
0.0
100
AcDbText
 73
2
  0
TEXT
  5
6B5F
330
17
100
AcDbEntity
  8
A-TEXTO
100
AcDbText
 10
899.8
 20
632.0999999999992
 30
0.0
 40
1.65
  1
Carro de cilindros pintados
  7
ISO3098
 11
899.8
 21
632.0999999999992
 31
0.0
100
AcDbText
 73
2
  0
TEXT
  5
6B60
330
17
100
AcDbEntity
  8
A-TEXTO
100
AcDbText
 10
949.8
 20
632.0999999999992
 30
0.0
 40
1.65
  1
Carro a mano
  7
ISO3098
 11
949.8
 21
632.0999999999992
 31
0.0
100
AcDbText
 73
2
  0
TEXT
  5
6B61
330
17
100
AcDbEntity
  8
A-TEXTO
100
AcDbText
 10
980.5
 20
632.0999999999992
 30
0.0
 40
1.65
  1
22,0
  7
ISO3098
 72
1
 11
980.5
 21
632.0999999999992
 31
0.0
100
AcDbText
 73
2
  0
TEXT
  5
6B62
330
17
100
AcDbEntity
  8
A-TEXTO
100
AcDbText
 10
993.0
 20
632.0999999999992
 30
0.0
 40
1.65
  1
6
  7
ISO3098
 72
1
 11
993.0
 21
632.0999999999992
 31
0.0
100
AcDbText
 73
2
  0
TEXT
  5
6B63
330
17
100
AcDbEntity
  8
A-TEXTO
100
AcDbText
 10
1005.0
 20
632.0999999999992
 30
0.0
 40
1.65
  1
16
  7
ISO3098
 72
1
 11
1005.0
 21
632.0999999999992
 31
0.0
100
AcDbText
 73
2
  0
TEXT
  5
6B64
330
17
100
AcDbEntity
  8
A-TEXTO
100
AcDbText
 10
899.8
 20
628.6999999999991
 30
0.0
 40
1.65
  1
Zorra de consumibles (vuelta)
  7
ISO3098
 11
899.8
 21
628.6999999999991
 31
0.0
100
AcDbText
 73
2
  0
TEXT
  5
6B65
330
17
100
AcDbEntity
  8
A-TEXTO
100
AcDbText
 10
949.8
 20
628.6999999999991
 30
0.0
 40
1.65
  1
Zorra milk run
  7
ISO3098
 11
949.8
 21
628.6999999999991
 31
0.0
100
AcDbText
 73
2
  0
TEXT
  5
6B66
330
17
100
AcDbEntity
  8
A-TEXTO
100
AcDbText
 10
980.5
 20
628.6999999999991
 30
0.0
 40
1.65
  1
4,0
  7
ISO3098
 72
1
 11
980.5
 21
628.6999999999991
 31
0.0
100
AcDbText
 73
2
  0
TEXT
  5
6B67
330
17
100
AcDbEntity
  8
A-TEXTO
100
AcDbText
 10
993.0
 20
628.6999999999991
 30
0.0
 40
1.65
  1
70
  7
ISO3098
 72
1
 11
993.0
 21
628.6999999999991
 31
0.0
100
AcDbText
 73
2
  0
TEXT
  5
6B68
330
17
100
AcDbEntity
  8
A-TEXTO
100
AcDbText
 10
1005.0
 20
628.6999999999991
 30
0.0
 40
1.65
  1
14
  7
ISO3098
 72
1
 11
1005.0
 21
628.6999999999991
 31
0.0
100
AcDbText
 73
2
  0
TEXT
  5
6B69
330
17
100
AcDbEntity
  8
A-TEXTO
100
AcDbText
 10
899.8
 20
625.2999999999992
 30
0.0
 40
1.65
  1
Pallet de PT
  7
ISO3098
 11
899.8
 21
625.2999999999992
 31
0.0
100
AcDbText
 73
2
  0
TEXT
  5
6B6A
330
17
100
AcDbEntity
  8
A-TEXTO
100
AcDbText
 10
949.8
 20
625.2999999999992
 30
0.0
 40
1.65
  1
Apiladora
  7
ISO3098
 11
949.8
 21
625.2999999999992
 31
0.0
100
AcDbText
 73
2
  0
TEXT
  5
6B6B
330
17
100
AcDbEntity
  8
A-TEXTO
100
AcDbText
 10
980.5
 20
625.2999999999992
 30
0.0
 40
1.65
  1
7,2
  7
ISO3098
 72
1
 11
980.5
 21
625.2999999999992
 31
0.0
100
AcDbText
 73
2
  0
TEXT
  5
6B6C
330
17
100
AcDbEntity
  8
A-TEXTO
100
AcDbText
 10
993.0
 20
625.2999999999992
 30
0.0
 40
1.65
  1
4
  7
ISO3098
 72
1
 11
993.0
 21
625.2999999999992
 31
0.0
100
AcDbText
 73
2
  0
TEXT
  5
6B6D
330
17
100
AcDbEntity
  8
A-TEXTO
100
AcDbText
 10
1005.0
 20
625.2999999999992
 30
0.0
 40
1.65
  1
12
  7
ISO3098
 72
1
 11
1005.0
 21
625.2999999999992
 31
0.0
100
AcDbText
 73
2
  0
TEXT
  5
6B6E
330
17
100
AcDbEntity
  8
A-TEXTO
100
AcDbText
 10
899.8
 20
621.8999999999992
 30
0.0
 40
1.65
  1
Pallet de PT
  7
ISO3098
 11
899.8
 21
621.8999999999992
 31
0.0
100
AcDbText
 73
2
  0
TEXT
  5
6B6F
330
17
100
AcDbEntity
  8
A-TEXTO
100
AcDbText
 10
949.8
 20
621.8999999999992
 30
0.0
 40
1.65
  1
Autoelevador
  7
ISO3098
 11
949.8
 21
621.8999999999992
 31
0.0
100
AcDbText
 73
2
  0
TEXT
  5
6B70
330
17
100
AcDbEntity
  8
A-TEXTO
100
AcDbText
 10
980.5
 20
621.8999999999992
 30
0.0
 40
1.65
  1
7,2
  7
ISO3098
 72
1
 11
980.5
 21
621.8999999999992
 31
0.0
100
AcDbText
 73
2
  0
TEXT
  5
6B71
330
17
100
AcDbEntity
  8
A-TEXTO
100
AcDbText
 10
993.0
 20
621.8999999999992
 30
0.0
 40
1.65
  1
10
  7
ISO3098
 72
1
 11
993.0
 21
621.8999999999992
 31
0.0
100
AcDbText
 73
2
  0
TEXT
  5
6B72
330
17
100
AcDbEntity
  8
A-TEXTO
100
AcDbText
 10
1005.0
 20
621.8999999999992
 30
0.0
 40
1.65
  1
12
  7
ISO3098
 72
1
 11
1005.0
 21
621.8999999999992
 31
0.0
100
AcDbText
 73
2
  0
TEXT
  5
6B73
330
17
100
AcDbEntity
  8
A-TEXTO
100
AcDbText
 10
899.8
 20
618.4999999999992
 30
0.0
 40
1.65
  1
Pallet de cilindros vacíos
  7
ISO3098
 11
899.8
 21
618.4999999999992
 31
0.0
100
AcDbText
 73
2
  0
TEXT
  5
6B74
330
17
100
AcDbEntity
  8
A-TEXTO
100
AcDbText
 10
949.8
 20
618.4999999999992
 30
0.0
 40
1.65
  1
Autoelevador
  7
ISO3098
 11
949.8
 21
618.4999999999992
 31
0.0
100
AcDbText
 73
2
  0
TEXT
  5
6B75
330
17
100
AcDbEntity
  8
A-TEXTO
100
AcDbText
 10
980.5
 20
618.4999999999992
 30
0.0
 40
1.65
  1
2,8
  7
ISO3098
 72
1
 11
980.5
 21
618.4999999999992
 31
0.0
100
AcDbText
 73
2
  0
TEXT
  5
6B76
330
17
100
AcDbEntity
  8
A-TEXTO
100
AcDbText
 10
993.0
 20
618.4999999999992
 30
0.0
 40
1.65
  1
16
  7
ISO3098
 72
1
 11
993.0
 21
618.4999999999992
 31
0.0
100
AcDbText
 73
2
  0
TEXT
  5
6B77
330
17
100
AcDbEntity
  8
A-TEXTO
100
AcDbText
 10
1005.0
 20
618.4999999999992
 30
0.0
 40
1.65
  1
5
  7
ISO3098
 72
1
 11
1005.0
 21
618.4999999999992
 31
0.0
100
AcDbText
 73
2
  0
TEXT
  5
6B78
330
17
100
AcDbEntity
  8
A-TEXTO
100
AcDbText
 10
899.8
 20
615.0999999999992
 30
0.0
 40
1.65
  1
Contenedor de scrap 1 m³
  7
ISO3098
 11
899.8
 21
615.0999999999992
 31
0.0
100
AcDbText
 73
2
  0
TEXT
  5
6B79
330
17
100
AcDbEntity
  8
A-TEXTO
100
AcDbText
 10
949.8
 20
615.0999999999992
 30
0.0
 40
1.65
  1
Autoelevador
  7
ISO3098
 11
949.8
 21
615.0999999999992
 31
0.0
100
AcDbText
 73
2
  0
TEXT
  5
6B7A
330
17
100
AcDbEntity
  8
A-TEXTO
100
AcDbText
 10
980.5
 20
615.0999999999992
 30
0.0
 40
1.65
  1
0,6
  7
ISO3098
 72
1
 11
980.5
 21
615.0999999999992
 31
0.0
100
AcDbText
 73
2
  0
TEXT
  5
6B7B
330
17
100
AcDbEntity
  8
A-TEXTO
100
AcDbText
 10
993.0
 20
615.0999999999992
 30
0.0
 40
1.65
  1
7
  7
ISO3098
 72
1
 11
993.0
 21
615.0999999999992
 31
0.0
100
AcDbText
 73
2
  0
TEXT
  5
6B7C
330
17
100
AcDbEntity
  8
A-TEXTO
100
AcDbText
 10
1005.0
 20
615.0999999999992
 30
0.0
 40
1.65
  1
1
  7
ISO3098
 72
1
 11
1005.0
 21
615.0999999999992
 31
0.0
100
AcDbText
 73
2
  0
TEXT
  5
6B7D
330
17
100
AcDbEntity
  8
A-TEXTO
100
AcDbText
 10
899.0
 20
611.3999999999992
 30
0.0
 40
1.9
  1
Autoelevador 7 % y apiladora 3 % de un turno:
  7
ISO3098
 11
899.0
 21
611.3999999999992
 31
0.0
100
AcDbText
 73
3
  0
TEXT
  5
6B7E
330
17
100
AcDbEntity
  8
A-TEXTO
100
AcDbText
 10
899.0
 20
608.4549999999991
 30
0.0
 40
1.9
  1
1 de cada uno (más 3 transpaletas manuales). El autoelevador lleva
  7
ISO3098
 11
899.0
 21
608.4549999999991
 31
0.0
100
AcDbText
 73
3
  0
TEXT
  5
6B7F
330
17
100
AcDbEntity
  8
A-TEXTO
100
AcDbText
 10
899.0
 20
605.5099999999991
 30
0.0
 40
1.9
  1
prolongaciones, pluma con percha (balancín) y gancho C.
  7
ISO3098
 11
899.0
 21
605.5099999999991
 31
0.0
100
AcDbText
 73
3
  0
TEXT
  5
6B80
330
17
100
AcDbEntity
  8
A-TEXTO
100
AcDbText
 10
33.0
 20
262.5
 30
0.0
 40
3.0
  1
Políticas de stock por tipo de chapa, fleje y caño (2035)
  7
ISO3098
 11
33.0
 21
262.5
 31
0.0
100
AcDbText
 73
1
  0
LWPOLYLINE
  5
6B81
330
17
100
AcDbEntity
  8
A-COTA
370
35
100
AcDbPolyline
 90
4
 70
1
 10
33.0
 20
261.0
 10
283.0
 20
261.0
 10
283.0
 20
210.6
 10
33.0
 20
210.6
  0
LINE
  5
6B82
330
17
100
AcDbEntity
  8
A-COTA
370
35
100
AcDbLine
 10
33.0
 20
257.4
 30
0.0
 11
283.0
 21
257.4
 31
0.0
  0
LINE
  5
6B83
330
17
100
AcDbEntity
  8
A-COTA
370
13
100
AcDbLine
 10
33.0
 20
253.8
 30
0.0
 11
283.0
 21
253.8
 31
0.0
  0
LINE
  5
6B84
330
17
100
AcDbEntity
  8
A-COTA
370
13
100
AcDbLine
 10
33.0
 20
250.2
 30
0.0
 11
283.0
 21
250.2
 31
0.0
  0
LINE
  5
6B85
330
17
100
AcDbEntity
  8
A-COTA
370
13
100
AcDbLine
 10
33.0
 20
246.6
 30
0.0
 11
283.0
 21
246.6
 31
0.0
  0
LINE
  5
6B86
330
17
100
AcDbEntity
  8
A-COTA
370
13
100
AcDbLine
 10
33.0
 20
243.0
 30
0.0
 11
283.0
 21
243.0
 31
0.0
  0
LINE
  5
6B87
330
17
100
AcDbEntity
  8
A-COTA
370
13
100
AcDbLine
 10
33.0
 20
239.4
 30
0.0
 11
283.0
 21
239.4
 31
0.0
  0
LINE
  5
6B88
330
17
100
AcDbEntity
  8
A-COTA
370
13
100
AcDbLine
 10
33.0
 20
235.8
 30
0.0
 11
283.0
 21
235.8
 31
0.0
  0
LINE
  5
6B89
330
17
100
AcDbEntity
  8
A-COTA
370
13
100
AcDbLine
 10
33.0
 20
232.2
 30
0.0
 11
283.0
 21
232.2
 31
0.0
  0
LINE
  5
6B8A
330
17
100
AcDbEntity
  8
A-COTA
370
13
100
AcDbLine
 10
33.0
 20
228.6
 30
0.0
 11
283.0
 21
228.6
 31
0.0
  0
LINE
  5
6B8B
330
17
100
AcDbEntity
  8
A-COTA
370
13
100
AcDbLine
 10
33.0
 20
225.0
 30
0.0
 11
283.0
 21
225.0
 31
0.0
  0
LINE
  5
6B8C
330
17
100
AcDbEntity
  8
A-COTA
370
13
100
AcDbLine
 10
33.0
 20
221.4
 30
0.0
 11
283.0
 21
221.4
 31
0.0
  0
LINE
  5
6B8D
330
17
100
AcDbEntity
  8
A-COTA
370
13
100
AcDbLine
 10
33.0
 20
217.8
 30
0.0
 11
283.0
 21
217.8
 31
0.0
  0
LINE
  5
6B8E
330
17
100
AcDbEntity
  8
A-COTA
370
13
100
AcDbLine
 10
33.0
 20
214.2
 30
0.0
 11
283.0
 21
214.2
 31
0.0
  0
LINE
  5
6B8F
330
17
100
AcDbEntity
  8
A-COTA
370
13
100
AcDbLine
 10
91.0
 20
261.0
 30
0.0
 11
91.0
 21
210.6
 31
0.0
  0
LINE
  5
6B90
330
17
100
AcDbEntity
  8
A-COTA
370
13
100
AcDbLine
 10
117.0
 20
261.0
 30
0.0
 11
117.0
 21
210.6
 31
0.0
  0
LINE
  5
6B91
330
17
100
AcDbEntity
  8
A-COTA
370
13
100
AcDbLine
 10
163.0
 20
261.0
 30
0.0
 11
163.0
 21
210.6
 31
0.0
  0
LINE
  5
6B92
330
17
100
AcDbEntity
  8
A-COTA
370
13
100
AcDbLine
 10
221.0
 20
261.0
 30
0.0
 11
221.0
 21
210.6
 31
0.0
  0
LINE
  5
6B93
330
17
100
AcDbEntity
  8
A-COTA
370
13
100
AcDbLine
 10
265.0
 20
261.0
 30
0.0
 11
265.0
 21
210.6
 31
0.0
  0
TEXT
  5
6B94
330
17
100
AcDbEntity
  8
A-TEXTO
100
AcDbText
 10
33.8
 20
259.2
 30
0.0
 40
1.75
  1
Artículo
  7
ISO3098
 11
33.8
 21
259.2
 31
0.0
100
AcDbText
 73
2
  0
TEXT
  5
6B95
330
17
100
AcDbEntity
  8
A-TEXTO
100
AcDbText
 10
104.0
 20
259.2
 30
0.0
 40
1.75
  1
Consumo
  7
ISO3098
 72
1
 11
104.0
 21
259.2
 31
0.0
100
AcDbText
 73
2
  0
TEXT
  5
6B96
330
17
100
AcDbEntity
  8
A-TEXTO
100
AcDbText
 10
117.8
 20
259.2
 30
0.0
 40
1.75
  1
Unidad de compra
  7
ISO3098
 11
117.8
 21
259.2
 31
0.0
100
AcDbText
 73
2
  0
TEXT
  5
6B97
330
17
100
AcDbEntity
  8
A-TEXTO
100
AcDbText
 10
163.8
 20
259.2
 30
0.0
 40
1.75
  1
Sistema
  7
ISO3098
 11
163.8
 21
259.2
 31
0.0
100
AcDbText
 73
2
  0
TEXT
  5
6B98
330
17
100
AcDbEntity
  8
A-TEXTO
100
AcDbText
 10
221.8
 20
259.2
 30
0.0
 40
1.75
  1
Se pide
  7
ISO3098
 11
221.8
 21
259.2
 31
0.0
100
AcDbText
 73
2
  0
TEXT
  5
6B99
330
17
100
AcDbEntity
  8
A-TEXTO
100
AcDbText
 10
274.0
 20
259.2
 30
0.0
 40
1.75
  1
Stock máx.
  7
ISO3098
 72
1
 11
274.0
 21
259.2
 31
0.0
100
AcDbText
 73
2
  0
TEXT
  5
6B9A
330
17
100
AcDbEntity
  8
A-TEXTO
100
AcDbText
 10
33.8
 20
255.6
 30
0.0
 40
1.75
  1
LAF 1,25 × 1220 × 2440 (2,5 kg)
  7
ISO3098
 11
33.8
 21
255.6
 31
0.0
100
AcDbText
 73
2
  0
TEXT
  5
6B9B
330
17
100
AcDbEntity
  8
A-TEXTO
100
AcDbText
 10
104.0
 20
255.6
 30
0.0
 40
1.75
  1
10,9 hojas/sem
  7
ISO3098
 72
1
 11
104.0
 21
255.6
 31
0.0
100
AcDbText
 73
2
  0
TEXT
  5
6B9C
330
17
100
AcDbEntity
  8
A-TEXTO
100
AcDbText
 10
117.8
 20
255.6
 30
0.0
 40
1.75
  1
paquete de 22 hojas (0,64 t)
  7
ISO3098
 11
117.8
 21
255.6
 31
0.0
100
AcDbText
 73
2
  0
TEXT
  5
6B9D
330
17
100
AcDbEntity
  8
A-TEXTO
100
AcDbText
 10
163.8
 20
255.6
 30
0.0
 40
1.75
  1
Kanban 2 paquetes: en uso + en espera
  7
ISO3098
 11
163.8
 21
255.6
 31
0.0
100
AcDbText
 73
2
  0
TEXT
  5
6B9E
330
17
100
AcDbEntity
  8
A-TEXTO
100
AcDbText
 10
221.8
 20
255.6
 30
0.0
 40
1.75
  1
al abrir el paquete en espera
  7
ISO3098
 11
221.8
 21
255.6
 31
0.0
100
AcDbText
 73
2
  0
TEXT
  5
6B9F
330
17
100
AcDbEntity
  8
A-TEXTO
100
AcDbText
 10
274.0
 20
255.6
 30
0.0
 40
1.75
  1
4,0 sem
  7
ISO3098
 72
1
 11
274.0
 21
255.6
 31
0.0
100
AcDbText
 73
2
  0
TEXT
  5
6BA0
330
17
100
AcDbEntity
  8
A-TEXTO
100
AcDbText
 10
33.8
 20
252.0
 30
0.0
 40
1.75
  1
LAF 1,6 × 1000 × 2000 (5 kg)
  7
ISO3098
 11
33.8
 21
252.0
 31
0.0
100
AcDbText
 73
2
  0
TEXT
  5
6BA1
330
17
100
AcDbEntity
  8
A-TEXTO
100
AcDbText
 10
104.0
 20
252.0
 30
0.0
 40
1.75
  1
110,5 hojas/sem
  7
ISO3098
 72
1
 11
104.0
 21
252.0
 31
0.0
100
AcDbText
 73
2
  0
TEXT
  5
6BA2
330
17
100
AcDbEntity
  8
A-TEXTO
100
AcDbText
 10
117.8
 20
252.0
 30
0.0
 40
1.75
  1
paquete de 79 hojas (1,99 t)
  7
ISO3098
 11
117.8
 21
252.0
 31
0.0
100
AcDbText
 73
2
  0
TEXT
  5
6BA3
330
17
100
AcDbEntity
  8
A-TEXTO
100
AcDbText
 10
163.8
 20
252.0
 30
0.0
 40
1.75
  1
Kanban 2 paquetes: en uso + en espera
  7
ISO3098
 11
163.8
 21
252.0
 31
0.0
100
AcDbText
 73
2
  0
TEXT
  5
6BA4
330
17
100
AcDbEntity
  8
A-TEXTO
100
AcDbText
 10
221.8
 20
252.0
 30
0.0
 40
1.75
  1
al abrir el paquete en espera
  7
ISO3098
 11
221.8
 21
252.0
 31
0.0
100
AcDbText
 73
2
  0
TEXT
  5
6BA5
330
17
100
AcDbEntity
  8
A-TEXTO
100
AcDbText
 10
274.0
 20
252.0
 30
0.0
 40
1.75
  1
1,4 sem
  7
ISO3098
 72
1
 11
274.0
 21
252.0
 31
0.0
100
AcDbText
 73
2
  0
TEXT
  5
6BA6
330
17
100
AcDbEntity
  8
A-TEXTO
100
AcDbText
 10
33.8
 20
248.4
 30
0.0
 40
1.75
  1
LAF 2,0 × 1500 × 3000 (10 kg)
  7
ISO3098
 11
33.8
 21
248.4
 31
0.0
100
AcDbText
 73
2
  0
TEXT
  5
6BA7
330
17
100
AcDbEntity
  8
A-TEXTO
100
AcDbText
 10
104.0
 20
248.4
 30
0.0
 40
1.75
  1
5,4 hojas/sem
  7
ISO3098
 72
1
 11
104.0
 21
248.4
 31
0.0
100
AcDbText
 73
2
  0
TEXT
  5
6BA8
330
17
100
AcDbEntity
  8
A-TEXTO
100
AcDbText
 10
117.8
 20
248.4
 30
0.0
 40
1.75
  1
paquete de 11 hojas (0,78 t)
  7
ISO3098
 11
117.8
 21
248.4
 31
0.0
100
AcDbText
 73
2
  0
TEXT
  5
6BA9
330
17
100
AcDbEntity
  8
A-TEXTO
100
AcDbText
 10
163.8
 20
248.4
 30
0.0
 40
1.75
  1
Kanban 2 paquetes: en uso + en espera
  7
ISO3098
 11
163.8
 21
248.4
 31
0.0
100
AcDbText
 73
2
  0
TEXT
  5
6BAA
330
17
100
AcDbEntity
  8
A-TEXTO
100
AcDbText
 10
221.8
 20
248.4
 30
0.0
 40
1.75
  1
al abrir el paquete en espera
  7
ISO3098
 11
221.8
 21
248.4
 31
0.0
100
AcDbText
 73
2
  0
TEXT
  5
6BAB
330
17
100
AcDbEntity
  8
A-TEXTO
100
AcDbText
 10
274.0
 20
248.4
 30
0.0
 40
1.75
  1
4,1 sem
  7
ISO3098
 72
1
 11
274.0
 21
248.4
 31
0.0
100
AcDbText
 73
2
  0
TEXT
  5
6BAC
330
17
100
AcDbEntity
  8
A-TEXTO
100
AcDbText
 10
33.8
 20
244.8
 30
0.0
 40
1.75
  1
LAC 3,2 × 1500 × 3000 (25 y 50 kg)
  7
ISO3098
 11
33.8
 21
244.8
 31
0.0
100
AcDbText
 73
2
  0
TEXT
  5
6BAD
330
17
100
AcDbEntity
  8
A-TEXTO
100
AcDbText
 10
104.0
 20
244.8
 30
0.0
 40
1.75
  1
7,7 hojas/sem
  7
ISO3098
 72
1
 11
104.0
 21
244.8
 31
0.0
100
AcDbText
 73
2
  0
TEXT
  5
6BAE
330
17
100
AcDbEntity
  8
A-TEXTO
100
AcDbText
 10
117.8
 20
244.8
 30
0.0
 40
1.75
  1
paquete de 16 hojas (1,81 t)
  7
ISO3098
 11
117.8
 21
244.8
 31
0.0
100
AcDbText
 73
2
  0
TEXT
  5
6BAF
330
17
100
AcDbEntity
  8
A-TEXTO
100
AcDbText
 10
163.8
 20
244.8
 30
0.0
 40
1.75
  1
Kanban 2 paquetes: en uso + en espera
  7
ISO3098
 11
163.8
 21
244.8
 31
0.0
100
AcDbText
 73
2
  0
TEXT
  5
6BB0
330
17
100
AcDbEntity
  8
A-TEXTO
100
AcDbText
 10
221.8
 20
244.8
 30
0.0
 40
1.75
  1
al abrir el paquete en espera
  7
ISO3098
 11
221.8
 21
244.8
 31
0.0
100
AcDbText
 73
2
  0
TEXT
  5
6BB1
330
17
100
AcDbEntity
  8
A-TEXTO
100
AcDbText
 10
274.0
 20
244.8
 30
0.0
 40
1.75
  1
4,1 sem
  7
ISO3098
 72
1
 11
274.0
 21
244.8
 31
0.0
100
AcDbText
 73
2
  0
TEXT
  5
6BB2
330
17
100
AcDbEntity
  8
A-TEXTO
100
AcDbText
 10
33.8
 20
241.2
 30
0.0
 40
1.75
  1
LAC 4,75 × 1500 × 3000 (70 y 100 kg)
  7
ISO3098
 11
33.8
 21
241.2
 31
0.0
100
AcDbText
 73
2
  0
TEXT
  5
6BB3
330
17
100
AcDbEntity
  8
A-TEXTO
100
AcDbText
 10
104.0
 20
241.2
 30
0.0
 40
1.75
  1
3,4 hojas/sem
  7
ISO3098
 72
1
 11
104.0
 21
241.2
 31
0.0
100
AcDbText
 73
2
  0
TEXT
  5
6BB4
330
17
100
AcDbEntity
  8
A-TEXTO
100
AcDbText
 10
117.8
 20
241.2
 30
0.0
 40
1.75
  1
paquete de 7 hojas (1,18 t)
  7
ISO3098
 11
117.8
 21
241.2
 31
0.0
100
AcDbText
 73
2
  0
TEXT
  5
6BB5
330
17
100
AcDbEntity
  8
A-TEXTO
100
AcDbText
 10
163.8
 20
241.2
 30
0.0
 40
1.75
  1
Kanban 2 paquetes: en uso + en espera
  7
ISO3098
 11
163.8
 21
241.2
 31
0.0
100
AcDbText
 73
2
  0
TEXT
  5
6BB6
330
17
100
AcDbEntity
  8
A-TEXTO
100
AcDbText
 10
221.8
 20
241.2
 30
0.0
 40
1.75
  1
al abrir el paquete en espera
  7
ISO3098
 11
221.8
 21
241.2
 31
0.0
100
AcDbText
 73
2
  0
TEXT
  5
6BB7
330
17
100
AcDbEntity
  8
A-TEXTO
100
AcDbText
 10
274.0
 20
241.2
 30
0.0
 40
1.75
  1
4,1 sem
  7
ISO3098
 72
1
 11
274.0
 21
241.2
 31
0.0
100
AcDbText
 73
2
  0
TEXT
  5
6BB8
330
17
100
AcDbEntity
  8
A-TEXTO
100
AcDbText
 10
33.8
 20
237.6
 30
0.0
 40
1.75
  1
Fleje 1,6 × 250 mm
  7
ISO3098
 11
33.8
 21
237.6
 31
0.0
100
AcDbText
 73
2
  0
TEXT
  5
6BB9
330
17
100
AcDbEntity
  8
A-TEXTO
100
AcDbText
 10
104.0
 20
237.6
 30
0.0
 40
1.75
  1
933 kg/sem
  7
ISO3098
 72
1
 11
104.0
 21
237.6
 31
0.0
100
AcDbText
 73
2
  0
TEXT
  5
6BBA
330
17
100
AcDbEntity
  8
A-TEXTO
100
AcDbText
 10
117.8
 20
237.6
 30
0.0
 40
1.75
  1
rollo de 1000 kg (DI 508)
  7
ISO3098
 11
117.8
 21
237.6
 31
0.0
100
AcDbText
 73
2
  0
TEXT
  5
6BBB
330
17
100
AcDbEntity
  8
A-TEXTO
100
AcDbText
 10
163.8
 20
237.6
 30
0.0
 40
1.75
  1
2 cunas: rollo en uso + 1 en espera
  7
ISO3098
 11
163.8
 21
237.6
 31
0.0
100
AcDbText
 73
2
  0
TEXT
  5
6BBC
330
17
100
AcDbEntity
  8
A-TEXTO
100
AcDbText
 10
221.8
 20
237.6
 30
0.0
 40
1.75
  1
al montar el rollo en espera
  7
ISO3098
 11
221.8
 21
237.6
 31
0.0
100
AcDbText
 73
2
  0
TEXT
  5
6BBD
330
17
100
AcDbEntity
  8
A-TEXTO
100
AcDbText
 10
274.0
 20
237.6
 30
0.0
 40
1.75
  1
2,1 sem
  7
ISO3098
 72
1
 11
274.0
 21
237.6
 31
0.0
100
AcDbText
 73
2
  0
TEXT
  5
6BBE
330
17
100
AcDbEntity
  8
A-TEXTO
100
AcDbText
 10
33.8
 20
234.0
 30
0.0
 40
1.75
  1
Fleje 1,6 × 200 mm
  7
ISO3098
 11
33.8
 21
234.0
 31
0.0
100
AcDbText
 73
2
  0
TEXT
  5
6BBF
330
17
100
AcDbEntity
  8
A-TEXTO
100
AcDbText
 10
104.0
 20
234.0
 30
0.0
 40
1.75
  1
600 kg/sem
  7
ISO3098
 72
1
 11
104.0
 21
234.0
 31
0.0
100
AcDbText
 73
2
  0
TEXT
  5
6BC0
330
17
100
AcDbEntity
  8
A-TEXTO
100
AcDbText
 10
117.8
 20
234.0
 30
0.0
 40
1.75
  1
rollo de 1000 kg (DI 508)
  7
ISO3098
 11
117.8
 21
234.0
 31
0.0
100
AcDbText
 73
2
  0
TEXT
  5
6BC1
330
17
100
AcDbEntity
  8
A-TEXTO
100
AcDbText
 10
163.8
 20
234.0
 30
0.0
 40
1.75
  1
2 cunas: rollo en uso + 1 en espera
  7
ISO3098
 11
163.8
 21
234.0
 31
0.0
100
AcDbText
 73
2
  0
TEXT
  5
6BC2
330
17
100
AcDbEntity
  8
A-TEXTO
100
AcDbText
 10
221.8
 20
234.0
 30
0.0
 40
1.75
  1
al montar el rollo en espera
  7
ISO3098
 11
221.8
 21
234.0
 31
0.0
100
AcDbText
 73
2
  0
TEXT
  5
6BC3
330
17
100
AcDbEntity
  8
A-TEXTO
100
AcDbText
 10
274.0
 20
234.0
 30
0.0
 40
1.75
  1
3,3 sem
  7
ISO3098
 72
1
 11
274.0
 21
234.0
 31
0.0
100
AcDbText
 73
2
  0
TEXT
  5
6BC4
330
17
100
AcDbEntity
  8
A-TEXTO
100
AcDbText
 10
33.8
 20
230.4
 30
0.0
 40
1.75
  1
Fleje 0,9 × 114 mm
  7
ISO3098
 11
33.8
 21
230.4
 31
0.0
100
AcDbText
 73
2
  0
TEXT
  5
6BC5
330
17
100
AcDbEntity
  8
A-TEXTO
100
AcDbText
 10
104.0
 20
230.4
 30
0.0
 40
1.75
  1
377 kg/sem
  7
ISO3098
 72
1
 11
104.0
 21
230.4
 31
0.0
100
AcDbText
 73
2
  0
TEXT
  5
6BC6
330
17
100
AcDbEntity
  8
A-TEXTO
100
AcDbText
 10
117.8
 20
230.4
 30
0.0
 40
1.75
  1
rollo de 750 kg (DI 508)
  7
ISO3098
 11
117.8
 21
230.4
 31
0.0
100
AcDbText
 73
2
  0
TEXT
  5
6BC7
330
17
100
AcDbEntity
  8
A-TEXTO
100
AcDbText
 10
163.8
 20
230.4
 30
0.0
 40
1.75
  1
2 cunas: rollo en uso + 1 en espera
  7
ISO3098
 11
163.8
 21
230.4
 31
0.0
100
AcDbText
 73
2
  0
TEXT
  5
6BC8
330
17
100
AcDbEntity
  8
A-TEXTO
100
AcDbText
 10
221.8
 20
230.4
 30
0.0
 40
1.75
  1
al montar el rollo en espera
  7
ISO3098
 11
221.8
 21
230.4
 31
0.0
100
AcDbText
 73
2
  0
TEXT
  5
6BC9
330
17
100
AcDbEntity
  8
A-TEXTO
100
AcDbText
 10
274.0
 20
230.4
 30
0.0
 40
1.75
  1
4,0 sem
  7
ISO3098
 72
1
 11
274.0
 21
230.4
 31
0.0
100
AcDbText
 73
2
  0
TEXT
  5
6BCA
330
17
100
AcDbEntity
  8
A-TEXTO
100
AcDbText
 10
33.8
 20
226.8
 30
0.0
 40
1.75
  1
Fleje 0,9 × 106 mm
  7
ISO3098
 11
33.8
 21
226.8
 31
0.0
100
AcDbText
 73
2
  0
TEXT
  5
6BCB
330
17
100
AcDbEntity
  8
A-TEXTO
100
AcDbText
 10
104.0
 20
226.8
 30
0.0
 40
1.75
  1
326 kg/sem
  7
ISO3098
 72
1
 11
104.0
 21
226.8
 31
0.0
100
AcDbText
 73
2
  0
TEXT
  5
6BCC
330
17
100
AcDbEntity
  8
A-TEXTO
100
AcDbText
 10
117.8
 20
226.8
 30
0.0
 40
1.75
  1
rollo de 650 kg (DI 508)
  7
ISO3098
 11
117.8
 21
226.8
 31
0.0
100
AcDbText
 73
2
  0
TEXT
  5
6BCD
330
17
100
AcDbEntity
  8
A-TEXTO
100
AcDbText
 10
163.8
 20
226.8
 30
0.0
 40
1.75
  1
2 cunas: rollo en uso + 1 en espera
  7
ISO3098
 11
163.8
 21
226.8
 31
0.0
100
AcDbText
 73
2
  0
TEXT
  5
6BCE
330
17
100
AcDbEntity
  8
A-TEXTO
100
AcDbText
 10
221.8
 20
226.8
 30
0.0
 40
1.75
  1
al montar el rollo en espera
  7
ISO3098
 11
221.8
 21
226.8
 31
0.0
100
AcDbText
 73
2
  0
TEXT
  5
6BCF
330
17
100
AcDbEntity
  8
A-TEXTO
100
AcDbText
 10
274.0
 20
226.8
 30
0.0
 40
1.75
  1
4,0 sem
  7
ISO3098
 72
1
 11
274.0
 21
226.8
 31
0.0
100
AcDbText
 73
2
  0
TEXT
  5
6BD0
330
17
100
AcDbEntity
  8
A-TEXTO
100
AcDbText
 10
33.8
 20
223.2
 30
0.0
 40
1.75
  1
Fleje 1,25 × 200 mm
  7
ISO3098
 11
33.8
 21
223.2
 31
0.0
100
AcDbText
 73
2
  0
TEXT
  5
6BD1
330
17
100
AcDbEntity
  8
A-TEXTO
100
AcDbText
 10
104.0
 20
223.2
 30
0.0
 40
1.75
  1
192 kg/sem
  7
ISO3098
 72
1
 11
104.0
 21
223.2
 31
0.0
100
AcDbText
 73
2
  0
TEXT
  5
6BD2
330
17
100
AcDbEntity
  8
A-TEXTO
100
AcDbText
 10
117.8
 20
223.2
 30
0.0
 40
1.75
  1
rollo de 400 kg (DI 508)
  7
ISO3098
 11
117.8
 21
223.2
 31
0.0
100
AcDbText
 73
2
  0
TEXT
  5
6BD3
330
17
100
AcDbEntity
  8
A-TEXTO
100
AcDbText
 10
163.8
 20
223.2
 30
0.0
 40
1.75
  1
2 cunas: rollo en uso + 1 en espera
  7
ISO3098
 11
163.8
 21
223.2
 31
0.0
100
AcDbText
 73
2
  0
TEXT
  5
6BD4
330
17
100
AcDbEntity
  8
A-TEXTO
100
AcDbText
 10
221.8
 20
223.2
 30
0.0
 40
1.75
  1
al montar el rollo en espera
  7
ISO3098
 11
221.8
 21
223.2
 31
0.0
100
AcDbText
 73
2
  0
TEXT
  5
6BD5
330
17
100
AcDbEntity
  8
A-TEXTO
100
AcDbText
 10
274.0
 20
223.2
 30
0.0
 40
1.75
  1
4,2 sem
  7
ISO3098
 72
1
 11
274.0
 21
223.2
 31
0.0
100
AcDbText
 73
2
  0
TEXT
  5
6BD6
330
17
100
AcDbEntity
  8
A-TEXTO
100
AcDbText
 10
33.8
 20
219.6
 30
0.0
 40
1.75
  1
Fleje 2,0 × 300 mm
  7
ISO3098
 11
33.8
 21
219.6
 31
0.0
100
AcDbText
 73
2
  0
TEXT
  5
6BD7
330
17
100
AcDbEntity
  8
A-TEXTO
100
AcDbText
 10
104.0
 20
219.6
 30
0.0
 40
1.75
  1
99 kg/sem
  7
ISO3098
 72
1
 11
104.0
 21
219.6
 31
0.0
100
AcDbText
 73
2
  0
TEXT
  5
6BD8
330
17
100
AcDbEntity
  8
A-TEXTO
100
AcDbText
 10
117.8
 20
219.6
 30
0.0
 40
1.75
  1
rollo de 250 kg (DI 508)
  7
ISO3098
 11
117.8
 21
219.6
 31
0.0
100
AcDbText
 73
2
  0
TEXT
  5
6BD9
330
17
100
AcDbEntity
  8
A-TEXTO
100
AcDbText
 10
163.8
 20
219.6
 30
0.0
 40
1.75
  1
2 cunas: rollo en uso + 1 en espera
  7
ISO3098
 11
163.8
 21
219.6
 31
0.0
100
AcDbText
 73
2
  0
TEXT
  5
6BDA
330
17
100
AcDbEntity
  8
A-TEXTO
100
AcDbText
 10
221.8
 20
219.6
 30
0.0
 40
1.75
  1
al montar el rollo en espera
  7
ISO3098
 11
221.8
 21
219.6
 31
0.0
100
AcDbText
 73
2
  0
TEXT
  5
6BDB
330
17
100
AcDbEntity
  8
A-TEXTO
100
AcDbText
 10
274.0
 20
219.6
 30
0.0
 40
1.75
  1
5,1 sem
  7
ISO3098
 72
1
 11
274.0
 21
219.6
 31
0.0
100
AcDbText
 73
2
  0
TEXT
  5
6BDC
330
17
100
AcDbEntity
  8
A-TEXTO
100
AcDbText
 10
33.8
 20
216.0
 30
0.0
 40
1.75
  1
Fleje 2,0 × 249 mm
  7
ISO3098
 11
33.8
 21
216.0
 31
0.0
100
AcDbText
 73
2
  0
TEXT
  5
6BDD
330
17
100
AcDbEntity
  8
A-TEXTO
100
AcDbText
 10
104.0
 20
216.0
 30
0.0
 40
1.75
  1
65 kg/sem
  7
ISO3098
 72
1
 11
104.0
 21
216.0
 31
0.0
100
AcDbText
 73
2
  0
TEXT
  5
6BDE
330
17
100
AcDbEntity
  8
A-TEXTO
100
AcDbText
 10
117.8
 20
216.0
 30
0.0
 40
1.75
  1
rollo de 250 kg (DI 508)
  7
ISO3098
 11
117.8
 21
216.0
 31
0.0
100
AcDbText
 73
2
  0
TEXT
  5
6BDF
330
17
100
AcDbEntity
  8
A-TEXTO
100
AcDbText
 10
163.8
 20
216.0
 30
0.0
 40
1.75
  1
2 cunas: rollo en uso + 1 en espera
  7
ISO3098
 11
163.8
 21
216.0
 31
0.0
100
AcDbText
 73
2
  0
TEXT
  5
6BE0
330
17
100
AcDbEntity
  8
A-TEXTO
100
AcDbText
 10
221.8
 20
216.0
 30
0.0
 40
1.75
  1
al montar el rollo en espera
  7
ISO3098
 11
221.8
 21
216.0
 31
0.0
100
AcDbText
 73
2
  0
TEXT
  5
6BE1
330
17
100
AcDbEntity
  8
A-TEXTO
100
AcDbText
 10
274.0
 20
216.0
 30
0.0
 40
1.75
  1
7,7 sem
  7
ISO3098
 72
1
 11
274.0
 21
216.0
 31
0.0
100
AcDbText
 73
2
  0
TEXT
  5
6BE2
330
17
100
AcDbEntity
  8
A-TEXTO
100
AcDbText
 10
33.8
 20
212.4
 30
0.0
 40
1.75
  1
Caño Ø76,2 × 1,25 × 6 m
  7
ISO3098
 11
33.8
 21
212.4
 31
0.0
100
AcDbText
 73
2
  0
TEXT
  5
6BE3
330
17
100
AcDbEntity
  8
A-TEXTO
100
AcDbText
 10
104.0
 20
212.4
 30
0.0
 40
1.75
  1
184 barras/sem
  7
ISO3098
 72
1
 11
104.0
 21
212.4
 31
0.0
100
AcDbText
 73
2
  0
TEXT
  5
6BE4
330
17
100
AcDbEntity
  8
A-TEXTO
100
AcDbText
 10
117.8
 20
212.4
 30
0.0
 40
1.75
  1
atado de 45 caños (≤ 600 kg)
  7
ISO3098
 11
117.8
 21
212.4
 31
0.0
100
AcDbText
 73
2
  0
TEXT
  5
6BE5
330
17
100
AcDbEntity
  8
A-TEXTO
100
AcDbText
 10
163.8
 20
212.4
 30
0.0
 40
1.75
  1
Revisión semanal (cantiléver de 12 atados)
  7
ISO3098
 11
163.8
 21
212.4
 31
0.0
100
AcDbText
 73
2
  0
TEXT
  5
6BE6
330
17
100
AcDbEntity
  8
A-TEXTO
100
AcDbText
 10
221.8
 20
212.4
 30
0.0
 40
1.75
  1
Q = 12 - existencia
  7
ISO3098
 11
221.8
 21
212.4
 31
0.0
100
AcDbText
 73
2
  0
TEXT
  5
6BE7
330
17
100
AcDbEntity
  8
A-TEXTO
100
AcDbText
 10
274.0
 20
212.4
 30
0.0
 40
1.75
  1
2,9 sem
  7
ISO3098
 72
1
 11
274.0
 21
212.4
 31
0.0
100
AcDbText
 73
2
  0
TEXT
  5
6BE8
330
17
100
AcDbEntity
  8
A-TEXTO
100
AcDbText
 10
33.0
 20
206.6
 30
0.0
 40
2.0
  1
Distribución en AL-1H (de sur a norte, el más usado junto a la mesa elevadora): 1) LAF 1,6 × 1000 × 2000 (5 kg);
  7
ISO3098
 11
33.0
 21
206.6
 31
0.0
100
AcDbText
 73
3
  0
TEXT
  5
6BE9
330
17
100
AcDbEntity
  8
A-TEXTO
100
AcDbText
 10
33.0
 20
203.5
 30
0.0
 40
2.0
  1
2) LAF 1,25 × 1220 × 2440 (2,5 kg); 3) LAF 2,0 × 1500 × 3000 (10 kg); 4) LAC 3,2 × 1500 × 3000 (25-50 kg);
  7
ISO3098
 11
33.0
 21
203.5
 31
0.0
100
AcDbText
 73
3
  0
TEXT
  5
6BEA
330
17
100
AcDbEntity
  8
A-TEXTO
100
AcDbText
 10
33.0
 20
200.4
 30
0.0
 40
2.0
  1
5) LAC 4,75 × 1500 × 3000 (70-100 kg). Un formato por posición: no se mezclan espesores (error de corte).
  7
ISO3098
 11
33.0
 21
200.4
 31
0.0
100
AcDbText
 73
3
  0
TEXT
  5
6BEB
330
17
100
AcDbEntity
  8
A-TEXTO
100
AcDbText
 10
33.0
 20
197.3
 30
0.0
 40
2.0
  1
Entregas quincenales de Pradecon (17,6 t) en lugar de una mensual de 35 t: baja el stock máximo a la mitad.
  7
ISO3098
 11
33.0
 21
197.3
 31
0.0
100
AcDbText
 73
3
  0
TEXT
  5
6BEC
330
17
100
AcDbEntity
  8
A-TEXTO
100
AcDbText
 10
33.0
 20
194.20000000000002
 30
0.0
 40
2.0
  1
Flejes de bajo consumo (2,0 × 249 y 2,0 × 300 mm): rollos de 250-300 kg para no tener 5 meses de stock.
  7
ISO3098
 11
33.0
 21
194.20000000000002
 31
0.0
100
AcDbText
 73
3
  0
TEXT
  5
6BED
330
17
100
AcDbEntity
  8
A-TEXTO
100
AcDbText
 10
33.0
 20
191.10000000000002
 30
0.0
 40
2.0
  1
Semáforo de antigüedad: verde < 4 semanas, amarillo 4-6, rojo > 6 (se usa primero y se inspecciona óxido).
  7
ISO3098
 11
33.0
 21
191.10000000000002
 31
0.0
100
AcDbText
 73
3
  0
TEXT
  5
6BEE
330
17
100
AcDbEntity
  8
A-TEXTO
100
AcDbText
 10
527.0
 20
322.5
 30
0.0
 40
3.0
  1
Flota (dibujada = calculada)
  7
ISO3098
 11
527.0
 21
322.5
 31
0.0
100
AcDbText
 73
1
  0
LWPOLYLINE
  5
6BEF
330
17
100
AcDbEntity
  8
A-COTA
370
35
100
AcDbPolyline
 90
4
 70
1
 10
527.0
 20
321.0
 10
669.0
 20
321.0
 10
669.0
 20
292.2
 10
527.0
 20
292.2
  0
LINE
  5
6BF0
330
17
100
AcDbEntity
  8
A-COTA
370
35
100
AcDbLine
 10
527.0
 20
317.4
 30
0.0
 11
669.0
 21
317.4
 31
0.0
  0
LINE
  5
6BF1
330
17
100
AcDbEntity
  8
A-COTA
370
13
100
AcDbLine
 10
527.0
 20
313.8
 30
0.0
 11
669.0
 21
313.8
 31
0.0
  0
LINE
  5
6BF2
330
17
100
AcDbEntity
  8
A-COTA
370
13
100
AcDbLine
 10
527.0
 20
310.2
 30
0.0
 11
669.0
 21
310.2
 31
0.0
  0
LINE
  5
6BF3
330
17
100
AcDbEntity
  8
A-COTA
370
13
100
AcDbLine
 10
527.0
 20
306.6
 30
0.0
 11
669.0
 21
306.6
 31
0.0
  0
LINE
  5
6BF4
330
17
100
AcDbEntity
  8
A-COTA
370
13
100
AcDbLine
 10
527.0
 20
303.0
 30
0.0
 11
669.0
 21
303.0
 31
0.0
  0
LINE
  5
6BF5
330
17
100
AcDbEntity
  8
A-COTA
370
13
100
AcDbLine
 10
527.0
 20
299.4
 30
0.0
 11
669.0
 21
299.4
 31
0.0
  0
LINE
  5
6BF6
330
17
100
AcDbEntity
  8
A-COTA
370
13
100
AcDbLine
 10
527.0
 20
295.8
 30
0.0
 11
669.0
 21
295.8
 31
0.0
  0
LINE
  5
6BF7
330
17
100
AcDbEntity
  8
A-COTA
370
13
100
AcDbLine
 10
597.0
 20
321.0
 30
0.0
 11
597.0
 21
292.2
 31
0.0
  0
LINE
  5
6BF8
330
17
100
AcDbEntity
  8
A-COTA
370
13
100
AcDbLine
 10
609.0
 20
321.0
 30
0.0
 11
609.0
 21
292.2
 31
0.0
  0
TEXT
  5
6BF9
330
17
100
AcDbEntity
  8
A-TEXTO
100
AcDbText
 10
527.8
 20
319.2
 30
0.0
 40
1.75
  1
Equipo de manipulación
  7
ISO3098
 11
527.8
 21
319.2
 31
0.0
100
AcDbText
 73
2
  0
TEXT
  5
6BFA
330
17
100
AcDbEntity
  8
A-TEXTO
100
AcDbText
 10
603.0
 20
319.2
 30
0.0
 40
1.75
  1
Cant.
  7
ISO3098
 72
1
 11
603.0
 21
319.2
 31
0.0
100
AcDbText
 73
2
  0
TEXT
  5
6BFB
330
17
100
AcDbEntity
  8
A-TEXTO
100
AcDbText
 10
609.8
 20
319.2
 30
0.0
 40
1.75
  1
Dónde
  7
ISO3098
 11
609.8
 21
319.2
 31
0.0
100
AcDbText
 73
2
  0
TEXT
  5
6BFC
330
17
100
AcDbEntity
  8
A-TEXTO
100
AcDbText
 10
527.8
 20
315.6
 30
0.0
 40
1.75
  1
Autoelevador eléctrico 3 t, mástil triplex
  7
ISO3098
 11
527.8
 21
315.6
 31
0.0
100
AcDbText
 73
2
  0
TEXT
  5
6BFD
330
17
100
AcDbEntity
  8
A-TEXTO
100
AcDbText
 10
603.0
 20
315.6
 30
0.0
 40
1.75
  1
1
  7
ISO3098
 72
1
 11
603.0
 21
315.6
 31
0.0
100
AcDbText
 73
2
  0
TEXT
  5
6BFE
330
17
100
AcDbEntity
  8
A-TEXTO
100
AcDbText
 10
609.8
 20
315.6
 30
0.0
 40
1.75
  1
MP, PT y descarga de camiones
  7
ISO3098
 11
609.8
 21
315.6
 31
0.0
100
AcDbText
 73
2
  0
TEXT
  5
6BFF
330
17
100
AcDbEntity
  8
A-TEXTO
100
AcDbText
 10
527.8
 20
312.0
 30
0.0
 40
1.75
  1
  prolongaciones de horquilla 2,4 m
  7
ISO3098
 11
527.8
 21
312.0
 31
0.0
100
AcDbText
 73
2
  0
TEXT
  5
6C00
330
17
100
AcDbEntity
  8
A-TEXTO
100
AcDbText
 10
603.0
 20
312.0
 30
0.0
 40
1.75
  1
1
  7
ISO3098
 72
1
 11
603.0
 21
312.0
 31
0.0
100
AcDbText
 73
2
  0
TEXT
  5
6C01
330
17
100
AcDbEntity
  8
A-TEXTO
100
AcDbText
 10
609.8
 20
312.0
 30
0.0
 40
1.75
  1
Paquetes de hoja por el lado largo
  7
ISO3098
 11
609.8
 21
312.0
 31
0.0
100
AcDbText
 73
2
  0
TEXT
  5
6C02
330
17
100
AcDbEntity
  8
A-TEXTO
100
AcDbText
 10
527.8
 20
308.4
 30
0.0
 40
1.75
  1
  pluma con percha (balancín 4 m) y gancho C
  7
ISO3098
 11
527.8
 21
308.4
 31
0.0
100
AcDbText
 73
2
  0
TEXT
  5
6C03
330
17
100
AcDbEntity
  8
A-TEXTO
100
AcDbText
 10
603.0
 20
308.4
 30
0.0
 40
1.75
  1
1
  7
ISO3098
 72
1
 11
603.0
 21
308.4
 31
0.0
100
AcDbText
 73
2
  0
TEXT
  5
6C04
330
17
100
AcDbEntity
  8
A-TEXTO
100
AcDbText
 10
609.8
 20
308.4
 30
0.0
 40
1.75
  1
Rollos de fleje y atados de caño
  7
ISO3098
 11
609.8
 21
308.4
 31
0.0
100
AcDbText
 73
2
  0
TEXT
  5
6C05
330
17
100
AcDbEntity
  8
A-TEXTO
100
AcDbText
 10
527.8
 20
304.8
 30
0.0
 40
1.75
  1
Apiladora eléctrica de conductor acompañante 1,2 t
  7
ISO3098
 11
527.8
 21
304.8
 31
0.0
100
AcDbText
 73
2
  0
TEXT
  5
6C06
330
17
100
AcDbEntity
  8
A-TEXTO
100
AcDbText
 10
603.0
 20
304.8
 30
0.0
 40
1.75
  1
1
  7
ISO3098
 72
1
 11
603.0
 21
304.8
 31
0.0
100
AcDbText
 73
2
  0
TEXT
  5
6C07
330
17
100
AcDbEntity
  8
A-TEXTO
100
AcDbText
 10
609.8
 20
304.8
 30
0.0
 40
1.75
  1
Rack de alta rotación RK3 (T3)
  7
ISO3098
 11
609.8
 21
304.8
 31
0.0
100
AcDbText
 73
2
  0
TEXT
  5
6C08
330
17
100
AcDbEntity
  8
A-TEXTO
100
AcDbText
 10
527.8
 20
301.2
 30
0.0
 40
1.75
  1
Transpaletas manuales 2,5 t
  7
ISO3098
 11
527.8
 21
301.2
 31
0.0
100
AcDbText
 73
2
  0
TEXT
  5
6C09
330
17
100
AcDbEntity
  8
A-TEXTO
100
AcDbText
 10
603.0
 20
301.2
 30
0.0
 40
1.75
  1
3
  7
ISO3098
 72
1
 11
603.0
 21
301.2
 31
0.0
100
AcDbText
 73
2
  0
TEXT
  5
6C0A
330
17
100
AcDbEntity
  8
A-TEXTO
100
AcDbText
 10
609.8
 20
301.2
 30
0.0
 40
1.75
  1
Muelles, insumos y granalla
  7
ISO3098
 11
609.8
 21
301.2
 31
0.0
100
AcDbText
 73
2
  0
TEXT
  5
6C0B
330
17
100
AcDbEntity
  8
A-TEXTO
100
AcDbText
 10
527.8
 20
297.6
 30
0.0
 40
1.75
  1
Carros porta-cilindros / zorras / porta-tubos
  7
ISO3098
 11
527.8
 21
297.6
 31
0.0
100
AcDbText
 73
2
  0
TEXT
  5
6C0C
330
17
100
AcDbEntity
  8
A-TEXTO
100
AcDbText
 10
603.0
 20
297.6
 30
0.0
 40
1.65
  1
26 / 5 / 1
  7
ISO3098
 72
1
 11
603.0
 21
297.6
 31
0.0
100
AcDbText
 73
2
  0
TEXT
  5
6C0D
330
17
100
AcDbEntity
  8
A-TEXTO
100
AcDbText
 10
609.8
 20
297.6
 30
0.0
 40
1.75
  1
Línea, milk run y caños
  7
ISO3098
 11
609.8
 21
297.6
 31
0.0
100
AcDbText
 73
2
  0
TEXT
  5
6C0E
330
17
100
AcDbEntity
  8
A-TEXTO
100
AcDbText
 10
527.8
 20
294.0
 30
0.0
 40
1.75
  1
Estación de carga de baterías
  7
ISO3098
 11
527.8
 21
294.0
 31
0.0
100
AcDbText
 73
2
  0
TEXT
  5
6C0F
330
17
100
AcDbEntity
  8
A-TEXTO
100
AcDbText
 10
603.0
 20
294.0
 30
0.0
 40
1.75
  1
1
  7
ISO3098
 72
1
 11
603.0
 21
294.0
 31
0.0
100
AcDbText
 73
2
  0
TEXT
  5
6C10
330
17
100
AcDbEntity
  8
A-TEXTO
100
AcDbText
 10
609.8
 20
294.0
 30
0.0
 40
1.75
  1
AL-C, sobre el pasillo central
  7
ISO3098
 11
609.8
 21
294.0
 31
0.0
100
AcDbText
 73
2
  0
LWPOLYLINE
  5
6C11
330
17
100
AcDbEntity
  8
08-FINA
100
AcDbPolyline
 90
4
 70
1
 10
1589.0
 20
0.0
 10
2430.0
 20
0.0
 10
2430.0
 20
594.0
 10
1589.0
 20
594.0
  0
LWPOLYLINE
  5
6C12
330
17
100
AcDbEntity
  8
07-RECUADRO
100
AcDbPolyline
 90
4
 70
1
 10
1614.0
 20
10.0
 10
2420.0
 20
10.0
 10
2420.0
 20
584.0
 10
1614.0
 20
584.0
  0
LINE
  5
6C13
330
17
100
AcDbEntity
  8
07-RECUADRO
100
AcDbLine
 10
2009.5
 20
0.0
 30
0.0
 11
2009.5
 21
15.0
 31
0.0
  0
LINE
  5
6C14
330
17
100
AcDbEntity
  8
07-RECUADRO
100
AcDbLine
 10
2009.5
 20
594.0
 30
0.0
 11
2009.5
 21
579.0
 31
0.0
  0
LINE
  5
6C15
330
17
100
AcDbEntity
  8
07-RECUADRO
100
AcDbLine
 10
1589.0
 20
297.0
 30
0.0
 11
1619.0
 21
297.0
 31
0.0
  0
LINE
  5
6C16
330
17
100
AcDbEntity
  8
07-RECUADRO
100
AcDbLine
 10
2430.0
 20
297.0
 30
0.0
 11
2415.0
 21
297.0
 31
0.0
  0
LINE
  5
6C17
330
17
100
AcDbEntity
  8
08-FINA
100
AcDbLine
 10
1659.5
 20
10.0
 30
0.0
 11
1659.5
 21
5.0
 31
0.0
  0
LINE
  5
6C18
330
17
100
AcDbEntity
  8
08-FINA
100
AcDbLine
 10
1659.5
 20
584.0
 30
0.0
 11
1659.5
 21
589.0
 31
0.0
  0
LINE
  5
6C19
330
17
100
AcDbEntity
  8
08-FINA
100
AcDbLine
 10
1709.5
 20
10.0
 30
0.0
 11
1709.5
 21
5.0
 31
0.0
  0
LINE
  5
6C1A
330
17
100
AcDbEntity
  8
08-FINA
100
AcDbLine
 10
1709.5
 20
584.0
 30
0.0
 11
1709.5
 21
589.0
 31
0.0
  0
LINE
  5
6C1B
330
17
100
AcDbEntity
  8
08-FINA
100
AcDbLine
 10
1759.5
 20
10.0
 30
0.0
 11
1759.5
 21
5.0
 31
0.0
  0
LINE
  5
6C1C
330
17
100
AcDbEntity
  8
08-FINA
100
AcDbLine
 10
1759.5
 20
584.0
 30
0.0
 11
1759.5
 21
589.0
 31
0.0
  0
LINE
  5
6C1D
330
17
100
AcDbEntity
  8
08-FINA
100
AcDbLine
 10
1809.5
 20
10.0
 30
0.0
 11
1809.5
 21
5.0
 31
0.0
  0
LINE
  5
6C1E
330
17
100
AcDbEntity
  8
08-FINA
100
AcDbLine
 10
1809.5
 20
584.0
 30
0.0
 11
1809.5
 21
589.0
 31
0.0
  0
LINE
  5
6C1F
330
17
100
AcDbEntity
  8
08-FINA
100
AcDbLine
 10
1859.5
 20
10.0
 30
0.0
 11
1859.5
 21
5.0
 31
0.0
  0
LINE
  5
6C20
330
17
100
AcDbEntity
  8
08-FINA
100
AcDbLine
 10
1859.5
 20
584.0
 30
0.0
 11
1859.5
 21
589.0
 31
0.0
  0
LINE
  5
6C21
330
17
100
AcDbEntity
  8
08-FINA
100
AcDbLine
 10
1909.5
 20
10.0
 30
0.0
 11
1909.5
 21
5.0
 31
0.0
  0
LINE
  5
6C22
330
17
100
AcDbEntity
  8
08-FINA
100
AcDbLine
 10
1909.5
 20
584.0
 30
0.0
 11
1909.5
 21
589.0
 31
0.0
  0
LINE
  5
6C23
330
17
100
AcDbEntity
  8
08-FINA
100
AcDbLine
 10
1959.5
 20
10.0
 30
0.0
 11
1959.5
 21
5.0
 31
0.0
  0
LINE
  5
6C24
330
17
100
AcDbEntity
  8
08-FINA
100
AcDbLine
 10
1959.5
 20
584.0
 30
0.0
 11
1959.5
 21
589.0
 31
0.0
  0
LINE
  5
6C25
330
17
100
AcDbEntity
  8
08-FINA
100
AcDbLine
 10
2059.5
 20
10.0
 30
0.0
 11
2059.5
 21
5.0
 31
0.0
  0
LINE
  5
6C26
330
17
100
AcDbEntity
  8
08-FINA
100
AcDbLine
 10
2059.5
 20
584.0
 30
0.0
 11
2059.5
 21
589.0
 31
0.0
  0
LINE
  5
6C27
330
17
100
AcDbEntity
  8
08-FINA
100
AcDbLine
 10
2109.5
 20
10.0
 30
0.0
 11
2109.5
 21
5.0
 31
0.0
  0
LINE
  5
6C28
330
17
100
AcDbEntity
  8
08-FINA
100
AcDbLine
 10
2109.5
 20
584.0
 30
0.0
 11
2109.5
 21
589.0
 31
0.0
  0
LINE
  5
6C29
330
17
100
AcDbEntity
  8
08-FINA
100
AcDbLine
 10
2159.5
 20
10.0
 30
0.0
 11
2159.5
 21
5.0
 31
0.0
  0
LINE
  5
6C2A
330
17
100
AcDbEntity
  8
08-FINA
100
AcDbLine
 10
2159.5
 20
584.0
 30
0.0
 11
2159.5
 21
589.0
 31
0.0
  0
LINE
  5
6C2B
330
17
100
AcDbEntity
  8
08-FINA
100
AcDbLine
 10
2209.5
 20
10.0
 30
0.0
 11
2209.5
 21
5.0
 31
0.0
  0
LINE
  5
6C2C
330
17
100
AcDbEntity
  8
08-FINA
100
AcDbLine
 10
2209.5
 20
584.0
 30
0.0
 11
2209.5
 21
589.0
 31
0.0
  0
LINE
  5
6C2D
330
17
100
AcDbEntity
  8
08-FINA
100
AcDbLine
 10
2259.5
 20
10.0
 30
0.0
 11
2259.5
 21
5.0
 31
0.0
  0
LINE
  5
6C2E
330
17
100
AcDbEntity
  8
08-FINA
100
AcDbLine
 10
2259.5
 20
584.0
 30
0.0
 11
2259.5
 21
589.0
 31
0.0
  0
LINE
  5
6C2F
330
17
100
AcDbEntity
  8
08-FINA
100
AcDbLine
 10
2309.5
 20
10.0
 30
0.0
 11
2309.5
 21
5.0
 31
0.0
  0
LINE
  5
6C30
330
17
100
AcDbEntity
  8
08-FINA
100
AcDbLine
 10
2309.5
 20
584.0
 30
0.0
 11
2309.5
 21
589.0
 31
0.0
  0
LINE
  5
6C31
330
17
100
AcDbEntity
  8
08-FINA
100
AcDbLine
 10
2359.5
 20
10.0
 30
0.0
 11
2359.5
 21
5.0
 31
0.0
  0
LINE
  5
6C32
330
17
100
AcDbEntity
  8
08-FINA
100
AcDbLine
 10
2359.5
 20
584.0
 30
0.0
 11
2359.5
 21
589.0
 31
0.0
  0
LINE
  5
6C33
330
17
100
AcDbEntity
  8
08-FINA
100
AcDbLine
 10
2409.5
 20
10.0
 30
0.0
 11
2409.5
 21
5.0
 31
0.0
  0
LINE
  5
6C34
330
17
100
AcDbEntity
  8
08-FINA
100
AcDbLine
 10
2409.5
 20
584.0
 30
0.0
 11
2409.5
 21
589.0
 31
0.0
  0
LINE
  5
6C35
330
17
100
AcDbEntity
  8
08-FINA
100
AcDbLine
 10
1614.0
 20
47.0
 30
0.0
 11
1609.0
 21
47.0
 31
0.0
  0
LINE
  5
6C36
330
17
100
AcDbEntity
  8
08-FINA
100
AcDbLine
 10
2420.0
 20
47.0
 30
0.0
 11
2425.0
 21
47.0
 31
0.0
  0
LINE
  5
6C37
330
17
100
AcDbEntity
  8
08-FINA
100
AcDbLine
 10
1614.0
 20
97.0
 30
0.0
 11
1609.0
 21
97.0
 31
0.0
  0
LINE
  5
6C38
330
17
100
AcDbEntity
  8
08-FINA
100
AcDbLine
 10
2420.0
 20
97.0
 30
0.0
 11
2425.0
 21
97.0
 31
0.0
  0
LINE
  5
6C39
330
17
100
AcDbEntity
  8
08-FINA
100
AcDbLine
 10
1614.0
 20
147.0
 30
0.0
 11
1609.0
 21
147.0
 31
0.0
  0
LINE
  5
6C3A
330
17
100
AcDbEntity
  8
08-FINA
100
AcDbLine
 10
2420.0
 20
147.0
 30
0.0
 11
2425.0
 21
147.0
 31
0.0
  0
LINE
  5
6C3B
330
17
100
AcDbEntity
  8
08-FINA
100
AcDbLine
 10
1614.0
 20
197.0
 30
0.0
 11
1609.0
 21
197.0
 31
0.0
  0
LINE
  5
6C3C
330
17
100
AcDbEntity
  8
08-FINA
100
AcDbLine
 10
2420.0
 20
197.0
 30
0.0
 11
2425.0
 21
197.0
 31
0.0
  0
LINE
  5
6C3D
330
17
100
AcDbEntity
  8
08-FINA
100
AcDbLine
 10
1614.0
 20
247.0
 30
0.0
 11
1609.0
 21
247.0
 31
0.0
  0
LINE
  5
6C3E
330
17
100
AcDbEntity
  8
08-FINA
100
AcDbLine
 10
2420.0
 20
247.0
 30
0.0
 11
2425.0
 21
247.0
 31
0.0
  0
LINE
  5
6C3F
330
17
100
AcDbEntity
  8
08-FINA
100
AcDbLine
 10
1614.0
 20
347.0
 30
0.0
 11
1609.0
 21
347.0
 31
0.0
  0
LINE
  5
6C40
330
17
100
AcDbEntity
  8
08-FINA
100
AcDbLine
 10
2420.0
 20
347.0
 30
0.0
 11
2425.0
 21
347.0
 31
0.0
  0
LINE
  5
6C41
330
17
100
AcDbEntity
  8
08-FINA
100
AcDbLine
 10
1614.0
 20
397.0
 30
0.0
 11
1609.0
 21
397.0
 31
0.0
  0
LINE
  5
6C42
330
17
100
AcDbEntity
  8
08-FINA
100
AcDbLine
 10
2420.0
 20
397.0
 30
0.0
 11
2425.0
 21
397.0
 31
0.0
  0
LINE
  5
6C43
330
17
100
AcDbEntity
  8
08-FINA
100
AcDbLine
 10
1614.0
 20
447.0
 30
0.0
 11
1609.0
 21
447.0
 31
0.0
  0
LINE
  5
6C44
330
17
100
AcDbEntity
  8
08-FINA
100
AcDbLine
 10
2420.0
 20
447.0
 30
0.0
 11
2425.0
 21
447.0
 31
0.0
  0
LINE
  5
6C45
330
17
100
AcDbEntity
  8
08-FINA
100
AcDbLine
 10
1614.0
 20
497.0
 30
0.0
 11
1609.0
 21
497.0
 31
0.0
  0
LINE
  5
6C46
330
17
100
AcDbEntity
  8
08-FINA
100
AcDbLine
 10
2420.0
 20
497.0
 30
0.0
 11
2425.0
 21
497.0
 31
0.0
  0
LINE
  5
6C47
330
17
100
AcDbEntity
  8
08-FINA
100
AcDbLine
 10
1614.0
 20
547.0
 30
0.0
 11
1609.0
 21
547.0
 31
0.0
  0
LINE
  5
6C48
330
17
100
AcDbEntity
  8
08-FINA
100
AcDbLine
 10
2420.0
 20
547.0
 30
0.0
 11
2425.0
 21
547.0
 31
0.0
  0
TEXT
  5
6C49
330
17
100
AcDbEntity
  8
06-TEXTO
100
AcDbText
 10
1636.75
 20
5.0
 30
0.0
 40
3.5
  1
1
  7
ISO3098
 72
1
 11
1636.75
 21
5.0
 31
0.0
100
AcDbText
 73
2
  0
TEXT
  5
6C4A
330
17
100
AcDbEntity
  8
06-TEXTO
100
AcDbText
 10
1636.75
 20
589.0
 30
0.0
 40
3.5
  1
1
  7
ISO3098
 72
1
 11
1636.75
 21
589.0
 31
0.0
100
AcDbText
 73
2
  0
TEXT
  5
6C4B
330
17
100
AcDbEntity
  8
06-TEXTO
100
AcDbText
 10
1684.5
 20
5.0
 30
0.0
 40
3.5
  1
2
  7
ISO3098
 72
1
 11
1684.5
 21
5.0
 31
0.0
100
AcDbText
 73
2
  0
TEXT
  5
6C4C
330
17
100
AcDbEntity
  8
06-TEXTO
100
AcDbText
 10
1684.5
 20
589.0
 30
0.0
 40
3.5
  1
2
  7
ISO3098
 72
1
 11
1684.5
 21
589.0
 31
0.0
100
AcDbText
 73
2
  0
TEXT
  5
6C4D
330
17
100
AcDbEntity
  8
06-TEXTO
100
AcDbText
 10
1734.5
 20
5.0
 30
0.0
 40
3.5
  1
3
  7
ISO3098
 72
1
 11
1734.5
 21
5.0
 31
0.0
100
AcDbText
 73
2
  0
TEXT
  5
6C4E
330
17
100
AcDbEntity
  8
06-TEXTO
100
AcDbText
 10
1734.5
 20
589.0
 30
0.0
 40
3.5
  1
3
  7
ISO3098
 72
1
 11
1734.5
 21
589.0
 31
0.0
100
AcDbText
 73
2
  0
TEXT
  5
6C4F
330
17
100
AcDbEntity
  8
06-TEXTO
100
AcDbText
 10
1784.5
 20
5.0
 30
0.0
 40
3.5
  1
4
  7
ISO3098
 72
1
 11
1784.5
 21
5.0
 31
0.0
100
AcDbText
 73
2
  0
TEXT
  5
6C50
330
17
100
AcDbEntity
  8
06-TEXTO
100
AcDbText
 10
1784.5
 20
589.0
 30
0.0
 40
3.5
  1
4
  7
ISO3098
 72
1
 11
1784.5
 21
589.0
 31
0.0
100
AcDbText
 73
2
  0
TEXT
  5
6C51
330
17
100
AcDbEntity
  8
06-TEXTO
100
AcDbText
 10
1834.5
 20
5.0
 30
0.0
 40
3.5
  1
5
  7
ISO3098
 72
1
 11
1834.5
 21
5.0
 31
0.0
100
AcDbText
 73
2
  0
TEXT
  5
6C52
330
17
100
AcDbEntity
  8
06-TEXTO
100
AcDbText
 10
1834.5
 20
589.0
 30
0.0
 40
3.5
  1
5
  7
ISO3098
 72
1
 11
1834.5
 21
589.0
 31
0.0
100
AcDbText
 73
2
  0
TEXT
  5
6C53
330
17
100
AcDbEntity
  8
06-TEXTO
100
AcDbText
 10
1884.5
 20
5.0
 30
0.0
 40
3.5
  1
6
  7
ISO3098
 72
1
 11
1884.5
 21
5.0
 31
0.0
100
AcDbText
 73
2
  0
TEXT
  5
6C54
330
17
100
AcDbEntity
  8
06-TEXTO
100
AcDbText
 10
1884.5
 20
589.0
 30
0.0
 40
3.5
  1
6
  7
ISO3098
 72
1
 11
1884.5
 21
589.0
 31
0.0
100
AcDbText
 73
2
  0
TEXT
  5
6C55
330
17
100
AcDbEntity
  8
06-TEXTO
100
AcDbText
 10
1934.5
 20
5.0
 30
0.0
 40
3.5
  1
7
  7
ISO3098
 72
1
 11
1934.5
 21
5.0
 31
0.0
100
AcDbText
 73
2
  0
TEXT
  5
6C56
330
17
100
AcDbEntity
  8
06-TEXTO
100
AcDbText
 10
1934.5
 20
589.0
 30
0.0
 40
3.5
  1
7
  7
ISO3098
 72
1
 11
1934.5
 21
589.0
 31
0.0
100
AcDbText
 73
2
  0
TEXT
  5
6C57
330
17
100
AcDbEntity
  8
06-TEXTO
100
AcDbText
 10
1984.5
 20
5.0
 30
0.0
 40
3.5
  1
8
  7
ISO3098
 72
1
 11
1984.5
 21
5.0
 31
0.0
100
AcDbText
 73
2
  0
TEXT
  5
6C58
330
17
100
AcDbEntity
  8
06-TEXTO
100
AcDbText
 10
1984.5
 20
589.0
 30
0.0
 40
3.5
  1
8
  7
ISO3098
 72
1
 11
1984.5
 21
589.0
 31
0.0
100
AcDbText
 73
2
  0
TEXT
  5
6C59
330
17
100
AcDbEntity
  8
06-TEXTO
100
AcDbText
 10
2034.5
 20
5.0
 30
0.0
 40
3.5
  1
9
  7
ISO3098
 72
1
 11
2034.5
 21
5.0
 31
0.0
100
AcDbText
 73
2
  0
TEXT
  5
6C5A
330
17
100
AcDbEntity
  8
06-TEXTO
100
AcDbText
 10
2034.5
 20
589.0
 30
0.0
 40
3.5
  1
9
  7
ISO3098
 72
1
 11
2034.5
 21
589.0
 31
0.0
100
AcDbText
 73
2
  0
TEXT
  5
6C5B
330
17
100
AcDbEntity
  8
06-TEXTO
100
AcDbText
 10
2084.5
 20
5.0
 30
0.0
 40
3.5
  1
10
  7
ISO3098
 72
1
 11
2084.5
 21
5.0
 31
0.0
100
AcDbText
 73
2
  0
TEXT
  5
6C5C
330
17
100
AcDbEntity
  8
06-TEXTO
100
AcDbText
 10
2084.5
 20
589.0
 30
0.0
 40
3.5
  1
10
  7
ISO3098
 72
1
 11
2084.5
 21
589.0
 31
0.0
100
AcDbText
 73
2
  0
TEXT
  5
6C5D
330
17
100
AcDbEntity
  8
06-TEXTO
100
AcDbText
 10
2134.5
 20
5.0
 30
0.0
 40
3.5
  1
11
  7
ISO3098
 72
1
 11
2134.5
 21
5.0
 31
0.0
100
AcDbText
 73
2
  0
TEXT
  5
6C5E
330
17
100
AcDbEntity
  8
06-TEXTO
100
AcDbText
 10
2134.5
 20
589.0
 30
0.0
 40
3.5
  1
11
  7
ISO3098
 72
1
 11
2134.5
 21
589.0
 31
0.0
100
AcDbText
 73
2
  0
TEXT
  5
6C5F
330
17
100
AcDbEntity
  8
06-TEXTO
100
AcDbText
 10
2184.5
 20
5.0
 30
0.0
 40
3.5
  1
12
  7
ISO3098
 72
1
 11
2184.5
 21
5.0
 31
0.0
100
AcDbText
 73
2
  0
TEXT
  5
6C60
330
17
100
AcDbEntity
  8
06-TEXTO
100
AcDbText
 10
2184.5
 20
589.0
 30
0.0
 40
3.5
  1
12
  7
ISO3098
 72
1
 11
2184.5
 21
589.0
 31
0.0
100
AcDbText
 73
2
  0
TEXT
  5
6C61
330
17
100
AcDbEntity
  8
06-TEXTO
100
AcDbText
 10
2234.5
 20
5.0
 30
0.0
 40
3.5
  1
13
  7
ISO3098
 72
1
 11
2234.5
 21
5.0
 31
0.0
100
AcDbText
 73
2
  0
TEXT
  5
6C62
330
17
100
AcDbEntity
  8
06-TEXTO
100
AcDbText
 10
2234.5
 20
589.0
 30
0.0
 40
3.5
  1
13
  7
ISO3098
 72
1
 11
2234.5
 21
589.0
 31
0.0
100
AcDbText
 73
2
  0
TEXT
  5
6C63
330
17
100
AcDbEntity
  8
06-TEXTO
100
AcDbText
 10
2284.5
 20
5.0
 30
0.0
 40
3.5
  1
14
  7
ISO3098
 72
1
 11
2284.5
 21
5.0
 31
0.0
100
AcDbText
 73
2
  0
TEXT
  5
6C64
330
17
100
AcDbEntity
  8
06-TEXTO
100
AcDbText
 10
2284.5
 20
589.0
 30
0.0
 40
3.5
  1
14
  7
ISO3098
 72
1
 11
2284.5
 21
589.0
 31
0.0
100
AcDbText
 73
2
  0
TEXT
  5
6C65
330
17
100
AcDbEntity
  8
06-TEXTO
100
AcDbText
 10
2334.5
 20
5.0
 30
0.0
 40
3.5
  1
15
  7
ISO3098
 72
1
 11
2334.5
 21
5.0
 31
0.0
100
AcDbText
 73
2
  0
TEXT
  5
6C66
330
17
100
AcDbEntity
  8
06-TEXTO
100
AcDbText
 10
2334.5
 20
589.0
 30
0.0
 40
3.5
  1
15
  7
ISO3098
 72
1
 11
2334.5
 21
589.0
 31
0.0
100
AcDbText
 73
2
  0
TEXT
  5
6C67
330
17
100
AcDbEntity
  8
06-TEXTO
100
AcDbText
 10
2384.5
 20
5.0
 30
0.0
 40
3.5
  1
16
  7
ISO3098
 72
1
 11
2384.5
 21
5.0
 31
0.0
100
AcDbText
 73
2
  0
TEXT
  5
6C68
330
17
100
AcDbEntity
  8
06-TEXTO
100
AcDbText
 10
2384.5
 20
589.0
 30
0.0
 40
3.5
  1
16
  7
ISO3098
 72
1
 11
2384.5
 21
589.0
 31
0.0
100
AcDbText
 73
2
  0
TEXT
  5
6C69
330
17
100
AcDbEntity
  8
06-TEXTO
100
AcDbText
 10
2414.75
 20
5.0
 30
0.0
 40
3.5
  1
17
  7
ISO3098
 72
1
 11
2414.75
 21
5.0
 31
0.0
100
AcDbText
 73
2
  0
TEXT
  5
6C6A
330
17
100
AcDbEntity
  8
06-TEXTO
100
AcDbText
 10
2414.75
 20
589.0
 30
0.0
 40
3.5
  1
17
  7
ISO3098
 72
1
 11
2414.75
 21
589.0
 31
0.0
100
AcDbText
 73
2
  0
TEXT
  5
6C6B
330
17
100
AcDbEntity
  8
06-TEXTO
100
AcDbText
 10
1604.0
 20
28.5
 30
0.0
 40
3.5
  1
M
  7
ISO3098
 72
1
 11
1604.0
 21
28.5
 31
0.0
100
AcDbText
 73
2
  0
TEXT
  5
6C6C
330
17
100
AcDbEntity
  8
06-TEXTO
100
AcDbText
 10
2425.0
 20
28.5
 30
0.0
 40
3.5
  1
M
  7
ISO3098
 72
1
 11
2425.0
 21
28.5
 31
0.0
100
AcDbText
 73
2
  0
TEXT
  5
6C6D
330
17
100
AcDbEntity
  8
06-TEXTO
100
AcDbText
 10
1604.0
 20
72.0
 30
0.0
 40
3.5
  1
L
  7
ISO3098
 72
1
 11
1604.0
 21
72.0
 31
0.0
100
AcDbText
 73
2
  0
TEXT
  5
6C6E
330
17
100
AcDbEntity
  8
06-TEXTO
100
AcDbText
 10
2425.0
 20
72.0
 30
0.0
 40
3.5
  1
L
  7
ISO3098
 72
1
 11
2425.0
 21
72.0
 31
0.0
100
AcDbText
 73
2
  0
TEXT
  5
6C6F
330
17
100
AcDbEntity
  8
06-TEXTO
100
AcDbText
 10
1604.0
 20
122.0
 30
0.0
 40
3.5
  1
K
  7
ISO3098
 72
1
 11
1604.0
 21
122.0
 31
0.0
100
AcDbText
 73
2
  0
TEXT
  5
6C70
330
17
100
AcDbEntity
  8
06-TEXTO
100
AcDbText
 10
2425.0
 20
122.0
 30
0.0
 40
3.5
  1
K
  7
ISO3098
 72
1
 11
2425.0
 21
122.0
 31
0.0
100
AcDbText
 73
2
  0
TEXT
  5
6C71
330
17
100
AcDbEntity
  8
06-TEXTO
100
AcDbText
 10
1604.0
 20
172.0
 30
0.0
 40
3.5
  1
J
  7
ISO3098
 72
1
 11
1604.0
 21
172.0
 31
0.0
100
AcDbText
 73
2
  0
TEXT
  5
6C72
330
17
100
AcDbEntity
  8
06-TEXTO
100
AcDbText
 10
2425.0
 20
172.0
 30
0.0
 40
3.5
  1
J
  7
ISO3098
 72
1
 11
2425.0
 21
172.0
 31
0.0
100
AcDbText
 73
2
  0
TEXT
  5
6C73
330
17
100
AcDbEntity
  8
06-TEXTO
100
AcDbText
 10
1604.0
 20
222.0
 30
0.0
 40
3.5
  1
H
  7
ISO3098
 72
1
 11
1604.0
 21
222.0
 31
0.0
100
AcDbText
 73
2
  0
TEXT
  5
6C74
330
17
100
AcDbEntity
  8
06-TEXTO
100
AcDbText
 10
2425.0
 20
222.0
 30
0.0
 40
3.5
  1
H
  7
ISO3098
 72
1
 11
2425.0
 21
222.0
 31
0.0
100
AcDbText
 73
2
  0
TEXT
  5
6C75
330
17
100
AcDbEntity
  8
06-TEXTO
100
AcDbText
 10
1604.0
 20
272.0
 30
0.0
 40
3.5
  1
G
  7
ISO3098
 72
1
 11
1604.0
 21
272.0
 31
0.0
100
AcDbText
 73
2
  0
TEXT
  5
6C76
330
17
100
AcDbEntity
  8
06-TEXTO
100
AcDbText
 10
2425.0
 20
272.0
 30
0.0
 40
3.5
  1
G
  7
ISO3098
 72
1
 11
2425.0
 21
272.0
 31
0.0
100
AcDbText
 73
2
  0
TEXT
  5
6C77
330
17
100
AcDbEntity
  8
06-TEXTO
100
AcDbText
 10
1604.0
 20
322.0
 30
0.0
 40
3.5
  1
F
  7
ISO3098
 72
1
 11
1604.0
 21
322.0
 31
0.0
100
AcDbText
 73
2
  0
TEXT
  5
6C78
330
17
100
AcDbEntity
  8
06-TEXTO
100
AcDbText
 10
2425.0
 20
322.0
 30
0.0
 40
3.5
  1
F
  7
ISO3098
 72
1
 11
2425.0
 21
322.0
 31
0.0
100
AcDbText
 73
2
  0
TEXT
  5
6C79
330
17
100
AcDbEntity
  8
06-TEXTO
100
AcDbText
 10
1604.0
 20
372.0
 30
0.0
 40
3.5
  1
E
  7
ISO3098
 72
1
 11
1604.0
 21
372.0
 31
0.0
100
AcDbText
 73
2
  0
TEXT
  5
6C7A
330
17
100
AcDbEntity
  8
06-TEXTO
100
AcDbText
 10
2425.0
 20
372.0
 30
0.0
 40
3.5
  1
E
  7
ISO3098
 72
1
 11
2425.0
 21
372.0
 31
0.0
100
AcDbText
 73
2
  0
TEXT
  5
6C7B
330
17
100
AcDbEntity
  8
06-TEXTO
100
AcDbText
 10
1604.0
 20
422.0
 30
0.0
 40
3.5
  1
D
  7
ISO3098
 72
1
 11
1604.0
 21
422.0
 31
0.0
100
AcDbText
 73
2
  0
TEXT
  5
6C7C
330
17
100
AcDbEntity
  8
06-TEXTO
100
AcDbText
 10
2425.0
 20
422.0
 30
0.0
 40
3.5
  1
D
  7
ISO3098
 72
1
 11
2425.0
 21
422.0
 31
0.0
100
AcDbText
 73
2
  0
TEXT
  5
6C7D
330
17
100
AcDbEntity
  8
06-TEXTO
100
AcDbText
 10
1604.0
 20
472.0
 30
0.0
 40
3.5
  1
C
  7
ISO3098
 72
1
 11
1604.0
 21
472.0
 31
0.0
100
AcDbText
 73
2
  0
TEXT
  5
6C7E
330
17
100
AcDbEntity
  8
06-TEXTO
100
AcDbText
 10
2425.0
 20
472.0
 30
0.0
 40
3.5
  1
C
  7
ISO3098
 72
1
 11
2425.0
 21
472.0
 31
0.0
100
AcDbText
 73
2
  0
TEXT
  5
6C7F
330
17
100
AcDbEntity
  8
06-TEXTO
100
AcDbText
 10
1604.0
 20
522.0
 30
0.0
 40
3.5
  1
B
  7
ISO3098
 72
1
 11
1604.0
 21
522.0
 31
0.0
100
AcDbText
 73
2
  0
TEXT
  5
6C80
330
17
100
AcDbEntity
  8
06-TEXTO
100
AcDbText
 10
2425.0
 20
522.0
 30
0.0
 40
3.5
  1
B
  7
ISO3098
 72
1
 11
2425.0
 21
522.0
 31
0.0
100
AcDbText
 73
2
  0
TEXT
  5
6C81
330
17
100
AcDbEntity
  8
06-TEXTO
100
AcDbText
 10
1604.0
 20
565.5
 30
0.0
 40
3.5
  1
A
  7
ISO3098
 72
1
 11
1604.0
 21
565.5
 31
0.0
100
AcDbText
 73
2
  0
TEXT
  5
6C82
330
17
100
AcDbEntity
  8
06-TEXTO
100
AcDbText
 10
2425.0
 20
565.5
 30
0.0
 40
3.5
  1
A
  7
ISO3098
 72
1
 11
2425.0
 21
565.5
 31
0.0
100
AcDbText
 73
2
  0
LWPOLYLINE
  5
6C83
330
17
100
AcDbEntity
  8
10-ROTULO
100
AcDbPolyline
 90
4
 70
1
 10
2245.0
 20
56.0
 10
2259.0
 20
56.0
 10
2259.0
 20
61.0
 10
2245.0
 20
61.0
  0
LWPOLYLINE
  5
6C84
330
17
100
AcDbEntity
  8
10-ROTULO
100
AcDbPolyline
 90
4
 70
1
 10
2259.0
 20
56.0
 10
2275.0
 20
56.0
 10
2275.0
 20
61.0
 10
2259.0
 20
61.0
  0
TEXT
  5
6C85
330
17
100
AcDbEntity
  8
11-TEXTO-ROTULO
100
AcDbText
 10
2267.0
 20
58.5
 30
0.0
 40
2.5
  1
Fecha
  7
ISO3098
 72
1
 11
2267.0
 21
58.5
 31
0.0
100
AcDbText
 73
2
  0
LWPOLYLINE
  5
6C86
330
17
100
AcDbEntity
  8
10-ROTULO
100
AcDbPolyline
 90
4
 70
1
 10
2275.0
 20
56.0
 10
2300.0
 20
56.0
 10
2300.0
 20
61.0
 10
2275.0
 20
61.0
  0
TEXT
  5
6C87
330
17
100
AcDbEntity
  8
11-TEXTO-ROTULO
100
AcDbText
 10
2287.5
 20
58.5
 30
0.0
 40
2.5
  1
Nombre
  7
ISO3098
 72
1
 11
2287.5
 21
58.5
 31
0.0
100
AcDbText
 73
2
  0
LWPOLYLINE
  5
6C88
330
17
100
AcDbEntity
  8
10-ROTULO
100
AcDbPolyline
 90
4
 70
1
 10
2245.0
 20
50.0
 10
2259.0
 20
50.0
 10
2259.0
 20
56.0
 10
2245.0
 20
56.0
  0
TEXT
  5
6C89
330
17
100
AcDbEntity
  8
11-TEXTO-ROTULO
100
AcDbText
 10
2246.5
 20
53.0
 30
0.0
 40
2.5
  1
Dibujó
  7
ISO3098
 11
2246.5
 21
53.0
 31
0.0
100
AcDbText
 73
2
  0
LWPOLYLINE
  5
6C8A
330
17
100
AcDbEntity
  8
10-ROTULO
100
AcDbPolyline
 90
4
 70
1
 10
2259.0
 20
50.0
 10
2275.0
 20
50.0
 10
2275.0
 20
56.0
 10
2259.0
 20
56.0
  0
TEXT
  5
6C8B
330
17
100
AcDbEntity
  8
11-TEXTO-ROTULO
100
AcDbText
 10
2267.0
 20
53.0
 30
0.0
 40
2.5
  1
02/10/26
  7
ISO3098
 72
1
 11
2267.0
 21
53.0
 31
0.0
100
AcDbText
 73
2
  0
LWPOLYLINE
  5
6C8C
330
17
100
AcDbEntity
  8
10-ROTULO
100
AcDbPolyline
 90
4
 70
1
 10
2275.0
 20
50.0
 10
2300.0
 20
50.0
 10
2300.0
 20
56.0
 10
2275.0
 20
56.0
  0
TEXT
  5
6C8D
330
17
100
AcDbEntity
  8
11-TEXTO-ROTULO
100
AcDbText
 10
2287.5
 20
53.0
 30
0.0
 40
2.5
  1
Claude Code
  7
ISO3098
 72
1
 11
2287.5
 21
53.0
 31
0.0
100
AcDbText
 73
2
  0
LWPOLYLINE
  5
6C8E
330
17
100
AcDbEntity
  8
10-ROTULO
100
AcDbPolyline
 90
4
 70
1
 10
2245.0
 20
44.0
 10
2259.0
 20
44.0
 10
2259.0
 20
50.0
 10
2245.0
 20
50.0
  0
TEXT
  5
6C8F
330
17
100
AcDbEntity
  8
11-TEXTO-ROTULO
100
AcDbText
 10
2246.5
 20
47.0
 30
0.0
 40
2.5
  1
Revisó
  7
ISO3098
 11
2246.5
 21
47.0
 31
0.0
100
AcDbText
 73
2
  0
LWPOLYLINE
  5
6C90
330
17
100
AcDbEntity
  8
10-ROTULO
100
AcDbPolyline
 90
4
 70
1
 10
2259.0
 20
44.0
 10
2275.0
 20
44.0
 10
2275.0
 20
50.0
 10
2259.0
 20
50.0
  0
LWPOLYLINE
  5
6C91
330
17
100
AcDbEntity
  8
10-ROTULO
100
AcDbPolyline
 90
4
 70
1
 10
2275.0
 20
44.0
 10
2300.0
 20
44.0
 10
2300.0
 20
50.0
 10
2275.0
 20
50.0
  0
LWPOLYLINE
  5
6C92
330
17
100
AcDbEntity
  8
10-ROTULO
100
AcDbPolyline
 90
4
 70
1
 10
2245.0
 20
38.0
 10
2259.0
 20
38.0
 10
2259.0
 20
44.0
 10
2245.0
 20
44.0
  0
TEXT
  5
6C93
330
17
100
AcDbEntity
  8
11-TEXTO-ROTULO
100
AcDbText
 10
2246.5
 20
41.0
 30
0.0
 40
2.5
  1
Aprobó
  7
ISO3098
 11
2246.5
 21
41.0
 31
0.0
100
AcDbText
 73
2
  0
LWPOLYLINE
  5
6C94
330
17
100
AcDbEntity
  8
10-ROTULO
100
AcDbPolyline
 90
4
 70
1
 10
2259.0
 20
38.0
 10
2275.0
 20
38.0
 10
2275.0
 20
44.0
 10
2259.0
 20
44.0
  0
LWPOLYLINE
  5
6C95
330
17
100
AcDbEntity
  8
10-ROTULO
100
AcDbPolyline
 90
4
 70
1
 10
2275.0
 20
38.0
 10
2300.0
 20
38.0
 10
2300.0
 20
44.0
 10
2275.0
 20
44.0
  0
LWPOLYLINE
  5
6C96
330
17
100
AcDbEntity
  8
10-ROTULO
100
AcDbPolyline
 90
4
 70
1
 10
2245.0
 20
24.0
 10
2265.0
 20
24.0
 10
2265.0
 20
38.0
 10
2245.0
 20
38.0
  0
TEXT
  5
6C97
330
17
100
AcDbEntity
  8
11-TEXTO-ROTULO
100
AcDbText
 10
2246.0
 20
37.0
 30
0.0
 40
1.8
  1
Escala
  7
ISO3098
 11
2246.0
 21
37.0
 31
0.0
100
AcDbText
 73
3
  0
TEXT
  5
6C98
330
17
100
AcDbEntity
  8
11-TEXTO-ROTULO
100
AcDbText
 10
2255.0
 20
29.6
 30
0.0
 40
5.0
  1
1:20
  7
ISO3098
 72
1
 11
2255.0
 21
29.6
 31
0.0
100
AcDbText
 73
2
  0
LWPOLYLINE
  5
6C99
330
17
100
AcDbEntity
  8
10-ROTULO
100
AcDbPolyline
 90
4
 70
1
 10
2265.0
 20
24.0
 10
2300.0
 20
24.0
 10
2300.0
 20
38.0
 10
2265.0
 20
38.0
  0
TEXT
  5
6C9A
330
17
100
AcDbEntity
  8
11-TEXTO-ROTULO
100
AcDbText
 10
2266.0
 20
37.0
 30
0.0
 40
1.8
  1
Método de proyección
  7
ISO3098
 11
2266.0
 21
37.0
 31
0.0
100
AcDbText
 73
3
  0
CIRCLE
  5
6C9B
330
17
100
AcDbEntity
  8
01-VISIBLE
100
AcDbCircle
 10
2275.0
 20
29.5
 30
0.0
 40
2.5
  0
CIRCLE
  5
6C9C
330
17
100
AcDbEntity
  8
01-VISIBLE
100
AcDbCircle
 10
2275.0
 20
29.5
 30
0.0
 40
1.25
  0
LWPOLYLINE
  5
6C9D
330
17
100
AcDbEntity
  8
01-VISIBLE
100
AcDbPolyline
 90
4
 70
1
 10
2280.0
 20
27.0
 10
2285.0
 20
28.25
 10
2285.0
 20
30.75
 10
2280.0
 20
32.0
  0
LINE
  5
6C9E
330
17
100
AcDbEntity
  8
03-EJE
100
AcDbLine
 10
2271.0
 20
29.5
 30
0.0
 11
2286.5
 21
29.5
 31
0.0
  0
LINE
  5
6C9F
330
17
100
AcDbEntity
  8
03-EJE
100
AcDbLine
 10
2275.0
 20
25.5
 30
0.0
 11
2275.0
 21
33.5
 31
0.0
  0
TEXT
  5
6CA0
330
17
100
AcDbEntity
  8
11-TEXTO-ROTULO
100
AcDbText
 10
2296.5
 20
29.5
 30
0.0
 40
2.5
  1
ISO E
  7
ISO3098
 72
2
 11
2296.5
 21
29.5
 31
0.0
100
AcDbText
 73
2
  0
LWPOLYLINE
  5
6CA1
330
17
100
AcDbEntity
  8
10-ROTULO
100
AcDbPolyline
 90
4
 70
1
 10
2245.0
 20
10.0
 10
2278.0
 20
10.0
 10
2278.0
 20
24.0
 10
2245.0
 20
24.0
  0
TEXT
  5
6CA2
330
17
100
AcDbEntity
  8
11-TEXTO-ROTULO
100
AcDbText
 10
2246.0
 20
23.0
 30
0.0
 40
1.8
  1
Unidades
  7
ISO3098
 11
2246.0
 21
23.0
 31
0.0
100
AcDbText
 73
3
  0
TEXT
  5
6CA3
330
17
100
AcDbEntity
  8
11-TEXTO-ROTULO
100
AcDbText
 10
2261.5
 20
15.6
 30
0.0
 40
3.5
  1
Cotas en mm
  7
ISO3098
 72
1
 11
2261.5
 21
15.6
 31
0.0
100
AcDbText
 73
2
  0
LWPOLYLINE
  5
6CA4
330
17
100
AcDbEntity
  8
10-ROTULO
100
AcDbPolyline
 90
4
 70
1
 10
2278.0
 20
10.0
 10
2300.0
 20
10.0
 10
2300.0
 20
24.0
 10
2278.0
 20
24.0
  0
TEXT
  5
6CA5
330
17
100
AcDbEntity
  8
11-TEXTO-ROTULO
100
AcDbText
 10
2279.0
 20
23.0
 30
0.0
 40
1.8
  1
Formato
  7
ISO3098
 11
2279.0
 21
23.0
 31
0.0
100
AcDbText
 73
3
  0
TEXT
  5
6CA6
330
17
100
AcDbEntity
  8
11-TEXTO-ROTULO
100
AcDbText
 10
2289.0
 20
15.6
 30
0.0
 40
3.5
  1
A1
  7
ISO3098
 72
1
 11
2289.0
 21
15.6
 31
0.0
100
AcDbText
 73
2
  0
LWPOLYLINE
  5
6CA7
330
17
100
AcDbEntity
  8
10-ROTULO
100
AcDbPolyline
 90
4
 70
1
 10
2300.0
 20
49.0
 10
2370.0
 20
49.0
 10
2370.0
 20
61.0
 10
2300.0
 20
61.0
  0
TEXT
  5
6CA8
330
17
100
AcDbEntity
  8
11-TEXTO-ROTULO
100
AcDbText
 10
2301.0
 20
60.0
 30
0.0
 40
1.8
  1
Propietario
  7
ISO3098
 11
2301.0
 21
60.0
 31
0.0
100
AcDbText
 73
3
  0
TEXT
  5
6CA9
330
17
100
AcDbEntity
  8
11-TEXTO-ROTULO
100
AcDbText
 10
2335.0
 20
53.6
 30
0.0
 40
5.0
  1
FLAMA S.A.
  7
ISO3098
 72
1
 11
2335.0
 21
53.6
 31
0.0
100
AcDbText
 73
2
  0
LWPOLYLINE
  5
6CAA
330
17
100
AcDbEntity
  8
10-ROTULO
100
AcDbPolyline
 90
4
 70
1
 10
2300.0
 20
22.0
 10
2370.0
 20
22.0
 10
2370.0
 20
49.0
 10
2300.0
 20
49.0
  0
TEXT
  5
6CAB
330
17
100
AcDbEntity
  8
11-TEXTO-ROTULO
100
AcDbText
 10
2301.0
 20
48.0
 30
0.0
 40
1.8
  1
Denominación
  7
ISO3098
 11
2301.0
 21
48.0
 31
0.0
100
AcDbText
 73
3
  0
TEXT
  5
6CAC
330
17
100
AcDbEntity
  8
11-TEXTO-ROTULO
100
AcDbText
 10
2335.0
 20
35.0
 30
0.0
 40
3.5
  1
Aprovechamiento de chapa
  7
ISO3098
 72
1
 11
2335.0
 21
35.0
 31
0.0
100
AcDbText
 73
2
  0
TEXT
  5
6CAD
330
17
100
AcDbEntity
  8
11-TEXTO-ROTULO
100
AcDbText
 10
2335.0
 20
25.5
 30
0.0
 40
1.8
  1
Cuerpos, discos y caño por formato - opción D
  7
ISO3098
 72
1
 11
2335.0
 21
25.5
 31
0.0
100
AcDbText
 73
2
  0
LWPOLYLINE
  5
6CAE
330
17
100
AcDbEntity
  8
10-ROTULO
100
AcDbPolyline
 90
4
 70
1
 10
2300.0
 20
10.0
 10
2370.0
 20
10.0
 10
2370.0
 20
22.0
 10
2300.0
 20
22.0
  0
TEXT
  5
6CAF
330
17
100
AcDbEntity
  8
11-TEXTO-ROTULO
100
AcDbText
 10
2301.0
 20
21.0
 30
0.0
 40
1.8
  1
Tipo de documento
  7
ISO3098
 11
2301.0
 21
21.0
 31
0.0
100
AcDbText
 73
3
  0
TEXT
  5
6CB0
330
17
100
AcDbEntity
  8
11-TEXTO-ROTULO
100
AcDbText
 10
2335.0
 20
14.6
 30
0.0
 40
3.5
  1
Plano de corte
  7
ISO3098
 72
1
 11
2335.0
 21
14.6
 31
0.0
100
AcDbText
 73
2
  0
LWPOLYLINE
  5
6CB1
330
17
100
AcDbEntity
  8
10-ROTULO
100
AcDbPolyline
 90
4
 70
1
 10
2370.0
 20
53.0
 10
2420.0
 20
53.0
 10
2420.0
 20
61.0
 10
2370.0
 20
61.0
  0
TEXT
  5
6CB2
330
17
100
AcDbEntity
  8
11-TEXTO-ROTULO
100
AcDbText
 10
2371.0
 20
60.0
 30
0.0
 40
1.8
  1
Reemplaza a / Reemplazado por
  7
ISO3098
 11
2371.0
 21
60.0
 31
0.0
100
AcDbText
 73
3
  0
TEXT
  5
6CB3
330
17
100
AcDbEntity
  8
11-TEXTO-ROTULO
100
AcDbText
 10
2395.0
 20
55.6
 30
0.0
 40
1.8
  1
-
  7
ISO3098
 72
1
 11
2395.0
 21
55.6
 31
0.0
100
AcDbText
 73
2
  0
LWPOLYLINE
  5
6CB4
330
17
100
AcDbEntity
  8
10-ROTULO
100
AcDbPolyline
 90
4
 70
1
 10
2370.0
 20
43.0
 10
2420.0
 20
43.0
 10
2420.0
 20
53.0
 10
2370.0
 20
53.0
  0
TEXT
  5
6CB5
330
17
100
AcDbEntity
  8
11-TEXTO-ROTULO
100
AcDbText
 10
2371.0
 20
52.0
 30
0.0
 40
1.8
  1
Material
  7
ISO3098
 11
2371.0
 21
52.0
 31
0.0
100
AcDbText
 73
3
  0
TEXT
  5
6CB6
330
17
100
AcDbEntity
  8
11-TEXTO-ROTULO
100
AcDbText
 10
2395.0
 20
46.6
 30
0.0
 40
2.5
  1
SAE 1010 LAF y LAC
  7
ISO3098
 72
1
 11
2395.0
 21
46.6
 31
0.0
100
AcDbText
 73
2
  0
LWPOLYLINE
  5
6CB7
330
17
100
AcDbEntity
  8
10-ROTULO
100
AcDbPolyline
 90
4
 70
1
 10
2370.0
 20
33.0
 10
2392.0
 20
33.0
 10
2392.0
 20
43.0
 10
2370.0
 20
43.0
  0
TEXT
  5
6CB8
330
17
100
AcDbEntity
  8
11-TEXTO-ROTULO
100
AcDbText
 10
2371.0
 20
42.0
 30
0.0
 40
1.8
  1
Edición
  7
ISO3098
 11
2371.0
 21
42.0
 31
0.0
100
AcDbText
 73
3
  0
TEXT
  5
6CB9
330
17
100
AcDbEntity
  8
11-TEXTO-ROTULO
100
AcDbText
 10
2381.0
 20
36.6
 30
0.0
 40
3.5
  1
0
  7
ISO3098
 72
1
 11
2381.0
 21
36.6
 31
0.0
100
AcDbText
 73
2
  0
LWPOLYLINE
  5
6CBA
330
17
100
AcDbEntity
  8
10-ROTULO
100
AcDbPolyline
 90
4
 70
1
 10
2392.0
 20
33.0
 10
2420.0
 20
33.0
 10
2420.0
 20
43.0
 10
2392.0
 20
43.0
  0
TEXT
  5
6CBB
330
17
100
AcDbEntity
  8
11-TEXTO-ROTULO
100
AcDbText
 10
2393.0
 20
42.0
 30
0.0
 40
1.8
  1
Fecha de emisión
  7
ISO3098
 11
2393.0
 21
42.0
 31
0.0
100
AcDbText
 73
3
  0
TEXT
  5
6CBC
330
17
100
AcDbEntity
  8
11-TEXTO-ROTULO
100
AcDbText
 10
2406.0
 20
36.6
 30
0.0
 40
2.5
  1
02/10/2026
  7
ISO3098
 72
1
 11
2406.0
 21
36.6
 31
0.0
100
AcDbText
 73
2
  0
LWPOLYLINE
  5
6CBD
330
17
100
AcDbEntity
  8
10-ROTULO
100
AcDbPolyline
 90
4
 70
1
 10
2370.0
 20
23.0
 10
2392.0
 20
23.0
 10
2392.0
 20
33.0
 10
2370.0
 20
33.0
  0
TEXT
  5
6CBE
330
17
100
AcDbEntity
  8
11-TEXTO-ROTULO
100
AcDbText
 10
2371.0
 20
32.0
 30
0.0
 40
1.8
  1
Hoja
  7
ISO3098
 11
2371.0
 21
32.0
 31
0.0
100
AcDbText
 73
3
  0
TEXT
  5
6CBF
330
17
100
AcDbEntity
  8
11-TEXTO-ROTULO
100
AcDbText
 10
2381.0
 20
26.6
 30
0.0
 40
3.5
  1
2 / 2
  7
ISO3098
 72
1
 11
2381.0
 21
26.6
 31
0.0
100
AcDbText
 73
2
  0
LWPOLYLINE
  5
6CC0
330
17
100
AcDbEntity
  8
10-ROTULO
100
AcDbPolyline
 90
4
 70
1
 10
2392.0
 20
23.0
 10
2420.0
 20
23.0
 10
2420.0
 20
33.0
 10
2392.0
 20
33.0
  0
TEXT
  5
6CC1
330
17
100
AcDbEntity
  8
11-TEXTO-ROTULO
100
AcDbText
 10
2393.0
 20
32.0
 30
0.0
 40
1.8
  1
Idioma
  7
ISO3098
 11
2393.0
 21
32.0
 31
0.0
100
AcDbText
 73
3
  0
TEXT
  5
6CC2
330
17
100
AcDbEntity
  8
11-TEXTO-ROTULO
100
AcDbText
 10
2406.0
 20
26.6
 30
0.0
 40
3.5
  1
es
  7
ISO3098
 72
1
 11
2406.0
 21
26.6
 31
0.0
100
AcDbText
 73
2
  0
LWPOLYLINE
  5
6CC3
330
17
100
AcDbEntity
  8
10-ROTULO
100
AcDbPolyline
 90
4
 70
1
 10
2370.0
 20
10.0
 10
2420.0
 20
10.0
 10
2420.0
 20
23.0
 10
2370.0
 20
23.0
  0
TEXT
  5
6CC4
330
17
100
AcDbEntity
  8
11-TEXTO-ROTULO
100
AcDbText
 10
2371.0
 20
22.0
 30
0.0
 40
1.8
  1
N° de plano
  7
ISO3098
 11
2371.0
 21
22.0
 31
0.0
100
AcDbText
 73
3
  0
TEXT
  5
6CC5
330
17
100
AcDbEntity
  8
11-TEXTO-ROTULO
100
AcDbText
 10
2395.0
 20
15.1
 30
0.0
 40
5.0
  1
FL_PI_04
  7
ISO3098
 72
1
 11
2395.0
 21
15.1
 31
0.0
100
AcDbText
 73
2
  0
LWPOLYLINE
  5
6CC6
330
17
100
AcDbEntity
  8
07-RECUADRO
100
AcDbPolyline
 90
4
 70
1
 10
2245.0
 20
10.0
 10
2420.0
 20
10.0
 10
2420.0
 20
61.0
 10
2245.0
 20
61.0
  0
TEXT
  5
6CC7
330
17
100
AcDbEntity
  8
A-TEXTO
100
AcDbText
 10
1622.0
 20
576.0
 30
0.0
 40
7.0
  1
FL_PI_04 - HOJA 2: APROVECHAMIENTO DE LA CHAPA POR FORMATO
  7
ISO3098
 11
1622.0
 21
576.0
 31
0.0
100
AcDbText
 73
3
  0
TEXT
  5
6CC8
330
17
100
AcDbEntity
  8
A-TEXTO
100
AcDbText
 10
1622.0
 20
566.0
 30
0.0
 40
3.5
  1
Cuerpos 2,5-100 kg en hojas estándar cortadas en guillotina 8 × 3200 (esc. 1:20); cúpulas y fondos en fleje a medida con troquel de una fila (esc. 1:10); cuerpo de 1 kg en caño Ø76,2 × 6 m (esc. 1:20).
  7
ISO3098
 11
1622.0
 21
566.0
 31
0.0
100
AcDbText
 73
3
  0
LWPOLYLINE
  5
6CC9
330
17
100
AcDbEntity
  8
A-EQUIPO
100
AcDbPolyline
 90
4
 70
1
 10
1628.0
 20
477.0
 10
1750.0
 20
477.0
 10
1750.0
 20
538.0
 10
1628.0
 20
538.0
  0
HATCH
  5
6CCA
330
17
100
AcDbEntity
  8
A-RELLENO
 62
7
420
16635562
100
AcDbHatch
 10
0.0
 20
0.0
 30
0.0
210
0.0
220
0.0
230
1.0
  2
SOLID
 70
1
 71
0
 91
1
 92
3
 72
0
 73
1
 93
4
 10
1628.0
 20
518.725
 10
1641.475
 20
518.725
 10
1641.475
 20
538.0
 10
1628.0
 20
538.0
 97
0
 75
1
 76
1
 98
0
  0
LWPOLYLINE
  5
6CCB
330
17
100
AcDbEntity
  8
A-EQUIPO-FINO
100
AcDbPolyline
 90
4
 70
1
 10
1628.0
 20
518.725
 10
1641.475
 20
518.725
 10
1641.475
 20
538.0
 10
1628.0
 20
538.0
  0
HATCH
  5
6CCC
330
17
100
AcDbEntity
  8
A-RELLENO
 62
7
420
16635562
100
AcDbHatch
 10
0.0
 20
0.0
 30
0.0
210
0.0
220
0.0
230
1.0
  2
SOLID
 70
1
 71
0
 91
1
 92
3
 72
0
 73
1
 93
4
 10
1641.475
 20
518.725
 10
1654.9499999999998
 20
518.725
 10
1654.9499999999998
 20
538.0
 10
1641.475
 20
538.0
 97
0
 75
1
 76
1
 98
0
  0
LWPOLYLINE
  5
6CCD
330
17
100
AcDbEntity
  8
A-EQUIPO-FINO
100
AcDbPolyline
 90
4
 70
1
 10
1641.475
 20
518.725
 10
1654.9499999999998
 20
518.725
 10
1654.9499999999998
 20
538.0
 10
1641.475
 20
538.0
  0
HATCH
  5
6CCE
330
17
100
AcDbEntity
  8
A-RELLENO
 62
7
420
16635562
100
AcDbHatch
 10
0.0
 20
0.0
 30
0.0
210
0.0
220
0.0
230
1.0
  2
SOLID
 70
1
 71
0
 91
1
 92
3
 72
0
 73
1
 93
4
 10
1654.9499999999998
 20
518.725
 10
1668.4249999999997
 20
518.725
 10
1668.4249999999997
 20
538.0
 10
1654.9499999999998
 20
538.0
 97
0
 75
1
 76
1
 98
0
  0
LWPOLYLINE
  5
6CCF
330
17
100
AcDbEntity
  8
A-EQUIPO-FINO
100
AcDbPolyline
 90
4
 70
1
 10
1654.9499999999998
 20
518.725
 10
1668.4249999999997
 20
518.725
 10
1668.4249999999997
 20
538.0
 10
1654.9499999999998
 20
538.0
  0
HATCH
  5
6CD0
330
17
100
AcDbEntity
  8
A-RELLENO
 62
7
420
16635562
100
AcDbHatch
 10
0.0
 20
0.0
 30
0.0
210
0.0
220
0.0
230
1.0
  2
SOLID
 70
1
 71
0
 91
1
 92
3
 72
0
 73
1
 93
4
 10
1668.4249999999997
 20
518.725
 10
1681.8999999999996
 20
518.725
 10
1681.8999999999996
 20
538.0
 10
1668.4249999999997
 20
538.0
 97
0
 75
1
 76
1
 98
0
  0
LWPOLYLINE
  5
6CD1
330
17
100
AcDbEntity
  8
A-EQUIPO-FINO
100
AcDbPolyline
 90
4
 70
1
 10
1668.4249999999997
 20
518.725
 10
1681.8999999999996
 20
518.725
 10
1681.8999999999996
 20
538.0
 10
1668.4249999999997
 20
538.0
  0
HATCH
  5
6CD2
330
17
100
AcDbEntity
  8
A-RELLENO
 62
7
420
16635562
100
AcDbHatch
 10
0.0
 20
0.0
 30
0.0
210
0.0
220
0.0
230
1.0
  2
SOLID
 70
1
 71
0
 91
1
 92
3
 72
0
 73
1
 93
4
 10
1681.8999999999996
 20
518.725
 10
1695.3749999999995
 20
518.725
 10
1695.3749999999995
 20
538.0
 10
1681.8999999999996
 20
538.0
 97
0
 75
1
 76
1
 98
0
  0
LWPOLYLINE
  5
6CD3
330
17
100
AcDbEntity
  8
A-EQUIPO-FINO
100
AcDbPolyline
 90
4
 70
1
 10
1681.8999999999996
 20
518.725
 10
1695.3749999999995
 20
518.725
 10
1695.3749999999995
 20
538.0
 10
1681.8999999999996
 20
538.0
  0
HATCH
  5
6CD4
330
17
100
AcDbEntity
  8
A-RELLENO
 62
7
420
16635562
100
AcDbHatch
 10
0.0
 20
0.0
 30
0.0
210
0.0
220
0.0
230
1.0
  2
SOLID
 70
1
 71
0
 91
1
 92
3
 72
0
 73
1
 93
4
 10
1695.3749999999995
 20
518.725
 10
1708.8499999999995
 20
518.725
 10
1708.8499999999995
 20
538.0
 10
1695.3749999999995
 20
538.0
 97
0
 75
1
 76
1
 98
0
  0
LWPOLYLINE
  5
6CD5
330
17
100
AcDbEntity
  8
A-EQUIPO-FINO
100
AcDbPolyline
 90
4
 70
1
 10
1695.3749999999995
 20
518.725
 10
1708.8499999999995
 20
518.725
 10
1708.8499999999995
 20
538.0
 10
1695.3749999999995
 20
538.0
  0
HATCH
  5
6CD6
330
17
100
AcDbEntity
  8
A-RELLENO
 62
7
420
16635562
100
AcDbHatch
 10
0.0
 20
0.0
 30
0.0
210
0.0
220
0.0
230
1.0
  2
SOLID
 70
1
 71
0
 91
1
 92
3
 72
0
 73
1
 93
4
 10
1708.8499999999995
 20
518.725
 10
1722.3249999999994
 20
518.725
 10
1722.3249999999994
 20
538.0
 10
1708.8499999999995
 20
538.0
 97
0
 75
1
 76
1
 98
0
  0
LWPOLYLINE
  5
6CD7
330
17
100
AcDbEntity
  8
A-EQUIPO-FINO
100
AcDbPolyline
 90
4
 70
1
 10
1708.8499999999995
 20
518.725
 10
1722.3249999999994
 20
518.725
 10
1722.3249999999994
 20
538.0
 10
1708.8499999999995
 20
538.0
  0
HATCH
  5
6CD8
330
17
100
AcDbEntity
  8
A-RELLENO
 62
7
420
16635562
100
AcDbHatch
 10
0.0
 20
0.0
 30
0.0
210
0.0
220
0.0
230
1.0
  2
SOLID
 70
1
 71
0
 91
1
 92
3
 72
0
 73
1
 93
4
 10
1722.3249999999994
 20
518.725
 10
1735.7999999999993
 20
518.725
 10
1735.7999999999993
 20
538.0
 10
1722.3249999999994
 20
538.0
 97
0
 75
1
 76
1
 98
0
  0
LWPOLYLINE
  5
6CD9
330
17
100
AcDbEntity
  8
A-EQUIPO-FINO
100
AcDbPolyline
 90
4
 70
1
 10
1722.3249999999994
 20
518.725
 10
1735.7999999999993
 20
518.725
 10
1735.7999999999993
 20
538.0
 10
1722.3249999999994
 20
538.0
  0
HATCH
  5
6CDA
330
17
100
AcDbEntity
  8
A-RELLENO
 62
7
420
16635562
100
AcDbHatch
 10
0.0
 20
0.0
 30
0.0
210
0.0
220
0.0
230
1.0
  2
SOLID
 70
1
 71
0
 91
1
 92
3
 72
0
 73
1
 93
4
 10
1735.7999999999993
 20
518.725
 10
1749.2749999999992
 20
518.725
 10
1749.2749999999992
 20
538.0
 10
1735.7999999999993
 20
538.0
 97
0
 75
1
 76
1
 98
0
  0
LWPOLYLINE
  5
6CDB
330
17
100
AcDbEntity
  8
A-EQUIPO-FINO
100
AcDbPolyline
 90
4
 70
1
 10
1735.7999999999993
 20
518.725
 10
1749.2749999999992
 20
518.725
 10
1749.2749999999992
 20
538.0
 10
1735.7999999999993
 20
538.0
  0
HATCH
  5
6CDC
330
17
100
AcDbEntity
  8
A-RELLENO
 62
7
420
16635562
100
AcDbHatch
 10
0.0
 20
0.0
 30
0.0
210
0.0
220
0.0
230
1.0
  2
SOLID
 70
1
 71
0
 91
1
 92
3
 72
0
 73
1
 93
4
 10
1628.0
 20
499.45000000000005
 10
1641.475
 20
499.45000000000005
 10
1641.475
 20
518.725
 10
1628.0
 20
518.725
 97
0
 75
1
 76
1
 98
0
  0
LWPOLYLINE
  5
6CDD
330
17
100
AcDbEntity
  8
A-EQUIPO-FINO
100
AcDbPolyline
 90
4
 70
1
 10
1628.0
 20
499.45000000000005
 10
1641.475
 20
499.45000000000005
 10
1641.475
 20
518.725
 10
1628.0
 20
518.725
  0
HATCH
  5
6CDE
330
17
100
AcDbEntity
  8
A-RELLENO
 62
7
420
16635562
100
AcDbHatch
 10
0.0
 20
0.0
 30
0.0
210
0.0
220
0.0
230
1.0
  2
SOLID
 70
1
 71
0
 91
1
 92
3
 72
0
 73
1
 93
4
 10
1641.475
 20
499.45000000000005
 10
1654.9499999999998
 20
499.45000000000005
 10
1654.9499999999998
 20
518.725
 10
1641.475
 20
518.725
 97
0
 75
1
 76
1
 98
0
  0
LWPOLYLINE
  5
6CDF
330
17
100
AcDbEntity
  8
A-EQUIPO-FINO
100
AcDbPolyline
 90
4
 70
1
 10
1641.475
 20
499.45000000000005
 10
1654.9499999999998
 20
499.45000000000005
 10
1654.9499999999998
 20
518.725
 10
1641.475
 20
518.725
  0
HATCH
  5
6CE0
330
17
100
AcDbEntity
  8
A-RELLENO
 62
7
420
16635562
100
AcDbHatch
 10
0.0
 20
0.0
 30
0.0
210
0.0
220
0.0
230
1.0
  2
SOLID
 70
1
 71
0
 91
1
 92
3
 72
0
 73
1
 93
4
 10
1654.9499999999998
 20
499.45000000000005
 10
1668.4249999999997
 20
499.45000000000005
 10
1668.4249999999997
 20
518.725
 10
1654.9499999999998
 20
518.725
 97
0
 75
1
 76
1
 98
0
  0
LWPOLYLINE
  5
6CE1
330
17
100
AcDbEntity
  8
A-EQUIPO-FINO
100
AcDbPolyline
 90
4
 70
1
 10
1654.9499999999998
 20
499.45000000000005
 10
1668.4249999999997
 20
499.45000000000005
 10
1668.4249999999997
 20
518.725
 10
1654.9499999999998
 20
518.725
  0
HATCH
  5
6CE2
330
17
100
AcDbEntity
  8
A-RELLENO
 62
7
420
16635562
100
AcDbHatch
 10
0.0
 20
0.0
 30
0.0
210
0.0
220
0.0
230
1.0
  2
SOLID
 70
1
 71
0
 91
1
 92
3
 72
0
 73
1
 93
4
 10
1668.4249999999997
 20
499.45000000000005
 10
1681.8999999999996
 20
499.45000000000005
 10
1681.8999999999996
 20
518.725
 10
1668.4249999999997
 20
518.725
 97
0
 75
1
 76
1
 98
0
  0
LWPOLYLINE
  5
6CE3
330
17
100
AcDbEntity
  8
A-EQUIPO-FINO
100
AcDbPolyline
 90
4
 70
1
 10
1668.4249999999997
 20
499.45000000000005
 10
1681.8999999999996
 20
499.45000000000005
 10
1681.8999999999996
 20
518.725
 10
1668.4249999999997
 20
518.725
  0
HATCH
  5
6CE4
330
17
100
AcDbEntity
  8
A-RELLENO
 62
7
420
16635562
100
AcDbHatch
 10
0.0
 20
0.0
 30
0.0
210
0.0
220
0.0
230
1.0
  2
SOLID
 70
1
 71
0
 91
1
 92
3
 72
0
 73
1
 93
4
 10
1681.8999999999996
 20
499.45000000000005
 10
1695.3749999999995
 20
499.45000000000005
 10
1695.3749999999995
 20
518.725
 10
1681.8999999999996
 20
518.725
 97
0
 75
1
 76
1
 98
0
  0
LWPOLYLINE
  5
6CE5
330
17
100
AcDbEntity
  8
A-EQUIPO-FINO
100
AcDbPolyline
 90
4
 70
1
 10
1681.8999999999996
 20
499.45000000000005
 10
1695.3749999999995
 20
499.45000000000005
 10
1695.3749999999995
 20
518.725
 10
1681.8999999999996
 20
518.725
  0
HATCH
  5
6CE6
330
17
100
AcDbEntity
  8
A-RELLENO
 62
7
420
16635562
100
AcDbHatch
 10
0.0
 20
0.0
 30
0.0
210
0.0
220
0.0
230
1.0
  2
SOLID
 70
1
 71
0
 91
1
 92
3
 72
0
 73
1
 93
4
 10
1695.3749999999995
 20
499.45000000000005
 10
1708.8499999999995
 20
499.45000000000005
 10
1708.8499999999995
 20
518.725
 10
1695.3749999999995
 20
518.725
 97
0
 75
1
 76
1
 98
0
  0
LWPOLYLINE
  5
6CE7
330
17
100
AcDbEntity
  8
A-EQUIPO-FINO
100
AcDbPolyline
 90
4
 70
1
 10
1695.3749999999995
 20
499.45000000000005
 10
1708.8499999999995
 20
499.45000000000005
 10
1708.8499999999995
 20
518.725
 10
1695.3749999999995
 20
518.725
  0
HATCH
  5
6CE8
330
17
100
AcDbEntity
  8
A-RELLENO
 62
7
420
16635562
100
AcDbHatch
 10
0.0
 20
0.0
 30
0.0
210
0.0
220
0.0
230
1.0
  2
SOLID
 70
1
 71
0
 91
1
 92
3
 72
0
 73
1
 93
4
 10
1708.8499999999995
 20
499.45000000000005
 10
1722.3249999999994
 20
499.45000000000005
 10
1722.3249999999994
 20
518.725
 10
1708.8499999999995
 20
518.725
 97
0
 75
1
 76
1
 98
0
  0
LWPOLYLINE
  5
6CE9
330
17
100
AcDbEntity
  8
A-EQUIPO-FINO
100
AcDbPolyline
 90
4
 70
1
 10
1708.8499999999995
 20
499.45000000000005
 10
1722.3249999999994
 20
499.45000000000005
 10
1722.3249999999994
 20
518.725
 10
1708.8499999999995
 20
518.725
  0
HATCH
  5
6CEA
330
17
100
AcDbEntity
  8
A-RELLENO
 62
7
420
16635562
100
AcDbHatch
 10
0.0
 20
0.0
 30
0.0
210
0.0
220
0.0
230
1.0
  2
SOLID
 70
1
 71
0
 91
1
 92
3
 72
0
 73
1
 93
4
 10
1722.3249999999994
 20
499.45000000000005
 10
1735.7999999999993
 20
499.45000000000005
 10
1735.7999999999993
 20
518.725
 10
1722.3249999999994
 20
518.725
 97
0
 75
1
 76
1
 98
0
  0
LWPOLYLINE
  5
6CEB
330
17
100
AcDbEntity
  8
A-EQUIPO-FINO
100
AcDbPolyline
 90
4
 70
1
 10
1722.3249999999994
 20
499.45000000000005
 10
1735.7999999999993
 20
499.45000000000005
 10
1735.7999999999993
 20
518.725
 10
1722.3249999999994
 20
518.725
  0
HATCH
  5
6CEC
330
17
100
AcDbEntity
  8
A-RELLENO
 62
7
420
16635562
100
AcDbHatch
 10
0.0
 20
0.0
 30
0.0
210
0.0
220
0.0
230
1.0
  2
SOLID
 70
1
 71
0
 91
1
 92
3
 72
0
 73
1
 93
4
 10
1735.7999999999993
 20
499.45000000000005
 10
1749.2749999999992
 20
499.45000000000005
 10
1749.2749999999992
 20
518.725
 10
1735.7999999999993
 20
518.725
 97
0
 75
1
 76
1
 98
0
  0
LWPOLYLINE
  5
6CED
330
17
100
AcDbEntity
  8
A-EQUIPO-FINO
100
AcDbPolyline
 90
4
 70
1
 10
1735.7999999999993
 20
499.45000000000005
 10
1749.2749999999992
 20
499.45000000000005
 10
1749.2749999999992
 20
518.725
 10
1735.7999999999993
 20
518.725
  0
HATCH
  5
6CEE
330
17
100
AcDbEntity
  8
A-RELLENO
 62
7
420
16635562
100
AcDbHatch
 10
0.0
 20
0.0
 30
0.0
210
0.0
220
0.0
230
1.0
  2
SOLID
 70
1
 71
0
 91
1
 92
3
 72
0
 73
1
 93
4
 10
1628.0
 20
480.17500000000007
 10
1641.475
 20
480.17500000000007
 10
1641.475
 20
499.45000000000005
 10
1628.0
 20
499.45000000000005
 97
0
 75
1
 76
1
 98
0
  0
LWPOLYLINE
  5
6CEF
330
17
100
AcDbEntity
  8
A-EQUIPO-FINO
100
AcDbPolyline
 90
4
 70
1
 10
1628.0
 20
480.17500000000007
 10
1641.475
 20
480.17500000000007
 10
1641.475
 20
499.45000000000005
 10
1628.0
 20
499.45000000000005
  0
HATCH
  5
6CF0
330
17
100
AcDbEntity
  8
A-RELLENO
 62
7
420
16635562
100
AcDbHatch
 10
0.0
 20
0.0
 30
0.0
210
0.0
220
0.0
230
1.0
  2
SOLID
 70
1
 71
0
 91
1
 92
3
 72
0
 73
1
 93
4
 10
1641.475
 20
480.17500000000007
 10
1654.9499999999998
 20
480.17500000000007
 10
1654.9499999999998
 20
499.45000000000005
 10
1641.475
 20
499.45000000000005
 97
0
 75
1
 76
1
 98
0
  0
LWPOLYLINE
  5
6CF1
330
17
100
AcDbEntity
  8
A-EQUIPO-FINO
100
AcDbPolyline
 90
4
 70
1
 10
1641.475
 20
480.17500000000007
 10
1654.9499999999998
 20
480.17500000000007
 10
1654.9499999999998
 20
499.45000000000005
 10
1641.475
 20
499.45000000000005
  0
HATCH
  5
6CF2
330
17
100
AcDbEntity
  8
A-RELLENO
 62
7
420
16635562
100
AcDbHatch
 10
0.0
 20
0.0
 30
0.0
210
0.0
220
0.0
230
1.0
  2
SOLID
 70
1
 71
0
 91
1
 92
3
 72
0
 73
1
 93
4
 10
1654.9499999999998
 20
480.17500000000007
 10
1668.4249999999997
 20
480.17500000000007
 10
1668.4249999999997
 20
499.45000000000005
 10
1654.9499999999998
 20
499.45000000000005
 97
0
 75
1
 76
1
 98
0
  0
LWPOLYLINE
  5
6CF3
330
17
100
AcDbEntity
  8
A-EQUIPO-FINO
100
AcDbPolyline
 90
4
 70
1
 10
1654.9499999999998
 20
480.17500000000007
 10
1668.4249999999997
 20
480.17500000000007
 10
1668.4249999999997
 20
499.45000000000005
 10
1654.9499999999998
 20
499.45000000000005
  0
HATCH
  5
6CF4
330
17
100
AcDbEntity
  8
A-RELLENO
 62
7
420
16635562
100
AcDbHatch
 10
0.0
 20
0.0
 30
0.0
210
0.0
220
0.0
230
1.0
  2
SOLID
 70
1
 71
0
 91
1
 92
3
 72
0
 73
1
 93
4
 10
1668.4249999999997
 20
480.17500000000007
 10
1681.8999999999996
 20
480.17500000000007
 10
1681.8999999999996
 20
499.45000000000005
 10
1668.4249999999997
 20
499.45000000000005
 97
0
 75
1
 76
1
 98
0
  0
LWPOLYLINE
  5
6CF5
330
17
100
AcDbEntity
  8
A-EQUIPO-FINO
100
AcDbPolyline
 90
4
 70
1
 10
1668.4249999999997
 20
480.17500000000007
 10
1681.8999999999996
 20
480.17500000000007
 10
1681.8999999999996
 20
499.45000000000005
 10
1668.4249999999997
 20
499.45000000000005
  0
HATCH
  5
6CF6
330
17
100
AcDbEntity
  8
A-RELLENO
 62
7
420
16635562
100
AcDbHatch
 10
0.0
 20
0.0
 30
0.0
210
0.0
220
0.0
230
1.0
  2
SOLID
 70
1
 71
0
 91
1
 92
3
 72
0
 73
1
 93
4
 10
1681.8999999999996
 20
480.17500000000007
 10
1695.3749999999995
 20
480.17500000000007
 10
1695.3749999999995
 20
499.45000000000005
 10
1681.8999999999996
 20
499.45000000000005
 97
0
 75
1
 76
1
 98
0
  0
LWPOLYLINE
  5
6CF7
330
17
100
AcDbEntity
  8
A-EQUIPO-FINO
100
AcDbPolyline
 90
4
 70
1
 10
1681.8999999999996
 20
480.17500000000007
 10
1695.3749999999995
 20
480.17500000000007
 10
1695.3749999999995
 20
499.45000000000005
 10
1681.8999999999996
 20
499.45000000000005
  0
HATCH
  5
6CF8
330
17
100
AcDbEntity
  8
A-RELLENO
 62
7
420
16635562
100
AcDbHatch
 10
0.0
 20
0.0
 30
0.0
210
0.0
220
0.0
230
1.0
  2
SOLID
 70
1
 71
0
 91
1
 92
3
 72
0
 73
1
 93
4
 10
1695.3749999999995
 20
480.17500000000007
 10
1708.8499999999995
 20
480.17500000000007
 10
1708.8499999999995
 20
499.45000000000005
 10
1695.3749999999995
 20
499.45000000000005
 97
0
 75
1
 76
1
 98
0
  0
LWPOLYLINE
  5
6CF9
330
17
100
AcDbEntity
  8
A-EQUIPO-FINO
100
AcDbPolyline
 90
4
 70
1
 10
1695.3749999999995
 20
480.17500000000007
 10
1708.8499999999995
 20
480.17500000000007
 10
1708.8499999999995
 20
499.45000000000005
 10
1695.3749999999995
 20
499.45000000000005
  0
HATCH
  5
6CFA
330
17
100
AcDbEntity
  8
A-RELLENO
 62
7
420
16635562
100
AcDbHatch
 10
0.0
 20
0.0
 30
0.0
210
0.0
220
0.0
230
1.0
  2
SOLID
 70
1
 71
0
 91
1
 92
3
 72
0
 73
1
 93
4
 10
1708.8499999999995
 20
480.17500000000007
 10
1722.3249999999994
 20
480.17500000000007
 10
1722.3249999999994
 20
499.45000000000005
 10
1708.8499999999995
 20
499.45000000000005
 97
0
 75
1
 76
1
 98
0
  0
LWPOLYLINE
  5
6CFB
330
17
100
AcDbEntity
  8
A-EQUIPO-FINO
100
AcDbPolyline
 90
4
 70
1
 10
1708.8499999999995
 20
480.17500000000007
 10
1722.3249999999994
 20
480.17500000000007
 10
1722.3249999999994
 20
499.45000000000005
 10
1708.8499999999995
 20
499.45000000000005
  0
HATCH
  5
6CFC
330
17
100
AcDbEntity
  8
A-RELLENO
 62
7
420
16635562
100
AcDbHatch
 10
0.0
 20
0.0
 30
0.0
210
0.0
220
0.0
230
1.0
  2
SOLID
 70
1
 71
0
 91
1
 92
3
 72
0
 73
1
 93
4
 10
1722.3249999999994
 20
480.17500000000007
 10
1735.7999999999993
 20
480.17500000000007
 10
1735.7999999999993
 20
499.45000000000005
 10
1722.3249999999994
 20
499.45000000000005
 97
0
 75
1
 76
1
 98
0
  0
LWPOLYLINE
  5
6CFD
330
17
100
AcDbEntity
  8
A-EQUIPO-FINO
100
AcDbPolyline
 90
4
 70
1
 10
1722.3249999999994
 20
480.17500000000007
 10
1735.7999999999993
 20
480.17500000000007
 10
1735.7999999999993
 20
499.45000000000005
 10
1722.3249999999994
 20
499.45000000000005
  0
HATCH
  5
6CFE
330
17
100
AcDbEntity
  8
A-RELLENO
 62
7
420
16635562
100
AcDbHatch
 10
0.0
 20
0.0
 30
0.0
210
0.0
220
0.0
230
1.0
  2
SOLID
 70
1
 71
0
 91
1
 92
3
 72
0
 73
1
 93
4
 10
1735.7999999999993
 20
480.17500000000007
 10
1749.2749999999992
 20
480.17500000000007
 10
1749.2749999999992
 20
499.45000000000005
 10
1735.7999999999993
 20
499.45000000000005
 97
0
 75
1
 76
1
 98
0
  0
LWPOLYLINE
  5
6CFF
330
17
100
AcDbEntity
  8
A-EQUIPO-FINO
100
AcDbPolyline
 90
4
 70
1
 10
1735.7999999999993
 20
480.17500000000007
 10
1749.2749999999992
 20
480.17500000000007
 10
1749.2749999999992
 20
499.45000000000005
 10
1735.7999999999993
 20
499.45000000000005
  0
HATCH
  5
6D00
330
17
100
AcDbEntity
  8
A-RELLENO
 62
7
100
AcDbHatch
 10
0.0
 20
0.0
 30
0.0
210
0.0
220
0.0
230
1.0
  2
ANSI31
 70
0
 71
0
 91
1
 92
3
 72
0
 73
1
 93
4
 10
1628.0
 20
477.0
 10
1750.0
 20
477.0
 10
1750.0
 20
480.17500000000007
 10
1628.0
 20
480.17500000000007
 97
0
 75
1
 76
1
 52
45.0
 41
0.4
 77
0
 78
1
 53
90.0
 43
0.0
 44
0.0
 45
-1.27
 46
0.0
 79
0
 98
0
  0
HATCH
  5
6D01
330
17
100
AcDbEntity
  8
A-RELLENO
 62
7
100
AcDbHatch
 10
0.0
 20
0.0
 30
0.0
210
0.0
220
0.0
230
1.0
  2
ANSI31
 70
0
 71
0
 91
1
 92
3
 72
0
 73
1
 93
4
 10
1749.275
 20
480.17500000000007
 10
1750.0
 20
480.17500000000007
 10
1750.0
 20
538.0
 10
1749.275
 20
538.0
 97
0
 75
1
 76
1
 52
45.0
 41
0.4
 77
0
 78
1
 53
90.0
 43
0.0
 44
0.0
 45
-1.27
 46
0.0
 79
0
 98
0
  0
TEXT
  5
6D02
330
17
100
AcDbEntity
  8
A-TEXTO
100
AcDbText
 10
1628.0
 20
551.0
 30
0.0
 40
2.5
  1
Cuerpo 2,5 kg - hoja LAF 1,25 × 1220 × 2440
  7
ISO3098
 11
1628.0
 21
551.0
 31
0.0
100
AcDbText
 73
3
  0
DIMENSION
  5
6D03
330
17
100
AcDbEntity
  8
A-COTA
100
AcDbDimension
280
0
  2
*D7
  3
FLAMA-IRAM
 10
1623.0
 20
538.0
 30
0.0
 11
1625.0
 21
528.3625
 31
0.0
 70
32
 71
5
  1
<>
100
AcDbAlignedDimension
 13
1628.0
 23
538.0
 33
0.0
 14
1628.0
 24
518.725
 34
0.0
 50
90.0
100
AcDbRotatedDimension
1001
ACAD
1000
DSTYLE
1002
{
1070
144
1040
20.0
1070
140
1040
2.0
1070
41
1040
2.0
1070
271
1070
1
1002
}
  0
DIMENSION
  5
6D12
330
17
100
AcDbEntity
  8
A-COTA
100
AcDbDimension
280
0
  2
*D8
  3
FLAMA-IRAM
 10
1628.0
 20
542.0
 30
0.0
 11
1634.7375
 21
544.0
 31
0.0
 70
32
 71
5
  1
<>
100
AcDbAlignedDimension
 13
1628.0
 23
538.0
 33
0.0
 14
1641.475
 24
538.0
 34
0.0
 50
0.0
100
AcDbRotatedDimension
1001
ACAD
1000
DSTYLE
1002
{
1070
144
1040
20.0
1070
140
1040
2.0
1070
41
1040
2.0
1070
271
1070
1
1002
}
  0
DIMENSION
  5
6D21
330
17
100
AcDbEntity
  8
A-COTA
100
AcDbDimension
280
0
  2
*D9
  3
FLAMA-IRAM
 10
1628.0
 20
472.0
 30
0.0
 11
1689.0
 21
474.0
 31
0.0
 70
32
 71
5
  1
<>
100
AcDbAlignedDimension
 13
1628.0
 23
477.0
 33
0.0
 14
1750.0
 24
477.0
 34
0.0
 50
0.0
100
AcDbRotatedDimension
1001
ACAD
1000
DSTYLE
1002
{
1070
144
1040
20.0
1070
140
1040
2.0
1070
41
1040
2.0
1070
271
1070
0
1002
}
  0
TEXT
  5
6D30
330
17
100
AcDbEntity
  8
A-TEXTO
100
AcDbText
 10
1628.0
 20
465.0
 30
0.0
 40
2.1
  1
3 franja(s): 27 cuerpos por hoja; 30 cortes (1,11 por cuerpo)
  7
ISO3098
 11
1628.0
 21
465.0
 31
0.0
100
AcDbText
 73
3
  0
TEXT
  5
6D31
330
17
100
AcDbEntity
  8
A-TEXTO
100
AcDbText
 10
1628.0
 20
461.745
 30
0.0
 40
2.1
  1
Aprovechamiento 94,2 %; hojas por año (2035): 522
  7
ISO3098
 11
1628.0
 21
461.745
 31
0.0
100
AcDbText
 73
3
  0
LWPOLYLINE
  5
6D32
330
17
100
AcDbEntity
  8
A-EQUIPO
100
AcDbPolyline
 90
4
 70
1
 10
1822.0
 20
488.0
 10
1922.0
 20
488.0
 10
1922.0
 20
538.0
 10
1822.0
 20
538.0
  0
HATCH
  5
6D33
330
17
100
AcDbEntity
  8
A-RELLENO
 62
7
420
16635562
100
AcDbHatch
 10
0.0
 20
0.0
 30
0.0
210
0.0
220
0.0
230
1.0
  2
SOLID
 70
1
 71
0
 91
1
 92
3
 72
0
 73
1
 93
4
 10
1822.0
 20
521.5
 10
1845.725
 20
521.5
 10
1845.725
 20
538.0
 10
1822.0
 20
538.0
 97
0
 75
1
 76
1
 98
0
  0
LWPOLYLINE
  5
6D34
330
17
100
AcDbEntity
  8
A-EQUIPO-FINO
100
AcDbPolyline
 90
4
 70
1
 10
1822.0
 20
521.5
 10
1845.725
 20
521.5
 10
1845.725
 20
538.0
 10
1822.0
 20
538.0
  0
HATCH
  5
6D35
330
17
100
AcDbEntity
  8
A-RELLENO
 62
7
420
16635562
100
AcDbHatch
 10
0.0
 20
0.0
 30
0.0
210
0.0
220
0.0
230
1.0
  2
SOLID
 70
1
 71
0
 91
1
 92
3
 72
0
 73
1
 93
4
 10
1845.725
 20
521.5
 10
1869.4499999999998
 20
521.5
 10
1869.4499999999998
 20
538.0
 10
1845.725
 20
538.0
 97
0
 75
1
 76
1
 98
0
  0
LWPOLYLINE
  5
6D36
330
17
100
AcDbEntity
  8
A-EQUIPO-FINO
100
AcDbPolyline
 90
4
 70
1
 10
1845.725
 20
521.5
 10
1869.4499999999998
 20
521.5
 10
1869.4499999999998
 20
538.0
 10
1845.725
 20
538.0
  0
HATCH
  5
6D37
330
17
100
AcDbEntity
  8
A-RELLENO
 62
7
420
16635562
100
AcDbHatch
 10
0.0
 20
0.0
 30
0.0
210
0.0
220
0.0
230
1.0
  2
SOLID
 70
1
 71
0
 91
1
 92
3
 72
0
 73
1
 93
4
 10
1869.4499999999998
 20
521.5
 10
1893.1749999999997
 20
521.5
 10
1893.1749999999997
 20
538.0
 10
1869.4499999999998
 20
538.0
 97
0
 75
1
 76
1
 98
0
  0
LWPOLYLINE
  5
6D38
330
17
100
AcDbEntity
  8
A-EQUIPO-FINO
100
AcDbPolyline
 90
4
 70
1
 10
1869.4499999999998
 20
521.5
 10
1893.1749999999997
 20
521.5
 10
1893.1749999999997
 20
538.0
 10
1869.4499999999998
 20
538.0
  0
HATCH
  5
6D39
330
17
100
AcDbEntity
  8
A-RELLENO
 62
7
420
16635562
100
AcDbHatch
 10
0.0
 20
0.0
 30
0.0
210
0.0
220
0.0
230
1.0
  2
SOLID
 70
1
 71
0
 91
1
 92
3
 72
0
 73
1
 93
4
 10
1893.1749999999997
 20
521.5
 10
1916.8999999999996
 20
521.5
 10
1916.8999999999996
 20
538.0
 10
1893.1749999999997
 20
538.0
 97
0
 75
1
 76
1
 98
0
  0
LWPOLYLINE
  5
6D3A
330
17
100
AcDbEntity
  8
A-EQUIPO-FINO
100
AcDbPolyline
 90
4
 70
1
 10
1893.1749999999997
 20
521.5
 10
1916.8999999999996
 20
521.5
 10
1916.8999999999996
 20
538.0
 10
1893.1749999999997
 20
538.0
  0
HATCH
  5
6D3B
330
17
100
AcDbEntity
  8
A-RELLENO
 62
7
420
16635562
100
AcDbHatch
 10
0.0
 20
0.0
 30
0.0
210
0.0
220
0.0
230
1.0
  2
SOLID
 70
1
 71
0
 91
1
 92
3
 72
0
 73
1
 93
4
 10
1822.0
 20
505.0
 10
1845.725
 20
505.0
 10
1845.725
 20
521.5
 10
1822.0
 20
521.5
 97
0
 75
1
 76
1
 98
0
  0
LWPOLYLINE
  5
6D3C
330
17
100
AcDbEntity
  8
A-EQUIPO-FINO
100
AcDbPolyline
 90
4
 70
1
 10
1822.0
 20
505.0
 10
1845.725
 20
505.0
 10
1845.725
 20
521.5
 10
1822.0
 20
521.5
  0
HATCH
  5
6D3D
330
17
100
AcDbEntity
  8
A-RELLENO
 62
7
420
16635562
100
AcDbHatch
 10
0.0
 20
0.0
 30
0.0
210
0.0
220
0.0
230
1.0
  2
SOLID
 70
1
 71
0
 91
1
 92
3
 72
0
 73
1
 93
4
 10
1845.725
 20
505.0
 10
1869.4499999999998
 20
505.0
 10
1869.4499999999998
 20
521.5
 10
1845.725
 20
521.5
 97
0
 75
1
 76
1
 98
0
  0
LWPOLYLINE
  5
6D3E
330
17
100
AcDbEntity
  8
A-EQUIPO-FINO
100
AcDbPolyline
 90
4
 70
1
 10
1845.725
 20
505.0
 10
1869.4499999999998
 20
505.0
 10
1869.4499999999998
 20
521.5
 10
1845.725
 20
521.5
  0
HATCH
  5
6D3F
330
17
100
AcDbEntity
  8
A-RELLENO
 62
7
420
16635562
100
AcDbHatch
 10
0.0
 20
0.0
 30
0.0
210
0.0
220
0.0
230
1.0
  2
SOLID
 70
1
 71
0
 91
1
 92
3
 72
0
 73
1
 93
4
 10
1869.4499999999998
 20
505.0
 10
1893.1749999999997
 20
505.0
 10
1893.1749999999997
 20
521.5
 10
1869.4499999999998
 20
521.5
 97
0
 75
1
 76
1
 98
0
  0
LWPOLYLINE
  5
6D40
330
17
100
AcDbEntity
  8
A-EQUIPO-FINO
100
AcDbPolyline
 90
4
 70
1
 10
1869.4499999999998
 20
505.0
 10
1893.1749999999997
 20
505.0
 10
1893.1749999999997
 20
521.5
 10
1869.4499999999998
 20
521.5
  0
HATCH
  5
6D41
330
17
100
AcDbEntity
  8
A-RELLENO
 62
7
420
16635562
100
AcDbHatch
 10
0.0
 20
0.0
 30
0.0
210
0.0
220
0.0
230
1.0
  2
SOLID
 70
1
 71
0
 91
1
 92
3
 72
0
 73
1
 93
4
 10
1893.1749999999997
 20
505.0
 10
1916.8999999999996
 20
505.0
 10
1916.8999999999996
 20
521.5
 10
1893.1749999999997
 20
521.5
 97
0
 75
1
 76
1
 98
0
  0
LWPOLYLINE
  5
6D42
330
17
100
AcDbEntity
  8
A-EQUIPO-FINO
100
AcDbPolyline
 90
4
 70
1
 10
1893.1749999999997
 20
505.0
 10
1916.8999999999996
 20
505.0
 10
1916.8999999999996
 20
521.5
 10
1893.1749999999997
 20
521.5
  0
HATCH
  5
6D43
330
17
100
AcDbEntity
  8
A-RELLENO
 62
7
420
16635562
100
AcDbHatch
 10
0.0
 20
0.0
 30
0.0
210
0.0
220
0.0
230
1.0
  2
SOLID
 70
1
 71
0
 91
1
 92
3
 72
0
 73
1
 93
4
 10
1822.0
 20
488.5
 10
1845.725
 20
488.5
 10
1845.725
 20
505.0
 10
1822.0
 20
505.0
 97
0
 75
1
 76
1
 98
0
  0
LWPOLYLINE
  5
6D44
330
17
100
AcDbEntity
  8
A-EQUIPO-FINO
100
AcDbPolyline
 90
4
 70
1
 10
1822.0
 20
488.5
 10
1845.725
 20
488.5
 10
1845.725
 20
505.0
 10
1822.0
 20
505.0
  0
HATCH
  5
6D45
330
17
100
AcDbEntity
  8
A-RELLENO
 62
7
420
16635562
100
AcDbHatch
 10
0.0
 20
0.0
 30
0.0
210
0.0
220
0.0
230
1.0
  2
SOLID
 70
1
 71
0
 91
1
 92
3
 72
0
 73
1
 93
4
 10
1845.725
 20
488.5
 10
1869.4499999999998
 20
488.5
 10
1869.4499999999998
 20
505.0
 10
1845.725
 20
505.0
 97
0
 75
1
 76
1
 98
0
  0
LWPOLYLINE
  5
6D46
330
17
100
AcDbEntity
  8
A-EQUIPO-FINO
100
AcDbPolyline
 90
4
 70
1
 10
1845.725
 20
488.5
 10
1869.4499999999998
 20
488.5
 10
1869.4499999999998
 20
505.0
 10
1845.725
 20
505.0
  0
HATCH
  5
6D47
330
17
100
AcDbEntity
  8
A-RELLENO
 62
7
420
16635562
100
AcDbHatch
 10
0.0
 20
0.0
 30
0.0
210
0.0
220
0.0
230
1.0
  2
SOLID
 70
1
 71
0
 91
1
 92
3
 72
0
 73
1
 93
4
 10
1869.4499999999998
 20
488.5
 10
1893.1749999999997
 20
488.5
 10
1893.1749999999997
 20
505.0
 10
1869.4499999999998
 20
505.0
 97
0
 75
1
 76
1
 98
0
  0
LWPOLYLINE
  5
6D48
330
17
100
AcDbEntity
  8
A-EQUIPO-FINO
100
AcDbPolyline
 90
4
 70
1
 10
1869.4499999999998
 20
488.5
 10
1893.1749999999997
 20
488.5
 10
1893.1749999999997
 20
505.0
 10
1869.4499999999998
 20
505.0
  0
HATCH
  5
6D49
330
17
100
AcDbEntity
  8
A-RELLENO
 62
7
420
16635562
100
AcDbHatch
 10
0.0
 20
0.0
 30
0.0
210
0.0
220
0.0
230
1.0
  2
SOLID
 70
1
 71
0
 91
1
 92
3
 72
0
 73
1
 93
4
 10
1893.1749999999997
 20
488.5
 10
1916.8999999999996
 20
488.5
 10
1916.8999999999996
 20
505.0
 10
1893.1749999999997
 20
505.0
 97
0
 75
1
 76
1
 98
0
  0
LWPOLYLINE
  5
6D4A
330
17
100
AcDbEntity
  8
A-EQUIPO-FINO
100
AcDbPolyline
 90
4
 70
1
 10
1893.1749999999997
 20
488.5
 10
1916.8999999999996
 20
488.5
 10
1916.8999999999996
 20
505.0
 10
1893.1749999999997
 20
505.0
  0
HATCH
  5
6D4B
330
17
100
AcDbEntity
  8
A-RELLENO
 62
7
100
AcDbHatch
 10
0.0
 20
0.0
 30
0.0
210
0.0
220
0.0
230
1.0
  2
ANSI31
 70
0
 71
0
 91
1
 92
3
 72
0
 73
1
 93
4
 10
1822.0
 20
488.0
 10
1922.0
 20
488.0
 10
1922.0
 20
488.5
 10
1822.0
 20
488.5
 97
0
 75
1
 76
1
 52
45.0
 41
0.4
 77
0
 78
1
 53
90.0
 43
0.0
 44
0.0
 45
-1.27
 46
0.0
 79
0
 98
0
  0
HATCH
  5
6D4C
330
17
100
AcDbEntity
  8
A-RELLENO
 62
7
100
AcDbHatch
 10
0.0
 20
0.0
 30
0.0
210
0.0
220
0.0
230
1.0
  2
ANSI31
 70
0
 71
0
 91
1
 92
3
 72
0
 73
1
 93
4
 10
1916.9
 20
488.5
 10
1922.0
 20
488.5
 10
1922.0
 20
538.0
 10
1916.9
 20
538.0
 97
0
 75
1
 76
1
 52
45.0
 41
0.4
 77
0
 78
1
 53
90.0
 43
0.0
 44
0.0
 45
-1.27
 46
0.0
 79
0
 98
0
  0
TEXT
  5
6D4D
330
17
100
AcDbEntity
  8
A-TEXTO
100
AcDbText
 10
1822.0
 20
551.0
 30
0.0
 40
2.5
  1
Cuerpo 5 kg - hoja LAF 1,60 × 1000 × 2000
  7
ISO3098
 11
1822.0
 21
551.0
 31
0.0
100
AcDbText
 73
3
  0
DIMENSION
  5
6D4E
330
17
100
AcDbEntity
  8
A-COTA
100
AcDbDimension
280
0
  2
*D10
  3
FLAMA-IRAM
 10
1817.0
 20
538.0
 30
0.0
 11
1819.0
 21
529.75
 31
0.0
 70
32
 71
5
  1
<>
100
AcDbAlignedDimension
 13
1822.0
 23
538.0
 33
0.0
 14
1822.0
 24
521.5
 34
0.0
 50
90.0
100
AcDbRotatedDimension
1001
ACAD
1000
DSTYLE
1002
{
1070
144
1040
20.0
1070
140
1040
2.0
1070
41
1040
2.0
1070
271
1070
1
1002
}
  0
DIMENSION
  5
6D5D
330
17
100
AcDbEntity
  8
A-COTA
100
AcDbDimension
280
0
  2
*D11
  3
FLAMA-IRAM
 10
1822.0
 20
542.0
 30
0.0
 11
1833.8625
 21
544.0
 31
0.0
 70
32
 71
5
  1
<>
100
AcDbAlignedDimension
 13
1822.0
 23
538.0
 33
0.0
 14
1845.725
 24
538.0
 34
0.0
 50
0.0
100
AcDbRotatedDimension
1001
ACAD
1000
DSTYLE
1002
{
1070
144
1040
20.0
1070
140
1040
2.0
1070
41
1040
2.0
1070
271
1070
1
1002
}
  0
DIMENSION
  5
6D6C
330
17
100
AcDbEntity
  8
A-COTA
100
AcDbDimension
280
0
  2
*D12
  3
FLAMA-IRAM
 10
1822.0
 20
483.0
 30
0.0
 11
1872.0
 21
485.0
 31
0.0
 70
32
 71
5
  1
<>
100
AcDbAlignedDimension
 13
1822.0
 23
488.0
 33
0.0
 14
1922.0
 24
488.0
 34
0.0
 50
0.0
100
AcDbRotatedDimension
1001
ACAD
1000
DSTYLE
1002
{
1070
144
1040
20.0
1070
140
1040
2.0
1070
41
1040
2.0
1070
271
1070
0
1002
}
  0
TEXT
  5
6D7B
330
17
100
AcDbEntity
  8
A-TEXTO
100
AcDbText
 10
1822.0
 20
476.0
 30
0.0
 40
2.1
  1
3 franja(s): 12 cuerpos por hoja; 15 cortes (1,25 por cuerpo)
  7
ISO3098
 11
1822.0
 21
476.0
 31
0.0
100
AcDbText
 73
3
  0
TEXT
  5
6D7C
330
17
100
AcDbEntity
  8
A-TEXTO
100
AcDbText
 10
1822.0
 20
472.745
 30
0.0
 40
2.1
  1
Aprovechamiento 94,0 %; hojas por año (2035): 5.306
  7
ISO3098
 11
1822.0
 21
472.745
 31
0.0
100
AcDbText
 73
3
  0
LWPOLYLINE
  5
6D7D
330
17
100
AcDbEntity
  8
A-EQUIPO
100
AcDbPolyline
 90
4
 70
1
 10
2016.0
 20
463.0
 10
2166.0
 20
463.0
 10
2166.0
 20
538.0
 10
2016.0
 20
538.0
  0
HATCH
  5
6D7E
330
17
100
AcDbEntity
  8
A-RELLENO
 62
7
420
16635562
100
AcDbHatch
 10
0.0
 20
0.0
 30
0.0
210
0.0
220
0.0
230
1.0
  2
SOLID
 70
1
 71
0
 91
1
 92
3
 72
0
 73
1
 93
4
 10
2016.0
 20
513.25
 10
2044.15
 20
513.25
 10
2044.15
 20
538.0
 10
2016.0
 20
538.0
 97
0
 75
1
 76
1
 98
0
  0
LWPOLYLINE
  5
6D7F
330
17
100
AcDbEntity
  8
A-EQUIPO-FINO
100
AcDbPolyline
 90
4
 70
1
 10
2016.0
 20
513.25
 10
2044.15
 20
513.25
 10
2044.15
 20
538.0
 10
2016.0
 20
538.0
  0
HATCH
  5
6D80
330
17
100
AcDbEntity
  8
A-RELLENO
 62
7
420
16635562
100
AcDbHatch
 10
0.0
 20
0.0
 30
0.0
210
0.0
220
0.0
230
1.0
  2
SOLID
 70
1
 71
0
 91
1
 92
3
 72
0
 73
1
 93
4
 10
2044.15
 20
513.25
 10
2072.3
 20
513.25
 10
2072.3
 20
538.0
 10
2044.15
 20
538.0
 97
0
 75
1
 76
1
 98
0
  0
LWPOLYLINE
  5
6D81
330
17
100
AcDbEntity
  8
A-EQUIPO-FINO
100
AcDbPolyline
 90
4
 70
1
 10
2044.15
 20
513.25
 10
2072.3
 20
513.25
 10
2072.3
 20
538.0
 10
2044.15
 20
538.0
  0
HATCH
  5
6D82
330
17
100
AcDbEntity
  8
A-RELLENO
 62
7
420
16635562
100
AcDbHatch
 10
0.0
 20
0.0
 30
0.0
210
0.0
220
0.0
230
1.0
  2
SOLID
 70
1
 71
0
 91
1
 92
3
 72
0
 73
1
 93
4
 10
2072.3
 20
513.25
 10
2100.4500000000003
 20
513.25
 10
2100.4500000000003
 20
538.0
 10
2072.3
 20
538.0
 97
0
 75
1
 76
1
 98
0
  0
LWPOLYLINE
  5
6D83
330
17
100
AcDbEntity
  8
A-EQUIPO-FINO
100
AcDbPolyline
 90
4
 70
1
 10
2072.3
 20
513.25
 10
2100.4500000000003
 20
513.25
 10
2100.4500000000003
 20
538.0
 10
2072.3
 20
538.0
  0
HATCH
  5
6D84
330
17
100
AcDbEntity
  8
A-RELLENO
 62
7
420
16635562
100
AcDbHatch
 10
0.0
 20
0.0
 30
0.0
210
0.0
220
0.0
230
1.0
  2
SOLID
 70
1
 71
0
 91
1
 92
3
 72
0
 73
1
 93
4
 10
2100.4500000000003
 20
513.25
 10
2128.6000000000004
 20
513.25
 10
2128.6000000000004
 20
538.0
 10
2100.4500000000003
 20
538.0
 97
0
 75
1
 76
1
 98
0
  0
LWPOLYLINE
  5
6D85
330
17
100
AcDbEntity
  8
A-EQUIPO-FINO
100
AcDbPolyline
 90
4
 70
1
 10
2100.4500000000003
 20
513.25
 10
2128.6000000000004
 20
513.25
 10
2128.6000000000004
 20
538.0
 10
2100.4500000000003
 20
538.0
  0
HATCH
  5
6D86
330
17
100
AcDbEntity
  8
A-RELLENO
 62
7
420
16635562
100
AcDbHatch
 10
0.0
 20
0.0
 30
0.0
210
0.0
220
0.0
230
1.0
  2
SOLID
 70
1
 71
0
 91
1
 92
3
 72
0
 73
1
 93
4
 10
2128.6000000000004
 20
513.25
 10
2156.7500000000005
 20
513.25
 10
2156.7500000000005
 20
538.0
 10
2128.6000000000004
 20
538.0
 97
0
 75
1
 76
1
 98
0
  0
LWPOLYLINE
  5
6D87
330
17
100
AcDbEntity
  8
A-EQUIPO-FINO
100
AcDbPolyline
 90
4
 70
1
 10
2128.6000000000004
 20
513.25
 10
2156.7500000000005
 20
513.25
 10
2156.7500000000005
 20
538.0
 10
2128.6000000000004
 20
538.0
  0
HATCH
  5
6D88
330
17
100
AcDbEntity
  8
A-RELLENO
 62
7
420
16635562
100
AcDbHatch
 10
0.0
 20
0.0
 30
0.0
210
0.0
220
0.0
230
1.0
  2
SOLID
 70
1
 71
0
 91
1
 92
3
 72
0
 73
1
 93
4
 10
2016.0
 20
488.5
 10
2044.15
 20
488.5
 10
2044.15
 20
513.25
 10
2016.0
 20
513.25
 97
0
 75
1
 76
1
 98
0
  0
LWPOLYLINE
  5
6D89
330
17
100
AcDbEntity
  8
A-EQUIPO-FINO
100
AcDbPolyline
 90
4
 70
1
 10
2016.0
 20
488.5
 10
2044.15
 20
488.5
 10
2044.15
 20
513.25
 10
2016.0
 20
513.25
  0
HATCH
  5
6D8A
330
17
100
AcDbEntity
  8
A-RELLENO
 62
7
420
16635562
100
AcDbHatch
 10
0.0
 20
0.0
 30
0.0
210
0.0
220
0.0
230
1.0
  2
SOLID
 70
1
 71
0
 91
1
 92
3
 72
0
 73
1
 93
4
 10
2044.15
 20
488.5
 10
2072.3
 20
488.5
 10
2072.3
 20
513.25
 10
2044.15
 20
513.25
 97
0
 75
1
 76
1
 98
0
  0
LWPOLYLINE
  5
6D8B
330
17
100
AcDbEntity
  8
A-EQUIPO-FINO
100
AcDbPolyline
 90
4
 70
1
 10
2044.15
 20
488.5
 10
2072.3
 20
488.5
 10
2072.3
 20
513.25
 10
2044.15
 20
513.25
  0
HATCH
  5
6D8C
330
17
100
AcDbEntity
  8
A-RELLENO
 62
7
420
16635562
100
AcDbHatch
 10
0.0
 20
0.0
 30
0.0
210
0.0
220
0.0
230
1.0
  2
SOLID
 70
1
 71
0
 91
1
 92
3
 72
0
 73
1
 93
4
 10
2072.3
 20
488.5
 10
2100.4500000000003
 20
488.5
 10
2100.4500000000003
 20
513.25
 10
2072.3
 20
513.25
 97
0
 75
1
 76
1
 98
0
  0
LWPOLYLINE
  5
6D8D
330
17
100
AcDbEntity
  8
A-EQUIPO-FINO
100
AcDbPolyline
 90
4
 70
1
 10
2072.3
 20
488.5
 10
2100.4500000000003
 20
488.5
 10
2100.4500000000003
 20
513.25
 10
2072.3
 20
513.25
  0
HATCH
  5
6D8E
330
17
100
AcDbEntity
  8
A-RELLENO
 62
7
420
16635562
100
AcDbHatch
 10
0.0
 20
0.0
 30
0.0
210
0.0
220
0.0
230
1.0
  2
SOLID
 70
1
 71
0
 91
1
 92
3
 72
0
 73
1
 93
4
 10
2100.4500000000003
 20
488.5
 10
2128.6000000000004
 20
488.5
 10
2128.6000000000004
 20
513.25
 10
2100.4500000000003
 20
513.25
 97
0
 75
1
 76
1
 98
0
  0
LWPOLYLINE
  5
6D8F
330
17
100
AcDbEntity
  8
A-EQUIPO-FINO
100
AcDbPolyline
 90
4
 70
1
 10
2100.4500000000003
 20
488.5
 10
2128.6000000000004
 20
488.5
 10
2128.6000000000004
 20
513.25
 10
2100.4500000000003
 20
513.25
  0
HATCH
  5
6D90
330
17
100
AcDbEntity
  8
A-RELLENO
 62
7
420
16635562
100
AcDbHatch
 10
0.0
 20
0.0
 30
0.0
210
0.0
220
0.0
230
1.0
  2
SOLID
 70
1
 71
0
 91
1
 92
3
 72
0
 73
1
 93
4
 10
2128.6000000000004
 20
488.5
 10
2156.7500000000005
 20
488.5
 10
2156.7500000000005
 20
513.25
 10
2128.6000000000004
 20
513.25
 97
0
 75
1
 76
1
 98
0
  0
LWPOLYLINE
  5
6D91
330
17
100
AcDbEntity
  8
A-EQUIPO-FINO
100
AcDbPolyline
 90
4
 70
1
 10
2128.6000000000004
 20
488.5
 10
2156.7500000000005
 20
488.5
 10
2156.7500000000005
 20
513.25
 10
2128.6000000000004
 20
513.25
  0
HATCH
  5
6D92
330
17
100
AcDbEntity
  8
A-RELLENO
 62
7
420
16635562
100
AcDbHatch
 10
0.0
 20
0.0
 30
0.0
210
0.0
220
0.0
230
1.0
  2
SOLID
 70
1
 71
0
 91
1
 92
3
 72
0
 73
1
 93
4
 10
2016.0
 20
463.75
 10
2044.15
 20
463.75
 10
2044.15
 20
488.5
 10
2016.0
 20
488.5
 97
0
 75
1
 76
1
 98
0
  0
LWPOLYLINE
  5
6D93
330
17
100
AcDbEntity
  8
A-EQUIPO-FINO
100
AcDbPolyline
 90
4
 70
1
 10
2016.0
 20
463.75
 10
2044.15
 20
463.75
 10
2044.15
 20
488.5
 10
2016.0
 20
488.5
  0
HATCH
  5
6D94
330
17
100
AcDbEntity
  8
A-RELLENO
 62
7
420
16635562
100
AcDbHatch
 10
0.0
 20
0.0
 30
0.0
210
0.0
220
0.0
230
1.0
  2
SOLID
 70
1
 71
0
 91
1
 92
3
 72
0
 73
1
 93
4
 10
2044.15
 20
463.75
 10
2072.3
 20
463.75
 10
2072.3
 20
488.5
 10
2044.15
 20
488.5
 97
0
 75
1
 76
1
 98
0
  0
LWPOLYLINE
  5
6D95
330
17
100
AcDbEntity
  8
A-EQUIPO-FINO
100
AcDbPolyline
 90
4
 70
1
 10
2044.15
 20
463.75
 10
2072.3
 20
463.75
 10
2072.3
 20
488.5
 10
2044.15
 20
488.5
  0
HATCH
  5
6D96
330
17
100
AcDbEntity
  8
A-RELLENO
 62
7
420
16635562
100
AcDbHatch
 10
0.0
 20
0.0
 30
0.0
210
0.0
220
0.0
230
1.0
  2
SOLID
 70
1
 71
0
 91
1
 92
3
 72
0
 73
1
 93
4
 10
2072.3
 20
463.75
 10
2100.4500000000003
 20
463.75
 10
2100.4500000000003
 20
488.5
 10
2072.3
 20
488.5
 97
0
 75
1
 76
1
 98
0
  0
LWPOLYLINE
  5
6D97
330
17
100
AcDbEntity
  8
A-EQUIPO-FINO
100
AcDbPolyline
 90
4
 70
1
 10
2072.3
 20
463.75
 10
2100.4500000000003
 20
463.75
 10
2100.4500000000003
 20
488.5
 10
2072.3
 20
488.5
  0
HATCH
  5
6D98
330
17
100
AcDbEntity
  8
A-RELLENO
 62
7
420
16635562
100
AcDbHatch
 10
0.0
 20
0.0
 30
0.0
210
0.0
220
0.0
230
1.0
  2
SOLID
 70
1
 71
0
 91
1
 92
3
 72
0
 73
1
 93
4
 10
2100.4500000000003
 20
463.75
 10
2128.6000000000004
 20
463.75
 10
2128.6000000000004
 20
488.5
 10
2100.4500000000003
 20
488.5
 97
0
 75
1
 76
1
 98
0
  0
LWPOLYLINE
  5
6D99
330
17
100
AcDbEntity
  8
A-EQUIPO-FINO
100
AcDbPolyline
 90
4
 70
1
 10
2100.4500000000003
 20
463.75
 10
2128.6000000000004
 20
463.75
 10
2128.6000000000004
 20
488.5
 10
2100.4500000000003
 20
488.5
  0
HATCH
  5
6D9A
330
17
100
AcDbEntity
  8
A-RELLENO
 62
7
420
16635562
100
AcDbHatch
 10
0.0
 20
0.0
 30
0.0
210
0.0
220
0.0
230
1.0
  2
SOLID
 70
1
 71
0
 91
1
 92
3
 72
0
 73
1
 93
4
 10
2128.6000000000004
 20
463.75
 10
2156.7500000000005
 20
463.75
 10
2156.7500000000005
 20
488.5
 10
2128.6000000000004
 20
488.5
 97
0
 75
1
 76
1
 98
0
  0
LWPOLYLINE
  5
6D9B
330
17
100
AcDbEntity
  8
A-EQUIPO-FINO
100
AcDbPolyline
 90
4
 70
1
 10
2128.6000000000004
 20
463.75
 10
2156.7500000000005
 20
463.75
 10
2156.7500000000005
 20
488.5
 10
2128.6000000000004
 20
488.5
  0
HATCH
  5
6D9C
330
17
100
AcDbEntity
  8
A-RELLENO
 62
7
100
AcDbHatch
 10
0.0
 20
0.0
 30
0.0
210
0.0
220
0.0
230
1.0
  2
ANSI31
 70
0
 71
0
 91
1
 92
3
 72
0
 73
1
 93
4
 10
2016.0
 20
463.0
 10
2166.0
 20
463.0
 10
2166.0
 20
463.75
 10
2016.0
 20
463.75
 97
0
 75
1
 76
1
 52
45.0
 41
0.4
 77
0
 78
1
 53
90.0
 43
0.0
 44
0.0
 45
-1.27
 46
0.0
 79
0
 98
0
  0
HATCH
  5
6D9D
330
17
100
AcDbEntity
  8
A-RELLENO
 62
7
100
AcDbHatch
 10
0.0
 20
0.0
 30
0.0
210
0.0
220
0.0
230
1.0
  2
ANSI31
 70
0
 71
0
 91
1
 92
3
 72
0
 73
1
 93
4
 10
2156.75
 20
463.75
 10
2166.0
 20
463.75
 10
2166.0
 20
538.0
 10
2156.75
 20
538.0
 97
0
 75
1
 76
1
 52
45.0
 41
0.4
 77
0
 78
1
 53
90.0
 43
0.0
 44
0.0
 45
-1.27
 46
0.0
 79
0
 98
0
  0
TEXT
  5
6D9E
330
17
100
AcDbEntity
  8
A-TEXTO
100
AcDbText
 10
2016.0
 20
551.0
 30
0.0
 40
2.5
  1
Cuerpo 10 kg - hoja LAF 2,00 × 1500 × 3000
  7
ISO3098
 11
2016.0
 21
551.0
 31
0.0
100
AcDbText
 73
3
  0
DIMENSION
  5
6D9F
330
17
100
AcDbEntity
  8
A-COTA
100
AcDbDimension
280
0
  2
*D13
  3
FLAMA-IRAM
 10
2011.0
 20
538.0
 30
0.0
 11
2013.0
 21
525.625
 31
0.0
 70
32
 71
5
  1
<>
100
AcDbAlignedDimension
 13
2016.0
 23
538.0
 33
0.0
 14
2016.0
 24
513.25
 34
0.0
 50
90.0
100
AcDbRotatedDimension
1001
ACAD
1000
DSTYLE
1002
{
1070
144
1040
20.0
1070
140
1040
2.0
1070
41
1040
2.0
1070
271
1070
1
1002
}
  0
DIMENSION
  5
6DAE
330
17
100
AcDbEntity
  8
A-COTA
100
AcDbDimension
280
0
  2
*D14
  3
FLAMA-IRAM
 10
2016.0
 20
542.0
 30
0.0
 11
2030.075
 21
544.0
 31
0.0
 70
32
 71
5
  1
<>
100
AcDbAlignedDimension
 13
2016.0
 23
538.0
 33
0.0
 14
2044.15
 24
538.0
 34
0.0
 50
0.0
100
AcDbRotatedDimension
1001
ACAD
1000
DSTYLE
1002
{
1070
144
1040
20.0
1070
140
1040
2.0
1070
41
1040
2.0
1070
271
1070
1
1002
}
  0
DIMENSION
  5
6DBD
330
17
100
AcDbEntity
  8
A-COTA
100
AcDbDimension
280
0
  2
*D15
  3
FLAMA-IRAM
 10
2016.0
 20
458.0
 30
0.0
 11
2091.0
 21
460.0
 31
0.0
 70
32
 71
5
  1
<>
100
AcDbAlignedDimension
 13
2016.0
 23
463.0
 33
0.0
 14
2166.0
 24
463.0
 34
0.0
 50
0.0
100
AcDbRotatedDimension
1001
ACAD
1000
DSTYLE
1002
{
1070
144
1040
20.0
1070
140
1040
2.0
1070
41
1040
2.0
1070
271
1070
0
1002
}
  0
TEXT
  5
6DCC
330
17
100
AcDbEntity
  8
A-TEXTO
100
AcDbText
 10
2016.0
 20
451.0
 30
0.0
 40
2.1
  1
3 franja(s): 15 cuerpos por hoja; 18 cortes (1,20 por cuerpo)
  7
ISO3098
 11
2016.0
 21
451.0
 31
0.0
100
AcDbText
 73
3
  0
TEXT
  5
6DCD
330
17
100
AcDbEntity
  8
A-TEXTO
100
AcDbText
 10
2016.0
 20
447.745
 30
0.0
 40
2.1
  1
Aprovechamiento 92,9 %; hojas por año (2035): 257
  7
ISO3098
 11
2016.0
 21
447.745
 31
0.0
100
AcDbText
 73
3
  0
LWPOLYLINE
  5
6DCE
330
17
100
AcDbEntity
  8
A-EQUIPO
100
AcDbPolyline
 90
4
 70
1
 10
2210.0
 20
463.0
 10
2360.0
 20
463.0
 10
2360.0
 20
538.0
 10
2210.0
 20
538.0
  0
HATCH
  5
6DCF
330
17
100
AcDbEntity
  8
A-RELLENO
 62
7
420
16635562
100
AcDbHatch
 10
0.0
 20
0.0
 30
0.0
210
0.0
220
0.0
230
1.0
  2
SOLID
 70
1
 71
0
 91
1
 92
3
 72
0
 73
1
 93
4
 10
2210.0
 20
513.5
 10
2252.9
 20
513.5
 10
2252.9
 20
538.0
 10
2210.0
 20
538.0
 97
0
 75
1
 76
1
 98
0
  0
LWPOLYLINE
  5
6DD0
330
17
100
AcDbEntity
  8
A-EQUIPO-FINO
100
AcDbPolyline
 90
4
 70
1
 10
2210.0
 20
513.5
 10
2252.9
 20
513.5
 10
2252.9
 20
538.0
 10
2210.0
 20
538.0
  0
HATCH
  5
6DD1
330
17
100
AcDbEntity
  8
A-RELLENO
 62
7
420
16635562
100
AcDbHatch
 10
0.0
 20
0.0
 30
0.0
210
0.0
220
0.0
230
1.0
  2
SOLID
 70
1
 71
0
 91
1
 92
3
 72
0
 73
1
 93
4
 10
2252.9
 20
513.5
 10
2295.8
 20
513.5
 10
2295.8
 20
538.0
 10
2252.9
 20
538.0
 97
0
 75
1
 76
1
 98
0
  0
LWPOLYLINE
  5
6DD2
330
17
100
AcDbEntity
  8
A-EQUIPO-FINO
100
AcDbPolyline
 90
4
 70
1
 10
2252.9
 20
513.5
 10
2295.8
 20
513.5
 10
2295.8
 20
538.0
 10
2252.9
 20
538.0
  0
HATCH
  5
6DD3
330
17
100
AcDbEntity
  8
A-RELLENO
 62
7
420
16635562
100
AcDbHatch
 10
0.0
 20
0.0
 30
0.0
210
0.0
220
0.0
230
1.0
  2
SOLID
 70
1
 71
0
 91
1
 92
3
 72
0
 73
1
 93
4
 10
2295.8
 20
513.5
 10
2338.7000000000003
 20
513.5
 10
2338.7000000000003
 20
538.0
 10
2295.8
 20
538.0
 97
0
 75
1
 76
1
 98
0
  0
LWPOLYLINE
  5
6DD4
330
17
100
AcDbEntity
  8
A-EQUIPO-FINO
100
AcDbPolyline
 90
4
 70
1
 10
2295.8
 20
513.5
 10
2338.7000000000003
 20
513.5
 10
2338.7000000000003
 20
538.0
 10
2295.8
 20
538.0
  0
HATCH
  5
6DD5
330
17
100
AcDbEntity
  8
A-RELLENO
 62
7
420
16635562
100
AcDbHatch
 10
0.0
 20
0.0
 30
0.0
210
0.0
220
0.0
230
1.0
  2
SOLID
 70
1
 71
0
 91
1
 92
3
 72
0
 73
1
 93
4
 10
2210.0
 20
489.0
 10
2252.9
 20
489.0
 10
2252.9
 20
513.5
 10
2210.0
 20
513.5
 97
0
 75
1
 76
1
 98
0
  0
LWPOLYLINE
  5
6DD6
330
17
100
AcDbEntity
  8
A-EQUIPO-FINO
100
AcDbPolyline
 90
4
 70
1
 10
2210.0
 20
489.0
 10
2252.9
 20
489.0
 10
2252.9
 20
513.5
 10
2210.0
 20
513.5
  0
HATCH
  5
6DD7
330
17
100
AcDbEntity
  8
A-RELLENO
 62
7
420
16635562
100
AcDbHatch
 10
0.0
 20
0.0
 30
0.0
210
0.0
220
0.0
230
1.0
  2
SOLID
 70
1
 71
0
 91
1
 92
3
 72
0
 73
1
 93
4
 10
2252.9
 20
489.0
 10
2295.8
 20
489.0
 10
2295.8
 20
513.5
 10
2252.9
 20
513.5
 97
0
 75
1
 76
1
 98
0
  0
LWPOLYLINE
  5
6DD8
330
17
100
AcDbEntity
  8
A-EQUIPO-FINO
100
AcDbPolyline
 90
4
 70
1
 10
2252.9
 20
489.0
 10
2295.8
 20
489.0
 10
2295.8
 20
513.5
 10
2252.9
 20
513.5
  0
HATCH
  5
6DD9
330
17
100
AcDbEntity
  8
A-RELLENO
 62
7
420
16635562
100
AcDbHatch
 10
0.0
 20
0.0
 30
0.0
210
0.0
220
0.0
230
1.0
  2
SOLID
 70
1
 71
0
 91
1
 92
3
 72
0
 73
1
 93
4
 10
2295.8
 20
489.0
 10
2338.7000000000003
 20
489.0
 10
2338.7000000000003
 20
513.5
 10
2295.8
 20
513.5
 97
0
 75
1
 76
1
 98
0
  0
LWPOLYLINE
  5
6DDA
330
17
100
AcDbEntity
  8
A-EQUIPO-FINO
100
AcDbPolyline
 90
4
 70
1
 10
2295.8
 20
489.0
 10
2338.7000000000003
 20
489.0
 10
2338.7000000000003
 20
513.5
 10
2295.8
 20
513.5
  0
HATCH
  5
6DDB
330
17
100
AcDbEntity
  8
A-RELLENO
 62
7
420
16635562
100
AcDbHatch
 10
0.0
 20
0.0
 30
0.0
210
0.0
220
0.0
230
1.0
  2
SOLID
 70
1
 71
0
 91
1
 92
3
 72
0
 73
1
 93
4
 10
2210.0
 20
464.5
 10
2252.9
 20
464.5
 10
2252.9
 20
489.0
 10
2210.0
 20
489.0
 97
0
 75
1
 76
1
 98
0
  0
LWPOLYLINE
  5
6DDC
330
17
100
AcDbEntity
  8
A-EQUIPO-FINO
100
AcDbPolyline
 90
4
 70
1
 10
2210.0
 20
464.5
 10
2252.9
 20
464.5
 10
2252.9
 20
489.0
 10
2210.0
 20
489.0
  0
HATCH
  5
6DDD
330
17
100
AcDbEntity
  8
A-RELLENO
 62
7
420
16635562
100
AcDbHatch
 10
0.0
 20
0.0
 30
0.0
210
0.0
220
0.0
230
1.0
  2
SOLID
 70
1
 71
0
 91
1
 92
3
 72
0
 73
1
 93
4
 10
2252.9
 20
464.5
 10
2295.8
 20
464.5
 10
2295.8
 20
489.0
 10
2252.9
 20
489.0
 97
0
 75
1
 76
1
 98
0
  0
LWPOLYLINE
  5
6DDE
330
17
100
AcDbEntity
  8
A-EQUIPO-FINO
100
AcDbPolyline
 90
4
 70
1
 10
2252.9
 20
464.5
 10
2295.8
 20
464.5
 10
2295.8
 20
489.0
 10
2252.9
 20
489.0
  0
HATCH
  5
6DDF
330
17
100
AcDbEntity
  8
A-RELLENO
 62
7
420
16635562
100
AcDbHatch
 10
0.0
 20
0.0
 30
0.0
210
0.0
220
0.0
230
1.0
  2
SOLID
 70
1
 71
0
 91
1
 92
3
 72
0
 73
1
 93
4
 10
2295.8
 20
464.5
 10
2338.7000000000003
 20
464.5
 10
2338.7000000000003
 20
489.0
 10
2295.8
 20
489.0
 97
0
 75
1
 76
1
 98
0
  0
LWPOLYLINE
  5
6DE0
330
17
100
AcDbEntity
  8
A-EQUIPO-FINO
100
AcDbPolyline
 90
4
 70
1
 10
2295.8
 20
464.5
 10
2338.7000000000003
 20
464.5
 10
2338.7000000000003
 20
489.0
 10
2295.8
 20
489.0
  0
HATCH
  5
6DE1
330
17
100
AcDbEntity
  8
A-RELLENO
 62
7
100
AcDbHatch
 10
0.0
 20
0.0
 30
0.0
210
0.0
220
0.0
230
1.0
  2
ANSI31
 70
0
 71
0
 91
1
 92
3
 72
0
 73
1
 93
4
 10
2210.0
 20
463.0
 10
2360.0
 20
463.0
 10
2360.0
 20
464.5
 10
2210.0
 20
464.5
 97
0
 75
1
 76
1
 52
45.0
 41
0.4
 77
0
 78
1
 53
90.0
 43
0.0
 44
0.0
 45
-1.27
 46
0.0
 79
0
 98
0
  0
HATCH
  5
6DE2
330
17
100
AcDbEntity
  8
A-RELLENO
 62
7
100
AcDbHatch
 10
0.0
 20
0.0
 30
0.0
210
0.0
220
0.0
230
1.0
  2
ANSI31
 70
0
 71
0
 91
1
 92
3
 72
0
 73
1
 93
4
 10
2338.7
 20
464.5
 10
2360.0
 20
464.5
 10
2360.0
 20
538.0
 10
2338.7
 20
538.0
 97
0
 75
1
 76
1
 52
45.0
 41
0.4
 77
0
 78
1
 53
90.0
 43
0.0
 44
0.0
 45
-1.27
 46
0.0
 79
0
 98
0
  0
TEXT
  5
6DE3
330
17
100
AcDbEntity
  8
A-TEXTO
100
AcDbText
 10
2210.0
 20
551.0
 30
0.0
 40
2.5
  1
Cuerpo 25 kg - hoja LAC 3,20 × 1500 × 3000
  7
ISO3098
 11
2210.0
 21
551.0
 31
0.0
100
AcDbText
 73
3
  0
DIMENSION
  5
6DE4
330
17
100
AcDbEntity
  8
A-COTA
100
AcDbDimension
280
0
  2
*D16
  3
FLAMA-IRAM
 10
2205.0
 20
538.0
 30
0.0
 11
2207.0
 21
525.75
 31
0.0
 70
32
 71
5
  1
<>
100
AcDbAlignedDimension
 13
2210.0
 23
538.0
 33
0.0
 14
2210.0
 24
513.5
 34
0.0
 50
90.0
100
AcDbRotatedDimension
1001
ACAD
1000
DSTYLE
1002
{
1070
144
1040
20.0
1070
140
1040
2.0
1070
41
1040
2.0
1070
271
1070
1
1002
}
  0
DIMENSION
  5
6DF3
330
17
100
AcDbEntity
  8
A-COTA
100
AcDbDimension
280
0
  2
*D17
  3
FLAMA-IRAM
 10
2210.0
 20
542.0
 30
0.0
 11
2231.45
 21
544.0
 31
0.0
 70
32
 71
5
  1
<>
100
AcDbAlignedDimension
 13
2210.0
 23
538.0
 33
0.0
 14
2252.9
 24
538.0
 34
0.0
 50
0.0
100
AcDbRotatedDimension
1001
ACAD
1000
DSTYLE
1002
{
1070
144
1040
20.0
1070
140
1040
2.0
1070
41
1040
2.0
1070
271
1070
1
1002
}
  0
DIMENSION
  5
6E02
330
17
100
AcDbEntity
  8
A-COTA
100
AcDbDimension
280
0
  2
*D18
  3
FLAMA-IRAM
 10
2210.0
 20
458.0
 30
0.0
 11
2285.0
 21
460.0
 31
0.0
 70
32
 71
5
  1
<>
100
AcDbAlignedDimension
 13
2210.0
 23
463.0
 33
0.0
 14
2360.0
 24
463.0
 34
0.0
 50
0.0
100
AcDbRotatedDimension
1001
ACAD
1000
DSTYLE
1002
{
1070
144
1040
20.0
1070
140
1040
2.0
1070
41
1040
2.0
1070
271
1070
0
1002
}
  0
TEXT
  5
6E11
330
17
100
AcDbEntity
  8
A-TEXTO
100
AcDbText
 10
2210.0
 20
451.0
 30
0.0
 40
2.1
  1
3 franja(s): 9 cuerpos por hoja; 12 cortes (1,33 por cuerpo)
  7
ISO3098
 11
2210.0
 21
451.0
 31
0.0
100
AcDbText
 73
3
  0
TEXT
  5
6E12
330
17
100
AcDbEntity
  8
A-TEXTO
100
AcDbText
 10
2210.0
 20
447.745
 30
0.0
 40
2.1
  1
Aprovechamiento 84,1 %; hojas por año (2035): 86
  7
ISO3098
 11
2210.0
 21
447.745
 31
0.0
100
AcDbText
 73
3
  0
LWPOLYLINE
  5
6E13
330
17
100
AcDbEntity
  8
A-EQUIPO
100
AcDbPolyline
 90
4
 70
1
 10
1628.0
 20
345.0
 10
1778.0
 20
345.0
 10
1778.0
 20
420.0
 10
1628.0
 20
420.0
  0
HATCH
  5
6E14
330
17
100
AcDbEntity
  8
A-RELLENO
 62
7
420
16635562
100
AcDbHatch
 10
0.0
 20
0.0
 30
0.0
210
0.0
220
0.0
230
1.0
  2
SOLID
 70
1
 71
0
 91
1
 92
3
 72
0
 73
1
 93
4
 10
1628.0
 20
388.0
 10
1677.7
 20
388.0
 10
1677.7
 20
420.0
 10
1628.0
 20
420.0
 97
0
 75
1
 76
1
 98
0
  0
LWPOLYLINE
  5
6E15
330
17
100
AcDbEntity
  8
A-EQUIPO-FINO
100
AcDbPolyline
 90
4
 70
1
 10
1628.0
 20
388.0
 10
1677.7
 20
388.0
 10
1677.7
 20
420.0
 10
1628.0
 20
420.0
  0
HATCH
  5
6E16
330
17
100
AcDbEntity
  8
A-RELLENO
 62
7
420
16635562
100
AcDbHatch
 10
0.0
 20
0.0
 30
0.0
210
0.0
220
0.0
230
1.0
  2
SOLID
 70
1
 71
0
 91
1
 92
3
 72
0
 73
1
 93
4
 10
1677.7
 20
388.0
 10
1727.4
 20
388.0
 10
1727.4
 20
420.0
 10
1677.7
 20
420.0
 97
0
 75
1
 76
1
 98
0
  0
LWPOLYLINE
  5
6E17
330
17
100
AcDbEntity
  8
A-EQUIPO-FINO
100
AcDbPolyline
 90
4
 70
1
 10
1677.7
 20
388.0
 10
1727.4
 20
388.0
 10
1727.4
 20
420.0
 10
1677.7
 20
420.0
  0
HATCH
  5
6E18
330
17
100
AcDbEntity
  8
A-RELLENO
 62
7
420
16635562
100
AcDbHatch
 10
0.0
 20
0.0
 30
0.0
210
0.0
220
0.0
230
1.0
  2
SOLID
 70
1
 71
0
 91
1
 92
3
 72
0
 73
1
 93
4
 10
1727.4
 20
388.0
 10
1777.1000000000001
 20
388.0
 10
1777.1000000000001
 20
420.0
 10
1727.4
 20
420.0
 97
0
 75
1
 76
1
 98
0
  0
LWPOLYLINE
  5
6E19
330
17
100
AcDbEntity
  8
A-EQUIPO-FINO
100
AcDbPolyline
 90
4
 70
1
 10
1727.4
 20
388.0
 10
1777.1000000000001
 20
388.0
 10
1777.1000000000001
 20
420.0
 10
1727.4
 20
420.0
  0
HATCH
  5
6E1A
330
17
100
AcDbEntity
  8
A-RELLENO
 62
7
420
16635562
100
AcDbHatch
 10
0.0
 20
0.0
 30
0.0
210
0.0
220
0.0
230
1.0
  2
SOLID
 70
1
 71
0
 91
1
 92
3
 72
0
 73
1
 93
4
 10
1628.0
 20
356.0
 10
1677.7
 20
356.0
 10
1677.7
 20
388.0
 10
1628.0
 20
388.0
 97
0
 75
1
 76
1
 98
0
  0
LWPOLYLINE
  5
6E1B
330
17
100
AcDbEntity
  8
A-EQUIPO-FINO
100
AcDbPolyline
 90
4
 70
1
 10
1628.0
 20
356.0
 10
1677.7
 20
356.0
 10
1677.7
 20
388.0
 10
1628.0
 20
388.0
  0
HATCH
  5
6E1C
330
17
100
AcDbEntity
  8
A-RELLENO
 62
7
420
16635562
100
AcDbHatch
 10
0.0
 20
0.0
 30
0.0
210
0.0
220
0.0
230
1.0
  2
SOLID
 70
1
 71
0
 91
1
 92
3
 72
0
 73
1
 93
4
 10
1677.7
 20
356.0
 10
1727.4
 20
356.0
 10
1727.4
 20
388.0
 10
1677.7
 20
388.0
 97
0
 75
1
 76
1
 98
0
  0
LWPOLYLINE
  5
6E1D
330
17
100
AcDbEntity
  8
A-EQUIPO-FINO
100
AcDbPolyline
 90
4
 70
1
 10
1677.7
 20
356.0
 10
1727.4
 20
356.0
 10
1727.4
 20
388.0
 10
1677.7
 20
388.0
  0
HATCH
  5
6E1E
330
17
100
AcDbEntity
  8
A-RELLENO
 62
7
420
16635562
100
AcDbHatch
 10
0.0
 20
0.0
 30
0.0
210
0.0
220
0.0
230
1.0
  2
SOLID
 70
1
 71
0
 91
1
 92
3
 72
0
 73
1
 93
4
 10
1727.4
 20
356.0
 10
1777.1000000000001
 20
356.0
 10
1777.1000000000001
 20
388.0
 10
1727.4
 20
388.0
 97
0
 75
1
 76
1
 98
0
  0
LWPOLYLINE
  5
6E1F
330
17
100
AcDbEntity
  8
A-EQUIPO-FINO
100
AcDbPolyline
 90
4
 70
1
 10
1727.4
 20
356.0
 10
1777.1000000000001
 20
356.0
 10
1777.1000000000001
 20
388.0
 10
1727.4
 20
388.0
  0
HATCH
  5
6E20
330
17
100
AcDbEntity
  8
A-RELLENO
 62
7
100
AcDbHatch
 10
0.0
 20
0.0
 30
0.0
210
0.0
220
0.0
230
1.0
  2
ANSI31
 70
0
 71
0
 91
1
 92
3
 72
0
 73
1
 93
4
 10
1628.0
 20
345.0
 10
1778.0
 20
345.0
 10
1778.0
 20
356.0
 10
1628.0
 20
356.0
 97
0
 75
1
 76
1
 52
45.0
 41
0.4
 77
0
 78
1
 53
90.0
 43
0.0
 44
0.0
 45
-1.27
 46
0.0
 79
0
 98
0
  0
HATCH
  5
6E21
330
17
100
AcDbEntity
  8
A-RELLENO
 62
7
100
AcDbHatch
 10
0.0
 20
0.0
 30
0.0
210
0.0
220
0.0
230
1.0
  2
ANSI31
 70
0
 71
0
 91
1
 92
3
 72
0
 73
1
 93
4
 10
1777.1
 20
356.0
 10
1778.0
 20
356.0
 10
1778.0
 20
420.0
 10
1777.1
 20
420.0
 97
0
 75
1
 76
1
 52
45.0
 41
0.4
 77
0
 78
1
 53
90.0
 43
0.0
 44
0.0
 45
-1.27
 46
0.0
 79
0
 98
0
  0
TEXT
  5
6E22
330
17
100
AcDbEntity
  8
A-TEXTO
100
AcDbText
 10
1628.0
 20
433.0
 30
0.0
 40
2.5
  1
Cuerpo 50 kg - hoja LAC 3,20 × 1500 × 3000
  7
ISO3098
 11
1628.0
 21
433.0
 31
0.0
100
AcDbText
 73
3
  0
DIMENSION
  5
6E23
330
17
100
AcDbEntity
  8
A-COTA
100
AcDbDimension
280
0
  2
*D19
  3
FLAMA-IRAM
 10
1623.0
 20
420.0
 30
0.0
 11
1625.0
 21
404.0
 31
0.0
 70
32
 71
5
  1
<>
100
AcDbAlignedDimension
 13
1628.0
 23
420.0
 33
0.0
 14
1628.0
 24
388.0
 34
0.0
 50
90.0
100
AcDbRotatedDimension
1001
ACAD
1000
DSTYLE
1002
{
1070
144
1040
20.0
1070
140
1040
2.0
1070
41
1040
2.0
1070
271
1070
1
1002
}
  0
DIMENSION
  5
6E32
330
17
100
AcDbEntity
  8
A-COTA
100
AcDbDimension
280
0
  2
*D20
  3
FLAMA-IRAM
 10
1628.0
 20
424.0
 30
0.0
 11
1652.85
 21
426.0
 31
0.0
 70
32
 71
5
  1
<>
100
AcDbAlignedDimension
 13
1628.0
 23
420.0
 33
0.0
 14
1677.7
 24
420.0
 34
0.0
 50
0.0
100
AcDbRotatedDimension
1001
ACAD
1000
DSTYLE
1002
{
1070
144
1040
20.0
1070
140
1040
2.0
1070
41
1040
2.0
1070
271
1070
1
1002
}
  0
DIMENSION
  5
6E41
330
17
100
AcDbEntity
  8
A-COTA
100
AcDbDimension
280
0
  2
*D21
  3
FLAMA-IRAM
 10
1628.0
 20
340.0
 30
0.0
 11
1703.0
 21
342.0
 31
0.0
 70
32
 71
5
  1
<>
100
AcDbAlignedDimension
 13
1628.0
 23
345.0
 33
0.0
 14
1778.0
 24
345.0
 34
0.0
 50
0.0
100
AcDbRotatedDimension
1001
ACAD
1000
DSTYLE
1002
{
1070
144
1040
20.0
1070
140
1040
2.0
1070
41
1040
2.0
1070
271
1070
0
1002
}
  0
TEXT
  5
6E50
330
17
100
AcDbEntity
  8
A-TEXTO
100
AcDbText
 10
1628.0
 20
333.0
 30
0.0
 40
2.1
  1
2 franja(s): 6 cuerpos por hoja; 8 cortes (1,33 por cuerpo)
  7
ISO3098
 11
1628.0
 21
333.0
 31
0.0
100
AcDbText
 73
3
  0
TEXT
  5
6E51
330
17
100
AcDbEntity
  8
A-TEXTO
100
AcDbText
 10
1628.0
 20
329.745
 30
0.0
 40
2.1
  1
Aprovechamiento 84,8 %; hojas por año (2035): 284
  7
ISO3098
 11
1628.0
 21
329.745
 31
0.0
100
AcDbText
 73
3
  0
LWPOLYLINE
  5
6E52
330
17
100
AcDbEntity
  8
A-EQUIPO
100
AcDbPolyline
 90
4
 70
1
 10
1822.0
 20
345.0
 10
1972.0
 20
345.0
 10
1972.0
 20
420.0
 10
1822.0
 20
420.0
  0
HATCH
  5
6E53
330
17
100
AcDbEntity
  8
A-RELLENO
 62
7
420
16635562
100
AcDbHatch
 10
0.0
 20
0.0
 30
0.0
210
0.0
220
0.0
230
1.0
  2
SOLID
 70
1
 71
0
 91
1
 92
3
 72
0
 73
1
 93
4
 10
1822.0
 20
386.0
 10
1882.6
 20
386.0
 10
1882.6
 20
420.0
 10
1822.0
 20
420.0
 97
0
 75
1
 76
1
 98
0
  0
LWPOLYLINE
  5
6E54
330
17
100
AcDbEntity
  8
A-EQUIPO-FINO
100
AcDbPolyline
 90
4
 70
1
 10
1822.0
 20
386.0
 10
1882.6
 20
386.0
 10
1882.6
 20
420.0
 10
1822.0
 20
420.0
  0
HATCH
  5
6E55
330
17
100
AcDbEntity
  8
A-RELLENO
 62
7
420
16635562
100
AcDbHatch
 10
0.0
 20
0.0
 30
0.0
210
0.0
220
0.0
230
1.0
  2
SOLID
 70
1
 71
0
 91
1
 92
3
 72
0
 73
1
 93
4
 10
1882.6
 20
386.0
 10
1943.1999999999998
 20
386.0
 10
1943.1999999999998
 20
420.0
 10
1882.6
 20
420.0
 97
0
 75
1
 76
1
 98
0
  0
LWPOLYLINE
  5
6E56
330
17
100
AcDbEntity
  8
A-EQUIPO-FINO
100
AcDbPolyline
 90
4
 70
1
 10
1882.6
 20
386.0
 10
1943.1999999999998
 20
386.0
 10
1943.1999999999998
 20
420.0
 10
1882.6
 20
420.0
  0
HATCH
  5
6E57
330
17
100
AcDbEntity
  8
A-RELLENO
 62
7
420
16635562
100
AcDbHatch
 10
0.0
 20
0.0
 30
0.0
210
0.0
220
0.0
230
1.0
  2
SOLID
 70
1
 71
0
 91
1
 92
3
 72
0
 73
1
 93
4
 10
1822.0
 20
352.0
 10
1882.6
 20
352.0
 10
1882.6
 20
386.0
 10
1822.0
 20
386.0
 97
0
 75
1
 76
1
 98
0
  0
LWPOLYLINE
  5
6E58
330
17
100
AcDbEntity
  8
A-EQUIPO-FINO
100
AcDbPolyline
 90
4
 70
1
 10
1822.0
 20
352.0
 10
1882.6
 20
352.0
 10
1882.6
 20
386.0
 10
1822.0
 20
386.0
  0
HATCH
  5
6E59
330
17
100
AcDbEntity
  8
A-RELLENO
 62
7
420
16635562
100
AcDbHatch
 10
0.0
 20
0.0
 30
0.0
210
0.0
220
0.0
230
1.0
  2
SOLID
 70
1
 71
0
 91
1
 92
3
 72
0
 73
1
 93
4
 10
1882.6
 20
352.0
 10
1943.1999999999998
 20
352.0
 10
1943.1999999999998
 20
386.0
 10
1882.6
 20
386.0
 97
0
 75
1
 76
1
 98
0
  0
LWPOLYLINE
  5
6E5A
330
17
100
AcDbEntity
  8
A-EQUIPO-FINO
100
AcDbPolyline
 90
4
 70
1
 10
1882.6
 20
352.0
 10
1943.1999999999998
 20
352.0
 10
1943.1999999999998
 20
386.0
 10
1882.6
 20
386.0
  0
HATCH
  5
6E5B
330
17
100
AcDbEntity
  8
A-RELLENO
 62
7
100
AcDbHatch
 10
0.0
 20
0.0
 30
0.0
210
0.0
220
0.0
230
1.0
  2
ANSI31
 70
0
 71
0
 91
1
 92
3
 72
0
 73
1
 93
4
 10
1822.0
 20
345.0
 10
1972.0
 20
345.0
 10
1972.0
 20
352.0
 10
1822.0
 20
352.0
 97
0
 75
1
 76
1
 52
45.0
 41
0.4
 77
0
 78
1
 53
90.0
 43
0.0
 44
0.0
 45
-1.27
 46
0.0
 79
0
 98
0
  0
HATCH
  5
6E5C
330
17
100
AcDbEntity
  8
A-RELLENO
 62
7
100
AcDbHatch
 10
0.0
 20
0.0
 30
0.0
210
0.0
220
0.0
230
1.0
  2
ANSI31
 70
0
 71
0
 91
1
 92
3
 72
0
 73
1
 93
4
 10
1943.2
 20
352.0
 10
1972.0
 20
352.0
 10
1972.0
 20
420.0
 10
1943.2
 20
420.0
 97
0
 75
1
 76
1
 52
45.0
 41
0.4
 77
0
 78
1
 53
90.0
 43
0.0
 44
0.0
 45
-1.27
 46
0.0
 79
0
 98
0
  0
TEXT
  5
6E5D
330
17
100
AcDbEntity
  8
A-TEXTO
100
AcDbText
 10
1822.0
 20
433.0
 30
0.0
 40
2.5
  1
Cuerpo 70 kg - hoja LAC 4,75 × 1500 × 3000
  7
ISO3098
 11
1822.0
 21
433.0
 31
0.0
100
AcDbText
 73
3
  0
DIMENSION
  5
6E5E
330
17
100
AcDbEntity
  8
A-COTA
100
AcDbDimension
280
0
  2
*D22
  3
FLAMA-IRAM
 10
1817.0
 20
420.0
 30
0.0
 11
1819.0
 21
403.0
 31
0.0
 70
32
 71
5
  1
<>
100
AcDbAlignedDimension
 13
1822.0
 23
420.0
 33
0.0
 14
1822.0
 24
386.0
 34
0.0
 50
90.0
100
AcDbRotatedDimension
1001
ACAD
1000
DSTYLE
1002
{
1070
144
1040
20.0
1070
140
1040
2.0
1070
41
1040
2.0
1070
271
1070
1
1002
}
  0
DIMENSION
  5
6E6D
330
17
100
AcDbEntity
  8
A-COTA
100
AcDbDimension
280
0
  2
*D23
  3
FLAMA-IRAM
 10
1822.0
 20
424.0
 30
0.0
 11
1852.3
 21
426.0
 31
0.0
 70
32
 71
5
  1
<>
100
AcDbAlignedDimension
 13
1822.0
 23
420.0
 33
0.0
 14
1882.6
 24
420.0
 34
0.0
 50
0.0
100
AcDbRotatedDimension
1001
ACAD
1000
DSTYLE
1002
{
1070
144
1040
20.0
1070
140
1040
2.0
1070
41
1040
2.0
1070
271
1070
1
1002
}
  0
DIMENSION
  5
6E7C
330
17
100
AcDbEntity
  8
A-COTA
100
AcDbDimension
280
0
  2
*D24
  3
FLAMA-IRAM
 10
1822.0
 20
340.0
 30
0.0
 11
1897.0
 21
342.0
 31
0.0
 70
32
 71
5
  1
<>
100
AcDbAlignedDimension
 13
1822.0
 23
345.0
 33
0.0
 14
1972.0
 24
345.0
 34
0.0
 50
0.0
100
AcDbRotatedDimension
1001
ACAD
1000
DSTYLE
1002
{
1070
144
1040
20.0
1070
140
1040
2.0
1070
41
1040
2.0
1070
271
1070
0
1002
}
  0
TEXT
  5
6E8B
330
17
100
AcDbEntity
  8
A-TEXTO
100
AcDbText
 10
1822.0
 20
333.0
 30
0.0
 40
2.1
  1
2 franja(s): 4 cuerpos por hoja; 6 cortes (1,50 por cuerpo)
  7
ISO3098
 11
1822.0
 21
333.0
 31
0.0
100
AcDbText
 73
3
  0
TEXT
  5
6E8C
330
17
100
AcDbEntity
  8
A-TEXTO
100
AcDbText
 10
1822.0
 20
329.745
 30
0.0
 40
2.1
  1
Aprovechamiento 73,3 %; hojas por año (2035): en hoja mixta
  7
ISO3098
 11
1822.0
 21
329.745
 31
0.0
100
AcDbText
 73
3
  0
LWPOLYLINE
  5
6E8D
330
17
100
AcDbEntity
  8
A-EQUIPO
100
AcDbPolyline
 90
4
 70
1
 10
2016.0
 20
345.0
 10
2166.0
 20
345.0
 10
2166.0
 20
420.0
 10
2016.0
 20
420.0
  0
HATCH
  5
6E8E
330
17
100
AcDbEntity
  8
A-RELLENO
 62
7
420
16635562
100
AcDbHatch
 10
0.0
 20
0.0
 30
0.0
210
0.0
220
0.0
230
1.0
  2
SOLID
 70
1
 71
0
 91
1
 92
3
 72
0
 73
1
 93
4
 10
2016.0
 20
359.4
 10
2061.0
 20
359.4
 10
2061.0
 20
420.0
 10
2016.0
 20
420.0
 97
0
 75
1
 76
1
 98
0
  0
LWPOLYLINE
  5
6E8F
330
17
100
AcDbEntity
  8
A-EQUIPO-FINO
100
AcDbPolyline
 90
4
 70
1
 10
2016.0
 20
359.4
 10
2061.0
 20
359.4
 10
2061.0
 20
420.0
 10
2016.0
 20
420.0
  0
HATCH
  5
6E90
330
17
100
AcDbEntity
  8
A-RELLENO
 62
7
420
16635562
100
AcDbHatch
 10
0.0
 20
0.0
 30
0.0
210
0.0
220
0.0
230
1.0
  2
SOLID
 70
1
 71
0
 91
1
 92
3
 72
0
 73
1
 93
4
 10
2061.0
 20
359.4
 10
2106.0
 20
359.4
 10
2106.0
 20
420.0
 10
2061.0
 20
420.0
 97
0
 75
1
 76
1
 98
0
  0
LWPOLYLINE
  5
6E91
330
17
100
AcDbEntity
  8
A-EQUIPO-FINO
100
AcDbPolyline
 90
4
 70
1
 10
2061.0
 20
359.4
 10
2106.0
 20
359.4
 10
2106.0
 20
420.0
 10
2061.0
 20
420.0
  0
HATCH
  5
6E92
330
17
100
AcDbEntity
  8
A-RELLENO
 62
7
420
16635562
100
AcDbHatch
 10
0.0
 20
0.0
 30
0.0
210
0.0
220
0.0
230
1.0
  2
SOLID
 70
1
 71
0
 91
1
 92
3
 72
0
 73
1
 93
4
 10
2106.0
 20
359.4
 10
2151.0
 20
359.4
 10
2151.0
 20
420.0
 10
2106.0
 20
420.0
 97
0
 75
1
 76
1
 98
0
  0
LWPOLYLINE
  5
6E93
330
17
100
AcDbEntity
  8
A-EQUIPO-FINO
100
AcDbPolyline
 90
4
 70
1
 10
2106.0
 20
359.4
 10
2151.0
 20
359.4
 10
2151.0
 20
420.0
 10
2106.0
 20
420.0
  0
HATCH
  5
6E94
330
17
100
AcDbEntity
  8
A-RELLENO
 62
7
100
AcDbHatch
 10
0.0
 20
0.0
 30
0.0
210
0.0
220
0.0
230
1.0
  2
ANSI31
 70
0
 71
0
 91
1
 92
3
 72
0
 73
1
 93
4
 10
2016.0
 20
345.0
 10
2166.0
 20
345.0
 10
2166.0
 20
359.4
 10
2016.0
 20
359.4
 97
0
 75
1
 76
1
 52
45.0
 41
0.4
 77
0
 78
1
 53
90.0
 43
0.0
 44
0.0
 45
-1.27
 46
0.0
 79
0
 98
0
  0
HATCH
  5
6E95
330
17
100
AcDbEntity
  8
A-RELLENO
 62
7
100
AcDbHatch
 10
0.0
 20
0.0
 30
0.0
210
0.0
220
0.0
230
1.0
  2
ANSI31
 70
0
 71
0
 91
1
 92
3
 72
0
 73
1
 93
4
 10
2151.0
 20
359.4
 10
2166.0
 20
359.4
 10
2166.0
 20
420.0
 10
2151.0
 20
420.0
 97
0
 75
1
 76
1
 52
45.0
 41
0.4
 77
0
 78
1
 53
90.0
 43
0.0
 44
0.0
 45
-1.27
 46
0.0
 79
0
 98
0
  0
TEXT
  5
6E96
330
17
100
AcDbEntity
  8
A-TEXTO
100
AcDbText
 10
2016.0
 20
433.0
 30
0.0
 40
2.5
  1
Cuerpo 100 kg - hoja LAC 4,75 × 1500 × 3000
  7
ISO3098
 11
2016.0
 21
433.0
 31
0.0
100
AcDbText
 73
3
  0
DIMENSION
  5
6E97
330
17
100
AcDbEntity
  8
A-COTA
100
AcDbDimension
280
0
  2
*D25
  3
FLAMA-IRAM
 10
2011.0
 20
420.0
 30
0.0
 11
2013.0
 21
389.7
 31
0.0
 70
32
 71
5
  1
<>
100
AcDbAlignedDimension
 13
2016.0
 23
420.0
 33
0.0
 14
2016.0
 24
359.4
 34
0.0
 50
90.0
100
AcDbRotatedDimension
1001
ACAD
1000
DSTYLE
1002
{
1070
144
1040
20.0
1070
140
1040
2.0
1070
41
1040
2.0
1070
271
1070
1
1002
}
  0
DIMENSION
  5
6EA6
330
17
100
AcDbEntity
  8
A-COTA
100
AcDbDimension
280
0
  2
*D26
  3
FLAMA-IRAM
 10
2016.0
 20
424.0
 30
0.0
 11
2038.5
 21
426.0
 31
0.0
 70
32
 71
5
  1
<>
100
AcDbAlignedDimension
 13
2016.0
 23
420.0
 33
0.0
 14
2061.0
 24
420.0
 34
0.0
 50
0.0
100
AcDbRotatedDimension
1001
ACAD
1000
DSTYLE
1002
{
1070
144
1040
20.0
1070
140
1040
2.0
1070
41
1040
2.0
1070
271
1070
1
1002
}
  0
DIMENSION
  5
6EB5
330
17
100
AcDbEntity
  8
A-COTA
100
AcDbDimension
280
0
  2
*D27
  3
FLAMA-IRAM
 10
2016.0
 20
340.0
 30
0.0
 11
2091.0
 21
342.0
 31
0.0
 70
32
 71
5
  1
<>
100
AcDbAlignedDimension
 13
2016.0
 23
345.0
 33
0.0
 14
2166.0
 24
345.0
 34
0.0
 50
0.0
100
AcDbRotatedDimension
1001
ACAD
1000
DSTYLE
1002
{
1070
144
1040
20.0
1070
140
1040
2.0
1070
41
1040
2.0
1070
271
1070
0
1002
}
  0
TEXT
  5
6EC4
330
17
100
AcDbEntity
  8
A-TEXTO
100
AcDbText
 10
2016.0
 20
333.0
 30
0.0
 40
2.1
  1
1 franja(s): 3 cuerpos por hoja; 4 cortes (1,33 por cuerpo)
  7
ISO3098
 11
2016.0
 21
333.0
 31
0.0
100
AcDbText
 73
3
  0
TEXT
  5
6EC5
330
17
100
AcDbEntity
  8
A-TEXTO
100
AcDbText
 10
2016.0
 20
329.745
 30
0.0
 40
2.1
  1
Aprovechamiento 72,7 %; hojas por año (2035): 41
  7
ISO3098
 11
2016.0
 21
329.745
 31
0.0
100
AcDbText
 73
3
  0
LWPOLYLINE
  5
6EC6
330
17
100
AcDbEntity
  8
A-EQUIPO
100
AcDbPolyline
 90
4
 70
1
 10
2210.0
 20
345.0
 10
2360.0
 20
345.0
 10
2360.0
 20
420.0
 10
2210.0
 20
420.0
  0
HATCH
  5
6EC7
330
17
100
AcDbEntity
  8
A-RELLENO
 62
7
420
16635562
100
AcDbHatch
 10
0.0
 20
0.0
 30
0.0
210
0.0
220
0.0
230
1.0
  2
SOLID
 70
1
 71
0
 91
1
 92
3
 72
0
 73
1
 93
4
 10
2210.0
 20
359.4
 10
2255.0
 20
359.4
 10
2255.0
 20
420.0
 10
2210.0
 20
420.0
 97
0
 75
1
 76
1
 98
0
  0
LWPOLYLINE
  5
6EC8
330
17
100
AcDbEntity
  8
A-EQUIPO-FINO
100
AcDbPolyline
 90
4
 70
1
 10
2210.0
 20
359.4
 10
2255.0
 20
359.4
 10
2255.0
 20
420.0
 10
2210.0
 20
420.0
  0
HATCH
  5
6EC9
330
17
100
AcDbEntity
  8
A-RELLENO
 62
7
420
16635562
100
AcDbHatch
 10
0.0
 20
0.0
 30
0.0
210
0.0
220
0.0
230
1.0
  2
SOLID
 70
1
 71
0
 91
1
 92
3
 72
0
 73
1
 93
4
 10
2255.0
 20
359.4
 10
2289.0
 20
359.4
 10
2289.0
 20
420.0
 10
2255.0
 20
420.0
 97
0
 75
1
 76
1
 98
0
  0
LWPOLYLINE
  5
6ECA
330
17
100
AcDbEntity
  8
A-EQUIPO-FINO
100
AcDbPolyline
 90
4
 70
1
 10
2255.0
 20
359.4
 10
2289.0
 20
359.4
 10
2289.0
 20
420.0
 10
2255.0
 20
420.0
  0
HATCH
  5
6ECB
330
17
100
AcDbEntity
  8
A-RELLENO
 62
7
420
16635562
100
AcDbHatch
 10
0.0
 20
0.0
 30
0.0
210
0.0
220
0.0
230
1.0
  2
SOLID
 70
1
 71
0
 91
1
 92
3
 72
0
 73
1
 93
4
 10
2289.0
 20
359.4
 10
2323.0
 20
359.4
 10
2323.0
 20
420.0
 10
2289.0
 20
420.0
 97
0
 75
1
 76
1
 98
0
  0
LWPOLYLINE
  5
6ECC
330
17
100
AcDbEntity
  8
A-EQUIPO-FINO
100
AcDbPolyline
 90
4
 70
1
 10
2289.0
 20
359.4
 10
2323.0
 20
359.4
 10
2323.0
 20
420.0
 10
2289.0
 20
420.0
  0
HATCH
  5
6ECD
330
17
100
AcDbEntity
  8
A-RELLENO
 62
7
420
16635562
100
AcDbHatch
 10
0.0
 20
0.0
 30
0.0
210
0.0
220
0.0
230
1.0
  2
SOLID
 70
1
 71
0
 91
1
 92
3
 72
0
 73
1
 93
4
 10
2323.0
 20
359.4
 10
2357.0
 20
359.4
 10
2357.0
 20
420.0
 10
2323.0
 20
420.0
 97
0
 75
1
 76
1
 98
0
  0
LWPOLYLINE
  5
6ECE
330
17
100
AcDbEntity
  8
A-EQUIPO-FINO
100
AcDbPolyline
 90
4
 70
1
 10
2323.0
 20
359.4
 10
2357.0
 20
359.4
 10
2357.0
 20
420.0
 10
2323.0
 20
420.0
  0
HATCH
  5
6ECF
330
17
100
AcDbEntity
  8
A-RELLENO
 62
7
100
AcDbHatch
 10
0.0
 20
0.0
 30
0.0
210
0.0
220
0.0
230
1.0
  2
ANSI31
 70
0
 71
0
 91
1
 92
3
 72
0
 73
1
 93
4
 10
2210.0
 20
345.0
 10
2360.0
 20
345.0
 10
2360.0
 20
359.4
 10
2210.0
 20
359.4
 97
0
 75
1
 76
1
 52
45.0
 41
0.4
 77
0
 78
1
 53
90.0
 43
0.0
 44
0.0
 45
-1.27
 46
0.0
 79
0
 98
0
  0
HATCH
  5
6ED0
330
17
100
AcDbEntity
  8
A-RELLENO
 62
7
100
AcDbHatch
 10
0.0
 20
0.0
 30
0.0
210
0.0
220
0.0
230
1.0
  2
ANSI31
 70
0
 71
0
 91
1
 92
3
 72
0
 73
1
 93
4
 10
2357.0
 20
359.4
 10
2360.0
 20
359.4
 10
2360.0
 20
420.0
 10
2357.0
 20
420.0
 97
0
 75
1
 76
1
 52
45.0
 41
0.4
 77
0
 78
1
 53
90.0
 43
0.0
 44
0.0
 45
-1.27
 46
0.0
 79
0
 98
0
  0
TEXT
  5
6ED1
330
17
100
AcDbEntity
  8
A-TEXTO
100
AcDbText
 10
2210.0
 20
433.0
 30
0.0
 40
2.5
  1
Cuerpo Mixta 70 + 100 kg - hoja LAC 4,75 × 1500 × 3000
  7
ISO3098
 11
2210.0
 21
433.0
 31
0.0
100
AcDbText
 73
3
  0
DIMENSION
  5
6ED2
330
17
100
AcDbEntity
  8
A-COTA
100
AcDbDimension
280
0
  2
*D28
  3
FLAMA-IRAM
 10
2205.0
 20
420.0
 30
0.0
 11
2207.0
 21
389.7
 31
0.0
 70
32
 71
5
  1
<>
100
AcDbAlignedDimension
 13
2210.0
 23
420.0
 33
0.0
 14
2210.0
 24
359.4
 34
0.0
 50
90.0
100
AcDbRotatedDimension
1001
ACAD
1000
DSTYLE
1002
{
1070
144
1040
20.0
1070
140
1040
2.0
1070
41
1040
2.0
1070
271
1070
1
1002
}
  0
DIMENSION
  5
6EE1
330
17
100
AcDbEntity
  8
A-COTA
100
AcDbDimension
280
0
  2
*D29
  3
FLAMA-IRAM
 10
2210.0
 20
424.0
 30
0.0
 11
2232.5
 21
426.0
 31
0.0
 70
32
 71
5
  1
<>
100
AcDbAlignedDimension
 13
2210.0
 23
420.0
 33
0.0
 14
2255.0
 24
420.0
 34
0.0
 50
0.0
100
AcDbRotatedDimension
1001
ACAD
1000
DSTYLE
1002
{
1070
144
1040
20.0
1070
140
1040
2.0
1070
41
1040
2.0
1070
271
1070
1
1002
}
  0
DIMENSION
  5
6EF0
330
17
100
AcDbEntity
  8
A-COTA
100
AcDbDimension
280
0
  2
*D30
  3
FLAMA-IRAM
 10
2210.0
 20
340.0
 30
0.0
 11
2285.0
 21
342.0
 31
0.0
 70
32
 71
5
  1
<>
100
AcDbAlignedDimension
 13
2210.0
 23
345.0
 33
0.0
 14
2360.0
 24
345.0
 34
0.0
 50
0.0
100
AcDbRotatedDimension
1001
ACAD
1000
DSTYLE
1002
{
1070
144
1040
20.0
1070
140
1040
2.0
1070
41
1040
2.0
1070
271
1070
0
1002
}
  0
TEXT
  5
6EFF
330
17
100
AcDbEntity
  8
A-TEXTO
100
AcDbText
 10
2210.0
 20
333.0
 30
0.0
 40
2.1
  1
1 franja(s): 4 cuerpos por hoja; 5 cortes (1,25 por cuerpo)
  7
ISO3098
 11
2210.0
 21
333.0
 31
0.0
100
AcDbText
 73
3
  0
TEXT
  5
6F00
330
17
100
AcDbEntity
  8
A-TEXTO
100
AcDbText
 10
2210.0
 20
329.745
 30
0.0
 40
2.1
  1
Aprovechamiento 79,2 %; hojas por año (2035): 124
  7
ISO3098
 11
2210.0
 21
329.745
 31
0.0
100
AcDbText
 73
3
  0
TEXT
  5
6F01
330
17
100
AcDbEntity
  8
A-TEXTO
100
AcDbText
 10
1624.0
 20
306.0
 30
0.0
 40
3.0
  1
Cúpulas y fondos: discos en fleje a medida, troquel de una fila (1:10); paso = Ø + 3 mm de puente
  7
ISO3098
 11
1624.0
 21
306.0
 31
0.0
100
AcDbText
 73
1
  0
LWPOLYLINE
  5
6F02
330
17
100
AcDbEntity
  8
A-EQUIPO
100
AcDbPolyline
 90
4
 70
1
 10
1624.0
 20
284.6
 10
1674.4
 20
284.6
 10
1674.4
 20
296.0
 10
1624.0
 20
296.0
  0
HATCH
  5
6F03
330
17
100
AcDbEntity
  8
A-RELLENO
 62
7
420
16635562
100
AcDbHatch
 10
0.0
 20
0.0
 30
0.0
210
0.0
220
0.0
230
1.0
  2
SOLID
 70
1
 71
0
 91
1
 92
3
 72
0
 73
1
 93
24
 10
1637.95
 20
290.3
 10
1637.765998606334
 20
291.69762603679266
 10
1637.2265338745478
 20
293.0000057259581
 10
1636.3683696055607
 20
294.11838363124116
 10
1635.2499885480718
 20
294.97654379219114
 10
1633.9476068773504
 20
295.516003740066
 10
1632.5499801646924
 20
295.6999999999636
 10
1631.152354803784
 20
295.5159934725318
 10
1629.849977096192
 20
294.9765239568415
 10
1628.73160234313
 20
294.1183555798287
 10
1627.8734462902287
 20
292.999971370149
 10
1627.3339911262724
 20
291.6975877178896
 10
1627.1500000001456
 20
290.2999603293849
 10
1627.3340116613408
 20
288.90233564437966
 10
1627.8734859609278
 20
287.5999599183786
 10
1628.7316584459547
 20
286.48158831755245
 10
1629.8500458078101
 20
285.62343637271164
 10
1631.1524314415904
 20
285.08398599268133
 10
1632.5500595059227
 20
284.90000000032785
 10
1633.9476835150058
 20
285.0840167952839
 10
1635.2500572593983
 20
285.62349587876054
 10
1636.3684257079735
 20
286.4816724717899
 10
1637.2265735447422
 20
287.6000629858058
 10
1637.7660191408395
 20
288.902450601089
 97
0
 75
1
 76
1
 98
0
  0
CIRCLE
  5
6F04
330
17
100
AcDbEntity
  8
A-EQUIPO-FINO
100
AcDbCircle
 10
1632.55
 20
290.3
 30
0.0
 40
5.4
  0
HATCH
  5
6F05
330
17
100
AcDbEntity
  8
A-RELLENO
 62
7
420
16635562
100
AcDbHatch
 10
0.0
 20
0.0
 30
0.0
210
0.0
220
0.0
230
1.0
  2
SOLID
 70
1
 71
0
 91
1
 92
3
 72
0
 73
1
 93
24
 10
1649.0500000000002
 20
290.3
 10
1648.8659986063342
 20
291.69762603679266
 10
1648.326533874548
 20
293.0000057259581
 10
1647.4683696055608
 20
294.11838363124116
 10
1646.349988548072
 20
294.97654379219114
 10
1645.0476068773505
 20
295.516003740066
 10
1643.6499801646926
 20
295.6999999999636
 10
1642.252354803784
 20
295.5159934725318
 10
1640.9499770961922
 20
294.9765239568415
 10
1639.83160234313
 20
294.1183555798287
 10
1638.9734462902288
 20
292.999971370149
 10
1638.4339911262725
 20
291.6975877178896
 10
1638.2500000001457
 20
290.2999603293849
 10
1638.434011661341
 20
288.90233564437966
 10
1638.973485960928
 20
287.5999599183786
 10
1639.8316584459549
 20
286.48158831755245
 10
1640.9500458078103
 20
285.62343637271164
 10
1642.2524314415905
 20
285.08398599268133
 10
1643.6500595059229
 20
284.90000000032785
 10
1645.047683515006
 20
285.0840167952839
 10
1646.3500572593985
 20
285.62349587876054
 10
1647.4684257079737
 20
286.4816724717899
 10
1648.3265735447424
 20
287.6000629858058
 10
1648.8660191408396
 20
288.902450601089
 97
0
 75
1
 76
1
 98
0
  0
CIRCLE
  5
6F06
330
17
100
AcDbEntity
  8
A-EQUIPO-FINO
100
AcDbCircle
 10
1643.65
 20
290.3
 30
0.0
 40
5.4
  0
HATCH
  5
6F07
330
17
100
AcDbEntity
  8
A-RELLENO
 62
7
420
16635562
100
AcDbHatch
 10
0.0
 20
0.0
 30
0.0
210
0.0
220
0.0
230
1.0
  2
SOLID
 70
1
 71
0
 91
1
 92
3
 72
0
 73
1
 93
24
 10
1660.15
 20
290.3
 10
1659.965998606334
 20
291.69762603679266
 10
1659.4265338745479
 20
293.0000057259581
 10
1658.5683696055607
 20
294.11838363124116
 10
1657.4499885480718
 20
294.97654379219114
 10
1656.1476068773504
 20
295.516003740066
 10
1654.7499801646925
 20
295.6999999999636
 10
1653.352354803784
 20
295.5159934725318
 10
1652.0499770961922
 20
294.9765239568415
 10
1650.93160234313
 20
294.1183555798287
 10
1650.0734462902287
 20
292.999971370149
 10
1649.5339911262724
 20
291.6975877178896
 10
1649.3500000001457
 20
290.2999603293849
 10
1649.5340116613409
 20
288.90233564437966
 10
1650.0734859609279
 20
287.5999599183786
 10
1650.9316584459548
 20
286.48158831755245
 10
1652.0500458078102
 20
285.62343637271164
 10
1653.3524314415904
 20
285.08398599268133
 10
1654.7500595059228
 20
284.90000000032785
 10
1656.1476835150058
 20
285.0840167952839
 10
1657.4500572593984
 20
285.62349587876054
 10
1658.5684257079736
 20
286.4816724717899
 10
1659.4265735447423
 20
287.6000629858058
 10
1659.9660191408395
 20
288.902450601089
 97
0
 75
1
 76
1
 98
0
  0
CIRCLE
  5
6F08
330
17
100
AcDbEntity
  8
A-EQUIPO-FINO
100
AcDbCircle
 10
1654.75
 20
290.3
 30
0.0
 40
5.4
  0
HATCH
  5
6F09
330
17
100
AcDbEntity
  8
A-RELLENO
 62
7
420
16635562
100
AcDbHatch
 10
0.0
 20
0.0
 30
0.0
210
0.0
220
0.0
230
1.0
  2
SOLID
 70
1
 71
0
 91
1
 92
3
 72
0
 73
1
 93
24
 10
1671.25
 20
290.3
 10
1671.065998606334
 20
291.69762603679266
 10
1670.5265338745478
 20
293.0000057259581
 10
1669.6683696055607
 20
294.11838363124116
 10
1668.5499885480717
 20
294.97654379219114
 10
1667.2476068773503
 20
295.516003740066
 10
1665.8499801646924
 20
295.6999999999636
 10
1664.452354803784
 20
295.5159934725318
 10
1663.149977096192
 20
294.9765239568415
 10
1662.0316023431299
 20
294.1183555798287
 10
1661.1734462902286
 20
292.999971370149
 10
1660.6339911262723
 20
291.6975877178896
 10
1660.4500000001456
 20
290.2999603293849
 10
1660.6340116613408
 20
288.90233564437966
 10
1661.1734859609278
 20
287.5999599183786
 10
1662.0316584459547
 20
286.48158831755245
 10
1663.15004580781
 20
285.62343637271164
 10
1664.4524314415903
 20
285.08398599268133
 10
1665.8500595059227
 20
284.90000000032785
 10
1667.2476835150057
 20
285.0840167952839
 10
1668.5500572593983
 20
285.62349587876054
 10
1669.6684257079735
 20
286.4816724717899
 10
1670.5265735447422
 20
287.6000629858058
 10
1671.0660191408394
 20
288.902450601089
 97
0
 75
1
 76
1
 98
0
  0
CIRCLE
  5
6F0A
330
17
100
AcDbEntity
  8
A-EQUIPO-FINO
100
AcDbCircle
 10
1665.85
 20
290.3
 30
0.0
 40
5.4
  0
TEXT
  5
6F0B
330
17
100
AcDbEntity
  8
A-TEXTO
100
AcDbText
 10
1624.0
 20
298.0
 30
0.0
 40
2.1
  1
Cúpula 1 kg: Ø 108 en fleje 0,90 × 114 - paso 111,0 - aprovech. 72,4 %
  7
ISO3098
 11
1624.0
 21
298.0
 31
0.0
100
AcDbText
 73
1
  0
LWPOLYLINE
  5
6F0C
330
17
100
AcDbEntity
  8
A-EQUIPO
100
AcDbPolyline
 90
4
 70
1
 10
1818.0
 20
285.4
 10
1865.2
 20
285.4
 10
1865.2
 20
296.0
 10
1818.0
 20
296.0
  0
HATCH
  5
6F0D
330
17
100
AcDbEntity
  8
A-RELLENO
 62
7
420
16635562
100
AcDbHatch
 10
0.0
 20
0.0
 30
0.0
210
0.0
220
0.0
230
1.0
  2
SOLID
 70
1
 71
0
 91
1
 92
3
 72
0
 73
1
 93
24
 10
1831.15
 20
290.7
 10
1830.9796283391984
 20
291.9940981822154
 10
1830.4801239579149
 20
293.200005301813
 10
1829.6855274125562
 20
294.23554039929735
 10
1828.6499893963628
 20
295.0301331409177
 10
1827.4440804419912
 20
295.5296330926537
 10
1826.1499816339747
 20
295.6999999999663
 10
1824.855884077578
 20
295.5296235856776
 10
1823.6499787927705
 20
295.03011477485325
 10
1822.6144466140092
 20
294.2355144257673
 10
1821.8198576761379
 20
293.1999734908787
 10
1821.320362153956
 20
291.99406270174956
 10
1821.150000000135
 20
290.69996326794893
 10
1821.3203811679082
 20
289.40586633738855
 10
1821.8198944082667
 20
288.1999628873876
 10
1822.6144985610695
 20
287.16443362736334
 10
1823.650042414639
 20
286.3698484932515
 10
1824.8559550385096
 20
285.87035740063084
 10
1826.1500550980766
 20
285.7000000003036
 10
1827.4441514027833
 20
285.87038592155915
 10
1828.6500530179617
 20
286.3699035914449
 10
1829.685579359235
 20
287.16451154795357
 10
1830.4801606895762
 20
288.2000583201905
 10
1830.9796473526292
 20
289.4059727787861
 97
0
 75
1
 76
1
 98
0
  0
CIRCLE
  5
6F0E
330
17
100
AcDbEntity
  8
A-EQUIPO-FINO
100
AcDbCircle
 10
1826.15
 20
290.7
 30
0.0
 40
5.0
  0
HATCH
  5
6F0F
330
17
100
AcDbEntity
  8
A-RELLENO
 62
7
420
16635562
100
AcDbHatch
 10
0.0
 20
0.0
 30
0.0
210
0.0
220
0.0
230
1.0
  2
SOLID
 70
1
 71
0
 91
1
 92
3
 72
0
 73
1
 93
24
 10
1841.45
 20
290.7
 10
1841.2796283391983
 20
291.9940981822154
 10
1840.7801239579148
 20
293.200005301813
 10
1839.9855274125562
 20
294.23554039929735
 10
1838.9499893963628
 20
295.0301331409177
 10
1837.7440804419912
 20
295.5296330926537
 10
1836.4499816339746
 20
295.6999999999663
 10
1835.1558840775779
 20
295.5296235856776
 10
1833.9499787927705
 20
295.03011477485325
 10
1832.9144466140092
 20
294.2355144257673
 10
1832.1198576761378
 20
293.1999734908787
 10
1831.620362153956
 20
291.99406270174956
 10
1831.4500000001349
 20
290.69996326794893
 10
1831.6203811679081
 20
289.40586633738855
 10
1832.1198944082666
 20
288.1999628873876
 10
1832.9144985610694
 20
287.16443362736334
 10
1833.950042414639
 20
286.3698484932515
 10
1835.1559550385095
 20
285.87035740063084
 10
1836.4500550980765
 20
285.7000000003036
 10
1837.7441514027832
 20
285.87038592155915
 10
1838.9500530179616
 20
286.3699035914449
 10
1839.9855793592349
 20
287.16451154795357
 10
1840.7801606895762
 20
288.2000583201905
 10
1841.2796473526291
 20
289.4059727787861
 97
0
 75
1
 76
1
 98
0
  0
CIRCLE
  5
6F10
330
17
100
AcDbEntity
  8
A-EQUIPO-FINO
100
AcDbCircle
 10
1836.45
 20
290.7
 30
0.0
 40
5.0
  0
HATCH
  5
6F11
330
17
100
AcDbEntity
  8
A-RELLENO
 62
7
420
16635562
100
AcDbHatch
 10
0.0
 20
0.0
 30
0.0
210
0.0
220
0.0
230
1.0
  2
SOLID
 70
1
 71
0
 91
1
 92
3
 72
0
 73
1
 93
24
 10
1851.75
 20
290.7
 10
1851.5796283391983
 20
291.9940981822154
 10
1851.0801239579148
 20
293.200005301813
 10
1850.2855274125561
 20
294.23554039929735
 10
1849.2499893963627
 20
295.0301331409177
 10
1848.0440804419911
 20
295.5296330926537
 10
1846.7499816339746
 20
295.6999999999663
 10
1845.4558840775778
 20
295.5296235856776
 10
1844.2499787927704
 20
295.03011477485325
 10
1843.2144466140091
 20
294.2355144257673
 10
1842.4198576761378
 20
293.1999734908787
 10
1841.920362153956
 20
291.99406270174956
 10
1841.7500000001348
 20
290.69996326794893
 10
1841.920381167908
 20
289.40586633738855
 10
1842.4198944082666
 20
288.1999628873876
 10
1843.2144985610694
 20
287.16443362736334
 10
1844.250042414639
 20
286.3698484932515
 10
1845.4559550385095
 20
285.87035740063084
 10
1846.7500550980765
 20
285.7000000003036
 10
1848.0441514027832
 20
285.87038592155915
 10
1849.2500530179616
 20
286.3699035914449
 10
1850.2855793592348
 20
287.16451154795357
 10
1851.0801606895761
 20
288.2000583201905
 10
1851.579647352629
 20
289.4059727787861
 97
0
 75
1
 76
1
 98
0
  0
CIRCLE
  5
6F12
330
17
100
AcDbEntity
  8
A-EQUIPO-FINO
100
AcDbCircle
 10
1846.75
 20
290.7
 30
0.0
 40
5.0
  0
HATCH
  5
6F13
330
17
100
AcDbEntity
  8
A-RELLENO
 62
7
420
16635562
100
AcDbHatch
 10
0.0
 20
0.0
 30
0.0
210
0.0
220
0.0
230
1.0
  2
SOLID
 70
1
 71
0
 91
1
 92
3
 72
0
 73
1
 93
24
 10
1862.05
 20
290.7
 10
1861.8796283391982
 20
291.9940981822154
 10
1861.3801239579147
 20
293.200005301813
 10
1860.585527412556
 20
294.23554039929735
 10
1859.5499893963627
 20
295.0301331409177
 10
1858.344080441991
 20
295.5296330926537
 10
1857.0499816339745
 20
295.6999999999663
 10
1855.7558840775778
 20
295.5296235856776
 10
1854.5499787927704
 20
295.03011477485325
 10
1853.514446614009
 20
294.2355144257673
 10
1852.7198576761377
 20
293.1999734908787
 10
1852.2203621539559
 20
291.99406270174956
 10
1852.0500000001348
 20
290.69996326794893
 10
1852.220381167908
 20
289.40586633738855
 10
1852.7198944082666
 20
288.1999628873876
 10
1853.5144985610693
 20
287.16443362736334
 10
1854.550042414639
 20
286.3698484932515
 10
1855.7559550385095
 20
285.87035740063084
 10
1857.0500550980764
 20
285.7000000003036
 10
1858.3441514027832
 20
285.87038592155915
 10
1859.5500530179615
 20
286.3699035914449
 10
1860.5855793592348
 20
287.16451154795357
 10
1861.380160689576
 20
288.2000583201905
 10
1861.879647352629
 20
289.4059727787861
 97
0
 75
1
 76
1
 98
0
  0
CIRCLE
  5
6F14
330
17
100
AcDbEntity
  8
A-EQUIPO-FINO
100
AcDbCircle
 10
1857.05
 20
290.7
 30
0.0
 40
5.0
  0
TEXT
  5
6F15
330
17
100
AcDbEntity
  8
A-TEXTO
100
AcDbText
 10
1818.0
 20
298.0
 30
0.0
 40
2.1
  1
Fondo 1 kg: Ø 100 en fleje 0,90 × 106 - paso 103,0 - aprovech. 71,9 %
  7
ISO3098
 11
1818.0
 21
298.0
 31
0.0
100
AcDbText
 73
1
  0
LWPOLYLINE
  5
6F16
330
17
100
AcDbEntity
  8
A-EQUIPO
100
AcDbPolyline
 90
4
 70
1
 10
2012.0
 20
276.0
 10
2090.8
 20
276.0
 10
2090.8
 20
296.0
 10
2012.0
 20
296.0
  0
HATCH
  5
6F17
330
17
100
AcDbEntity
  8
A-RELLENO
 62
7
420
16635562
100
AcDbHatch
 10
0.0
 20
0.0
 30
0.0
210
0.0
220
0.0
230
1.0
  2
SOLID
 70
1
 71
0
 91
1
 92
3
 72
0
 73
1
 93
24
 10
2033.05
 20
286.0
 10
2032.7450347271647
 20
288.3164357461656
 10
2031.8509218846673
 20
290.47500949024527
 10
2030.4285940684754
 20
292.3286173147423
 10
2028.574981019489
 20
293.7509383222427
 10
2026.4164039911643
 20
294.64504323585015
 10
2024.0999671248142
 20
294.9499999999396
 10
2021.7835324988644
 20
294.64502621836294
 10
2019.624962039059
 20
293.7509054469873
 10
2017.7713594390764
 20
292.3285708221235
 10
2016.3490452402864
 20
290.4749525486729
 10
2015.454948255581
 20
288.31637223613177
 10
2015.1500000002413
 20
285.99993424962867
 10
2015.4549822905556
 20
283.68350074392555
 10
2016.349110990797
 20
281.5249335684238
 10
2017.771452424314
 20
279.67133619298045
 10
2019.6250759222037
 20
278.24902880292024
 10
2021.783659518932
 20
277.3549397471292
 10
2024.100098625557
 20
277.05000000054343
 10
2026.416531010982
 20
277.35499079959084
 10
2028.575094902151
 20
278.2491274286864
 10
2030.42868705303
 20
279.6714756708369
 10
2031.8509876343414
 20
281.525104393141
 10
2032.745068761206
 20
283.6836912740271
 97
0
 75
1
 76
1
 98
0
  0
CIRCLE
  5
6F18
330
17
100
AcDbEntity
  8
A-EQUIPO-FINO
100
AcDbCircle
 10
2024.1
 20
286.0
 30
0.0
 40
8.950000000000001
  0
HATCH
  5
6F19
330
17
100
AcDbEntity
  8
A-RELLENO
 62
7
420
16635562
100
AcDbHatch
 10
0.0
 20
0.0
 30
0.0
210
0.0
220
0.0
230
1.0
  2
SOLID
 70
1
 71
0
 91
1
 92
3
 72
0
 73
1
 93
24
 10
2051.25
 20
286.0
 10
2050.945034727165
 20
288.3164357461656
 10
2050.0509218846673
 20
290.47500949024527
 10
2048.6285940684756
 20
292.3286173147423
 10
2046.7749810194891
 20
293.7509383222427
 10
2044.6164039911644
 20
294.64504323585015
 10
2042.2999671248142
 20
294.9499999999396
 10
2039.9835324988644
 20
294.64502621836294
 10
2037.824962039059
 20
293.7509054469873
 10
2035.9713594390764
 20
292.3285708221235
 10
2034.5490452402864
 20
290.4749525486729
 10
2033.654948255581
 20
288.31637223613177
 10
2033.3500000002414
 20
285.99993424962867
 10
2033.6549822905556
 20
283.68350074392555
 10
2034.549110990797
 20
281.5249335684238
 10
2035.971452424314
 20
279.67133619298045
 10
2037.8250759222037
 20
278.24902880292024
 10
2039.983659518932
 20
277.3549397471292
 10
2042.300098625557
 20
277.05000000054343
 10
2044.616531010982
 20
277.35499079959084
 10
2046.775094902151
 20
278.2491274286864
 10
2048.6286870530303
 20
279.6714756708369
 10
2050.0509876343413
 20
281.525104393141
 10
2050.945068761206
 20
283.6836912740271
 97
0
 75
1
 76
1
 98
0
  0
CIRCLE
  5
6F1A
330
17
100
AcDbEntity
  8
A-EQUIPO-FINO
100
AcDbCircle
 10
2042.3
 20
286.0
 30
0.0
 40
8.950000000000001
  0
HATCH
  5
6F1B
330
17
100
AcDbEntity
  8
A-RELLENO
 62
7
420
16635562
100
AcDbHatch
 10
0.0
 20
0.0
 30
0.0
210
0.0
220
0.0
230
1.0
  2
SOLID
 70
1
 71
0
 91
1
 92
3
 72
0
 73
1
 93
24
 10
2069.45
 20
286.0
 10
2069.145034727165
 20
288.3164357461656
 10
2068.250921884667
 20
290.47500949024527
 10
2066.8285940684755
 20
292.3286173147423
 10
2064.9749810194894
 20
293.7509383222427
 10
2062.8164039911644
 20
294.64504323585015
 10
2060.4999671248142
 20
294.9499999999396
 10
2058.183532498864
 20
294.64502621836294
 10
2056.024962039059
 20
293.7509054469873
 10
2054.1713594390762
 20
292.3285708221235
 10
2052.7490452402863
 20
290.4749525486729
 10
2051.8549482555813
 20
288.31637223613177
 10
2051.5500000002417
 20
285.99993424962867
 10
2051.8549822905557
 20
283.68350074392555
 10
2052.7491109907974
 20
281.5249335684238
 10
2054.171452424314
 20
279.67133619298045
 10
2056.025075922204
 20
278.24902880292024
 10
2058.183659518932
 20
277.3549397471292
 10
2060.500098625557
 20
277.05000000054343
 10
2062.816531010982
 20
277.35499079959084
 10
2064.975094902151
 20
278.2491274286864
 10
2066.82868705303
 20
279.6714756708369
 10
2068.2509876343415
 20
281.525104393141
 10
2069.145068761206
 20
283.6836912740271
 97
0
 75
1
 76
1
 98
0
  0
CIRCLE
  5
6F1C
330
17
100
AcDbEntity
  8
A-EQUIPO-FINO
100
AcDbCircle
 10
2060.5
 20
286.0
 30
0.0
 40
8.950000000000001
  0
HATCH
  5
6F1D
330
17
100
AcDbEntity
  8
A-RELLENO
 62
7
420
16635562
100
AcDbHatch
 10
0.0
 20
0.0
 30
0.0
210
0.0
220
0.0
230
1.0
  2
SOLID
 70
1
 71
0
 91
1
 92
3
 72
0
 73
1
 93
24
 10
2087.6499999999996
 20
286.0
 10
2087.3450347271646
 20
288.3164357461656
 10
2086.450921884667
 20
290.47500949024527
 10
2085.0285940684753
 20
292.3286173147423
 10
2083.174981019489
 20
293.7509383222427
 10
2081.016403991164
 20
294.64504323585015
 10
2078.699967124814
 20
294.9499999999396
 10
2076.383532498864
 20
294.64502621836294
 10
2074.224962039059
 20
293.7509054469873
 10
2072.371359439076
 20
292.3285708221235
 10
2070.949045240286
 20
290.4749525486729
 10
2070.054948255581
 20
288.31637223613177
 10
2069.7500000002415
 20
285.99993424962867
 10
2070.0549822905555
 20
283.68350074392555
 10
2070.949110990797
 20
281.5249335684238
 10
2072.3714524243137
 20
279.67133619298045
 10
2074.225075922204
 20
278.24902880292024
 10
2076.383659518932
 20
277.3549397471292
 10
2078.7000986255566
 20
277.05000000054343
 10
2081.016531010982
 20
277.35499079959084
 10
2083.1750949021507
 20
278.2491274286864
 10
2085.02868705303
 20
279.6714756708369
 10
2086.4509876343413
 20
281.525104393141
 10
2087.3450687612058
 20
283.6836912740271
 97
0
 75
1
 76
1
 98
0
  0
CIRCLE
  5
6F1E
330
17
100
AcDbEntity
  8
A-EQUIPO-FINO
100
AcDbCircle
 10
2078.7
 20
286.0
 30
0.0
 40
8.950000000000001
  0
TEXT
  5
6F1F
330
17
100
AcDbEntity
  8
A-TEXTO
100
AcDbText
 10
2012.0
 20
298.0
 30
0.0
 40
2.1
  1
Cúpula 2,5 kg: Ø 179 en fleje 1,25 × 200 - paso 182,0 - aprovech. 69,1 %
  7
ISO3098
 11
2012.0
 21
298.0
 31
0.0
100
AcDbText
 73
1
  0
LWPOLYLINE
  5
6F20
330
17
100
AcDbEntity
  8
A-EQUIPO
100
AcDbPolyline
 90
4
 70
1
 10
2206.0
 20
276.0
 10
2272.4
 20
276.0
 10
2272.4
 20
296.0
 10
2206.0
 20
296.0
  0
HATCH
  5
6F21
330
17
100
AcDbEntity
  8
A-RELLENO
 62
7
420
16635562
100
AcDbHatch
 10
0.0
 20
0.0
 30
0.0
210
0.0
220
0.0
230
1.0
  2
SOLID
 70
1
 71
0
 91
1
 92
3
 72
0
 73
1
 93
24
 10
2223.9500000000003
 20
286.0
 10
2223.6978499420134
 20
287.91526530967883
 10
2222.9585834577138
 20
289.70000784668326
 10
2221.7825805705834
 20
291.2325997909601
 10
2220.249984306617
 20
292.4085970485582
 10
2218.4652390541473
 20
293.1478569771275
 10
2216.5499728182826
 20
293.39999999995007
 10
2214.6347084348154
 20
293.14784290680285
 10
2212.8499686133005
 20
292.4085698667828
 10
2211.317380988734
 20
291.2325613501356
 10
2210.141389360684
 20
289.6999607665005
 10
2209.402135987855
 20
287.9152127985894
 10
2209.1500000001997
 20
285.99994563656446
 10
2209.4021641285044
 20
284.08468217933506
 10
2210.1414437242347
 20
282.2999450733337
 10
2211.317457870383
 20
280.7673617684978
 10
2212.8500627736657
 20
279.59137577001223
 10
2214.6348134569944
 20
278.85212895293364
 10
2216.5500815451533
 20
278.6000000004493
 10
2218.4653440761194
 20
278.85217116390754
 10
2220.250078466583
 20
279.59145731533846
 10
2221.7826574516675
 20
280.76747709097134
 10
2222.958637820573
 20
282.30008631388193
 10
2223.6978780818913
 20
284.08483971260347
 97
0
 75
1
 76
1
 98
0
  0
CIRCLE
  5
6F22
330
17
100
AcDbEntity
  8
A-EQUIPO-FINO
100
AcDbCircle
 10
2216.55
 20
286.0
 30
0.0
 40
7.4
  0
HATCH
  5
6F23
330
17
100
AcDbEntity
  8
A-RELLENO
 62
7
420
16635562
100
AcDbHatch
 10
0.0
 20
0.0
 30
0.0
210
0.0
220
0.0
230
1.0
  2
SOLID
 70
1
 71
0
 91
1
 92
3
 72
0
 73
1
 93
24
 10
2239.05
 20
286.0
 10
2238.7978499420133
 20
287.91526530967883
 10
2238.0585834577137
 20
289.70000784668326
 10
2236.8825805705833
 20
291.2325997909601
 10
2235.349984306617
 20
292.4085970485582
 10
2233.5652390541472
 20
293.1478569771275
 10
2231.6499728182825
 20
293.39999999995007
 10
2229.7347084348153
 20
293.14784290680285
 10
2227.9499686133004
 20
292.4085698667828
 10
2226.417380988734
 20
291.2325613501356
 10
2225.241389360684
 20
289.6999607665005
 10
2224.502135987855
 20
287.9152127985894
 10
2224.2500000001996
 20
285.99994563656446
 10
2224.5021641285043
 20
284.08468217933506
 10
2225.2414437242346
 20
282.2999450733337
 10
2226.417457870383
 20
280.7673617684978
 10
2227.9500627736656
 20
279.59137577001223
 10
2229.7348134569943
 20
278.85212895293364
 10
2231.650081545153
 20
278.6000000004493
 10
2233.5653440761193
 20
278.85217116390754
 10
2235.350078466583
 20
279.59145731533846
 10
2236.8826574516675
 20
280.76747709097134
 10
2238.058637820573
 20
282.30008631388193
 10
2238.797878081891
 20
284.08483971260347
 97
0
 75
1
 76
1
 98
0
  0
CIRCLE
  5
6F24
330
17
100
AcDbEntity
  8
A-EQUIPO-FINO
100
AcDbCircle
 10
2231.65
 20
286.0
 30
0.0
 40
7.4
  0
HATCH
  5
6F25
330
17
100
AcDbEntity
  8
A-RELLENO
 62
7
420
16635562
100
AcDbHatch
 10
0.0
 20
0.0
 30
0.0
210
0.0
220
0.0
230
1.0
  2
SOLID
 70
1
 71
0
 91
1
 92
3
 72
0
 73
1
 93
24
 10
2254.15
 20
286.0
 10
2253.897849942013
 20
287.91526530967883
 10
2253.1585834577136
 20
289.70000784668326
 10
2251.982580570583
 20
291.2325997909601
 10
2250.449984306617
 20
292.4085970485582
 10
2248.665239054147
 20
293.1478569771275
 10
2246.7499728182825
 20
293.39999999995007
 10
2244.834708434815
 20
293.14784290680285
 10
2243.0499686133003
 20
292.4085698667828
 10
2241.5173809887337
 20
291.2325613501356
 10
2240.341389360684
 20
289.6999607665005
 10
2239.602135987855
 20
287.9152127985894
 10
2239.3500000001995
 20
285.99994563656446
 10
2239.6021641285042
 20
284.08468217933506
 10
2240.3414437242345
 20
282.2999450733337
 10
2241.5174578703827
 20
280.7673617684978
 10
2243.0500627736656
 20
279.59137577001223
 10
2244.834813456994
 20
278.85212895293364
 10
2246.750081545153
 20
278.6000000004493
 10
2248.6653440761193
 20
278.85217116390754
 10
2250.450078466583
 20
279.59145731533846
 10
2251.9826574516674
 20
280.76747709097134
 10
2253.158637820573
 20
282.30008631388193
 10
2253.897878081891
 20
284.08483971260347
 97
0
 75
1
 76
1
 98
0
  0
CIRCLE
  5
6F26
330
17
100
AcDbEntity
  8
A-EQUIPO-FINO
100
AcDbCircle
 10
2246.75
 20
286.0
 30
0.0
 40
7.4
  0
HATCH
  5
6F27
330
17
100
AcDbEntity
  8
A-RELLENO
 62
7
420
16635562
100
AcDbHatch
 10
0.0
 20
0.0
 30
0.0
210
0.0
220
0.0
230
1.0
  2
SOLID
 70
1
 71
0
 91
1
 92
3
 72
0
 73
1
 93
24
 10
2269.25
 20
286.0
 10
2268.997849942013
 20
287.91526530967883
 10
2268.2585834577135
 20
289.70000784668326
 10
2267.082580570583
 20
291.2325997909601
 10
2265.549984306617
 20
292.4085970485582
 10
2263.765239054147
 20
293.1478569771275
 10
2261.8499728182824
 20
293.39999999995007
 10
2259.934708434815
 20
293.14784290680285
 10
2258.1499686133
 20
292.4085698667828
 10
2256.6173809887337
 20
291.2325613501356
 10
2255.441389360684
 20
289.6999607665005
 10
2254.702135987855
 20
287.9152127985894
 10
2254.4500000001995
 20
285.99994563656446
 10
2254.702164128504
 20
284.08468217933506
 10
2255.4414437242344
 20
282.2999450733337
 10
2256.6174578703826
 20
280.7673617684978
 10
2258.1500627736655
 20
279.59137577001223
 10
2259.934813456994
 20
278.85212895293364
 10
2261.850081545153
 20
278.6000000004493
 10
2263.765344076119
 20
278.85217116390754
 10
2265.550078466583
 20
279.59145731533846
 10
2267.0826574516673
 20
280.76747709097134
 10
2268.258637820573
 20
282.30008631388193
 10
2268.997878081891
 20
284.08483971260347
 97
0
 75
1
 76
1
 98
0
  0
CIRCLE
  5
6F28
330
17
100
AcDbEntity
  8
A-EQUIPO-FINO
100
AcDbCircle
 10
2261.85
 20
286.0
 30
0.0
 40
7.4
  0
TEXT
  5
6F29
330
17
100
AcDbEntity
  8
A-TEXTO
100
AcDbText
 10
2206.0
 20
298.0
 30
0.0
 40
2.1
  1
Fondo 2,5 kg: Ø 148 en fleje 1,25 × 200 - paso 151,0 - aprovech. 57,0 %
  7
ISO3098
 11
2206.0
 21
298.0
 31
0.0
100
AcDbText
 73
1
  0
LWPOLYLINE
  5
6F2A
330
17
100
AcDbEntity
  8
A-EQUIPO
100
AcDbPolyline
 90
4
 70
1
 10
1624.0
 20
219.0
 10
1719.6
 20
219.0
 10
1719.6
 20
244.0
 10
1624.0
 20
244.0
  0
HATCH
  5
6F2B
330
17
100
AcDbEntity
  8
A-RELLENO
 62
7
420
16635562
100
AcDbHatch
 10
0.0
 20
0.0
 30
0.0
210
0.0
220
0.0
230
1.0
  2
SOLID
 70
1
 71
0
 91
1
 92
3
 72
0
 73
1
 93
24
 10
1649.25
 20
231.5
 10
1648.8734786296282
 20
234.35995698269608
 10
1647.7695739469916
 20
237.02501171700675
 10
1646.0135155817493
 20
239.3135442824472
 10
1643.7249765659617
 20
241.06959424142815
 10
1641.0599177768006
 20
242.17348913476468
 10
1638.1999594110837
 20
242.54999999992546
 10
1635.340003811447
 20
242.17346812434752
 10
1632.6749531320227
 20
241.06955365242567
 10
1630.3864270169602
 20
239.31348688094573
 10
1628.6303854642642
 20
237.02494141484195
 10
1627.5265003602428
 20
234.35987857086656
 10
1627.1500000002982
 20
231.49991882216722
 10
1627.5265423810772
 20
228.63996460562876
 10
1628.6304666422693
 20
225.97491798112662
 10
1630.3865418199632
 20
223.68639831647303
 10
1632.6750937363522
 20
221.93036517008585
 10
1635.340160635106
 20
220.8264898553942
 10
1638.2001217667491
 20
220.4500000006709
 10
1641.060074600151
 20
220.8265528866457
 10
1643.7251171696948
 20
221.93048693709326
 10
1646.0136303839088
 20
223.68657052097745
 10
1647.7696551239635
 20
225.97512888762103
 10
1648.8735206493104
 20
228.6401998411173
 97
0
 75
1
 76
1
 98
0
  0
CIRCLE
  5
6F2C
330
17
100
AcDbEntity
  8
A-EQUIPO-FINO
100
AcDbCircle
 10
1638.2
 20
231.5
 30
0.0
 40
11.05
  0
HATCH
  5
6F2D
330
17
100
AcDbEntity
  8
A-RELLENO
 62
7
420
16635562
100
AcDbHatch
 10
0.0
 20
0.0
 30
0.0
210
0.0
220
0.0
230
1.0
  2
SOLID
 70
1
 71
0
 91
1
 92
3
 72
0
 73
1
 93
24
 10
1671.6499999999999
 20
231.5
 10
1671.273478629628
 20
234.35995698269608
 10
1670.1695739469915
 20
237.02501171700675
 10
1668.4135155817492
 20
239.3135442824472
 10
1666.1249765659616
 20
241.06959424142815
 10
1663.4599177768005
 20
242.17348913476468
 10
1660.5999594110835
 20
242.54999999992546
 10
1657.740003811447
 20
242.17346812434752
 10
1655.0749531320225
 20
241.06955365242567
 10
1652.78642701696
 20
239.31348688094573
 10
1651.030385464264
 20
237.02494141484195
 10
1649.9265003602427
 20
234.35987857086656
 10
1649.550000000298
 20
231.49991882216722
 10
1649.926542381077
 20
228.63996460562876
 10
1651.0304666422692
 20
225.97491798112662
 10
1652.786541819963
 20
223.68639831647303
 10
1655.075093736352
 20
221.93036517008585
 10
1657.740160635106
 20
220.8264898553942
 10
1660.600121766749
 20
220.4500000006709
 10
1663.4600746001508
 20
220.8265528866457
 10
1666.1251171696947
 20
221.93048693709326
 10
1668.4136303839086
 20
223.68657052097745
 10
1670.1696551239634
 20
225.97512888762103
 10
1671.2735206493103
 20
228.6401998411173
 97
0
 75
1
 76
1
 98
0
  0
CIRCLE
  5
6F2E
330
17
100
AcDbEntity
  8
A-EQUIPO-FINO
100
AcDbCircle
 10
1660.6
 20
231.5
 30
0.0
 40
11.05
  0
HATCH
  5
6F2F
330
17
100
AcDbEntity
  8
A-RELLENO
 62
7
420
16635562
100
AcDbHatch
 10
0.0
 20
0.0
 30
0.0
210
0.0
220
0.0
230
1.0
  2
SOLID
 70
1
 71
0
 91
1
 92
3
 72
0
 73
1
 93
24
 10
1694.05
 20
231.5
 10
1693.673478629628
 20
234.35995698269608
 10
1692.5695739469916
 20
237.02501171700675
 10
1690.8135155817492
 20
239.3135442824472
 10
1688.5249765659617
 20
241.06959424142815
 10
1685.8599177768006
 20
242.17348913476468
 10
1682.9999594110836
 20
242.54999999992546
 10
1680.140003811447
 20
242.17346812434752
 10
1677.4749531320226
 20
241.06955365242567
 10
1675.1864270169601
 20
239.31348688094573
 10
1673.4303854642642
 20
237.02494141484195
 10
1672.3265003602428
 20
234.35987857086656
 10
1671.9500000002981
 20
231.49991882216722
 10
1672.3265423810772
 20
228.63996460562876
 10
1673.4304666422693
 20
225.97491798112662
 10
1675.1865418199632
 20
223.68639831647303
 10
1677.4750937363522
 20
221.93036517008585
 10
1680.140160635106
 20
220.8264898553942
 10
1683.000121766749
 20
220.4500000006709
 10
1685.860074600151
 20
220.8265528866457
 10
1688.5251171696948
 20
221.93048693709326
 10
1690.8136303839087
 20
223.68657052097745
 10
1692.5696551239635
 20
225.97512888762103
 10
1693.6735206493104
 20
228.6401998411173
 97
0
 75
1
 76
1
 98
0
  0
CIRCLE
  5
6F30
330
17
100
AcDbEntity
  8
A-EQUIPO-FINO
100
AcDbCircle
 10
1683.0
 20
231.5
 30
0.0
 40
11.05
  0
HATCH
  5
6F31
330
17
100
AcDbEntity
  8
A-RELLENO
 62
7
420
16635562
100
AcDbHatch
 10
0.0
 20
0.0
 30
0.0
210
0.0
220
0.0
230
1.0
  2
SOLID
 70
1
 71
0
 91
1
 92
3
 72
0
 73
1
 93
24
 10
1716.45
 20
231.5
 10
1716.0734786296282
 20
234.35995698269608
 10
1714.9695739469917
 20
237.02501171700675
 10
1713.2135155817493
 20
239.3135442824472
 10
1710.9249765659617
 20
241.06959424142815
 10
1708.2599177768006
 20
242.17348913476468
 10
1705.3999594110837
 20
242.54999999992546
 10
1702.5400038114471
 20
242.17346812434752
 10
1699.8749531320227
 20
241.06955365242567
 10
1697.5864270169602
 20
239.31348688094573
 10
1695.8303854642643
 20
237.02494141484195
 10
1694.7265003602429
 20
234.35987857086656
 10
1694.3500000002982
 20
231.49991882216722
 10
1694.7265423810773
 20
228.63996460562876
 10
1695.8304666422694
 20
225.97491798112662
 10
1697.5865418199633
 20
223.68639831647303
 10
1699.8750937363523
 20
221.93036517008585
 10
1702.540160635106
 20
220.8264898553942
 10
1705.4001217667492
 20
220.4500000006709
 10
1708.260074600151
 20
220.8265528866457
 10
1710.9251171696949
 20
221.93048693709326
 10
1713.2136303839088
 20
223.68657052097745
 10
1714.9696551239635
 20
225.97512888762103
 10
1716.0735206493105
 20
228.6401998411173
 97
0
 75
1
 76
1
 98
0
  0
CIRCLE
  5
6F32
330
17
100
AcDbEntity
  8
A-EQUIPO-FINO
100
AcDbCircle
 10
1705.4
 20
231.5
 30
0.0
 40
11.05
  0
TEXT
  5
6F33
330
17
100
AcDbEntity
  8
A-TEXTO
100
AcDbText
 10
1624.0
 20
246.0
 30
0.0
 40
2.1
  1
Cúpula 5 kg: Ø 221 en fleje 1,60 × 250 - paso 224,0 - aprovech. 68,5 %
  7
ISO3098
 11
1624.0
 21
246.0
 31
0.0
100
AcDbText
 73
1
  0
LWPOLYLINE
  5
6F34
330
17
100
AcDbEntity
  8
A-EQUIPO
100
AcDbPolyline
 90
4
 70
1
 10
1818.0
 20
224.0
 10
1896.0
 20
224.0
 10
1896.0
 20
244.0
 10
1818.0
 20
244.0
  0
HATCH
  5
6F35
330
17
100
AcDbEntity
  8
A-RELLENO
 62
7
420
16635562
100
AcDbHatch
 10
0.0
 20
0.0
 30
0.0
210
0.0
220
0.0
230
1.0
  2
SOLID
 70
1
 71
0
 91
1
 92
3
 72
0
 73
1
 93
24
 10
1838.85
 20
234.0
 10
1838.5484421603808
 20
236.2905537825213
 10
1837.664319405509
 20
238.42500938420903
 10
1836.2578835202244
 20
240.25790650675634
 10
1834.424981231562
 20
241.66433565942435
 10
1832.2905223823245
 20
242.54845057399706
 10
1829.9999674921348
 20
242.84999999994028
 10
1827.7094148173128
 20
242.54843374664938
 10
1825.5749624632037
 20
241.66430315149026
 10
1823.7420705067962
 20
240.2578605336081
 10
1822.3356480867637
 20
238.4249530788553
 10
1821.451541012502
 20
236.29049098209674
 10
1821.1500000002388
 20
233.99993498426966
 10
1821.4515746671975
 20
231.70938341717778
 10
1822.3357131026319
 20
229.57493431067607
 10
1823.7421624530928
 20
227.74204752043318
 10
1825.5750750739112
 20
226.33563183305517
 10
1827.7095404181619
 20
225.4515325991166
 10
1830.0000975235955
 20
225.15000000053735
 10
1832.2906479829264
 20
225.45158308115967
 10
1834.4250938417917
 20
226.33572935685748
 10
1836.2579754658454
 20
227.74218543987786
 10
1837.6643844205498
 20
229.5751032267372
 10
1838.5484758141536
 20
231.70957181845142
 97
0
 75
1
 76
1
 98
0
  0
CIRCLE
  5
6F36
330
17
100
AcDbEntity
  8
A-EQUIPO-FINO
100
AcDbCircle
 10
1830.0
 20
234.0
 30
0.0
 40
8.85
  0
HATCH
  5
6F37
330
17
100
AcDbEntity
  8
A-RELLENO
 62
7
420
16635562
100
AcDbHatch
 10
0.0
 20
0.0
 30
0.0
210
0.0
220
0.0
230
1.0
  2
SOLID
 70
1
 71
0
 91
1
 92
3
 72
0
 73
1
 93
24
 10
1856.85
 20
234.0
 10
1856.5484421603808
 20
236.2905537825213
 10
1855.664319405509
 20
238.42500938420903
 10
1854.2578835202244
 20
240.25790650675634
 10
1852.424981231562
 20
241.66433565942435
 10
1850.2905223823245
 20
242.54845057399706
 10
1847.9999674921348
 20
242.84999999994028
 10
1845.7094148173128
 20
242.54843374664938
 10
1843.5749624632037
 20
241.66430315149026
 10
1841.7420705067962
 20
240.2578605336081
 10
1840.3356480867637
 20
238.4249530788553
 10
1839.451541012502
 20
236.29049098209674
 10
1839.1500000002388
 20
233.99993498426966
 10
1839.4515746671975
 20
231.70938341717778
 10
1840.3357131026319
 20
229.57493431067607
 10
1841.7421624530928
 20
227.74204752043318
 10
1843.5750750739112
 20
226.33563183305517
 10
1845.7095404181619
 20
225.4515325991166
 10
1848.0000975235955
 20
225.15000000053735
 10
1850.2906479829264
 20
225.45158308115967
 10
1852.4250938417917
 20
226.33572935685748
 10
1854.2579754658454
 20
227.74218543987786
 10
1855.6643844205498
 20
229.5751032267372
 10
1856.5484758141536
 20
231.70957181845142
 97
0
 75
1
 76
1
 98
0
  0
CIRCLE
  5
6F38
330
17
100
AcDbEntity
  8
A-EQUIPO-FINO
100
AcDbCircle
 10
1848.0
 20
234.0
 30
0.0
 40
8.85
  0
HATCH
  5
6F39
330
17
100
AcDbEntity
  8
A-RELLENO
 62
7
420
16635562
100
AcDbHatch
 10
0.0
 20
0.0
 30
0.0
210
0.0
220
0.0
230
1.0
  2
SOLID
 70
1
 71
0
 91
1
 92
3
 72
0
 73
1
 93
24
 10
1874.85
 20
234.0
 10
1874.5484421603808
 20
236.2905537825213
 10
1873.664319405509
 20
238.42500938420903
 10
1872.2578835202244
 20
240.25790650675634
 10
1870.424981231562
 20
241.66433565942435
 10
1868.2905223823245
 20
242.54845057399706
 10
1865.9999674921348
 20
242.84999999994028
 10
1863.7094148173128
 20
242.54843374664938
 10
1861.5749624632037
 20
241.66430315149026
 10
1859.7420705067962
 20
240.2578605336081
 10
1858.3356480867637
 20
238.4249530788553
 10
1857.451541012502
 20
236.29049098209674
 10
1857.1500000002388
 20
233.99993498426966
 10
1857.4515746671975
 20
231.70938341717778
 10
1858.3357131026319
 20
229.57493431067607
 10
1859.7421624530928
 20
227.74204752043318
 10
1861.5750750739112
 20
226.33563183305517
 10
1863.7095404181619
 20
225.4515325991166
 10
1866.0000975235955
 20
225.15000000053735
 10
1868.2906479829264
 20
225.45158308115967
 10
1870.4250938417917
 20
226.33572935685748
 10
1872.2579754658454
 20
227.74218543987786
 10
1873.6643844205498
 20
229.5751032267372
 10
1874.5484758141536
 20
231.70957181845142
 97
0
 75
1
 76
1
 98
0
  0
CIRCLE
  5
6F3A
330
17
100
AcDbEntity
  8
A-EQUIPO-FINO
100
AcDbCircle
 10
1866.0
 20
234.0
 30
0.0
 40
8.85
  0
HATCH
  5
6F3B
330
17
100
AcDbEntity
  8
A-RELLENO
 62
7
420
16635562
100
AcDbHatch
 10
0.0
 20
0.0
 30
0.0
210
0.0
220
0.0
230
1.0
  2
SOLID
 70
1
 71
0
 91
1
 92
3
 72
0
 73
1
 93
24
 10
1892.85
 20
234.0
 10
1892.5484421603808
 20
236.2905537825213
 10
1891.664319405509
 20
238.42500938420903
 10
1890.2578835202244
 20
240.25790650675634
 10
1888.424981231562
 20
241.66433565942435
 10
1886.2905223823245
 20
242.54845057399706
 10
1883.9999674921348
 20
242.84999999994028
 10
1881.7094148173128
 20
242.54843374664938
 10
1879.5749624632037
 20
241.66430315149026
 10
1877.7420705067962
 20
240.2578605336081
 10
1876.3356480867637
 20
238.4249530788553
 10
1875.451541012502
 20
236.29049098209674
 10
1875.1500000002388
 20
233.99993498426966
 10
1875.4515746671975
 20
231.70938341717778
 10
1876.3357131026319
 20
229.57493431067607
 10
1877.7421624530928
 20
227.74204752043318
 10
1879.5750750739112
 20
226.33563183305517
 10
1881.7095404181619
 20
225.4515325991166
 10
1884.0000975235955
 20
225.15000000053735
 10
1886.2906479829264
 20
225.45158308115967
 10
1888.4250938417917
 20
226.33572935685748
 10
1890.2579754658454
 20
227.74218543987786
 10
1891.6643844205498
 20
229.5751032267372
 10
1892.5484758141536
 20
231.70957181845142
 97
0
 75
1
 76
1
 98
0
  0
CIRCLE
  5
6F3C
330
17
100
AcDbEntity
  8
A-EQUIPO-FINO
100
AcDbCircle
 10
1884.0
 20
234.0
 30
0.0
 40
8.85
  0
TEXT
  5
6F3D
330
17
100
AcDbEntity
  8
A-TEXTO
100
AcDbText
 10
1818.0
 20
246.0
 30
0.0
 40
2.1
  1
Fondo 5 kg: Ø 177 en fleje 1,60 × 200 - paso 180,0 - aprovech. 68,3 %
  7
ISO3098
 11
1818.0
 21
246.0
 31
0.0
100
AcDbText
 73
1
  0
LWPOLYLINE
  5
6F3E
330
17
100
AcDbEntity
  8
A-EQUIPO
100
AcDbPolyline
 90
4
 70
1
 10
2012.0
 20
214.0
 10
2122.4
 20
214.0
 10
2122.4
 20
244.0
 10
2012.0
 20
244.0
  0
HATCH
  5
6F3F
330
17
100
AcDbEntity
  8
A-RELLENO
 62
7
420
16635562
100
AcDbHatch
 10
0.0
 20
0.0
 30
0.0
210
0.0
220
0.0
230
1.0
  2
SOLID
 70
1
 71
0
 91
1
 92
3
 72
0
 73
1
 93
24
 10
2040.95
 20
229.0
 10
2040.5104411151315
 20
232.33877331011578
 10
2039.22171981142
 20
235.45001367867758
 10
2037.171660724395
 20
238.12169423018722
 10
2034.4999726426158
 20
240.1717435035677
 10
2031.3887275403374
 20
241.46045337904656
 10
2028.049952615654
 20
241.89999999991298
 10
2024.7111809201508
 20
241.46042885104822
 10
2021.5999452853478
 20
240.17169611912138
 10
2018.9282722641435
 20
238.1216272184796
 10
2016.8782328044351
 20
235.4499316064671
 10
2015.5895343572065
 20
232.33868177051392
 10
2015.150000000348
 20
228.99990523130833
 10
2015.5895834132032
 20
225.6611351504625
 10
2016.8783275733279
 20
222.54990424946
 10
2018.9284062875588
 20
219.8782387585975
 10
2021.6001094297687
 20
217.82820911258892
 10
2024.7113639993545
 20
216.5395220936276
 10
2028.0501421530375
 20
216.10000000078324
 10
2031.3889106191807
 20
216.53959567762257
 10
2034.5001367863406
 20
217.82835126592786
 10
2037.1717947468255
 20
219.87843979372028
 10
2039.2218145791066
 20
222.55015046609154
 10
2040.510490169783
 20
225.66140976926818
 97
0
 75
1
 76
1
 98
0
  0
CIRCLE
  5
6F40
330
17
100
AcDbEntity
  8
A-EQUIPO-FINO
100
AcDbCircle
 10
2028.05
 20
229.0
 30
0.0
 40
12.9
  0
HATCH
  5
6F41
330
17
100
AcDbEntity
  8
A-RELLENO
 62
7
420
16635562
100
AcDbHatch
 10
0.0
 20
0.0
 30
0.0
210
0.0
220
0.0
230
1.0
  2
SOLID
 70
1
 71
0
 91
1
 92
3
 72
0
 73
1
 93
24
 10
2067.05
 20
229.0
 10
2066.6104411151314
 20
232.33877331011578
 10
2065.32171981142
 20
235.45001367867758
 10
2063.271660724395
 20
238.12169423018722
 10
2060.5999726426157
 20
240.1717435035677
 10
2057.4887275403375
 20
241.46045337904656
 10
2054.1499526156545
 20
241.89999999991298
 10
2050.811180920151
 20
241.46042885104822
 10
2047.699945285348
 20
240.17169611912138
 10
2045.0282722641437
 20
238.1216272184796
 10
2042.9782328044353
 20
235.4499316064671
 10
2041.6895343572066
 20
232.33868177051392
 10
2041.250000000348
 20
228.99990523130833
 10
2041.6895834132033
 20
225.6611351504625
 10
2042.978327573328
 20
222.54990424946
 10
2045.028406287559
 20
219.8782387585975
 10
2047.7001094297689
 20
217.82820911258892
 10
2050.811363999355
 20
216.5395220936276
 10
2054.1501421530375
 20
216.10000000078324
 10
2057.488910619181
 20
216.53959567762257
 10
2060.6001367863405
 20
217.82835126592786
 10
2063.2717947468254
 20
219.87843979372028
 10
2065.3218145791066
 20
222.55015046609154
 10
2066.610490169783
 20
225.66140976926818
 97
0
 75
1
 76
1
 98
0
  0
CIRCLE
  5
6F42
330
17
100
AcDbEntity
  8
A-EQUIPO-FINO
100
AcDbCircle
 10
2054.15
 20
229.0
 30
0.0
 40
12.9
  0
HATCH
  5
6F43
330
17
100
AcDbEntity
  8
A-RELLENO
 62
7
420
16635562
100
AcDbHatch
 10
0.0
 20
0.0
 30
0.0
210
0.0
220
0.0
230
1.0
  2
SOLID
 70
1
 71
0
 91
1
 92
3
 72
0
 73
1
 93
24
 10
2093.15
 20
229.0
 10
2092.7104411151313
 20
232.33877331011578
 10
2091.4217198114197
 20
235.45001367867758
 10
2089.371660724395
 20
238.12169423018722
 10
2086.6999726426156
 20
240.1717435035677
 10
2083.5887275403375
 20
241.46045337904656
 10
2080.2499526156544
 20
241.89999999991298
 10
2076.911180920151
 20
241.46042885104822
 10
2073.799945285348
 20
240.17169611912138
 10
2071.1282722641436
 20
238.1216272184796
 10
2069.078232804435
 20
235.4499316064671
 10
2067.7895343572063
 20
232.33868177051392
 10
2067.3500000003482
 20
228.99990523130833
 10
2067.789583413203
 20
225.6611351504625
 10
2069.078327573328
 20
222.54990424946
 10
2071.128406287559
 20
219.8782387585975
 10
2073.800109429769
 20
217.82820911258892
 10
2076.9113639993548
 20
216.5395220936276
 10
2080.2501421530374
 20
216.10000000078324
 10
2083.5889106191808
 20
216.53959567762257
 10
2086.7001367863404
 20
217.82835126592786
 10
2089.3717947468253
 20
219.87843979372028
 10
2091.4218145791065
 20
222.55015046609154
 10
2092.710490169783
 20
225.66140976926818
 97
0
 75
1
 76
1
 98
0
  0
CIRCLE
  5
6F44
330
17
100
AcDbEntity
  8
A-EQUIPO-FINO
100
AcDbCircle
 10
2080.25
 20
229.0
 30
0.0
 40
12.9
  0
HATCH
  5
6F45
330
17
100
AcDbEntity
  8
A-RELLENO
 62
7
420
16635562
100
AcDbHatch
 10
0.0
 20
0.0
 30
0.0
210
0.0
220
0.0
230
1.0
  2
SOLID
 70
1
 71
0
 91
1
 92
3
 72
0
 73
1
 93
24
 10
2119.25
 20
229.0
 10
2118.810441115131
 20
232.33877331011578
 10
2117.5217198114196
 20
235.45001367867758
 10
2115.471660724395
 20
238.12169423018722
 10
2112.7999726426156
 20
240.1717435035677
 10
2109.6887275403374
 20
241.46045337904656
 10
2106.3499526156543
 20
241.89999999991298
 10
2103.0111809201508
 20
241.46042885104822
 10
2099.8999452853477
 20
240.17169611912138
 10
2097.2282722641435
 20
238.1216272184796
 10
2095.178232804435
 20
235.4499316064671
 10
2093.8895343572062
 20
232.33868177051392
 10
2093.450000000348
 20
228.99990523130833
 10
2093.889583413203
 20
225.6611351504625
 10
2095.178327573328
 20
222.54990424946
 10
2097.2284062875588
 20
219.8782387585975
 10
2099.9001094297687
 20
217.82820911258892
 10
2103.0113639993547
 20
216.5395220936276
 10
2106.3501421530373
 20
216.10000000078324
 10
2109.6889106191807
 20
216.53959567762257
 10
2112.8001367863403
 20
217.82835126592786
 10
2115.4717947468253
 20
219.87843979372028
 10
2117.5218145791064
 20
222.55015046609154
 10
2118.810490169783
 20
225.66140976926818
 97
0
 75
1
 76
1
 98
0
  0
CIRCLE
  5
6F46
330
17
100
AcDbEntity
  8
A-EQUIPO-FINO
100
AcDbCircle
 10
2106.35
 20
229.0
 30
0.0
 40
12.9
  0
TEXT
  5
6F47
330
17
100
AcDbEntity
  8
A-TEXTO
100
AcDbText
 10
2012.0
 20
246.0
 30
0.0
 40
2.1
  1
Cúpula 10 kg: Ø 258 en fleje 2,00 × 300 - paso 261,0 - aprovech. 66,8 %
  7
ISO3098
 11
2012.0
 21
246.0
 31
0.0
100
AcDbText
 73
1
  0
LWPOLYLINE
  5
6F48
330
17
100
AcDbEntity
  8
A-EQUIPO
100
AcDbPolyline
 90
4
 70
1
 10
2206.0
 20
219.1
 10
2295.2
 20
219.1
 10
2295.2
 20
244.0
 10
2206.0
 20
244.0
  0
HATCH
  5
6F49
330
17
100
AcDbEntity
  8
A-RELLENO
 62
7
420
16635562
100
AcDbHatch
 10
0.0
 20
0.0
 30
0.0
210
0.0
220
0.0
230
1.0
  2
SOLID
 70
1
 71
0
 91
1
 92
3
 72
0
 73
1
 93
24
 10
2229.65
 20
231.55
 10
2229.3007380953563
 20
234.20290127354164
 10
2228.276754113725
 20
236.6750108687167
 10
2226.6478311957403
 20
238.7978578185596
 10
2224.5249782625438
 20
240.42677293888133
 10
2222.052864906082
 20
241.4507478399401
 10
2219.399962349648
 20
241.79999999993086
 10
2216.7470623590348
 20
241.4507283506391
 10
2214.2749565251793
 20
240.42673528844918
 10
2212.152115558719
 20
238.79780457282297
 10
2210.523208236082
 20
236.67494565630136
 10
2209.49924241561
 20
234.20282853858666
 10
2209.1500000002766
 20
231.5499246992954
 10
2209.4992813942117
 20
228.8970259916466
 10
2210.5232835369466
 20
226.42492391914462
 10
2212.152222050192
 20
224.30208893609492
 10
2214.27508695001
 20
222.67318941116562
 10
2216.7472078289447
 20
221.64923267129328
 10
2219.400112951057
 20
221.30000000062236
 10
2222.0530103757055
 20
221.64929113919624
 10
2224.525108686821
 20
222.67330236246207
 10
2226.6479376864313
 20
224.3022486733049
 10
2228.2768294136313
 20
226.42511955639057
 10
2229.3007770728896
 20
228.89724419651154
 97
0
 75
1
 76
1
 98
0
  0
CIRCLE
  5
6F4A
330
17
100
AcDbEntity
  8
A-EQUIPO-FINO
100
AcDbCircle
 10
2219.4
 20
231.55
 30
0.0
 40
10.25
  0
HATCH
  5
6F4B
330
17
100
AcDbEntity
  8
A-RELLENO
 62
7
420
16635562
100
AcDbHatch
 10
0.0
 20
0.0
 30
0.0
210
0.0
220
0.0
230
1.0
  2
SOLID
 70
1
 71
0
 91
1
 92
3
 72
0
 73
1
 93
24
 10
2250.45
 20
231.55
 10
2250.100738095356
 20
234.20290127354164
 10
2249.0767541137247
 20
236.6750108687167
 10
2247.44783119574
 20
238.7978578185596
 10
2245.3249782625435
 20
240.42677293888133
 10
2242.852864906082
 20
241.4507478399401
 10
2240.1999623496476
 20
241.79999999993086
 10
2237.5470623590345
 20
241.4507283506391
 10
2235.074956525179
 20
240.42673528844918
 10
2232.9521155587186
 20
238.79780457282297
 10
2231.323208236082
 20
236.67494565630136
 10
2230.2992424156096
 20
234.20282853858666
 10
2229.9500000002763
 20
231.5499246992954
 10
2230.2992813942114
 20
228.8970259916466
 10
2231.3232835369463
 20
226.42492391914462
 10
2232.9522220501917
 20
224.30208893609492
 10
2235.07508695001
 20
222.67318941116562
 10
2237.5472078289445
 20
221.64923267129328
 10
2240.200112951057
 20
221.30000000062236
 10
2242.8530103757053
 20
221.64929113919624
 10
2245.325108686821
 20
222.67330236246207
 10
2247.447937686431
 20
224.3022486733049
 10
2249.076829413631
 20
226.42511955639057
 10
2250.1007770728893
 20
228.89724419651154
 97
0
 75
1
 76
1
 98
0
  0
CIRCLE
  5
6F4C
330
17
100
AcDbEntity
  8
A-EQUIPO-FINO
100
AcDbCircle
 10
2240.2
 20
231.55
 30
0.0
 40
10.25
  0
HATCH
  5
6F4D
330
17
100
AcDbEntity
  8
A-RELLENO
 62
7
420
16635562
100
AcDbHatch
 10
0.0
 20
0.0
 30
0.0
210
0.0
220
0.0
230
1.0
  2
SOLID
 70
1
 71
0
 91
1
 92
3
 72
0
 73
1
 93
24
 10
2271.25
 20
231.55
 10
2270.9007380953562
 20
234.20290127354164
 10
2269.876754113725
 20
236.6750108687167
 10
2268.24783119574
 20
238.7978578185596
 10
2266.1249782625437
 20
240.42677293888133
 10
2263.652864906082
 20
241.4507478399401
 10
2260.999962349648
 20
241.79999999993086
 10
2258.3470623590347
 20
241.4507283506391
 10
2255.874956525179
 20
240.42673528844918
 10
2253.7521155587187
 20
238.79780457282297
 10
2252.123208236082
 20
236.67494565630136
 10
2251.0992424156098
 20
234.20282853858666
 10
2250.7500000002765
 20
231.5499246992954
 10
2251.0992813942116
 20
228.8970259916466
 10
2252.1232835369465
 20
226.42492391914462
 10
2253.752222050192
 20
224.30208893609492
 10
2255.87508695001
 20
222.67318941116562
 10
2258.3472078289446
 20
221.64923267129328
 10
2261.000112951057
 20
221.30000000062236
 10
2263.6530103757054
 20
221.64929113919624
 10
2266.125108686821
 20
222.67330236246207
 10
2268.247937686431
 20
224.3022486733049
 10
2269.876829413631
 20
226.42511955639057
 10
2270.9007770728895
 20
228.89724419651154
 97
0
 75
1
 76
1
 98
0
  0
CIRCLE
  5
6F4E
330
17
100
AcDbEntity
  8
A-EQUIPO-FINO
100
AcDbCircle
 10
2261.0
 20
231.55
 30
0.0
 40
10.25
  0
HATCH
  5
6F4F
330
17
100
AcDbEntity
  8
A-RELLENO
 62
7
420
16635562
100
AcDbHatch
 10
0.0
 20
0.0
 30
0.0
210
0.0
220
0.0
230
1.0
  2
SOLID
 70
1
 71
0
 91
1
 92
3
 72
0
 73
1
 93
24
 10
2292.05
 20
231.55
 10
2291.7007380953564
 20
234.20290127354164
 10
2290.676754113725
 20
236.6750108687167
 10
2289.0478311957404
 20
238.7978578185596
 10
2286.924978262544
 20
240.42677293888133
 10
2284.452864906082
 20
241.4507478399401
 10
2281.799962349648
 20
241.79999999993086
 10
2279.147062359035
 20
241.4507283506391
 10
2276.6749565251794
 20
240.42673528844918
 10
2274.552115558719
 20
238.79780457282297
 10
2272.9232082360822
 20
236.67494565630136
 10
2271.89924241561
 20
234.20282853858666
 10
2271.5500000002767
 20
231.5499246992954
 10
2271.899281394212
 20
228.8970259916466
 10
2272.9232835369467
 20
226.42492391914462
 10
2274.552222050192
 20
224.30208893609492
 10
2276.67508695001
 20
222.67318941116562
 10
2279.147207828945
 20
221.64923267129328
 10
2281.800112951057
 20
221.30000000062236
 10
2284.4530103757056
 20
221.64929113919624
 10
2286.925108686821
 20
222.67330236246207
 10
2289.0479376864314
 20
224.3022486733049
 10
2290.6768294136314
 20
226.42511955639057
 10
2291.7007770728897
 20
228.89724419651154
 97
0
 75
1
 76
1
 98
0
  0
CIRCLE
  5
6F50
330
17
100
AcDbEntity
  8
A-EQUIPO-FINO
100
AcDbCircle
 10
2281.8
 20
231.55
 30
0.0
 40
10.25
  0
TEXT
  5
6F51
330
17
100
AcDbEntity
  8
A-TEXTO
100
AcDbText
 10
2206.0
 20
246.0
 30
0.0
 40
2.1
  1
Fondo 10 kg: Ø 205 en fleje 2,00 × 249 - paso 208,0 - aprovech. 63,7 %
  7
ISO3098
 11
2206.0
 21
246.0
 31
0.0
100
AcDbText
 73
1
  0
TEXT
  5
6F52
330
17
100
AcDbEntity
  8
A-TEXTO
100
AcDbText
 10
1624.0
 20
186.0
 30
0.0
 40
3.0
  1
Cuerpo de 1 kg: caño Ø76,2 × 1,25 × 6000 (1:20)
  7
ISO3098
 11
1624.0
 21
186.0
 31
0.0
100
AcDbText
 73
1
  0
LWPOLYLINE
  5
6F53
330
17
100
AcDbEntity
  8
A-EQUIPO
100
AcDbPolyline
 90
4
 70
1
 10
1624.0
 20
174.38
 10
1924.0
 20
174.38
 10
1924.0
 20
182.0
 10
1624.0
 20
182.0
  0
HATCH
  5
6F54
330
17
100
AcDbEntity
  8
A-RELLENO
 62
7
420
16635562
100
AcDbHatch
 10
0.0
 20
0.0
 30
0.0
210
0.0
220
0.0
230
1.0
  2
SOLID
 70
1
 71
0
 91
1
 92
3
 72
0
 73
1
 93
4
 10
1624.0
 20
174.38
 10
1636.75
 20
174.38
 10
1636.75
 20
182.0
 10
1624.0
 20
182.0
 97
0
 75
1
 76
1
 98
0
  0
LWPOLYLINE
  5
6F55
330
17
100
AcDbEntity
  8
A-EQUIPO-FINO
100
AcDbPolyline
 90
4
 70
1
 10
1624.0
 20
174.38
 10
1636.75
 20
174.38
 10
1636.75
 20
182.0
 10
1624.0
 20
182.0
  0
HATCH
  5
6F56
330
17
100
AcDbEntity
  8
A-RELLENO
 62
7
420
16635562
100
AcDbHatch
 10
0.0
 20
0.0
 30
0.0
210
0.0
220
0.0
230
1.0
  2
SOLID
 70
1
 71
0
 91
1
 92
3
 72
0
 73
1
 93
4
 10
1636.75
 20
174.38
 10
1649.5
 20
174.38
 10
1649.5
 20
182.0
 10
1636.75
 20
182.0
 97
0
 75
1
 76
1
 98
0
  0
LWPOLYLINE
  5
6F57
330
17
100
AcDbEntity
  8
A-EQUIPO-FINO
100
AcDbPolyline
 90
4
 70
1
 10
1636.75
 20
174.38
 10
1649.5
 20
174.38
 10
1649.5
 20
182.0
 10
1636.75
 20
182.0
  0
HATCH
  5
6F58
330
17
100
AcDbEntity
  8
A-RELLENO
 62
7
420
16635562
100
AcDbHatch
 10
0.0
 20
0.0
 30
0.0
210
0.0
220
0.0
230
1.0
  2
SOLID
 70
1
 71
0
 91
1
 92
3
 72
0
 73
1
 93
4
 10
1649.5
 20
174.38
 10
1662.25
 20
174.38
 10
1662.25
 20
182.0
 10
1649.5
 20
182.0
 97
0
 75
1
 76
1
 98
0
  0
LWPOLYLINE
  5
6F59
330
17
100
AcDbEntity
  8
A-EQUIPO-FINO
100
AcDbPolyline
 90
4
 70
1
 10
1649.5
 20
174.38
 10
1662.25
 20
174.38
 10
1662.25
 20
182.0
 10
1649.5
 20
182.0
  0
HATCH
  5
6F5A
330
17
100
AcDbEntity
  8
A-RELLENO
 62
7
420
16635562
100
AcDbHatch
 10
0.0
 20
0.0
 30
0.0
210
0.0
220
0.0
230
1.0
  2
SOLID
 70
1
 71
0
 91
1
 92
3
 72
0
 73
1
 93
4
 10
1662.25
 20
174.38
 10
1675.0
 20
174.38
 10
1675.0
 20
182.0
 10
1662.25
 20
182.0
 97
0
 75
1
 76
1
 98
0
  0
LWPOLYLINE
  5
6F5B
330
17
100
AcDbEntity
  8
A-EQUIPO-FINO
100
AcDbPolyline
 90
4
 70
1
 10
1662.25
 20
174.38
 10
1675.0
 20
174.38
 10
1675.0
 20
182.0
 10
1662.25
 20
182.0
  0
HATCH
  5
6F5C
330
17
100
AcDbEntity
  8
A-RELLENO
 62
7
420
16635562
100
AcDbHatch
 10
0.0
 20
0.0
 30
0.0
210
0.0
220
0.0
230
1.0
  2
SOLID
 70
1
 71
0
 91
1
 92
3
 72
0
 73
1
 93
4
 10
1675.0
 20
174.38
 10
1687.75
 20
174.38
 10
1687.75
 20
182.0
 10
1675.0
 20
182.0
 97
0
 75
1
 76
1
 98
0
  0
LWPOLYLINE
  5
6F5D
330
17
100
AcDbEntity
  8
A-EQUIPO-FINO
100
AcDbPolyline
 90
4
 70
1
 10
1675.0
 20
174.38
 10
1687.75
 20
174.38
 10
1687.75
 20
182.0
 10
1675.0
 20
182.0
  0
HATCH
  5
6F5E
330
17
100
AcDbEntity
  8
A-RELLENO
 62
7
420
16635562
100
AcDbHatch
 10
0.0
 20
0.0
 30
0.0
210
0.0
220
0.0
230
1.0
  2
SOLID
 70
1
 71
0
 91
1
 92
3
 72
0
 73
1
 93
4
 10
1687.75
 20
174.38
 10
1700.5
 20
174.38
 10
1700.5
 20
182.0
 10
1687.75
 20
182.0
 97
0
 75
1
 76
1
 98
0
  0
LWPOLYLINE
  5
6F5F
330
17
100
AcDbEntity
  8
A-EQUIPO-FINO
100
AcDbPolyline
 90
4
 70
1
 10
1687.75
 20
174.38
 10
1700.5
 20
174.38
 10
1700.5
 20
182.0
 10
1687.75
 20
182.0
  0
HATCH
  5
6F60
330
17
100
AcDbEntity
  8
A-RELLENO
 62
7
420
16635562
100
AcDbHatch
 10
0.0
 20
0.0
 30
0.0
210
0.0
220
0.0
230
1.0
  2
SOLID
 70
1
 71
0
 91
1
 92
3
 72
0
 73
1
 93
4
 10
1700.5
 20
174.38
 10
1713.25
 20
174.38
 10
1713.25
 20
182.0
 10
1700.5
 20
182.0
 97
0
 75
1
 76
1
 98
0
  0
LWPOLYLINE
  5
6F61
330
17
100
AcDbEntity
  8
A-EQUIPO-FINO
100
AcDbPolyline
 90
4
 70
1
 10
1700.5
 20
174.38
 10
1713.25
 20
174.38
 10
1713.25
 20
182.0
 10
1700.5
 20
182.0
  0
HATCH
  5
6F62
330
17
100
AcDbEntity
  8
A-RELLENO
 62
7
420
16635562
100
AcDbHatch
 10
0.0
 20
0.0
 30
0.0
210
0.0
220
0.0
230
1.0
  2
SOLID
 70
1
 71
0
 91
1
 92
3
 72
0
 73
1
 93
4
 10
1713.25
 20
174.38
 10
1726.0
 20
174.38
 10
1726.0
 20
182.0
 10
1713.25
 20
182.0
 97
0
 75
1
 76
1
 98
0
  0
LWPOLYLINE
  5
6F63
330
17
100
AcDbEntity
  8
A-EQUIPO-FINO
100
AcDbPolyline
 90
4
 70
1
 10
1713.25
 20
174.38
 10
1726.0
 20
174.38
 10
1726.0
 20
182.0
 10
1713.25
 20
182.0
  0
HATCH
  5
6F64
330
17
100
AcDbEntity
  8
A-RELLENO
 62
7
420
16635562
100
AcDbHatch
 10
0.0
 20
0.0
 30
0.0
210
0.0
220
0.0
230
1.0
  2
SOLID
 70
1
 71
0
 91
1
 92
3
 72
0
 73
1
 93
4
 10
1726.0
 20
174.38
 10
1738.75
 20
174.38
 10
1738.75
 20
182.0
 10
1726.0
 20
182.0
 97
0
 75
1
 76
1
 98
0
  0
LWPOLYLINE
  5
6F65
330
17
100
AcDbEntity
  8
A-EQUIPO-FINO
100
AcDbPolyline
 90
4
 70
1
 10
1726.0
 20
174.38
 10
1738.75
 20
174.38
 10
1738.75
 20
182.0
 10
1726.0
 20
182.0
  0
HATCH
  5
6F66
330
17
100
AcDbEntity
  8
A-RELLENO
 62
7
420
16635562
100
AcDbHatch
 10
0.0
 20
0.0
 30
0.0
210
0.0
220
0.0
230
1.0
  2
SOLID
 70
1
 71
0
 91
1
 92
3
 72
0
 73
1
 93
4
 10
1738.75
 20
174.38
 10
1751.5
 20
174.38
 10
1751.5
 20
182.0
 10
1738.75
 20
182.0
 97
0
 75
1
 76
1
 98
0
  0
LWPOLYLINE
  5
6F67
330
17
100
AcDbEntity
  8
A-EQUIPO-FINO
100
AcDbPolyline
 90
4
 70
1
 10
1738.75
 20
174.38
 10
1751.5
 20
174.38
 10
1751.5
 20
182.0
 10
1738.75
 20
182.0
  0
HATCH
  5
6F68
330
17
100
AcDbEntity
  8
A-RELLENO
 62
7
420
16635562
100
AcDbHatch
 10
0.0
 20
0.0
 30
0.0
210
0.0
220
0.0
230
1.0
  2
SOLID
 70
1
 71
0
 91
1
 92
3
 72
0
 73
1
 93
4
 10
1751.5
 20
174.38
 10
1764.25
 20
174.38
 10
1764.25
 20
182.0
 10
1751.5
 20
182.0
 97
0
 75
1
 76
1
 98
0
  0
LWPOLYLINE
  5
6F69
330
17
100
AcDbEntity
  8
A-EQUIPO-FINO
100
AcDbPolyline
 90
4
 70
1
 10
1751.5
 20
174.38
 10
1764.25
 20
174.38
 10
1764.25
 20
182.0
 10
1751.5
 20
182.0
  0
HATCH
  5
6F6A
330
17
100
AcDbEntity
  8
A-RELLENO
 62
7
420
16635562
100
AcDbHatch
 10
0.0
 20
0.0
 30
0.0
210
0.0
220
0.0
230
1.0
  2
SOLID
 70
1
 71
0
 91
1
 92
3
 72
0
 73
1
 93
4
 10
1764.25
 20
174.38
 10
1777.0
 20
174.38
 10
1777.0
 20
182.0
 10
1764.25
 20
182.0
 97
0
 75
1
 76
1
 98
0
  0
LWPOLYLINE
  5
6F6B
330
17
100
AcDbEntity
  8
A-EQUIPO-FINO
100
AcDbPolyline
 90
4
 70
1
 10
1764.25
 20
174.38
 10
1777.0
 20
174.38
 10
1777.0
 20
182.0
 10
1764.25
 20
182.0
  0
HATCH
  5
6F6C
330
17
100
AcDbEntity
  8
A-RELLENO
 62
7
420
16635562
100
AcDbHatch
 10
0.0
 20
0.0
 30
0.0
210
0.0
220
0.0
230
1.0
  2
SOLID
 70
1
 71
0
 91
1
 92
3
 72
0
 73
1
 93
4
 10
1777.0
 20
174.38
 10
1789.75
 20
174.38
 10
1789.75
 20
182.0
 10
1777.0
 20
182.0
 97
0
 75
1
 76
1
 98
0
  0
LWPOLYLINE
  5
6F6D
330
17
100
AcDbEntity
  8
A-EQUIPO-FINO
100
AcDbPolyline
 90
4
 70
1
 10
1777.0
 20
174.38
 10
1789.75
 20
174.38
 10
1789.75
 20
182.0
 10
1777.0
 20
182.0
  0
HATCH
  5
6F6E
330
17
100
AcDbEntity
  8
A-RELLENO
 62
7
420
16635562
100
AcDbHatch
 10
0.0
 20
0.0
 30
0.0
210
0.0
220
0.0
230
1.0
  2
SOLID
 70
1
 71
0
 91
1
 92
3
 72
0
 73
1
 93
4
 10
1789.75
 20
174.38
 10
1802.5
 20
174.38
 10
1802.5
 20
182.0
 10
1789.75
 20
182.0
 97
0
 75
1
 76
1
 98
0
  0
LWPOLYLINE
  5
6F6F
330
17
100
AcDbEntity
  8
A-EQUIPO-FINO
100
AcDbPolyline
 90
4
 70
1
 10
1789.75
 20
174.38
 10
1802.5
 20
174.38
 10
1802.5
 20
182.0
 10
1789.75
 20
182.0
  0
HATCH
  5
6F70
330
17
100
AcDbEntity
  8
A-RELLENO
 62
7
420
16635562
100
AcDbHatch
 10
0.0
 20
0.0
 30
0.0
210
0.0
220
0.0
230
1.0
  2
SOLID
 70
1
 71
0
 91
1
 92
3
 72
0
 73
1
 93
4
 10
1802.5
 20
174.38
 10
1815.25
 20
174.38
 10
1815.25
 20
182.0
 10
1802.5
 20
182.0
 97
0
 75
1
 76
1
 98
0
  0
LWPOLYLINE
  5
6F71
330
17
100
AcDbEntity
  8
A-EQUIPO-FINO
100
AcDbPolyline
 90
4
 70
1
 10
1802.5
 20
174.38
 10
1815.25
 20
174.38
 10
1815.25
 20
182.0
 10
1802.5
 20
182.0
  0
HATCH
  5
6F72
330
17
100
AcDbEntity
  8
A-RELLENO
 62
7
420
16635562
100
AcDbHatch
 10
0.0
 20
0.0
 30
0.0
210
0.0
220
0.0
230
1.0
  2
SOLID
 70
1
 71
0
 91
1
 92
3
 72
0
 73
1
 93
4
 10
1815.25
 20
174.38
 10
1828.0
 20
174.38
 10
1828.0
 20
182.0
 10
1815.25
 20
182.0
 97
0
 75
1
 76
1
 98
0
  0
LWPOLYLINE
  5
6F73
330
17
100
AcDbEntity
  8
A-EQUIPO-FINO
100
AcDbPolyline
 90
4
 70
1
 10
1815.25
 20
174.38
 10
1828.0
 20
174.38
 10
1828.0
 20
182.0
 10
1815.25
 20
182.0
  0
HATCH
  5
6F74
330
17
100
AcDbEntity
  8
A-RELLENO
 62
7
420
16635562
100
AcDbHatch
 10
0.0
 20
0.0
 30
0.0
210
0.0
220
0.0
230
1.0
  2
SOLID
 70
1
 71
0
 91
1
 92
3
 72
0
 73
1
 93
4
 10
1828.0
 20
174.38
 10
1840.75
 20
174.38
 10
1840.75
 20
182.0
 10
1828.0
 20
182.0
 97
0
 75
1
 76
1
 98
0
  0
LWPOLYLINE
  5
6F75
330
17
100
AcDbEntity
  8
A-EQUIPO-FINO
100
AcDbPolyline
 90
4
 70
1
 10
1828.0
 20
174.38
 10
1840.75
 20
174.38
 10
1840.75
 20
182.0
 10
1828.0
 20
182.0
  0
HATCH
  5
6F76
330
17
100
AcDbEntity
  8
A-RELLENO
 62
7
420
16635562
100
AcDbHatch
 10
0.0
 20
0.0
 30
0.0
210
0.0
220
0.0
230
1.0
  2
SOLID
 70
1
 71
0
 91
1
 92
3
 72
0
 73
1
 93
4
 10
1840.75
 20
174.38
 10
1853.5
 20
174.38
 10
1853.5
 20
182.0
 10
1840.75
 20
182.0
 97
0
 75
1
 76
1
 98
0
  0
LWPOLYLINE
  5
6F77
330
17
100
AcDbEntity
  8
A-EQUIPO-FINO
100
AcDbPolyline
 90
4
 70
1
 10
1840.75
 20
174.38
 10
1853.5
 20
174.38
 10
1853.5
 20
182.0
 10
1840.75
 20
182.0
  0
HATCH
  5
6F78
330
17
100
AcDbEntity
  8
A-RELLENO
 62
7
420
16635562
100
AcDbHatch
 10
0.0
 20
0.0
 30
0.0
210
0.0
220
0.0
230
1.0
  2
SOLID
 70
1
 71
0
 91
1
 92
3
 72
0
 73
1
 93
4
 10
1853.5
 20
174.38
 10
1866.25
 20
174.38
 10
1866.25
 20
182.0
 10
1853.5
 20
182.0
 97
0
 75
1
 76
1
 98
0
  0
LWPOLYLINE
  5
6F79
330
17
100
AcDbEntity
  8
A-EQUIPO-FINO
100
AcDbPolyline
 90
4
 70
1
 10
1853.5
 20
174.38
 10
1866.25
 20
174.38
 10
1866.25
 20
182.0
 10
1853.5
 20
182.0
  0
HATCH
  5
6F7A
330
17
100
AcDbEntity
  8
A-RELLENO
 62
7
420
16635562
100
AcDbHatch
 10
0.0
 20
0.0
 30
0.0
210
0.0
220
0.0
230
1.0
  2
SOLID
 70
1
 71
0
 91
1
 92
3
 72
0
 73
1
 93
4
 10
1866.25
 20
174.38
 10
1879.0
 20
174.38
 10
1879.0
 20
182.0
 10
1866.25
 20
182.0
 97
0
 75
1
 76
1
 98
0
  0
LWPOLYLINE
  5
6F7B
330
17
100
AcDbEntity
  8
A-EQUIPO-FINO
100
AcDbPolyline
 90
4
 70
1
 10
1866.25
 20
174.38
 10
1879.0
 20
174.38
 10
1879.0
 20
182.0
 10
1866.25
 20
182.0
  0
HATCH
  5
6F7C
330
17
100
AcDbEntity
  8
A-RELLENO
 62
7
420
16635562
100
AcDbHatch
 10
0.0
 20
0.0
 30
0.0
210
0.0
220
0.0
230
1.0
  2
SOLID
 70
1
 71
0
 91
1
 92
3
 72
0
 73
1
 93
4
 10
1879.0
 20
174.38
 10
1891.75
 20
174.38
 10
1891.75
 20
182.0
 10
1879.0
 20
182.0
 97
0
 75
1
 76
1
 98
0
  0
LWPOLYLINE
  5
6F7D
330
17
100
AcDbEntity
  8
A-EQUIPO-FINO
100
AcDbPolyline
 90
4
 70
1
 10
1879.0
 20
174.38
 10
1891.75
 20
174.38
 10
1891.75
 20
182.0
 10
1879.0
 20
182.0
  0
HATCH
  5
6F7E
330
17
100
AcDbEntity
  8
A-RELLENO
 62
7
420
16635562
100
AcDbHatch
 10
0.0
 20
0.0
 30
0.0
210
0.0
220
0.0
230
1.0
  2
SOLID
 70
1
 71
0
 91
1
 92
3
 72
0
 73
1
 93
4
 10
1891.75
 20
174.38
 10
1904.5
 20
174.38
 10
1904.5
 20
182.0
 10
1891.75
 20
182.0
 97
0
 75
1
 76
1
 98
0
  0
LWPOLYLINE
  5
6F7F
330
17
100
AcDbEntity
  8
A-EQUIPO-FINO
100
AcDbPolyline
 90
4
 70
1
 10
1891.75
 20
174.38
 10
1904.5
 20
174.38
 10
1904.5
 20
182.0
 10
1891.75
 20
182.0
  0
HATCH
  5
6F80
330
17
100
AcDbEntity
  8
A-RELLENO
 62
7
420
16635562
100
AcDbHatch
 10
0.0
 20
0.0
 30
0.0
210
0.0
220
0.0
230
1.0
  2
SOLID
 70
1
 71
0
 91
1
 92
3
 72
0
 73
1
 93
4
 10
1904.5
 20
174.38
 10
1917.25
 20
174.38
 10
1917.25
 20
182.0
 10
1904.5
 20
182.0
 97
0
 75
1
 76
1
 98
0
  0
LWPOLYLINE
  5
6F81
330
17
100
AcDbEntity
  8
A-EQUIPO-FINO
100
AcDbPolyline
 90
4
 70
1
 10
1904.5
 20
174.38
 10
1917.25
 20
174.38
 10
1917.25
 20
182.0
 10
1904.5
 20
182.0
  0
TEXT
  5
6F82
330
17
100
AcDbEntity
  8
A-TEXTO
100
AcDbText
 10
1624.0
 20
171.38
 30
0.0
 40
2.1
  1
23 cuerpos de 255 mm por barra; despunte 135 mm; aprovechamiento 97,8 % (corte láser de tubo, sin sierra).
  7
ISO3098
 11
1624.0
 21
171.38
 31
0.0
100
AcDbText
 73
3
  0
TEXT
  5
6F83
330
17
100
AcDbEntity
  8
A-TEXTO
100
AcDbText
 10
1624.0
 20
168.125
 30
0.0
 40
2.1
  1
Altura de la barra exagerada × 2 para que se vea el corte.
  7
ISO3098
 11
1624.0
 21
168.125
 31
0.0
100
AcDbText
 73
3
  0
TEXT
  5
6F84
330
17
100
AcDbEntity
  8
A-TEXTO
100
AcDbText
 10
1954.0
 20
189.5
 30
0.0
 40
3.0
  1
Resumen
  7
ISO3098
 11
1954.0
 21
189.5
 31
0.0
100
AcDbText
 73
1
  0
LWPOLYLINE
  5
6F85
330
17
100
AcDbEntity
  8
A-COTA
370
35
100
AcDbPolyline
 90
4
 70
1
 10
1954.0
 20
188.0
 10
2094.0
 20
188.0
 10
2094.0
 20
149.0
 10
1954.0
 20
149.0
  0
LINE
  5
6F86
330
17
100
AcDbEntity
  8
A-COTA
370
35
100
AcDbLine
 10
1954.0
 20
184.1
 30
0.0
 11
2094.0
 21
184.1
 31
0.0
  0
LINE
  5
6F87
330
17
100
AcDbEntity
  8
A-COTA
370
13
100
AcDbLine
 10
1954.0
 20
180.2
 30
0.0
 11
2094.0
 21
180.2
 31
0.0
  0
LINE
  5
6F88
330
17
100
AcDbEntity
  8
A-COTA
370
13
100
AcDbLine
 10
1954.0
 20
176.3
 30
0.0
 11
2094.0
 21
176.3
 31
0.0
  0
LINE
  5
6F89
330
17
100
AcDbEntity
  8
A-COTA
370
13
100
AcDbLine
 10
1954.0
 20
172.4
 30
0.0
 11
2094.0
 21
172.4
 31
0.0
  0
LINE
  5
6F8A
330
17
100
AcDbEntity
  8
A-COTA
370
13
100
AcDbLine
 10
1954.0
 20
168.5
 30
0.0
 11
2094.0
 21
168.5
 31
0.0
  0
LINE
  5
6F8B
330
17
100
AcDbEntity
  8
A-COTA
370
13
100
AcDbLine
 10
1954.0
 20
164.6
 30
0.0
 11
2094.0
 21
164.6
 31
0.0
  0
LINE
  5
6F8C
330
17
100
AcDbEntity
  8
A-COTA
370
13
100
AcDbLine
 10
1954.0
 20
160.7
 30
0.0
 11
2094.0
 21
160.7
 31
0.0
  0
LINE
  5
6F8D
330
17
100
AcDbEntity
  8
A-COTA
370
13
100
AcDbLine
 10
1954.0
 20
156.8
 30
0.0
 11
2094.0
 21
156.8
 31
0.0
  0
LINE
  5
6F8E
330
17
100
AcDbEntity
  8
A-COTA
370
13
100
AcDbLine
 10
1954.0
 20
152.9
 30
0.0
 11
2094.0
 21
152.9
 31
0.0
  0
LINE
  5
6F8F
330
17
100
AcDbEntity
  8
A-COTA
370
13
100
AcDbLine
 10
1994.0
 20
188.0
 30
0.0
 11
1994.0
 21
149.0
 31
0.0
  0
LINE
  5
6F90
330
17
100
AcDbEntity
  8
A-COTA
370
13
100
AcDbLine
 10
2052.0
 20
188.0
 30
0.0
 11
2052.0
 21
149.0
 31
0.0
  0
LINE
  5
6F91
330
17
100
AcDbEntity
  8
A-COTA
370
13
100
AcDbLine
 10
2076.0
 20
188.0
 30
0.0
 11
2076.0
 21
149.0
 31
0.0
  0
TEXT
  5
6F92
330
17
100
AcDbEntity
  8
A-TEXTO
100
AcDbText
 10
1954.8
 20
186.05
 30
0.0
 40
1.9
  1
Formato
  7
ISO3098
 11
1954.8
 21
186.05
 31
0.0
100
AcDbText
 73
2
  0
TEXT
  5
6F93
330
17
100
AcDbEntity
  8
A-TEXTO
100
AcDbText
 10
1994.8
 20
186.05
 30
0.0
 40
1.9
  1
Presentación
  7
ISO3098
 11
1994.8
 21
186.05
 31
0.0
100
AcDbText
 73
2
  0
TEXT
  5
6F94
330
17
100
AcDbEntity
  8
A-TEXTO
100
AcDbText
 10
2064.0
 20
186.05
 30
0.0
 40
1.9
  1
Piezas
  7
ISO3098
 72
1
 11
2064.0
 21
186.05
 31
0.0
100
AcDbText
 73
2
  0
TEXT
  5
6F95
330
17
100
AcDbEntity
  8
A-TEXTO
100
AcDbText
 10
2085.0
 20
186.05
 30
0.0
 40
1.9
  1
Aprov. %
  7
ISO3098
 72
1
 11
2085.0
 21
186.05
 31
0.0
100
AcDbText
 73
2
  0
TEXT
  5
6F96
330
17
100
AcDbEntity
  8
A-TEXTO
100
AcDbText
 10
1954.8
 20
182.15
 30
0.0
 40
1.9
  1
Cuerpo 2,5 kg
  7
ISO3098
 11
1954.8
 21
182.15
 31
0.0
100
AcDbText
 73
2
  0
TEXT
  5
6F97
330
17
100
AcDbEntity
  8
A-TEXTO
100
AcDbText
 10
1994.8
 20
182.15
 30
0.0
 40
1.9
  1
Hoja LAF 1,25 × 1220 × 2440
  7
ISO3098
 11
1994.8
 21
182.15
 31
0.0
100
AcDbText
 73
2
  0
TEXT
  5
6F98
330
17
100
AcDbEntity
  8
A-TEXTO
100
AcDbText
 10
2064.0
 20
182.15
 30
0.0
 40
1.9
  1
27
  7
ISO3098
 72
1
 11
2064.0
 21
182.15
 31
0.0
100
AcDbText
 73
2
  0
TEXT
  5
6F99
330
17
100
AcDbEntity
  8
A-TEXTO
100
AcDbText
 10
2085.0
 20
182.15
 30
0.0
 40
1.9
  1
94,2
  7
ISO3098
 72
1
 11
2085.0
 21
182.15
 31
0.0
100
AcDbText
 73
2
  0
TEXT
  5
6F9A
330
17
100
AcDbEntity
  8
A-TEXTO
100
AcDbText
 10
1954.8
 20
178.25
 30
0.0
 40
1.9
  1
Cuerpo 5 kg
  7
ISO3098
 11
1954.8
 21
178.25
 31
0.0
100
AcDbText
 73
2
  0
TEXT
  5
6F9B
330
17
100
AcDbEntity
  8
A-TEXTO
100
AcDbText
 10
1994.8
 20
178.25
 30
0.0
 40
1.9
  1
Hoja LAF 1,60 × 1000 × 2000
  7
ISO3098
 11
1994.8
 21
178.25
 31
0.0
100
AcDbText
 73
2
  0
TEXT
  5
6F9C
330
17
100
AcDbEntity
  8
A-TEXTO
100
AcDbText
 10
2064.0
 20
178.25
 30
0.0
 40
1.9
  1
12
  7
ISO3098
 72
1
 11
2064.0
 21
178.25
 31
0.0
100
AcDbText
 73
2
  0
TEXT
  5
6F9D
330
17
100
AcDbEntity
  8
A-TEXTO
100
AcDbText
 10
2085.0
 20
178.25
 30
0.0
 40
1.9
  1
94,0
  7
ISO3098
 72
1
 11
2085.0
 21
178.25
 31
0.0
100
AcDbText
 73
2
  0
TEXT
  5
6F9E
330
17
100
AcDbEntity
  8
A-TEXTO
100
AcDbText
 10
1954.8
 20
174.35
 30
0.0
 40
1.9
  1
Cuerpo 10 kg
  7
ISO3098
 11
1954.8
 21
174.35
 31
0.0
100
AcDbText
 73
2
  0
TEXT
  5
6F9F
330
17
100
AcDbEntity
  8
A-TEXTO
100
AcDbText
 10
1994.8
 20
174.35
 30
0.0
 40
1.9
  1
Hoja LAF 2,00 × 1500 × 3000
  7
ISO3098
 11
1994.8
 21
174.35
 31
0.0
100
AcDbText
 73
2
  0
TEXT
  5
6FA0
330
17
100
AcDbEntity
  8
A-TEXTO
100
AcDbText
 10
2064.0
 20
174.35
 30
0.0
 40
1.9
  1
15
  7
ISO3098
 72
1
 11
2064.0
 21
174.35
 31
0.0
100
AcDbText
 73
2
  0
TEXT
  5
6FA1
330
17
100
AcDbEntity
  8
A-TEXTO
100
AcDbText
 10
2085.0
 20
174.35
 30
0.0
 40
1.9
  1
92,9
  7
ISO3098
 72
1
 11
2085.0
 21
174.35
 31
0.0
100
AcDbText
 73
2
  0
TEXT
  5
6FA2
330
17
100
AcDbEntity
  8
A-TEXTO
100
AcDbText
 10
1954.8
 20
170.45
 30
0.0
 40
1.9
  1
Cuerpo 25 kg
  7
ISO3098
 11
1954.8
 21
170.45
 31
0.0
100
AcDbText
 73
2
  0
TEXT
  5
6FA3
330
17
100
AcDbEntity
  8
A-TEXTO
100
AcDbText
 10
1994.8
 20
170.45
 30
0.0
 40
1.9
  1
Hoja LAC 3,20 × 1500 × 3000
  7
ISO3098
 11
1994.8
 21
170.45
 31
0.0
100
AcDbText
 73
2
  0
TEXT
  5
6FA4
330
17
100
AcDbEntity
  8
A-TEXTO
100
AcDbText
 10
2064.0
 20
170.45
 30
0.0
 40
1.9
  1
9
  7
ISO3098
 72
1
 11
2064.0
 21
170.45
 31
0.0
100
AcDbText
 73
2
  0
TEXT
  5
6FA5
330
17
100
AcDbEntity
  8
A-TEXTO
100
AcDbText
 10
2085.0
 20
170.45
 30
0.0
 40
1.9
  1
84,1
  7
ISO3098
 72
1
 11
2085.0
 21
170.45
 31
0.0
100
AcDbText
 73
2
  0
TEXT
  5
6FA6
330
17
100
AcDbEntity
  8
A-TEXTO
100
AcDbText
 10
1954.8
 20
166.55
 30
0.0
 40
1.9
  1
Cuerpo 50 kg
  7
ISO3098
 11
1954.8
 21
166.55
 31
0.0
100
AcDbText
 73
2
  0
TEXT
  5
6FA7
330
17
100
AcDbEntity
  8
A-TEXTO
100
AcDbText
 10
1994.8
 20
166.55
 30
0.0
 40
1.9
  1
Hoja LAC 3,20 × 1500 × 3000
  7
ISO3098
 11
1994.8
 21
166.55
 31
0.0
100
AcDbText
 73
2
  0
TEXT
  5
6FA8
330
17
100
AcDbEntity
  8
A-TEXTO
100
AcDbText
 10
2064.0
 20
166.55
 30
0.0
 40
1.9
  1
6
  7
ISO3098
 72
1
 11
2064.0
 21
166.55
 31
0.0
100
AcDbText
 73
2
  0
TEXT
  5
6FA9
330
17
100
AcDbEntity
  8
A-TEXTO
100
AcDbText
 10
2085.0
 20
166.55
 30
0.0
 40
1.9
  1
84,8
  7
ISO3098
 72
1
 11
2085.0
 21
166.55
 31
0.0
100
AcDbText
 73
2
  0
TEXT
  5
6FAA
330
17
100
AcDbEntity
  8
A-TEXTO
100
AcDbText
 10
1954.8
 20
162.65
 30
0.0
 40
1.9
  1
Cuerpo 70 kg
  7
ISO3098
 11
1954.8
 21
162.65
 31
0.0
100
AcDbText
 73
2
  0
TEXT
  5
6FAB
330
17
100
AcDbEntity
  8
A-TEXTO
100
AcDbText
 10
1994.8
 20
162.65
 30
0.0
 40
1.9
  1
Hoja LAC 4,75 × 1500 × 3000
  7
ISO3098
 11
1994.8
 21
162.65
 31
0.0
100
AcDbText
 73
2
  0
TEXT
  5
6FAC
330
17
100
AcDbEntity
  8
A-TEXTO
100
AcDbText
 10
2064.0
 20
162.65
 30
0.0
 40
1.9
  1
4
  7
ISO3098
 72
1
 11
2064.0
 21
162.65
 31
0.0
100
AcDbText
 73
2
  0
TEXT
  5
6FAD
330
17
100
AcDbEntity
  8
A-TEXTO
100
AcDbText
 10
2085.0
 20
162.65
 30
0.0
 40
1.9
  1
73,3
  7
ISO3098
 72
1
 11
2085.0
 21
162.65
 31
0.0
100
AcDbText
 73
2
  0
TEXT
  5
6FAE
330
17
100
AcDbEntity
  8
A-TEXTO
100
AcDbText
 10
1954.8
 20
158.75
 30
0.0
 40
1.9
  1
Cuerpo 100 kg
  7
ISO3098
 11
1954.8
 21
158.75
 31
0.0
100
AcDbText
 73
2
  0
TEXT
  5
6FAF
330
17
100
AcDbEntity
  8
A-TEXTO
100
AcDbText
 10
1994.8
 20
158.75
 30
0.0
 40
1.9
  1
Hoja LAC 4,75 × 1500 × 3000
  7
ISO3098
 11
1994.8
 21
158.75
 31
0.0
100
AcDbText
 73
2
  0
TEXT
  5
6FB0
330
17
100
AcDbEntity
  8
A-TEXTO
100
AcDbText
 10
2064.0
 20
158.75
 30
0.0
 40
1.9
  1
3
  7
ISO3098
 72
1
 11
2064.0
 21
158.75
 31
0.0
100
AcDbText
 73
2
  0
TEXT
  5
6FB1
330
17
100
AcDbEntity
  8
A-TEXTO
100
AcDbText
 10
2085.0
 20
158.75
 30
0.0
 40
1.9
  1
72,7
  7
ISO3098
 72
1
 11
2085.0
 21
158.75
 31
0.0
100
AcDbText
 73
2
  0
TEXT
  5
6FB2
330
17
100
AcDbEntity
  8
A-TEXTO
100
AcDbText
 10
1954.8
 20
154.85
 30
0.0
 40
1.9
  1
Cuerpo Mixta 70 + 100 kg
  7
ISO3098
 11
1954.8
 21
154.85
 31
0.0
100
AcDbText
 73
2
  0
TEXT
  5
6FB3
330
17
100
AcDbEntity
  8
A-TEXTO
100
AcDbText
 10
1994.8
 20
154.85
 30
0.0
 40
1.9
  1
Hoja LAC 4,75 × 1500 × 3000
  7
ISO3098
 11
1994.8
 21
154.85
 31
0.0
100
AcDbText
 73
2
  0
TEXT
  5
6FB4
330
17
100
AcDbEntity
  8
A-TEXTO
100
AcDbText
 10
2064.0
 20
154.85
 30
0.0
 40
1.9
  1
4
  7
ISO3098
 72
1
 11
2064.0
 21
154.85
 31
0.0
100
AcDbText
 73
2
  0
TEXT
  5
6FB5
330
17
100
AcDbEntity
  8
A-TEXTO
100
AcDbText
 10
2085.0
 20
154.85
 30
0.0
 40
1.9
  1
79,2
  7
ISO3098
 72
1
 11
2085.0
 21
154.85
 31
0.0
100
AcDbText
 73
2
  0
TEXT
  5
6FB6
330
17
100
AcDbEntity
  8
A-TEXTO
100
AcDbText
 10
1954.8
 20
150.95
 30
0.0
 40
1.9
  1
Cuerpo 1 kg
  7
ISO3098
 11
1954.8
 21
150.95
 31
0.0
100
AcDbText
 73
2
  0
TEXT
  5
6FB7
330
17
100
AcDbEntity
  8
A-TEXTO
100
AcDbText
 10
1994.8
 20
150.95
 30
0.0
 40
1.9
  1
Caño Ø76,2 × 1,25 × 6 m
  7
ISO3098
 11
1994.8
 21
150.95
 31
0.0
100
AcDbText
 73
2
  0
TEXT
  5
6FB8
330
17
100
AcDbEntity
  8
A-TEXTO
100
AcDbText
 10
2064.0
 20
150.95
 30
0.0
 40
1.9
  1
23
  7
ISO3098
 72
1
 11
2064.0
 21
150.95
 31
0.0
100
AcDbText
 73
2
  0
TEXT
  5
6FB9
330
17
100
AcDbEntity
  8
A-TEXTO
100
AcDbText
 10
2085.0
 20
150.95
 30
0.0
 40
1.9
  1
97,8
  7
ISO3098
 72
1
 11
2085.0
 21
150.95
 31
0.0
100
AcDbText
 73
2
  0
TEXT
  5
6FBA
330
17
100
AcDbEntity
  8
A-TEXTO
100
AcDbText
 10
2100.0
 20
188.0
 30
0.0
 40
2.0
  1
Aprovechamiento global de chapa (2035): 82,8 % (Comparacion_corte, Resumen D).
  7
ISO3098
 11
2100.0
 21
188.0
 31
0.0
100
AcDbText
 73
3
  0
TEXT
  5
6FBB
330
17
100
AcDbEntity
  8
A-TEXTO
100
AcDbText
 10
2100.0
 20
184.9
 30
0.0
 40
2.0
  1
Los manuales (93-94 %) son el 96 % del volumen. Los rodantes quedan en 73-85 %: sólo
  7
ISO3098
 11
2100.0
 21
184.9
 31
0.0
100
AcDbText
 73
3
  0
TEXT
  5
6FBC
330
17
100
AcDbEntity
  8
A-TEXTO
100
AcDbText
 10
2100.0
 20
181.8
 30
0.0
 40
2.0
  1
se cotizaron hojas LAC de 1500 × 3000; con hojas de 1000 × 2000 el 50 kg llegaría a 95 %.
  7
ISO3098
 11
2100.0
 21
181.8
 31
0.0
100
AcDbText
 73
3
  0
TEXT
  5
6FBD
330
17
100
AcDbEntity
  8
A-TEXTO
100
AcDbText
 10
2100.0
 20
178.70000000000002
 30
0.0
 40
2.0
  1
El 70 kg se corta siempre en la hoja mixta (pieza de 1212 mm más larga que el tope de 1000).
  7
ISO3098
 11
2100.0
 21
178.70000000000002
 31
0.0
100
AcDbText
 73
3
  0
TEXT
  5
6FBE
330
17
100
AcDbEntity
  8
A-TEXTO
100
AcDbText
 10
2100.0
 20
175.60000000000002
 30
0.0
 40
2.0
  1
Un troquel de 2 filas escalonadas subiría 8-10 puntos el aprovechamiento de los discos.
  7
ISO3098
 11
2100.0
 21
175.60000000000002
 31
0.0
100
AcDbText
 73
3
  0
VIEWPORT
  5
6FC3
330
6FBF
100
AcDbEntity
 67
1
  8
VIEWPORTS
100
AcDbViewport
 10
913152.0
 20
645888.0
 30
0.0
 40
2008934.4000000001
 41
1420953.6
 68
1
 69
1
 12
913152.0
 22
645888.0
 13
0.0
 23
0.0
 14
10.0
 24
10.0
 15
10.0
 25
10.0
 16
0.0
 26
0.0
 36
1.0
 17
0.0
 27
0.0
 37
0.0
 42
50.0
 43
0.0
 44
0.0
 45
1420953.6
 50
0.0
 51
0.0
 72
100
 90
557088
  1

281
0
 71
0
 74
0
110
0.0
120
0.0
130
0.0
111
1.0
121
0.0
131
0.0
112
0.0
122
1.0
132
0.0
 79
0
146
0.0
282
0
  0
VIEWPORT
  5
6FC4
330
6FBF
100
AcDbEntity
 67
1
  8
VIEWPORTS
100
AcDbViewport
 10
594.5
 20
420.5
 30
0.0
 40
1189.0
 41
841.0
 68
2
 69
3
 12
594.5
 22
420.5
 13
0.0
 23
0.0
 14
10.0
 24
10.0
 15
10.0
 25
10.0
 16
0.0
 26
0.0
 36
1.0
 17
0.0
 27
0.0
 37
0.0
 42
50.0
 43
0.0
 44
0.0
 45
841.0
 50
0.0
 51
0.0
 72
100
 90
0
  1

281
0
 71
0
 74
0
110
0.0
120
0.0
130
0.0
111
1.0
121
0.0
131
0.0
112
0.0
122
1.0
132
0.0
 79
0
146
0.0
282
0
  0
ENDSEC
  0
SECTION
  2
OBJECTS
  0
DICTIONARY
  5
A
330
0
100
AcDbDictionary
281
1
  3
ACAD_COLOR
350
B
  3
ACAD_GROUP
350
C
  3
ACAD_LAYOUT
350
D
  3
ACAD_MATERIAL
350
E
  3
ACAD_MLEADERSTYLE
350
F
  3
ACAD_MLINESTYLE
350
10
  3
ACAD_PLOTSETTINGS
350
11
  3
ACAD_PLOTSTYLENAME
350
12
  3
ACAD_SCALELIST
350
14
  3
ACAD_TABLESTYLE
350
15
  3
ACAD_VISUALSTYLE
350
16
  3
EZDXF_META
350
2D
  0
DICTIONARY
  5
B
330
A
100
AcDbDictionary
281
1
  0
DICTIONARY
  5
C
330
A
100
AcDbDictionary
281
1
  0
DICTIONARY
  5
D
330
A
100
AcDbDictionary
281
1
  3
Model
350
1A
  3
FL_PI_04-1
350
6FC2
  3
FL_PI_04-2
350
6FC8
  0
DICTIONARY
  5
E
330
A
100
AcDbDictionary
281
1
  3
ByBlock
350
1F
  3
ByLayer
350
20
  3
Global
350
21
  0
DICTIONARY
  5
F
330
A
100
AcDbDictionary
281
1
  3
Standard
350
2C
  0
DICTIONARY
  5
10
330
A
100
AcDbDictionary
281
1
  3
Standard
350
22
  0
DICTIONARY
  5
11
330
A
100
AcDbDictionary
281
1
  0
ACDBDICTIONARYWDFLT
  5
12
330
A
100
AcDbDictionary
281
1
  3
Normal
350
13
100
AcDbDictionaryWithDefault
340
13
  0
ACDBPLACEHOLDER
  5
13
330
12
  0
DICTIONARY
  5
14
330
A
100
AcDbDictionary
281
1
  0
DICTIONARY
  5
15
330
A
100
AcDbDictionary
281
1
  0
DICTIONARY
  5
16
330
A
100
AcDbDictionary
281
1
  0
LAYOUT
  5
1A
330
D
100
AcDbPlotSettings
  1

  4
A3
  6

 40
7.5
 41
20.0
 42
7.5
 43
20.0
 44
420.0
 45
297.0
 46
0.0
 47
0.0
 48
0.0
 49
0.0
140
0.0
141
0.0
142
1.0
143
1.0
 70
1024
 72
1
 73
0
 74
5
  7

 75
16
 76
0
 77
2
 78
300
147
1.0
148
0.0
149
0.0
100
AcDbLayout
  1
Model
 70
1
 71
0
 10
0.0
 20
0.0
 11
420.0
 21
297.0
 12
0.0
 22
0.0
 32
0.0
 14
1e+20
 24
1e+20
 34
1e+20
 15
-1e+20
 25
-1e+20
 35
-1e+20
146
0.0
 13
0.0
 23
0.0
 33
0.0
 16
1.0
 26
0.0
 36
0.0
 17
0.0
 27
1.0
 37
0.0
 76
1
330
17
  0
MATERIAL
  5
1F
102
{ACAD_REACTORS
330
E
102
}
330
E
100
AcDbMaterial
  1
ByBlock
  2

 70
0
 40
1.0
 71
1
 41
1.0
 91
-1023410177
 42
1.0
 72
1
  3

 73
1
 74
1
 75
1
 44
0.5
 73
0
 45
1.0
 46
1.0
 77
1
  4

 78
1
 79
1
170
1
 48
1.0
171
1
  6

172
1
173
1
174
1
140
1.0
141
1.0
175
1
  7

176
1
177
1
178
1
143
1.0
179
1
  8

270
1
271
1
272
1
145
1.0
146
1.0
273
1
  9

274
1
275
1
276
1
 42
1.0
 72
1
  3

 73
1
 74
1
 75
1
 94
63
  0
MATERIAL
  5
20
102
{ACAD_REACTORS
330
E
102
}
330
E
100
AcDbMaterial
  1
ByLayer
  2

 70
0
 40
1.0
 71
1
 41
1.0
 91
-1023410177
 42
1.0
 72
1
  3

 73
1
 74
1
 75
1
 44
0.5
 73
0
 45
1.0
 46
1.0
 77
1
  4

 78
1
 79
1
170
1
 48
1.0
171
1
  6

172
1
173
1
174
1
140
1.0
141
1.0
175
1
  7

176
1
177
1
178
1
143
1.0
179
1
  8

270
1
271
1
272
1
145
1.0
146
1.0
273
1
  9

274
1
275
1
276
1
 42
1.0
 72
1
  3

 73
1
 74
1
 75
1
 94
63
  0
MATERIAL
  5
21
102
{ACAD_REACTORS
330
E
102
}
330
E
100
AcDbMaterial
  1
Global
  2

 70
0
 40
1.0
 71
1
 41
1.0
 91
-1023410177
 42
1.0
 72
1
  3

 73
1
 74
1
 75
1
 44
0.5
 73
0
 45
1.0
 46
1.0
 77
1
  4

 78
1
 79
1
170
1
 48
1.0
171
1
  6

172
1
173
1
174
1
140
1.0
141
1.0
175
1
  7

176
1
177
1
178
1
143
1.0
179
1
  8

270
1
271
1
272
1
145
1.0
146
1.0
273
1
  9

274
1
275
1
276
1
 42
1.0
 72
1
  3

 73
1
 74
1
 75
1
 94
63
  0
MLINESTYLE
  5
22
102
{ACAD_REACTORS
330
10
102
}
330
10
100
AcDbMlineStyle
  2
Standard
 70
0
  3

 62
256
 51
90.0
 52
90.0
 71
2
 49
0.5
 62
256
  6
BYLAYER
 49
-0.5
 62
256
  6
BYLAYER
  0
MLEADERSTYLE
  5
2C
102
{ACAD_REACTORS
330
F
102
}
330
F
100
AcDbMLeaderStyle
179
2
170
2
171
1
172
0
 90
2
 40
0.0
 41
0.0
173
1
 91
-1056964608
 92
-2
290
1
 42
2.0
291
1
 43
8.0
  3
Standard
 44
4.0
300

342
29
174
1
175
1
176
0
178
1
 93
-1056964608
 45
4.0
292
0
297
0
 46
4.0
 94
-1056964608
 47
1.0
 49
1.0
140
1.0
294
1
141
0.0
177
0
142
1.0
295
0
296
0
143
3.75
271
0
272
9
273
9
  0
DICTIONARY
  5
2D
330
A
100
AcDbDictionary
280
1
281
1
  3
CREATED_BY_EZDXF
350
2E
  3
WRITTEN_BY_EZDXF
350
6FCD
  0
DICTIONARYVAR
  5
2E
330
2D
100
DictionaryVariables
280
0
  1
1.4.4 @ 2026-10-03T00:00:23.552352+00:00
  0
LAYOUT
  5
6FC2
330
D
100
AcDbPlotSettings
  1

  2
DWG To PDF.pc3
  4
ISO_full_bleed_A0_(1189.00_x_841.00_MM)_(1189.00_x_841.00_MM)
  6

 40
0.0
 41
0.0
 42
0.0
 43
0.0
 44
1189.0
 45
841.0
 46
0.0
 47
0.0
 48
0.0
 49
0.0
140
0.0
141
0.0
142
0.0078125
143
12.0
 70
672
 72
1
 73
0
 74
5
  7

 75
1
 76
0
 77
2
 78
300
147
1.0
148
0.0
149
0.0
100
AcDbLayout
  1
FL_PI_04-1
 70
1
 71
3
 10
-0.0
 20
-0.0
 11
1189.0
 21
841.0
 12
0.0
 22
0.0
 32
0.0
 14
1e+20
 24
1e+20
 34
1e+20
 15
-1e+20
 25
-1e+20
 35
-1e+20
146
0.0
 13
0.0
 23
0.0
 33
0.0
 16
1.0
 26
0.0
 36
0.0
 17
0.0
 27
1.0
 37
0.0
 76
1
330
6FBF
331
6FC3
  0
LAYOUT
  5
6FC8
330
D
100
AcDbPlotSettings
  1

  2
DWG To PDF.pc3
  4
ISO_full_bleed_A1_(841.00_x_594.00_MM)_(841.00_x_594.00_MM)
  6

 40
0.0
 41
0.0
 42
0.0
 43
0.0
 44
841.0
 45
594.0
 46
0.0
 47
0.0
 48
0.0
 49
0.0
140
0.0
141
0.0
142
0.0078125
143
12.0
 70
672
 72
1
 73
0
 74
5
  7

 75
1
 76
0
 77
2
 78
300
147
1.0
148
0.0
149
0.0
100
AcDbLayout
  1
FL_PI_04-2
 70
1
 71
4
 10
-0.0
 20
-0.0
 11
841.0
 21
594.0
 12
0.0
 22
0.0
 32
0.0
 14
1e+20
 24
1e+20
 34
1e+20
 15
-1e+20
 25
-1e+20
 35
-1e+20
146
0.0
 13
0.0
 23
0.0
 33
0.0
 16
1.0
 26
0.0
 36
0.0
 17
0.0
 27
1.0
 37
0.0
 76
1
330
6FC5
331
6FC9
  0
DICTIONARYVAR
  5
6FCD
330
2D
100
DictionaryVariables
280
0
  1
1.4.4 @ 2026-10-03T00:00:26.760371+00:00
  0
ENDSEC
  0
EOF
